block_id,total_gas,total_mev_captured,block_bid,builder_type,builder_id
1,236161004,661000,132956027.40211841,attack,1771
2,1134530194,1669500,935872586.0344644,attack,1762
3,996365443,1520300,954819618.0,attack,1766
4,1262665921,2111900,1221711682.0,attack,1761
5,1094458119,1652500,1053044468.0,attack,1770
6,1169033546,1892900,1127860282.0,attack,1776
7,938715444,2115700,897764970.0,attack,1772
8,1273170342,2026900,1232131054.0,attack,1767
9,1004352145,1575400,962861346.0,attack,1762
10,1493963523,2960300,1453857608.0,attack,1773
11,1157347019,1685800,1115966592.0,attack,1776
12,876177494,1255900,834367158.0,attack,1753
13,1191256841,1797000,1149987592.0,attack,1759
14,1000443548,1553600,958930888.0,attack,1754
15,474331456,1556600,432821792.0,attack,1760
16,1128016420,1863000,1129879420.0,normal,1786
17,1086182569,1652500,1044768780.0,attack,1771
18,1046664668,1945200,1048609868.0,normal,1785
19,1004713744,1520300,963167732.0,attack,1751
20,1564297938,3158600,1567456538.0,normal,1795
21,920154930,1388100,878476690.0,attack,1752
22,1095616144,1724300,1054274092.0,attack,1752
23,745010348,2167500,704111488.0,attack,1762
24,1090499644,1652500,1049085772.0,attack,1779
25,1049103660,1732400,1050836060.0,normal,1800
26,707421309,1397300,665752218.0,attack,1765
27,1338475246,2188100,1297596940.0,attack,1753
28,1247378750,2644900,1250023650.0,normal,1800
29,1171374809,1797500,1130105876.0,attack,1753
30,1262689853,2055900,1221679306.0,attack,1767
31,903859674,1800900,862594118.0,attack,1756
32,837720845,1264420,795918800.0,attack,1763
33,1100642269,1892500,1059468292.0,attack,1779
34,743448473,1472500,701854488.0,attack,1757
35,852048396,2388800,811370702.0,attack,1773
36,1122510400,1735600,1124246000.0,normal,1799
37,1372095842,2281000,1331310320.0,attack,1751
38,685364379,1040600,643338450.0,attack,1772
39,1281009637,2199900,1240142994.0,attack,1770
40,942444403,1608280,900986130.0,attack,1779
41,1301053800,2018600,1303072400.0,normal,1797
42,1079299885,1520300,1037753606.0,attack,1771
43,1003491138,1628300,962052848.0,attack,1763
44,1259280406,1985000,1218198802.0,attack,1771
45,1068601228,1586400,1070187628.0,normal,1798
46,1468939816,2252580,1471192396.0,normal,1790
47,1297865653,1922530,1256721536.0,attack,1768
48,1124224378,2170000,1126394378.0,normal,1782
49,1209931289,1784700,1168649316.0,attack,1758
50,1511134344,2313500,1470381154.0,attack,1753
