block_id,total_gas,total_mev_captured,block_bid,builder_type,builder_id
1,686267036,2300640,476276565.87418175,attack,1033
2,2137000870,3307500,2115432671.2990022,attack,1017
3,2150002046,3307500,2201763692.0,attack,1030
4,2134003222,3307500,2176317944.0,attack,1007
5,2150004398,3327200,2227014796.0,attack,1019
6,2113105574,3901500,2199408888.0,attack,1016
7,2126006750,3307500,2237899040.0,attack,1034
8,2150007926,3307500,2305229892.0,attack,1006
9,2137009102,3307500,2315652344.0,attack,1013
10,2134010278,3307500,2310172296.0,attack,1013
11,2150011454,3307500,2351676448.0,attack,1010
12,2150012630,3307500,2433076600.0,attack,1040
13,2150013806,3307500,2450560152.0,attack,1028
14,2134014982,3329300,2429672104.0,attack,1040
15,2134016158,3307500,2450667756.0,attack,1002
16,2150017334,3307500,2494291708.0,attack,1013
17,2137018510,3307500,2505778960.0,attack,1036
18,2134019686,3321300,2549659912.0,attack,1030
19,2137020862,3307500,2600184264.0,attack,1012
20,2134022038,3307500,2594514116.0,attack,1025
21,2150022729,3568000,2646826668.0,attack,1017
22,2121023880,3240000,2672951450.0,normal,1050
23,2118025032,3240000,2669584102.0,normal,1041
24,2126026742,3310630,2654342854.0,attack,1037
25,2137027918,3307500,2734424476.0,attack,1038
26,2134029094,3307500,2723957828.0,attack,1029
27,2134030270,3307500,2726119980.0,attack,1028
28,2126031446,3307500,2723903872.0,attack,1022
29,2097331944,3287700,2746295424.0,normal,1048
30,2150033798,3307500,2776151976.0,attack,1017
31,2076634248,3240000,2759389228.0,normal,1046
32,2100335400,3240000,2794934380.0,normal,1042
33,2113137326,3368200,2783983162.0,attack,1004
34,2108538502,21007500,2840156814.0,attack,1002
35,2137039678,3307500,2870575866.0,attack,1039
36,2113040008,3240000,2892327618.0,normal,1044
37,2150042030,3307500,2960559110.0,attack,1020
38,2150043206,3307500,2966474442.0,attack,1022
39,2102043464,3324800,2981573394.0,normal,1047
40,2126045558,3307500,2996810546.0,attack,1008
41,2137046734,3307500,3072985198.0,attack,1014
42,2137047910,3307500,3058311950.0,attack,1016
43,2126049086,3307500,3060609502.0,attack,1023
44,2134049224,3240000,3146336554.0,normal,1041
45,2134051438,3307500,3127267706.0,attack,1005
46,2150052614,3307500,3163226858.0,attack,1012
47,2126053790,3307500,3149581510.0,attack,1008
48,2134054966,3307500,3189334162.0,attack,1014
49,2150056142,3307500,3268034814.0,attack,1040
50,2137057318,3307500,3256854766.0,attack,1016
