block_id,total_gas,total_mev_captured,block_bid,builder_type,builder_id
1,83380000,31360,52047153.23204171,attack,1316
2,1994200441,360640,1465132942.62621,attack,1303
3,2150001561,404720,1857664405.260467,attack,1316
4,2113302781,419760,2152630441.626772,attack,1310
5,2150003957,384160,2228197034.0,attack,1308
6,2113105133,384160,2205676886.0,attack,1304
7,2113106309,384160,2217549818.0,attack,1306
8,2113107485,384160,2233883950.0,attack,1318
9,2137008661,384160,2289256202.0,attack,1303
10,2113109837,384160,2285047354.0,attack,1320
11,2112211013,384160,2310684606.0,attack,1318
12,2109012189,4704160,2335541058.0,attack,1311
13,2150013365,384160,2423762910.0,attack,1315
14,2134014541,384160,2416439462.0,attack,1315
15,2126015717,395360,2468400114.0,attack,1307
16,2126016893,384160,2476567366.0,attack,1320
17,2137018069,384160,2531130418.0,attack,1306
18,2126019245,384160,2531186200.0,attack,1309
19,2150020421,384160,2580395052.0,attack,1320
20,2113321597,384160,2568022904.0,attack,1312
21,2150022773,384160,2654784256.0,attack,1320
22,2137023949,384160,2695051208.0,attack,1312
23,2150025125,384160,2804712360.0,attack,1304
24,2137026301,384160,2822519112.0,attack,1317
25,2150027477,384160,2886307664.0,attack,1320
26,2137028056,376320,2919326716.0,normal,1338
27,2124029208,376320,2905854058.0,normal,1337
28,2150031005,384160,2909444190.0,attack,1306
29,2137031512,376320,2928627342.0,normal,1333
30,2121032664,376320,2939454194.0,normal,1330
31,2118033816,376320,2902739066.0,normal,1333
32,2076634968,376320,2890250118.0,normal,1330
33,2076636120,376320,2889921470.0,normal,1346
34,2137038061,384160,2948245622.0,attack,1319
35,2126039237,384160,2957494904.0,attack,1318
36,2076639576,376320,2959698056.0,normal,1344
37,2113341589,384160,2977600908.0,attack,1319
38,2124041880,537320,3050484360.0,normal,1340
39,2076643032,388620,3010885012.0,normal,1339
40,2076644184,376320,3021723904.0,normal,1334
41,2134046293,384160,3090145056.0,attack,1313
42,2137047469,384160,3138919208.0,attack,1313
43,2134048645,384160,3127650160.0,attack,1311
44,2118048792,391620,3154850612.0,normal,1341
45,2113350997,384160,3127456864.0,attack,1311
46,2100351096,515320,3168212516.0,normal,1342
47,2084952248,4696320,3170883308.0,normal,1329
48,2076453400,390120,3168316160.0,normal,1339
49,2076454552,376320,3186854512.0,normal,1337
50,2100155704,376320,3231883664.0,normal,1326
