block_id,total_gas,total_mev_captured,block_bid,builder_type,builder_id
1,1260880196,1561100,778225076.5397434,attack,2752
2,2113301262,2458300,1555563134.0317488,attack,2767
3,2109502438,9527300,1823594038.112075,attack,2764
4,2137003614,2337300,2174902979.02968,attack,2763
5,2134004790,2422100,2204384680.0,attack,2764
6,2134005966,2337300,2228815032.0,attack,2759
7,2134007142,2337300,2245611884.0,attack,2768
8,2134008318,2337300,2275921036.0,attack,2765
9,2150009494,2337300,2354288708.0,attack,2765
10,2134010670,2337300,2336278890.0,attack,2754
11,2126011846,2337300,2338105462.0,attack,2766
12,2137013022,2337300,2373371914.0,attack,2769
13,2107093198,20037300,2361316266.0,attack,2770
14,2134015374,2337300,2390758318.0,attack,2751
15,2137016550,2337300,2417391700.0,attack,2752
16,2150017726,2337300,2488679552.0,attack,2759
17,2137018902,2337300,2538900544.0,attack,2762
18,2150020078,2337300,2617789596.0,attack,2765
19,2150021254,2337300,2648797948.0,attack,2765
20,2137022430,2337300,2654334400.0,attack,2761
21,2137023606,2337300,2699327952.0,attack,2760
22,2137024782,2337300,2692227104.0,attack,2764
23,2150025958,2337300,2735364156.0,attack,2753
24,2134027134,2337300,2719366108.0,attack,2754
25,2126028310,2337300,2731222760.0,attack,2756
26,2137029486,2337300,2796739912.0,attack,2751
27,2110030024,2289600,2800514084.0,normal,2778
28,2110031176,2289600,2818617236.0,normal,2777
29,2113032328,2289600,2819465388.0,normal,2795
30,2113033480,2289600,2846882040.0,normal,2782
31,2091634632,19989600,2842327892.0,normal,2789
32,2121035784,2558600,2881731884.0,normal,2796
33,2094146936,9479600,2869752336.0,normal,2776
34,2089338088,2303500,2881560388.0,normal,2794
35,2126039240,2329000,2938371140.0,normal,2786
36,2113341246,2337300,2904397192.0,attack,2759
37,2150042422,2337300,2989424744.0,attack,2762
38,2134042696,2289600,3055532096.0,normal,2793
39,2150044774,2337300,3054907948.0,attack,2753
40,2134045950,2337300,3061588100.0,attack,2753
41,2102046152,2289600,3061669592.0,normal,2791
42,2150048302,2337300,3144926244.0,attack,2751
43,2134049478,2337300,3157118496.0,attack,2754
44,2110049608,2289600,3166817668.0,normal,2792
45,2137051830,2337300,3198589820.0,attack,2765
46,2137053006,2337300,3222465702.0,attack,2761
47,2113053064,2289600,3211469354.0,normal,2794
48,2134055358,2337300,3213078806.0,attack,2763
49,2089355368,2572600,3216810758.0,normal,2792
50,2113357710,2337300,3206093810.0,attack,2767
