block_id,total_gas,total_mev_captured,block_bid,builder_type,builder_id
1,848870064,1753600,478458092.5938698,attack,10
2,947093268,1001700,577603228.9892671,attack,10
3,1110948594,1198140,734977626.9509109,attack,2
4,1006282811,1165200,714186032.628764,attack,8
5,1037393064,1097100,794086850.4777484,attack,2
6,999448317,1371330,823022641.4119685,attack,1
7,835599278,906300,734465449.941913,attack,2
8,955020612,1467700,910805504.0389582,attack,8
9,1033462007,18802740,1009216954.0,attack,2
10,1174084680,1287900,1132324774.0,attack,10
11,1258003270,1383300,1216338750.0,attack,2
12,1173271409,18991030,1149214606.0,attack,8
13,746815325,1026900,704794384.0,attack,2
14,1176720976,2066900,1135740022.0,attack,5
15,1341774999,1478700,1300205830.0,attack,10
16,876640292,1843990,835436404.0,attack,4
17,1206357975,1588900,1164898984.0,attack,2
18,827369710,1067300,785389110.0,attack,1
19,998389721,1518800,956860610.0,attack,9
20,1020611974,1140700,978704752.0,attack,3
21,1256261634,1598300,1214811998.0,attack,6
22,1071685303,36463300,1047448602.0,attack,1
23,1035715802,1416900,994084744.0,attack,2
24,1256927678,1383300,1215263006.0,attack,1
25,963474812,1066800,921493630.0,attack,8
26,912059022,1001700,870012730.0,attack,6
27,1086877444,1909730,1045739170.0,attack,9
28,935089484,1043700,893085170.0,attack,3
29,1166377647,1287900,1124617520.0,attack,5
30,919293294,1167500,877412758.0,attack,10
31,1081043544,1702500,1039697996.0,attack,5
32,999015125,1126100,957093166.0,attack,8
33,1200911862,1518900,1159382690.0,attack,2
34,1169628213,1320800,1127900928.0,attack,5
35,1318751361,1874300,1277577562.0,attack,7
36,1175580942,5682900,1138215730.0,attack,4
37,920473752,1001700,878427330.0,attack,7
38,913997962,1001700,871951530.0,attack,8
39,1337139617,1505400,1295596870.0,attack,2
40,911692487,1484600,870128930.0,attack,6
41,1092208569,1260600,1050421000.0,attack,9
42,1092951869,1207600,1051111288.0,attack,9
43,1346115136,1478700,1304545640.0,attack,4
44,916929516,1018100,874899410.0,attack,3
45,968523726,1193920,926669430.0,attack,6
46,738059836,827300,695838912.0,attack,1
47,1009202173,1348500,967502438.0,attack,1
48,1515289014,1669500,1473910262.0,attack,8
49,835417569,906300,793275608.0,attack,5
50,914761881,1433700,873147310.0,attack,5
