block_id,total_gas,total_mev_captured,block_bid,builder_type,builder_id
1,1427080225,1672200,884584349.3434135,attack,3268
2,2126001311,1479800,1558543279.6468477,attack,3251
3,2110202487,5799800,1813668858.448873,attack,3270
4,2126003663,19179800,2167415534.3990884,attack,3265
5,2126004839,1479800,2172801248.0,attack,3259
6,2113306015,1479800,2183386300.0,attack,3267
7,2112207191,1479800,2195411452.0,attack,3259
8,2112208367,1479800,2215551604.0,attack,3252
9,2150009543,1479800,2321671936.0,attack,3253
10,2137010719,1735800,2299629988.0,attack,3263
11,2134011895,1479800,2320825840.0,attack,3256
12,2113313071,1479800,2328471372.0,attack,3267
13,2137014247,1479800,2371753824.0,attack,3258
14,2150015423,1479800,2414512756.0,attack,3254
15,2126016599,1479800,2406596448.0,attack,3251
16,2150017401,1520800,2487602600.0,attack,3260
17,2137018951,1479800,2488502152.0,attack,3268
18,2150020127,1479800,2591218804.0,attack,3255
19,2137021303,1479800,2568241456.0,attack,3256
20,2134022479,1479800,2602005738.0,attack,3253
21,2134023655,1479800,2615545290.0,attack,3260
22,2126024831,1479800,2608853842.0,attack,3269
23,2137026007,1479800,2639798794.0,attack,3251
24,2126027183,1479800,2636274126.0,attack,3264
25,2076627768,1466600,2629674378.0,normal,3275
26,2075528920,1449600,2642996530.0,normal,3299
27,2088230072,1449600,2680043762.0,normal,3295
28,2150031887,1479800,2786225814.0,attack,3253
29,2137032376,1449600,2794089666.0,normal,3299
30,2124033528,1449600,2776189018.0,normal,3291
31,2099234680,1449600,2766930170.0,normal,3291
32,2089135832,1449600,2775889122.0,normal,3283
33,2137037767,1479800,2815984174.0,attack,3261
34,2089138136,1449600,2797262326.0,normal,3288
35,2126040119,1764800,2845792078.0,attack,3265
36,2134041295,1491000,2888449430.0,attack,3267
37,2110041592,1492800,2920475182.0,normal,3293
38,2094172744,19310600,2931706234.0,normal,3296
39,2070443896,8639600,2900367686.0,normal,3296
40,2074445048,1449600,2914292638.0,normal,3278
41,2074046200,1632200,2929411290.0,normal,3296
42,2113047352,1449600,3003384342.0,normal,3296
43,2088248504,1449600,2997980494.0,normal,3294
44,2075349656,1521400,2995231546.0,normal,3276
45,2126050808,1595600,3070434798.0,normal,3295
46,2121051960,1449600,3112438250.0,normal,3295
47,2126053112,1449600,3114237792.0,normal,3281
48,2126055407,1479800,3090544844.0,attack,3267
49,2076655416,1449600,3095875996.0,normal,3274
50,2113157759,1479800,3100373548.0,attack,3260
