block_id,total_gas,total_mev_captured,block_bid,builder_type,builder_id
1,1923300441,9675000,1209493318.8083234,attack,3164
2,2126001605,10535000,1564199614.7339418,attack,3154
3,2113302781,10535000,1822872351.551192,attack,3159
4,2150003957,10535000,2201046680.495718,attack,3154
5,2137005133,10730000,2189855366.0,attack,3156
6,2113106309,10535000,2182496318.0,attack,3169
7,2112207485,10535000,2209363370.0,attack,3163
8,2134008661,10535000,2262807622.0,attack,3158
9,2112209837,10535000,2261125774.0,attack,3163
10,2137011013,10584100,2340739826.0,attack,3162
11,2137012189,10535000,2362986778.0,attack,3160
12,2137013365,10535000,2358871630.0,attack,3153
13,2137014541,10535000,2383150582.0,attack,3168
14,2113315717,10535000,2375294124.0,attack,3161
15,2126016893,10535000,2405866876.0,attack,3151
16,2137018069,10535000,2482204728.0,attack,3154
17,2137019245,10535000,2503722240.0,attack,3160
18,2150020421,10535000,2538623292.0,attack,3157
19,2113321597,10535000,2520712244.0,attack,3151
20,2113322773,10535000,2547988896.0,attack,3151
21,2150023949,10535000,2653478048.0,attack,3168
22,2137025125,10535000,2653855600.0,attack,3159
23,2126026301,10535000,2642653052.0,attack,3170
24,2113327477,10535000,2653490904.0,attack,3156
25,2137028653,10568300,2694917456.0,attack,3163
26,2150029829,10535000,2727361308.0,attack,3152
27,2134031005,10535000,2755955160.0,attack,3154
28,2126032181,10535000,2756255712.0,attack,3165
29,2113333357,10535000,2761659864.0,attack,3157
30,2076633816,10320000,2785281816.0,normal,3184
31,2137035709,10568100,2870776948.0,attack,3170
32,2137036885,10535000,2873209520.0,attack,3161
33,2113338061,10535000,2868320672.0,attack,3166
34,2113139237,10696000,2888591424.0,attack,3160
35,2150039577,10912000,2980630376.0,attack,3168
36,2126040728,10914000,3004131528.0,normal,3185
37,2076441880,10616000,2977769280.0,normal,3184
38,2102043032,10320000,3033180432.0,normal,3181
39,2134045117,10535000,3068220784.0,attack,3154
40,2126046293,10945000,3099596736.0,attack,3156
41,2110046488,10320000,3144511288.0,normal,3187
42,2126048645,10535000,3161802940.0,attack,3160
43,2121048792,10320000,3220766092.0,normal,3198
44,2126049944,10320000,3228889944.0,normal,3173
45,2126052173,10535000,3193669686.0,attack,3166
46,2113353349,10535000,3189646138.0,attack,3157
47,2121053400,10320000,3282671290.0,normal,3194
48,2126055701,10535000,3261406782.0,attack,3158
49,2150056877,10535000,3305415034.0,attack,3153
50,2107688053,17725000,3296548186.0,attack,3164
