block_id,total_gas,total_mev_captured,block_bid,builder_type,builder_id
1,1120575144,155400,739539182.8243235,attack,225
2,1088657444,178000,895374425.5682315,attack,223
3,1342470969,223880,1299689630.0,attack,230
4,1086482119,129500,1043606388.0,attack,215
5,657000814,133190,614128766.0,attack,209
6,610210790,146940,567352486.0,attack,201
7,1083285744,17829500,1058109988.0,attack,211
8,1030731869,134840,987861442.0,attack,220
9,1085147319,2343500,1044485540.0,attack,207
10,1420695523,342640,1378032868.0,attack,215
11,1223223274,174560,1180392526.0,attack,215
12,1204742625,580060,1162317364.0,attack,203
13,913926061,7666580,878587310.0,attack,209
14,1512795574,195100,1469985326.0,attack,205
15,1174987705,291460,1132273804.0,attack,209
16,1248705250,326040,1249031290.0,normal,239
17,961621400,180060,961801460.0,normal,248
18,952874426,653780,910522810.0,attack,219
19,945334410,373340,945707750.0,normal,244
20,1004095319,258140,961348042.0,attack,215
21,1161106318,154380,1161260698.0,normal,249
22,1089480394,129500,1046604452.0,attack,201
23,1173017243,139860,1130151648.0,attack,226
24,699712456,349840,700062296.0,normal,234
25,1440449595,201140,1397645256.0,attack,202
26,1003426688,113960,1003540648.0,normal,233
27,1208520862,145040,1208665902.0,normal,250
28,1088563244,186400,1045744128.0,attack,222
29,1084871544,129500,1041995516.0,attack,206
30,1254187288,150220,1211331966.0,attack,202
31,1357470447,550480,1315015370.0,attack,230
32,1133209958,189080,1133399038.0,normal,231
33,1066969492,124320,1067093812.0,normal,244
34,1170345023,139860,1127479288.0,attack,216
35,964226240,252960,964479200.0,normal,236
36,1105780794,129500,1062904676.0,attack,224
37,1508625619,181300,1465801284.0,attack,202
38,1340254330,353320,1297602000.0,attack,226
39,807338532,93240,807431772.0,normal,232
40,1010161138,119140,967274608.0,attack,211
41,1256404406,150220,1213548942.0,attack,205
42,864705657,124220,821824184.0,attack,226
43,1277025020,158460,1234177774.0,attack,227
44,877938610,340780,878279390.0,normal,231
45,832648265,1214300,790856840.0,attack,230
46,1044493212,124320,1044617532.0,normal,237
47,774289533,263160,731546948.0,attack,205
48,1349143160,155400,1349298560.0,normal,246
49,1026901461,350140,984245830.0,attack,201
50,1630132191,191660,1587318062.0,attack,204
