block_id,total_gas,total_mev_captured,block_bid,builder_type,builder_id
1,1593150289,767800,886422766.904892,attack,1203
2,2134001409,803600,1254355473.6911242,attack,1205
3,2126002585,803600,1305053843.013787,attack,1203
4,2126003761,803600,1384786017.2981484,attack,1205
5,2126004937,803600,1442711109.8006248,attack,1204
6,2134006113,836700,1539444463.2485058,attack,1202
7,2150007289,803600,1650672302.6815817,attack,1203
8,2137008465,803600,1715495021.3447661,attack,1202
9,2134009641,803600,1795618902.0867724,attack,1201
10,2134010817,803600,1878123022.8247888,attack,1204
11,2134011993,803600,1967666163.6713774,attack,1204
12,2126013169,803600,2039319668.0164628,attack,1202
13,2126014345,803600,2136928835.466976,attack,1203
14,2150015521,803600,2287468787.467406,attack,1202
15,2134016697,803600,2353739311.369384,attack,1203
16,2134017873,803600,2476382676.4331374,attack,1203
17,2150019049,803600,2529526568.0,attack,1205
18,2113320225,809990,2521596720.0,attack,1205
19,2137021401,803600,2576921482.0,attack,1204
20,2134022577,803600,2601285634.0,attack,1202
21,2113323753,803600,2595137186.0,attack,1203
22,2150024929,808780,2713569718.0,attack,1203
23,2137026105,803600,2706224690.0,attack,1201
24,2137027281,803600,2719067742.0,attack,1202
25,2126028457,803600,2732067764.0,attack,1201
26,2150029633,803600,2774150146.0,attack,1203
27,2126030809,803600,2744217698.0,attack,1203
28,2134031985,803600,2781011490.0,attack,1202
29,2113333161,806730,2781538332.0,attack,1201
30,2150033625,899600,2859564654.0,attack,1201
31,2137035513,803600,2873454106.0,attack,1204
32,2113336689,803600,2882642898.0,attack,1205
33,2126037865,814800,2933978050.0,attack,1202
34,2126039041,803600,2967330602.0,attack,1201
35,2150040217,803600,3050913254.0,attack,1201
36,2134041393,803600,3026786236.0,attack,1204
37,2134042569,803600,3051034588.0,attack,1201
38,2150043745,803600,3114274640.0,attack,1203
39,2137044921,803600,3085248492.0,attack,1205
40,2134046097,998600,3107577484.0,attack,1204
41,2137047273,803600,3160253236.0,attack,1201
42,2134048449,871100,3169239088.0,attack,1203
43,2137049625,803600,3226186890.0,attack,1205
44,2150050801,803600,3255876742.0,attack,1201
45,2134051977,803600,3237043154.0,attack,1202
46,2134053153,803600,3277906636.0,attack,1205
47,2107244329,7993600,3271527588.0,attack,1203
48,2113155505,1213600,3313400040.0,attack,1205
49,2113356681,803600,3338476992.0,attack,1202
50,2113357857,803600,3358909744.0,attack,1205
