block_id,total_gas,total_mev_captured,block_bid,builder_type,builder_id
1,372183004,170400,225993796.90484893,attack,2356
2,1346710287,513300,1116582472.777279,attack,2351
3,840783404,269800,798038978.0,attack,2367
4,1340723031,440200,1298148990.0,attack,2363
5,770486761,361430,727833942.0,attack,2352
6,1036308248,362200,993656188.0,attack,2368
7,1167076789,495400,1124557916.0,attack,2376
8,1006815800,507600,964309116.0,attack,2362
9,865231677,269800,822487184.0,attack,2368
10,750078645,316500,707380844.0,attack,2370
11,1426033589,657500,1383676772.0,attack,2366
12,1092105069,527300,1049618040.0,attack,2380
13,1175373652,383400,1132742710.0,attack,2353
14,1424988942,498800,1382473384.0,attack,2376
15,1173014435,977400,1130977464.0,attack,2351
16,1015243691,341800,972571110.0,attack,2351
17,863513520,269800,820768930.0,attack,2361
18,664029899,613100,621628602.0,attack,2380
19,1001087652,392700,958465944.0,attack,2374
20,1255366228,411800,1212763606.0,attack,2366
21,805214068,370280,805584348.0,normal,2398
22,1184516406,458400,1141960362.0,attack,2363
23,1467468568,482800,1467951368.0,normal,2394
24,1217137216,383400,1174506142.0,attack,2352
25,1189357567,383400,1146726480.0,attack,2377
26,1220358218,405440,1220763658.0,normal,2399
27,1298201240,458900,1298660140.0,normal,2387
28,697172112,227200,697399312.0,normal,2394
29,1258271592,1222800,1216479854.0,attack,2372
30,1218379646,412900,1218792546.0,normal,2396
31,1205689673,403100,1163078208.0,attack,2376
32,1088938141,35712400,1063950540.0,attack,2358
33,833577225,346200,790908840.0,attack,2378
34,1154331166,369200,1154700366.0,normal,2387
35,1092953094,444700,1050383184.0,attack,2376
36,1172124239,383400,1129493016.0,attack,2354
37,1213375590,768100,1171129054.0,attack,2368
38,859341365,472700,816799420.0,attack,2375
39,868672990,423000,869095990.0,normal,2394
40,1131374986,369200,1131744186.0,normal,2389
41,1109252844,369200,1066607364.0,attack,2352
42,1099582144,432100,1056999552.0,attack,2374
43,1170550453,383400,1127919148.0,attack,2352
44,1109381769,397000,1066764052.0,attack,2370
45,916822957,452040,874260270.0,attack,2354
46,1282783479,433600,1240202338.0,attack,2366
47,990430012,527400,990957412.0,normal,2387
48,1135274508,1333840,1136608348.0,normal,2399
49,1173035424,725400,1130746046.0,attack,2364
50,1125089184,397200,1125486384.0,normal,2384
