block_id,total_gas,total_mev_captured,block_bid,builder_type,builder_id
1,522687016,3232000,275606130.0427308,attack,802
2,914310184,3071640,518033302.58162457,attack,804
3,750620302,2505500,436674938.43828416,attack,801
4,916620562,3311320,559743448.3769059,attack,802
5,829651689,2929000,523112224.94893956,attack,803
6,1095517064,3729100,726385178.2719737,attack,801
7,1037121317,3429200,712059668.5702777,attack,805
8,1375462178,4526000,990622978.7726973,attack,802
9,998709915,21058000,751169436.321544,attack,804
10,1264792777,22380000,993171788.8052124,attack,805
11,1091262719,22152300,886892105.5514137,attack,803
12,1169660274,4173000,972531184.4806592,attack,803
13,1080100344,3855800,929213986.5378377,attack,801
14,1356276565,4526000,1221039346.1392257,attack,803
15,1174960354,21650520,1109468533.229497,attack,803
16,1258115068,5028100,1218014997.7255,attack,802
17,1173541083,4227000,1134621888.0,attack,804
18,840773379,2482000,800109176.0,attack,804
19,1025174790,3390100,985418676.0,attack,801
20,754986702,2482000,714322480.0,attack,803
21,824214299,2774000,783842068.0,attack,805
22,1272426895,4234000,1233514650.0,attack,803
23,1465020341,4818000,1426692080.0,attack,802
24,958547581,3281000,918682310.0,attack,803
25,1077356354,3969000,1038179072.0,attack,803
26,1084659194,3650000,1045162900.0,attack,805
27,1257038107,3963800,1217855600.0,attack,803
28,1168319458,3989700,1129162838.0,attack,803
29,1174308809,4702000,1135864476.0,attack,805
30,1365300548,4895000,1327049200.0,attack,801
31,1149942844,3665300,1110461784.0,attack,801
32,1452207136,5363000,1414423760.0,attack,803
33,1273821100,4573600,1235248310.0,attack,803
34,1056332091,3422600,1016608290.0,attack,803
35,1380770656,4601000,1342225240.0,attack,803
36,1285506260,4234000,1246593830.0,attack,801
37,606086626,2109200,565049390.0,attack,804
38,1172748941,3942000,1133544492.0,attack,801
39,595495873,2525300,554874718.0,attack,802
40,823450726,2774000,783078262.0,attack,802
41,1511956529,5185000,1473995048.0,attack,801
42,1175239156,4294900,1136387562.0,attack,802
43,1255044522,4588000,1216486014.0,attack,803
44,924649768,3138600,884641850.0,attack,802
45,911386978,3079900,871320350.0,attack,801
46,1031119265,3358000,991330726.0,attack,801
47,918851419,3066000,878770870.0,attack,805
48,1176014992,4439200,1137307630.0,attack,802
49,954629902,3087800,914571130.0,attack,803
50,1173355613,4264000,1134473028.0,attack,804
