block_id,total_gas,total_mev_captured,block_bid,builder_type,builder_id
1,700472064,2160000,376510012.420175,attack,2051
2,1085080344,2773100,619069724.8511928,attack,2054
3,999583581,2865000,590044938.4806418,attack,2054
4,1006787834,9689700,621402815.7468065,attack,2053
5,1002798087,2484000,637576525.1613793,attack,2055
6,1177081600,2998200,782008643.2220596,attack,2055
7,1430242434,3630100,992884351.7581122,attack,2055
8,1442439962,3564000,1039569953.4773605,attack,2054
9,1177592815,3080000,874958775.9909065,attack,2052
10,1509502174,3795100,1173729160.7421172,attack,2052
11,830462513,2123900,654211336.8630022,attack,2054
12,1110713569,3706000,921460695.7601843,attack,2055
13,961087229,2268000,821577853.0453717,attack,2054
14,997710778,2484000,886908299.5854201,attack,2055
15,917990670,2551000,843965872.6382722,attack,2052
16,924127880,2271130,881855839.3661921,attack,2052
17,932162090,2463000,891516890.0,attack,2055
18,1083179144,2700000,1042770932.0,attack,2054
19,1167711893,2916000,1127519668.0,attack,2055
20,1024867296,2842000,984601060.0,attack,2053
21,1084453044,2766100,1044110896.0,attack,2052
22,902603537,3868390,862512926.0,attack,2055
23,1089054569,2747700,1048694000.0,attack,2052
24,859006192,2684700,818582614.0,attack,2054
25,832012363,2907400,791811476.0,attack,2053
26,1078903319,2793830,1038588850.0,attack,2051
27,1087634619,2925640,1047451948.0,attack,2051
28,1172398566,2928800,1132219042.0,attack,2051
29,1339777269,3361800,1300030730.0,attack,2052
30,1367080734,3394500,1327366880.0,attack,2053
31,1255440462,3473200,1215805294.0,attack,2052
32,842347073,2065800,801304496.0,attack,2055
33,1260101129,3132000,1220124738.0,attack,2054
34,1083907919,3294000,1044093516.0,attack,2052
35,918573563,2268000,877733150.0,attack,2051
36,1088310469,7103300,1052305344.0,attack,2052
37,1085668769,10015000,1052575332.0,attack,2053
38,751925604,19388100,728205260.0,attack,2052
39,963569424,2271130,922732100.0,attack,2051
40,1254983362,3132000,1215006894.0,attack,2054
41,1336665733,3381100,1296938350.0,attack,2054
42,785463275,9146900,751501684.0,attack,2052
43,826463410,2597000,785951910.0,attack,2051
44,1171083669,2939500,1130914656.0,attack,2055
45,1030921920,2994000,990807396.0,attack,2051
46,1233266317,3044000,1193201780.0,attack,2051
47,1257390769,3164900,1217447118.0,attack,2054
48,765422431,1836000,724149872.0,attack,2055
49,1086754119,2700000,1046345548.0,attack,2051
50,913552091,2268000,872711510.0,attack,2051
