{"15": {"total_mev": 4544808250, "builders_mev": 4447142780.000274, "users_mev": 0}, "7": {"total_mev": 4290967180, "builders_mev": 3754958490.0001225, "users_mev": 0}, "2": {"total_mev": 4731316170, "builders_mev": 2331879130.0000334, "users_mev": 0}, "19": {"total_mev": 4819403210, "builders_mev": 4819403210.000272, "users_mev": 0}, "10": {"total_mev": 5082047590, "builders_mev": 4602948710.000064, "users_mev": 0}, "13": {"total_mev": 5739502820, "builders_mev": 5549081159.999965, "users_mev": 0}, "8": {"total_mev": 4603887330, "builders_mev": 3521914160.000038, "users_mev": 0}, "1": {"total_mev": 4706589100, "builders_mev": 1588751469.999959, "users_mev": 0}, "4": {"total_mev": 4525458380, "builders_mev": 2811489160.000095, "users_mev": 0}, "16": {"total_mev": 4816887460, "builders_mev": 4699998520.000366, "users_mev": 0}, "11": {"total_mev": 4638268300, "builders_mev": 3983788150.000345, "users_mev": 0}, "3": {"total_mev": 4772386700, "builders_mev": 3137017720.000017, "users_mev": 0}, "18": {"total_mev": 5241800090, "builders_mev": 5169738680.00023, "users_mev": 0}, "6": {"total_mev": 4900506250, "builders_mev": 4034694130.000184, "users_mev": 0}, "14": {"total_mev": 5721198120, "builders_mev": 5458896430.000135, "users_mev": 0}, "17": {"total_mev": 4426111390, "builders_mev": 4396361250.000629, "users_mev": 0}, "5": {"total_mev": 5021551090, "builders_mev": 4228002160.000153, "users_mev": 0}, "0": {"total_mev": 4100046430, "builders_mev": 0, "users_mev": 0}, "12": {"total_mev": 4921337400, "builders_mev": 4837250740.000568, "users_mev": 0}, "9": {"total_mev": 5066918540, "builders_mev": 4977457350.00018, "users_mev": 0}, "20": {"total_mev": 4105857230, "builders_mev": 4105857230.0003524, "users_mev": 0}}