{"0": {"total_mev": 4355979540, "builders_mev": 0, "users_mev": 0}, "20": {"total_mev": 4121524550, "builders_mev": 4121524550.0002155, "users_mev": 0}, "9": {"total_mev": 5435754560, "builders_mev": 5151634470.000219, "users_mev": 0}, "12": {"total_mev": 5128785670, "builders_mev": 4826380320.000025, "users_mev": 0}, "17": {"total_mev": 4560000290, "builders_mev": 4532038300.000365, "users_mev": 0}, "5": {"total_mev": 4534101740, "builders_mev": 3587955590.000076, "users_mev": 0}, "6": {"total_mev": 4992913190, "builders_mev": 4516465050.000114, "users_mev": 0}, "14": {"total_mev": 5021771070, "builders_mev": 4669675240.000271, "users_mev": 0}, "11": {"total_mev": 4803763290, "builders_mev": 4598360710.000318, "users_mev": 0}, "18": {"total_mev": 5097560470, "builders_mev": 5093462460.000432, "users_mev": 0}, "3": {"total_mev": 5070144380, "builders_mev": 3215898180.0001287, "users_mev": 0}, "4": {"total_mev": 5344648250, "builders_mev": 5073682640.000217, "users_mev": 0}, "16": {"total_mev": 4950225460, "builders_mev": 4867368280.000057, "users_mev": 0}, "8": {"total_mev": 4818720700, "builders_mev": 4142338450.00021, "users_mev": 0}, "13": {"total_mev": 4782880660, "builders_mev": 4563833160.000123, "users_mev": 0}, "1": {"total_mev": 4688227750, "builders_mev": 1260986049.999999, "users_mev": 0}, "19": {"total_mev": 5041818840, "builders_mev": 5041818840.000424, "users_mev": 0}, "2": {"total_mev": 4649251280, "builders_mev": 2600792079.9999943, "users_mev": 0}, "10": {"total_mev": 5282341590, "builders_mev": 4799322400.000152, "users_mev": 0}, "15": {"total_mev": 5418565610, "builders_mev": 5239226559.9999275, "users_mev": 0}, "7": {"total_mev": 5678554700, "builders_mev": 5356590760.000268, "users_mev": 0}}