{"15": {"total_mev": 5215734500, "builders_mev": 5202624080.000144, "users_mev": 0}, "18": {"total_mev": 4684207520, "builders_mev": 4654166810.000372, "users_mev": 0}, "0": {"total_mev": 4514180320, "builders_mev": 0, "users_mev": 0}, "5": {"total_mev": 5036109820, "builders_mev": 3854198700.0000877, "users_mev": 0}, "10": {"total_mev": 4634553720, "builders_mev": 4447614100.000234, "users_mev": 0}, "8": {"total_mev": 4766996600, "builders_mev": 4329370040.000161, "users_mev": 0}, "17": {"total_mev": 5558857610, "builders_mev": 5532539709.999958, "users_mev": 0}, "20": {"total_mev": 4075510210, "builders_mev": 4075510210.0003085, "users_mev": 0}, "2": {"total_mev": 4540630460, "builders_mev": 2356170539.9999757, "users_mev": 0}, "7": {"total_mev": 5066383270, "builders_mev": 4603491350.000199, "users_mev": 0}, "12": {"total_mev": 4976059120, "builders_mev": 4502783150.000204, "users_mev": 0}, "4": {"total_mev": 4815115990, "builders_mev": 3901945290.000148, "users_mev": 0}, "11": {"total_mev": 4896753470, "builders_mev": 4795792420.000316, "users_mev": 0}, "9": {"total_mev": 4853941290, "builders_mev": 4552301880.000091, "users_mev": 0}, "14": {"total_mev": 5249510310, "builders_mev": 4845135580.00009, "users_mev": 0}, "19": {"total_mev": 4794174270, "builders_mev": 4791557670.000473, "users_mev": 0}, "1": {"total_mev": 4377565600, "builders_mev": 1512535929.9999871, "users_mev": 0}, "6": {"total_mev": 4595075370, "builders_mev": 3890060760.0000534, "users_mev": 0}, "13": {"total_mev": 4861743200, "builders_mev": 4661836570.000298, "users_mev": 0}, "16": {"total_mev": 5256879090, "builders_mev": 5188689849.999817, "users_mev": 0}, "3": {"total_mev": 4696985590, "builders_mev": 3586436150.000156, "users_mev": 0}}