{"5": {"total_mev": 4837715880, "builders_mev": 3466239770.0001397, "users_mev": 0}, "17": {"total_mev": 4931417680, "builders_mev": 4828674360.000177, "users_mev": 0}, "12": {"total_mev": 5029669730, "builders_mev": 4745942810.000233, "users_mev": 0}, "9": {"total_mev": 4856276770, "builders_mev": 4287934530.000096, "users_mev": 0}, "20": {"total_mev": 4023936910, "builders_mev": 4023936910.000329, "users_mev": 0}, "0": {"total_mev": 4247741890, "builders_mev": 0, "users_mev": 0}, "3": {"total_mev": 5036226300, "builders_mev": 4249312130.0002346, "users_mev": 0}, "18": {"total_mev": 4534015830, "builders_mev": 4464909700.0003, "users_mev": 0}, "11": {"total_mev": 4668810170, "builders_mev": 4237477450.000399, "users_mev": 0}, "14": {"total_mev": 5326375010, "builders_mev": 5197753369.999767, "users_mev": 0}, "6": {"total_mev": 4958286810, "builders_mev": 4533864880.000266, "users_mev": 0}, "1": {"total_mev": 4722200380, "builders_mev": 2749111660.0000305, "users_mev": 0}, "13": {"total_mev": 4875665280, "builders_mev": 4686906830.000284, "users_mev": 0}, "8": {"total_mev": 4469443780, "builders_mev": 4130415110.0003805, "users_mev": 0}, "16": {"total_mev": 5172946860, "builders_mev": 4786716730.00029, "users_mev": 0}, "4": {"total_mev": 5071142140, "builders_mev": 3403576659.999903, "users_mev": 0}, "7": {"total_mev": 4914384130, "builders_mev": 4414159160.000128, "users_mev": 0}, "15": {"total_mev": 4820947690, "builders_mev": 4820947690.000165, "users_mev": 0}, "10": {"total_mev": 5537180660, "builders_mev": 5298892100.000017, "users_mev": 0}, "2": {"total_mev": 4836454780, "builders_mev": 2483771499.9999976, "users_mev": 0}, "19": {"total_mev": 4469378170, "builders_mev": 4414422650.00054, "users_mev": 0}}