{"5": {"total_mev": 4977942280, "builders_mev": 3497434650.0000567, "users_mev": 0}, "8": {"total_mev": 4740626450, "builders_mev": 4306956390.000415, "users_mev": 0}, "10": {"total_mev": 4918794880, "builders_mev": 4362432170.000182, "users_mev": 0}, "15": {"total_mev": 5175316020, "builders_mev": 5105818050.000137, "users_mev": 0}, "0": {"total_mev": 4613650640, "builders_mev": 0, "users_mev": 0}, "18": {"total_mev": 5113759860, "builders_mev": 5046759080.000275, "users_mev": 0}, "7": {"total_mev": 5600442360, "builders_mev": 4134669809.999972, "users_mev": 0}, "12": {"total_mev": 5286601630, "builders_mev": 4638108000.000179, "users_mev": 0}, "17": {"total_mev": 4379182050, "builders_mev": 4368191280.000315, "users_mev": 0}, "20": {"total_mev": 4020117150, "builders_mev": 4020117150.000305, "users_mev": 0}, "2": {"total_mev": 4452045620, "builders_mev": 1410054839.9999776, "users_mev": 0}, "14": {"total_mev": 5351702390, "builders_mev": 5349802730.000427, "users_mev": 0}, "1": {"total_mev": 4619291730, "builders_mev": 1056512379.9999973, "users_mev": 0}, "19": {"total_mev": 4805567520, "builders_mev": 4777860610.000224, "users_mev": 0}, "4": {"total_mev": 5105521340, "builders_mev": 3113138960.000051, "users_mev": 0}, "9": {"total_mev": 5542327510, "builders_mev": 5420061940.000092, "users_mev": 0}, "11": {"total_mev": 5137195780, "builders_mev": 5095731980.0004, "users_mev": 0}, "16": {"total_mev": 5162718720, "builders_mev": 5134950320.000085, "users_mev": 0}, "3": {"total_mev": 5165606200, "builders_mev": 4529607910.000396, "users_mev": 0}, "6": {"total_mev": 4335070560, "builders_mev": 3512696300.0000033, "users_mev": 0}, "13": {"total_mev": 4788175800, "builders_mev": 4726648600.000111, "users_mev": 0}}