{"2": {"total_mev": 4335638340, "builders_mev": 2001452530.0000484, "users_mev": 0}, "19": {"total_mev": 4406544020, "builders_mev": 4404865490.000318, "users_mev": 0}, "10": {"total_mev": 4892239600, "builders_mev": 4793070040.000263, "users_mev": 0}, "15": {"total_mev": 5494448310, "builders_mev": 5466593630.000145, "users_mev": 0}, "7": {"total_mev": 5238199620, "builders_mev": 4357460670.000145, "users_mev": 0}, "4": {"total_mev": 5273806660, "builders_mev": 5115243410.000237, "users_mev": 0}, "16": {"total_mev": 4674705100, "builders_mev": 4671913920.000231, "users_mev": 0}, "13": {"total_mev": 5116088570, "builders_mev": 5108185570.000185, "users_mev": 0}, "8": {"total_mev": 4643853380, "builders_mev": 3114753880.0000596, "users_mev": 0}, "1": {"total_mev": 4411136090, "builders_mev": 1231215299.9999866, "users_mev": 0}, "6": {"total_mev": 4405528580, "builders_mev": 3518118640.0001817, "users_mev": 0}, "14": {"total_mev": 5407804310, "builders_mev": 5298868140.000141, "users_mev": 0}, "11": {"total_mev": 4562924650, "builders_mev": 4263996910.000258, "users_mev": 0}, "3": {"total_mev": 4729710310, "builders_mev": 3281624790.000018, "users_mev": 0}, "18": {"total_mev": 4547977930, "builders_mev": 4547977930.000312, "users_mev": 0}, "0": {"total_mev": 4642921300, "builders_mev": 0, "users_mev": 0}, "12": {"total_mev": 5071908710, "builders_mev": 4870349800.000296, "users_mev": 0}, "9": {"total_mev": 4588349060, "builders_mev": 3959739800.000116, "users_mev": 0}, "20": {"total_mev": 4044600180, "builders_mev": 4044600180.0003214, "users_mev": 0}, "17": {"total_mev": 4510899250, "builders_mev": 4490299720.000287, "users_mev": 0}, "5": {"total_mev": 5232936520, "builders_mev": 4446308620.0003, "users_mev": 0}}