{"11": {"total_mev": 5269238920, "builders_mev": 5026951290.000134, "users_mev": 0}, "3": {"total_mev": 4781386900, "builders_mev": 2583741360.0000296, "users_mev": 0}, "18": {"total_mev": 4731876020, "builders_mev": 4731876020.000275, "users_mev": 0}, "6": {"total_mev": 5071512290, "builders_mev": 4219814230.000012, "users_mev": 0}, "14": {"total_mev": 4945193380, "builders_mev": 4810412510.000194, "users_mev": 0}, "17": {"total_mev": 5172845370, "builders_mev": 5157803769.999718, "users_mev": 0}, "5": {"total_mev": 5197973880, "builders_mev": 4955666080.000287, "users_mev": 0}, "0": {"total_mev": 4818120870, "builders_mev": 0, "users_mev": 0}, "12": {"total_mev": 5176832260, "builders_mev": 4816477720.0001955, "users_mev": 0}, "9": {"total_mev": 4407968860, "builders_mev": 3892971310.000366, "users_mev": 0}, "20": {"total_mev": 4036236570, "builders_mev": 4036236570.000343, "users_mev": 0}, "15": {"total_mev": 5064237170, "builders_mev": 4945516550.0002365, "users_mev": 0}, "7": {"total_mev": 5551636410, "builders_mev": 4638134890.000169, "users_mev": 0}, "2": {"total_mev": 4636542630, "builders_mev": 3437201499.9997916, "users_mev": 0}, "19": {"total_mev": 5023172310, "builders_mev": 5023172310.000285, "users_mev": 0}, "10": {"total_mev": 5084396300, "builders_mev": 4192637950.0000806, "users_mev": 0}, "13": {"total_mev": 4831870360, "builders_mev": 4620748350.000288, "users_mev": 0}, "8": {"total_mev": 4877696590, "builders_mev": 4512249250.000165, "users_mev": 0}, "1": {"total_mev": 4723537080, "builders_mev": 1557142060.0000038, "users_mev": 0}, "4": {"total_mev": 5025598680, "builders_mev": 3522255679.9999948, "users_mev": 0}, "16": {"total_mev": 4921455360, "builders_mev": 4913517960.000328, "users_mev": 0}}