{"15": {"total_mev": 4098279230, "builders_mev": 4073528140.0002165, "users_mev": 6155450.0000000065}, "7": {"total_mev": 3959674430, "builders_mev": 3838556160.0003433, "users_mev": 13759619.99999981}, "2": {"total_mev": 3859023700, "builders_mev": 3061277664.999897, "users_mev": 31890184.99999958}, "19": {"total_mev": 4474181000, "builders_mev": 4465882385.000383, "users_mev": 8298614.999999991}, "10": {"total_mev": 4277162010, "builders_mev": 4119162000.0004616, "users_mev": 16742179.999999892}, "13": {"total_mev": 4054928030, "builders_mev": 4013102010.0002413, "users_mev": 10515860.000000063}, "8": {"total_mev": 4046910560, "builders_mev": 3859101285.0000725, "users_mev": 11125415.000000082}, "1": {"total_mev": 4549036490, "builders_mev": 2659717289.999995, "users_mev": 80338009.99999887}, "4": {"total_mev": 4512358340, "builders_mev": 3824614799.999893, "users_mev": 33691490.000000514}, "16": {"total_mev": 4839880750, "builders_mev": 4826620879.999849, "users_mev": 7766129.999999975}, "11": {"total_mev": 4387890100, "builders_mev": 4235414105.0003314, "users_mev": 11014254.999999937}, "3": {"total_mev": 3921009290, "builders_mev": 3036311780.00012, "users_mev": 59241970.00000079}, "18": {"total_mev": 3881326100, "builders_mev": 3872979015.000267, "users_mev": 6599884.999999996}, "6": {"total_mev": 4022607840, "builders_mev": 3844979589.9999375, "users_mev": 30466950.0000001}, "14": {"total_mev": 4388094240, "builders_mev": 4354968330.0002575, "users_mev": 9254649.999999948}, "17": {"total_mev": 4120436830, "builders_mev": 4051360655.0003514, "users_mev": 3119375.000000008}, "5": {"total_mev": 4635899320, "builders_mev": 3973450980.000139, "users_mev": 29233880.000000484}, "0": {"total_mev": 3955441030, "builders_mev": 0, "users_mev": 339526410.0000154}, "12": {"total_mev": 4371744220, "builders_mev": 4347786260.000359, "users_mev": 9806970.000000013}, "9": {"total_mev": 3752222220, "builders_mev": 3678129755.000324, "users_mev": 9980794.999999937}, "20": {"total_mev": 3132122890, "builders_mev": 3126452880.000235, "users_mev": 5670009.99999997}}