{"5": {"total_mev": 2961443840, "builders_mev": 2831517230.000148, "users_mev": 17633360.000000063}, "17": {"total_mev": 3272853610, "builders_mev": 3264016715.0003905, "users_mev": 8836894.99999994}, "12": {"total_mev": 3255679520, "builders_mev": 3193791210.0003934, "users_mev": 25945479.999999944}, "9": {"total_mev": 2724646910, "builders_mev": 2660731159.9999633, "users_mev": 12795869.999999838}, "20": {"total_mev": 2892811030, "builders_mev": 2884865185.0002513, "users_mev": 7945844.999999962}, "0": {"total_mev": 2230791150, "builders_mev": 0, "users_mev": 394256030.0000201}, "3": {"total_mev": 3519316230, "builders_mev": 3229845635.000088, "users_mev": 28839424.999999914}, "18": {"total_mev": 2477229250, "builders_mev": 2467951989.9999003, "users_mev": 9277260.000000006}, "11": {"total_mev": 2889885180, "builders_mev": 2865842325.00006, "users_mev": 11326514.999999918}, "14": {"total_mev": 2637889900, "builders_mev": 2564603835.0000243, "users_mev": 59838854.99999997}, "6": {"total_mev": 2536887920, "builders_mev": 2405099584.9999504, "users_mev": 13220794.999999644}, "1": {"total_mev": 2758327410, "builders_mev": 1750163819.9999847, "users_mev": 58788590.00000032}, "13": {"total_mev": 2523681330, "builders_mev": 2494111810.0000043, "users_mev": 12195069.999999965}, "8": {"total_mev": 3564343410, "builders_mev": 3511020700.0001783, "users_mev": 20347090.00000001}, "16": {"total_mev": 3348232760, "builders_mev": 3338723240.0003004, "users_mev": 9224339.999999983}, "4": {"total_mev": 2741535430, "builders_mev": 2174538224.9998794, "users_mev": 38878745.00000015}, "7": {"total_mev": 4092076630, "builders_mev": 4027322080.0002465, "users_mev": 15564850.000000196}, "15": {"total_mev": 3154146350, "builders_mev": 3136720620.0002103, "users_mev": 5774160.000000086}, "10": {"total_mev": 3366294490, "builders_mev": 3324663840.0002522, "users_mev": 10719349.999999775}, "2": {"total_mev": 4135317350, "builders_mev": 3573818575.000087, "users_mev": 36457735.000000015}, "19": {"total_mev": 2698098280, "builders_mev": 2688123910.0002403, "users_mev": 9974370.00000004}}