{"15": {"total_mev": 5255836290, "builders_mev": 5245762110.000256, "users_mev": 0}, "18": {"total_mev": 4213151460, "builders_mev": 4188336070.000426, "users_mev": 0}, "0": {"total_mev": 4514180320, "builders_mev": 0, "users_mev": 0}, "5": {"total_mev": 4964425050, "builders_mev": 4355750620.000103, "users_mev": 0}, "10": {"total_mev": 5174621830, "builders_mev": 5014541550.00024, "users_mev": 0}, "8": {"total_mev": 5580503420, "builders_mev": 5419815389.999725, "users_mev": 0}, "17": {"total_mev": 4501509740, "builders_mev": 4501509740.0002775, "users_mev": 0}, "20": {"total_mev": 3999942310, "builders_mev": 3999942310.000379, "users_mev": 0}, "2": {"total_mev": 5123871590, "builders_mev": 3819157140.0000496, "users_mev": 0}, "7": {"total_mev": 5622064170, "builders_mev": 5374254120.000158, "users_mev": 0}, "12": {"total_mev": 5352476430, "builders_mev": 5314666209.999937, "users_mev": 0}, "4": {"total_mev": 4753972180, "builders_mev": 3860968440.000213, "users_mev": 0}, "11": {"total_mev": 4941242990, "builders_mev": 4846400090.000579, "users_mev": 0}, "9": {"total_mev": 5221964960, "builders_mev": 5147338720.000114, "users_mev": 0}, "14": {"total_mev": 5495232180, "builders_mev": 5417712710.000268, "users_mev": 0}, "19": {"total_mev": 4094874670, "builders_mev": 4094874670.000447, "users_mev": 0}, "1": {"total_mev": 4589470510, "builders_mev": 2970680330.0001035, "users_mev": 0}, "6": {"total_mev": 5421364220, "builders_mev": 5170799890.000171, "users_mev": 0}, "13": {"total_mev": 5827937080, "builders_mev": 5772508069.999933, "users_mev": 0}, "16": {"total_mev": 4433493860, "builders_mev": 4410428860.000207, "users_mev": 0}, "3": {"total_mev": 5018827020, "builders_mev": 4053862320.0002303, "users_mev": 0}}