{"11": {"total_mev": 478142780, "builders_mev": 441184135.00000083, "users_mev": 36958645.00000005}, "3": {"total_mev": 555550370, "builders_mev": 482960200.0000084, "users_mev": 72590169.99999835}, "18": {"total_mev": 312524850, "builders_mev": 238279449.99999863, "users_mev": 74245399.99999973}, "6": {"total_mev": 642457550, "builders_mev": 588644314.9999918, "users_mev": 53813234.99999964}, "14": {"total_mev": 470328950, "builders_mev": 431790685.00000376, "users_mev": 38538265.000000454}, "17": {"total_mev": 776059070, "builders_mev": 666047479.9999895, "users_mev": 110011589.99999769}, "5": {"total_mev": 378994440, "builders_mev": 305835269.9999927, "users_mev": 73159170.00000031}, "0": {"total_mev": 690944490, "builders_mev": 0, "users_mev": 690944489.9999876}, "12": {"total_mev": 413383550, "builders_mev": 398549474.99999917, "users_mev": 14834074.99999985}, "9": {"total_mev": 332535420, "builders_mev": 316837874.99999946, "users_mev": 15697544.999999952}, "20": {"total_mev": 308651070, "builders_mev": 224991550.00000188, "users_mev": 83659519.99999848}, "15": {"total_mev": 145546550, "builders_mev": 111583074.99999939, "users_mev": 33963475.000000775}, "7": {"total_mev": 449318460, "builders_mev": 347951680.0000065, "users_mev": 101366779.99999844}, "2": {"total_mev": 322544750, "builders_mev": 267784634.9999992, "users_mev": 54760114.999999546}, "19": {"total_mev": 550243410, "builders_mev": 524593669.9999965, "users_mev": 25649740.000000373}, "10": {"total_mev": 145739430, "builders_mev": 121585824.99999852, "users_mev": 24153604.999999754}, "13": {"total_mev": 402699600, "builders_mev": 359130390.0000037, "users_mev": 43569209.99999972}, "8": {"total_mev": 269115690, "builders_mev": 240786655.00000057, "users_mev": 28329035.000000123}, "1": {"total_mev": 261787570, "builders_mev": 233584904.9999998, "users_mev": 28202664.999999713}, "4": {"total_mev": 448174800, "builders_mev": 380087565.00000614, "users_mev": 68087235.0000004}, "16": {"total_mev": 521283500, "builders_mev": 363381380.00000226, "users_mev": 157902119.99999964}}