{"10": {"total_mev": 2772880490, "validators_mev": 1594735760.0000005, "users_mev": 314507840.0000001}, "3": {"total_mev": 2550803800, "validators_mev": 534646905.0, "users_mev": 522588035.0}, "19": {"total_mev": 2338987160, "validators_mev": 2245757073.3333335, "users_mev": 46371746.66666666}, "15": {"total_mev": 2358081520, "validators_mev": 1896327051.6666665, "users_mev": 182661868.3333333}, "6": {"total_mev": 2602027610, "validators_mev": 1089314763.3333335, "users_mev": 457582376.6666667}, "5": {"total_mev": 2691280690, "validators_mev": 762876646.6666666, "users_mev": 582160313.3333333}, "16": {"total_mev": 2637787730, "validators_mev": 2232308161.6666665, "users_mev": 110267158.33333333}, "9": {"total_mev": 2522602080, "validators_mev": 1241942284.9999998, "users_mev": 443359305.0}, "0": {"total_mev": 2158951840, "validators_mev": 0, "users_mev": 427282089.9999984}, "13": {"total_mev": 2402222980, "validators_mev": 1734025301.6666667, "users_mev": 127567758.33333333}, "7": {"total_mev": 2449239160, "validators_mev": 1151570449.9999998, "users_mev": 358190840.0}, "14": {"total_mev": 2832616670, "validators_mev": 2168615530.0, "users_mev": 301733230.0}, "18": {"total_mev": 2423735990, "validators_mev": 2302788051.666667, "users_mev": 62795308.33333333}, "2": {"total_mev": 2641092290, "validators_mev": 286324461.6666667, "users_mev": 719624888.3333334}, "11": {"total_mev": 2417632760, "validators_mev": 1592382104.9999998, "users_mev": 272268115.00000006}, "12": {"total_mev": 2590624950, "validators_mev": 1770354475.0, "users_mev": 348879405.0}, "1": {"total_mev": 2428737560, "validators_mev": 124726610.0, "users_mev": 696072090.0000001}, "20": {"total_mev": 2623719240, "validators_mev": 2587268851.666667, "users_mev": 36450388.333333336}, "8": {"total_mev": 2333866570, "validators_mev": 1131195250.0, "users_mev": 359868519.99999994}, "17": {"total_mev": 2542603360, "validators_mev": 2231300190.0, "users_mev": 144474030.0}, "4": {"total_mev": 2536110090, "validators_mev": 672622503.3333334, "users_mev": 524586156.6666666}}