{"17": {"total_mev": 4668401740, "validators_mev": 4325193280.0, "users_mev": 0}, "20": {"total_mev": 4409572490, "validators_mev": 4409572490.0, "users_mev": 0}, "8": {"total_mev": 4092495280, "validators_mev": 2462997470.0, "users_mev": 0}, "5": {"total_mev": 3690945880, "validators_mev": 1622004070.0, "users_mev": 0}, "0": {"total_mev": 3817279250, "validators_mev": 0, "users_mev": 0}, "12": {"total_mev": 3832108010, "validators_mev": 3025069130.0, "users_mev": 0}, "15": {"total_mev": 4214476010, "validators_mev": 3671901080.000002, "users_mev": 0}, "7": {"total_mev": 4028680980, "validators_mev": 2264428060.0, "users_mev": 0}, "18": {"total_mev": 4353947510, "validators_mev": 4123615770.000001, "users_mev": 0}, "2": {"total_mev": 3964929240, "validators_mev": 921736570.0, "users_mev": 0}, "10": {"total_mev": 4295754800, "validators_mev": 2953311960.0, "users_mev": 0}, "1": {"total_mev": 3984941670, "validators_mev": 449651910.0, "users_mev": 0}, "13": {"total_mev": 4092103230, "validators_mev": 3334400940.0, "users_mev": 0}, "9": {"total_mev": 4035479290, "validators_mev": 2459694660.0, "users_mev": 0}, "16": {"total_mev": 4103963620, "validators_mev": 3735172480.0, "users_mev": 0}, "4": {"total_mev": 3665698270, "validators_mev": 1269213950.0, "users_mev": 0}, "3": {"total_mev": 3799640310, "validators_mev": 943685370.0, "users_mev": 0}, "11": {"total_mev": 4457861850, "validators_mev": 3291517350.0, "users_mev": 0}, "14": {"total_mev": 3954624930, "validators_mev": 3227089520.0, "users_mev": 0}, "19": {"total_mev": 4510077310, "validators_mev": 4441997050.0, "users_mev": 0}, "6": {"total_mev": 3883867990, "validators_mev": 2087435370.0, "users_mev": 0}}