{"8": {"total_mev": 3220480980, "validators_mev": 1705920903.3333328, "users_mev": 367648566.6666666}, "12": {"total_mev": 3597100200, "validators_mev": 2419891360.0000005, "users_mev": 267059870.0}, "1": {"total_mev": 3324131230, "validators_mev": 315268085.0, "users_mev": 664078835.0}, "20": {"total_mev": 3390299750, "validators_mev": 3362384978.333333, "users_mev": 27914771.666666668}, "17": {"total_mev": 3352726310, "validators_mev": 2955851280.0000005, "users_mev": 113477049.99999999}, "4": {"total_mev": 3098282400, "validators_mev": 803200528.3333333, "users_mev": 420347161.6666667}, "7": {"total_mev": 3148388590, "validators_mev": 1580674803.3333333, "users_mev": 416832126.66666675}, "14": {"total_mev": 3175968130, "validators_mev": 2512107296.666667, "users_mev": 178251303.33333337}, "2": {"total_mev": 3456539350, "validators_mev": 525827090.0, "users_mev": 607739050.0}, "11": {"total_mev": 3697025170, "validators_mev": 2335769408.3333335, "users_mev": 268416441.66666672}, "18": {"total_mev": 3213427000, "validators_mev": 3078707438.3333335, "users_mev": 41468441.666666664}, "5": {"total_mev": 3289812880, "validators_mev": 1262653876.6666665, "users_mev": 444381853.3333333}, "16": {"total_mev": 3383082950, "validators_mev": 2923727894.999999, "users_mev": 180858454.99999997}, "0": {"total_mev": 3109891440, "validators_mev": 0, "users_mev": 371475729.9999997}, "13": {"total_mev": 3188914450, "validators_mev": 2371465628.3333335, "users_mev": 206304401.6666667}, "9": {"total_mev": 3223667900, "validators_mev": 1976223438.3333337, "users_mev": 321164831.6666667}, "19": {"total_mev": 3265223860, "validators_mev": 3133401903.333332, "users_mev": 68088056.66666667}, "10": {"total_mev": 3194159940, "validators_mev": 2276476945.7142863, "users_mev": 281649904.28571415}, "3": {"total_mev": 3456169870, "validators_mev": 710525855.0, "users_mev": 677710115.0}, "15": {"total_mev": 3191387060, "validators_mev": 2729880011.666666, "users_mev": 178130828.33333343}, "6": {"total_mev": 3133820310, "validators_mev": 1201615206.6666667, "users_mev": 485307353.33333343}}