block_id,total_gas,total_mev_captured,block_bid,builder_type,builder_id
1,794975081,3510000,464348849.9756643,attack,1713
2,1023483328,3638100,676134007.1639246,attack,1703
3,1000415581,3565000,737975527.584118,attack,1712
4,1195031006,12144000,999315800.7501918,attack,1712
5,749836812,2648800,680668897.2552617,attack,1708
6,1033551317,4732100,995128354.0,attack,1705
7,1173481870,4201400,1134528194.0,attack,1706
8,665101189,2707700,624653806.0,attack,1702
9,832905658,3020000,792770566.0,attack,1702
10,1167132653,4202000,1128179548.0,attack,1705
11,1095080769,3891400,1055817052.0,attack,1702
12,1196112328,4208500,1157165698.0,attack,1715
13,752794274,2707700,712346836.0,attack,1703
14,1180023895,4306000,1141174744.0,attack,1704
15,1171387919,3875000,1132107756.0,attack,1710
16,1174661570,4224690,1135731084.0,attack,1702
17,833406425,2945000,793196240.0,attack,1701
18,1018057376,3634700,978536880.0,attack,1708
19,1139215044,3891830,1099951666.0,attack,1706
20,602782740,2027800,561655326.0,attack,1707
21,1080752494,3875000,1041472268.0,attack,1711
22,1045975319,3920630,1006740712.0,attack,1708
23,1297602069,5040000,1259486818.0,attack,1710
24,1543466074,5452120,1505762926.0,attack,1708
25,1123778844,4644000,1085267564.0,attack,1706
26,1118394144,3875000,1079113852.0,attack,1714
27,1370389277,5315000,1332548970.0,attack,1703
28,750595283,20350100,727790068.0,attack,1715
29,1261442331,4525340,1222812342.0,attack,1703
30,1339420424,4805000,1301070080.0,attack,1715
31,529632809,1860000,488337460.0,attack,1703
32,1003685148,4677300,965207088.0,attack,1701
33,1219837262,4340000,1224177262.0,normal,1717
34,1478952988,5302900,1484255888.0,normal,1744
35,964838712,3422800,968261512.0,normal,1723
36,1092099780,3900400,1096000180.0,normal,1717
37,1217544774,4482130,1222026904.0,normal,1718
38,1391040936,4960000,1396000936.0,normal,1730
39,1003831878,3415640,1007247518.0,normal,1729
40,1307543860,4847400,1312391260.0,normal,1740
41,1217093342,4340000,1221433342.0,normal,1731
42,1259252232,4500630,1220597364.0,attack,1714
43,1085263594,3889200,1045997284.0,attack,1713
44,1005834851,3710000,966389330.0,attack,1704
45,1049522636,3726390,1053249026.0,normal,1748
46,1222900106,4340000,1227240106.0,normal,1748
47,1006905144,3518000,1010423144.0,normal,1719
48,1003912386,3823900,1007736286.0,normal,1737
49,921401470,21075700,942477170.0,normal,1723
50,751938320,9678520,761616840.0,normal,1741
