block_id,total_gas,total_mev_captured,block_bid,builder_type,builder_id
1,1042656121,2642500,616138610.3405578,attack,703
2,1239097466,1638900,822984630.9022431,attack,701
3,918596604,1274700,673446644.9056039,attack,701
4,779345642,1145900,633087296.1436847,attack,704
5,1197999303,1772540,1109972282.4741883,attack,701
6,1365001930,1881700,1323822860.0,attack,705
7,999886731,2619500,959445450.0,attack,710
8,1256156545,1760300,1214856050.0,attack,710
9,1193414734,2577540,1152931466.0,attack,707
10,1027552605,1627100,986118886.0,attack,708
11,1025482858,2544700,984966728.0,attack,707
12,1252418966,1760300,1211118422.0,attack,707
13,910574124,1330900,868844170.0,attack,706
14,1021170663,1517100,979626898.0,attack,705
15,1340990340,2020700,1299950160.0,attack,702
16,1252840416,1760300,1211539822.0,attack,702
17,999492174,1274700,957705970.0,attack,701
18,1165049677,1638900,1123627660.0,attack,711
19,689238304,1065500,647242880.0,attack,711
20,1178783217,1638900,1137361180.0,attack,701
21,663548604,934000,621421660.0,attack,702
22,1349517789,2231700,1308688530.0,attack,714
23,1132546619,2617500,1092103148.0,attack,707
24,1004326354,1557100,962822472.0,attack,711
25,1012060607,1756800,970756414.0,attack,703
26,1507320544,2192600,1466452134.0,attack,711
27,1041317251,1414700,999670930.0,attack,710
28,1170040836,1685400,1128665202.0,attack,701
29,1506706979,2127630,1465773558.0,attack,707
30,1087648919,1517500,1046105356.0,attack,715
31,1094499219,1517500,1052955644.0,attack,709
32,911227975,1390140,869557030.0,attack,712
33,1428182961,2003100,1387124960.0,attack,701
34,1007211932,20162120,1027374052.0,normal,734
35,1135900868,1773200,1137674068.0,normal,724
36,877762590,2059100,879821690.0,normal,732
37,1127255466,1690000,1128945466.0,normal,739
38,1087731344,1839500,1046509684.0,attack,713
39,955924230,1418400,957342630.0,normal,736
40,1131829402,1793200,1133622602.0,normal,728
41,1215928734,1995600,1217924334.0,normal,747
42,1044262084,1456800,1045718884.0,normal,747
43,1246324462,1723100,1248047562.0,normal,731
44,1001924638,1499400,1003424038.0,normal,726
45,1210665162,1699600,1212364762.0,normal,731
46,1020084748,1411400,978434888.0,attack,705
47,1171306289,1638900,1129883916.0,attack,704
48,578184485,1116100,536239306.0,attack,702
49,1048134028,1456800,1049590828.0,normal,717
50,1126485522,2534700,1129020222.0,normal,750
