block_id,total_gas,total_mev_captured,block_bid,builder_type,builder_id
1,850289081,763350,575011042.9379815,attack,1808
2,1179385412,1138260,1047308512.7089006,attack,1810
3,1431360907,160580,1388516270.0,attack,1805
4,1172341168,148380,1129484318.0,attack,1823
5,1012031271,457140,969483170.0,attack,1816
6,916888381,888480,874771610.0,attack,1834
7,1184537086,250960,1141782782.0,attack,1823
8,834281677,4429120,795705524.0,attack,1832
9,1256492893,250220,1213737826.0,attack,1828
10,1034152582,513360,991660644.0,attack,1823
11,924781578,147380,881923650.0,attack,1823
12,1262643908,150220,1219788806.0,attack,1807
13,1209084003,139860,1166218528.0,attack,1819
14,1147004019,129500,1104128172.0,attack,1817
15,1209703858,531040,1210234898.0,normal,1840
16,1300225445,150220,1257370290.0,attack,1817
17,804569379,673060,762237056.0,attack,1819
18,1288696083,660220,1246350906.0,attack,1816
19,1084590569,129500,1041714660.0,attack,1816
20,1368947324,160580,1326102480.0,attack,1827
21,955594478,658960,956253438.0,normal,1848
22,927810455,473880,885278890.0,attack,1802
23,999279216,162740,956436500.0,attack,1810
24,834023325,131320,791149180.0,attack,1808
25,832659496,131520,789785542.0,attack,1807
26,945853274,123110,902970900.0,attack,1832
27,1049057428,140720,1049198148.0,normal,1838
28,1024819389,119140,981933022.0,attack,1801
29,1205928998,176660,1163100138.0,attack,1833
30,1039932941,132940,997060350.0,attack,1826
31,1339205106,416580,1296616140.0,attack,1805
32,1254640810,150220,1211785470.0,attack,1815
33,937018080,254780,894267290.0,attack,1824
34,787593092,111840,787704932.0,normal,1846
35,1040899298,247140,998140848.0,attack,1821
36,1110734394,161200,1067889992.0,attack,1830
37,466938240,84700,467022940.0,normal,1849
38,1010403942,367940,967766264.0,attack,1817
39,1253920898,150220,1211065486.0,attack,1823
40,1332853304,174920,1290022578.0,attack,1810
41,1088481794,451500,1045927636.0,attack,1822
42,1047395115,133040,1004522486.0,attack,1821
43,1433356393,262040,1390612748.0,attack,1822
44,910949705,489780,868433790.0,attack,1819
45,1093035019,129500,1050158812.0,attack,1807
46,1118027319,129500,1075151100.0,attack,1830
47,961764968,17813960,979578928.0,normal,1841
48,1046412332,290960,1046703292.0,normal,1842
49,1253416494,261620,1210672358.0,attack,1825
50,830025025,98420,787117680.0,attack,1807
