block_id,total_gas,total_mev_captured,block_bid,builder_type,builder_id
1,1856100361,4600000,1300040568.814475,attack,570
2,2113301507,4900000,1946718771.005394,attack,567
3,2150002683,4900000,2205289056.0,attack,562
4,2137003859,4900000,2192364908.0,attack,557
5,2137005035,4900000,2215640060.0,attack,584
6,2126006211,4900000,2222763912.0,attack,570
7,2126007387,4900000,2257107094.0,attack,570
8,2108408563,12090000,2262735486.0,attack,558
9,2134009739,5445000,2312299918.0,attack,570
10,2150010915,4900000,2354639070.0,attack,563
11,2113312091,5028000,2332459822.0,attack,574
12,2134013267,4900000,2367854074.0,attack,560
13,2134014443,4900000,2395046266.0,attack,551
14,2113015288,4946000,2450333618.0,normal,593
15,2137016795,4900000,2449304770.0,attack,552
16,2107117971,12090000,2444531922.0,attack,555
17,2150019147,4900000,2532068674.0,attack,555
18,2134020323,4931700,2505635626.0,attack,566
19,2097321048,4800000,2530900218.0,normal,589
20,2076622200,4800000,2518265760.0,normal,592
21,2113323851,4900000,2530326912.0,attack,564
22,2097124504,4800000,2565959564.0,normal,600
23,2113326203,4900000,2563767916.0,attack,568
24,2113026808,4800000,2634193668.0,normal,600
25,2075327960,4814200,2617673920.0,normal,588
26,2112229731,4900000,2636088372.0,attack,571
27,2137030907,4900000,2713840024.0,attack,552
28,2096231416,4800000,2706704566.0,normal,600
29,2137033259,4900000,2757665518.0,attack,554
30,2137034435,4900000,2823919670.0,attack,580
31,2134035611,4900000,2813529722.0,attack,558
32,2137036787,4900000,2848240874.0,attack,570
33,2137037963,4900000,2881778626.0,attack,567
34,2126039139,4914200,2891910978.0,attack,573
35,2150040315,4900000,2952664930.0,attack,567
36,2102040632,4800000,2944077082.0,normal,587
37,2110041784,4800000,2964399234.0,normal,590
38,2113343843,4900000,2950200386.0,attack,556
39,2126045019,4900000,2977707318.0,attack,556
40,2134046195,4900000,3001974570.0,attack,554
41,2112246392,5900000,3044607902.0,normal,592
42,2113348547,4900000,3031663154.0,attack,563
43,2113349723,4900000,3048522306.0,attack,578
44,2100149848,4800000,3099069458.0,normal,586
45,2113151000,4964000,3137046710.0,normal,594
46,2113352152,4800000,3158624862.0,normal,589
47,2134054427,4900000,3165149014.0,attack,579
48,2100354456,4800000,3209957366.0,normal,586
49,2150056779,4900000,3273216218.0,attack,553
50,2113056760,4833100,3271502570.0,normal,591
