block_id,total_gas,total_mev_captured,block_bid,builder_type,builder_id
1,995592121,7363000,708105462.4405575,attack,1190
2,1595715731,10586000,1547158088.7354863,attack,1175
3,1046217788,6075100,1009036848.0,attack,1168
4,1170150249,6912000,1133806196.0,attack,1156
5,1126731469,6509700,1089985104.0,attack,1176
6,1364455240,7970700,1329169860.0,attack,1185
7,1425426896,8448000,1390618800.0,attack,1158
8,859610905,4864000,821218800.0,attack,1164
9,916003305,5745000,878492190.0,attack,1182
10,1304313531,7424000,1268481402.0,attack,1177
11,1019937088,6144000,982824948.0,attack,1176
12,1048983341,5888000,1011615190.0,attack,1189
13,1251351575,8014800,1216110210.0,attack,1153
14,822217042,4887800,827104842.0,normal,1194
15,1349492619,8307800,1314544230.0,attack,1179
16,835283672,4906000,796933474.0,attack,1169
17,1084412094,6525700,1047681584.0,attack,1186
18,1433991186,8629000,1399363960.0,attack,1166
19,1260506750,7424000,1224674510.0,attack,1190
20,911513140,5376000,873632890.0,attack,1182
21,1512269039,27205000,1496217772.0,attack,1180
22,1431909067,9060700,1397713484.0,attack,1186
23,1447936595,8479700,1413159996.0,attack,1185
24,1100587619,7237600,1064568908.0,attack,1158
25,726585032,4096000,730681032.0,normal,1193
26,1428880783,8676000,1394300448.0,attack,1188
27,1111570519,6400000,1074714172.0,attack,1187
28,920700387,6095000,883539030.0,attack,1175
29,1348101292,15126000,1319970920.0,attack,1159
30,1213950598,7168000,1221118598.0,normal,1198
31,1002778999,5920900,965443502.0,attack,1154
32,1083889069,6595000,1047227660.0,attack,1170
33,917001689,5857000,879602270.0,attack,1189
34,1134015619,6433100,1097192288.0,attack,1187
35,504204766,4027000,464975330.0,attack,1177
36,1171154941,6951940,1134850432.0,attack,1183
37,833851612,5964000,796559154.0,attack,1185
38,1169135535,6935500,1132814564.0,attack,1167
39,1256933855,7424000,1221101370.0,attack,1173
40,856529296,4864000,818136802.0,attack,1165
41,1029381483,5937100,992062078.0,attack,1177
42,1342252880,8003000,1306999360.0,attack,1190
43,1041051612,6144000,1047195612.0,normal,1192
44,1427057812,8495700,1392296964.0,attack,1189
45,1049961725,5959800,1012664966.0,attack,1159
46,915075839,5647300,877466570.0,attack,1175
47,1281226697,7612000,1245582114.0,attack,1168
48,1007572530,6060100,970376036.0,attack,1161
49,1260737422,7424000,1224904814.0,attack,1186
50,1261517828,8319000,1226580206.0,attack,1165
