block_id,total_gas,total_mev_captured,block_bid,builder_type,builder_id
1,1120015144,7696000,744129734.9768672,attack,309
2,1309184544,8880000,1091377057.080235,attack,304
3,1096420794,7431400,1060556156.0,attack,322
4,827330803,12814000,796848756.0,attack,322
5,1078943319,7400000,1043047260.0,attack,314
6,1091568619,8347840,1056620388.0,attack,324
7,1085979919,7400000,1050083836.0,attack,328
8,1086950219,7551800,1051205924.0,attack,312
9,1594093839,10952000,1561749726.0,attack,310
10,914844473,6216000,877764350.0,attack,310
11,1176207490,8000520,1140911874.0,attack,320
12,1026713249,6808000,990225102.0,attack,327
13,974785187,6227200,937716230.0,attack,319
14,1035505732,7191200,999400764.0,attack,312
15,999010985,6844880,962559686.0,attack,307
16,1378455774,9236700,1344396280.0,attack,304
17,881098970,6689000,887787970.0,normal,337
18,1260419112,8771980,1225894874.0,attack,309
19,1153415824,7696000,1161111824.0,normal,350
20,917604951,6247700,880556410.0,attack,320
21,1143056422,7804000,1150860422.0,normal,332
22,750512382,5275800,712491920.0,attack,322
23,1089263694,7564000,1053531420.0,attack,309
24,1178354567,8147000,1143205280.0,attack,301
25,1130760319,7467500,1094931520.0,attack,301
26,1028747998,24508000,1009959688.0,attack,315
27,1292728510,9169390,1301897900.0,normal,339
28,1089948269,7447200,1054099132.0,attack,322
29,784350138,5919000,790269138.0,normal,344
30,920056366,6562700,883322710.0,attack,328
31,1080049044,7957300,1044709976.0,attack,311
32,1681433713,11544000,1649681326.0,attack,329
33,1190400618,7992000,1155096218.0,attack,301
34,1303267210,8944600,1312211810.0,normal,345
35,1057345666,6847400,1020896640.0,attack,305
36,1084357794,7400000,1048461356.0,attack,307
37,831476956,5428000,836904956.0,normal,335
38,1341267082,9176000,1307146620.0,attack,327
39,1440695502,9877900,1407276924.0,attack,318
40,1262270566,8898400,1271168966.0,normal,338
41,1251469464,8584000,1216756958.0,attack,301
42,1228543831,8194800,1193442112.0,attack,330
43,793851414,5328000,799179414.0,normal,338
44,785401576,5408300,790809876.0,normal,338
45,1189757569,7400000,1153861020.0,attack,314
46,961055188,6676000,967731188.0,normal,338
47,1171749289,8023000,1136475716.0,attack,321
48,1186118640,8164100,1150986154.0,attack,325
49,1023481599,7291140,987476142.0,attack,302
50,1088855069,7456200,1053014660.0,attack,329
