block_id,total_gas,total_mev_captured,block_bid,builder_type,builder_id
1,1374620225,1718500,916226602.2036427,attack,320
2,2111201311,2405900,1792232359.245417,attack,315
3,2150002487,2405900,2154702124.0,attack,328
4,2113303663,2815900,2144001666.0,attack,312
5,2137004839,2405900,2209546818.0,attack,309
6,2113306015,2405900,2209738270.0,attack,317
7,2134007191,2405900,2273628422.0,attack,328
8,2150008367,2405900,2320835874.0,attack,327
9,2126009543,2405900,2339358026.0,attack,315
10,2150010489,2506800,2414753978.0,attack,324
11,2137011895,2405900,2408836630.0,attack,317
12,2137013071,2405900,2428090982.0,attack,310
13,2126014247,2405900,2439167834.0,attack,317
14,2134015423,2405900,2474599686.0,attack,302
15,2126016599,2405900,2475697838.0,attack,324
16,2076617400,2356800,2482662990.0,normal,344
17,2107100951,9595900,2512131942.0,attack,329
18,2097319704,2356800,2554591324.0,normal,334
19,2150021303,2405900,2637766176.0,attack,316
20,2137022479,2405900,2611831328.0,attack,325
21,2113023160,2356800,2644871780.0,normal,345
22,2113324831,2405900,2628748932.0,attack,309
23,2076625464,2356800,2645596184.0,normal,340
24,2126027183,2405900,2677927436.0,attack,305
25,2134028359,2405900,2727611488.0,attack,310
26,2150029535,2405900,2794287470.0,attack,303
27,2113330711,2405900,2779116722.0,attack,326
28,2113031224,2356800,2854532774.0,normal,340
29,2134032376,2356800,2918674426.0,normal,342
30,2150034239,2405900,2918839978.0,attack,315
31,2134035415,2405900,2920949330.0,attack,318
32,2083108832,20071900,2942552682.0,normal,350
33,2126037767,2405900,2948452934.0,attack,324
34,2137038943,2405900,2982193086.0,attack,307
35,2113339288,2356800,3014659238.0,normal,338
36,2100340440,2356800,3019237890.0,normal,342
37,2076641592,2356800,3010579142.0,normal,338
38,2113342744,2356800,3064327294.0,normal,338
39,2076443896,2403300,3049516446.0,normal,337
40,2126045999,2405900,3072302998.0,attack,301
41,2113347175,2427700,3078118050.0,attack,317
42,2113148351,2405900,3096849302.0,attack,324
43,2113349527,2405900,3129371094.0,attack,318
44,2134050703,2405900,3171821246.0,attack,311
45,2150051879,2405900,3226180898.0,attack,327
46,2150053055,2405900,3262608890.0,attack,313
47,2108554231,20105900,3240073042.0,attack,323
48,2126055407,2405900,3256608794.0,attack,317
49,2107216583,9595900,3258441946.0,attack,322
50,2137057759,2405900,3304371498.0,attack,323
