block_id,total_gas,total_mev_captured,block_bid,builder_type,builder_id
1,1838700400,22950000,1257893977.349383,attack,304
2,2137001556,24990000,1857341680.1371303,attack,301
3,2113302732,24990000,2163716104.0,attack,316
4,2150003908,24990000,2233719056.0,attack,304
5,2137005084,24990000,2277026008.0,attack,330
6,2134006260,24990000,2295616860.0,attack,329
7,2134007436,25949000,2350635912.0,attack,318
8,2150008425,26018000,2382275264.0,attack,326
9,2150009788,24990000,2416457216.0,attack,307
10,2134010964,25005100,2396621568.0,attack,301
11,2134012140,24990000,2452954120.0,attack,309
12,2137013316,24990000,2474323972.0,attack,315
13,2134014492,24990000,2460089124.0,attack,326
14,2150015668,25057900,2509852976.0,attack,302
15,2150016844,24990000,2529441158.0,attack,304
16,2126017640,24626000,2579537610.0,normal,341
17,2137019196,24990000,2573174462.0,attack,323
18,2102019944,24480000,2567502244.0,normal,341
19,2113121548,25205000,2544619196.0,attack,326
20,2137022724,24995180,2610357328.0,attack,308
21,2070443400,42204700,2627056200.0,normal,342
22,2113325076,24990000,2625166152.0,attack,317
23,2150026252,24996390,2678262494.0,attack,325
24,2137027428,24990000,2728523686.0,attack,303
25,2110028008,24480000,2718912338.0,normal,349
26,2076629160,24480000,2699606890.0,normal,333
27,2089330312,24493900,2721149942.0,normal,348
28,2137032132,24990000,2780414574.0,attack,319
29,2126033308,24990000,2777373726.0,attack,313
30,2126034484,24990000,2788343578.0,attack,327
31,2113335660,24990000,2802359430.0,attack,314
32,2113336836,25007000,2840565982.0,attack,319
33,2150038012,24990000,2949850434.0,attack,329
34,2150039188,24990000,2940196786.0,attack,306
35,2134040364,24990000,2946161938.0,attack,326
36,2137041540,24990000,2959170090.0,attack,319
37,2113341832,24513300,2988691372.0,normal,349
38,2113142984,24554500,3005855324.0,normal,344
39,2137045068,24990000,3010004476.0,attack,324
40,2113346244,25039100,3006207928.0,attack,317
41,2150047420,24990000,3087702510.0,attack,305
42,2134048596,24990000,3062730862.0,attack,309
43,2137049772,24990000,3088956714.0,attack,322
44,2113150948,24990000,3082844366.0,attack,330
45,2113152124,24990000,3118851718.0,attack,324
46,2150053300,24990000,3189320070.0,attack,329
47,2150054476,24990000,3260303922.0,attack,312
48,2150055652,24990000,3279686974.0,attack,321
49,2100355656,24480000,3265601126.0,normal,333
50,2126056808,24480000,3332882078.0,normal,339
