block_id,total_gas,total_mev_captured,block_bid,builder_type,builder_id
1,81107000,0,53661311.22222513,attack,2763
2,1676780361,13015000,1311540730.198698,attack,2753
3,2111201507,15778000,2012087824.5921233,attack,2760
4,2111202683,15778000,2126252116.0,attack,2761
5,2126003859,15778000,2155475668.0,attack,2769
6,2134005035,15778000,2187153400.0,attack,2774
7,2111206211,15778000,2183325352.0,attack,2775
8,2150007387,15778000,2257448804.0,attack,2766
9,2107178563,22968000,2247588856.0,attack,2754
10,2126009739,15778000,2294411308.0,attack,2773
11,2113310915,15778000,2292767660.0,attack,2758
12,2126012091,15790800,2329712452.0,attack,2763
13,2126013267,15827100,2350591904.0,attack,2775
14,2150014443,15778000,2471975756.0,attack,2775
15,2150015619,15778000,2495160108.0,attack,2766
16,2150016795,15778000,2551799460.0,attack,2761
17,2150017971,15778000,2541694612.0,attack,2758
18,2137019147,15778000,2531912464.0,attack,2765
19,2134019896,15456000,2562269006.0,normal,2798
20,2083091048,33156000,2538790058.0,normal,2776
21,2107105675,22968000,2527882210.0,attack,2774
22,2113323352,15505100,2586237462.0,normal,2779
23,2100324504,15456000,2586191214.0,normal,2795
24,2113326203,15778000,2569253766.0,attack,2762
25,2137027379,15778000,2647474718.0,attack,2762
26,2134028555,15959000,2637715390.0,attack,2767
27,2113329731,15778000,2629497342.0,attack,2775
28,2100330264,15456000,2687107494.0,normal,2776
29,2126032083,15778000,2689002286.0,attack,2761
30,2126033259,15778000,2729661138.0,attack,2754
31,2126034435,15778000,2763608690.0,attack,2761
32,2126034872,15456000,2814982722.0,normal,2798
33,2150036025,29836000,2827175874.0,attack,2756
34,2113137963,15811300,2801598326.0,attack,2753
35,2150039139,15778000,2910487178.0,attack,2758
36,2134039480,15456000,2944204330.0,normal,2780
37,2134041491,15778000,2904087582.0,attack,2765
38,2137042667,15778000,2930858934.0,attack,2760
39,2126043843,15778000,2947103686.0,attack,2759
40,2076444088,16556000,2960709938.0,normal,2777
41,2113146195,15778000,2969609820.0,attack,2762
42,2076446392,15456000,2991689302.0,normal,2792
43,2150048547,15778000,3053099974.0,attack,2771
44,2113148696,15486200,3074871966.0,normal,2788
45,2137050899,15778000,3105875218.0,attack,2764
46,2134052075,15778000,3148051170.0,attack,2773
47,2102052152,15456000,3163469952.0,normal,2779
48,2137054427,15778000,3177676504.0,attack,2766
49,2089354456,15516700,3173079656.0,normal,2776
50,2134056779,15778000,3210803098.0,attack,2757
