block_id,total_gas,total_mev_captured,block_bid,builder_type,builder_id
1,1799200361,46221800,1243622258.140131,attack,1702
2,2134001507,53900000,1864829040.4025025,attack,1717
3,2126002683,53900000,2194140116.0,attack,1729
4,2113303859,53900000,2198618468.0,attack,1723
5,2113105035,53900000,2210704540.0,attack,1728
6,2150006211,53900000,2344461092.0,attack,1720
7,2150007387,53900000,2324194874.0,attack,1717
8,2150008563,53900000,2385106556.0,attack,1725
9,2137009739,53900000,2363689408.0,attack,1730
10,2134010915,53900000,2358670660.0,attack,1725
11,2134012091,53900000,2389168412.0,attack,1712
12,2150013267,53900000,2425769464.0,attack,1721
13,2126014443,53900000,2436354616.0,attack,1724
14,2113315619,53900000,2443846668.0,attack,1708
15,2126016795,53900000,2482723820.0,attack,1712
16,2134017971,53900000,2528665972.0,attack,1711
17,2126019147,53900000,2525809424.0,attack,1702
18,2137019896,53085000,2605255616.0,normal,1741
19,2113321499,53900000,2566420768.0,attack,1718
20,2150022675,53900000,2651221520.0,attack,1710
21,2137023851,53900000,2684114172.0,attack,1701
22,2118024504,52800000,2696369624.0,normal,1749
23,2137026203,53900000,2716890676.0,attack,1721
24,2150027379,53900000,2788888748.0,attack,1726
25,2150027960,52800000,2856307200.0,normal,1738
26,2126029731,53900000,2800782552.0,attack,1711
27,2126030264,52815300,2865675044.0,normal,1744
28,2102031416,52800000,2825035896.0,normal,1747
29,2097332568,52800000,2830842448.0,normal,1745
30,2150034435,53900000,2910783220.0,attack,1718
31,2124034872,52867500,2911679772.0,normal,1736
32,2097336024,52800000,2907723264.0,normal,1735
33,2137037176,52800000,2973855516.0,normal,1732
34,2134039139,53900000,2963416188.0,attack,1727
35,2089139480,57120000,2977177940.0,normal,1732
36,2076640632,52800000,2968062272.0,normal,1731
37,2134042667,53900000,3011778124.0,attack,1706
38,2089342936,52805180,3038068976.0,normal,1736
39,2137045019,53900000,3096328048.0,attack,1706
40,2134046195,53900000,3129100200.0,attack,1718
41,2134046392,52800000,3206987352.0,normal,1737
42,2126048547,53942000,3158712504.0,attack,1717
43,2126049723,53900000,3161752656.0,attack,1713
44,2107419848,70500000,3211201408.0,normal,1747
45,2113152075,54494000,3185196000.0,attack,1716
46,2121052152,52800000,3268162152.0,normal,1739
47,2150054427,53900000,3324637744.0,attack,1727
48,2150055603,53900000,3320817286.0,attack,1715
49,2100355608,53031000,3329025538.0,normal,1746
50,2137057955,53900000,3349456430.0,attack,1713
