block_id,total_gas,total_mev_captured,block_bid,builder_type,builder_id
1,1635200324,9384000,950698588.8289458,attack,1302
2,2126001458,803600,1349502943.7433631,attack,1304
3,2113302634,803600,1465118160.2715943,attack,1302
4,2137003810,803600,1629782748.8989565,attack,1310
5,2134004986,803600,1748106897.899964,attack,1309
6,2150006162,803600,1919921157.6056077,attack,1305
7,2113307338,803600,2066971100.7561083,attack,1308
8,2126008514,803600,2291698180.0123386,attack,1308
9,2137009690,803600,2384620220.0,attack,1301
10,2137010866,803600,2369748572.0,attack,1306
11,2126012042,803600,2373733724.0,attack,1302
12,2134013218,803600,2413455396.0,attack,1308
13,2150014394,803600,2475111548.0,attack,1303
14,2134015570,803600,2466156500.0,attack,1306
15,2134016746,803600,2485448452.0,attack,1309
16,2137017922,803600,2517714204.0,attack,1306
17,2126019098,803600,2533911116.0,attack,1308
18,2150020274,803600,2601227658.0,attack,1303
19,2137021450,803600,2573146050.0,attack,1308
20,2137022626,803600,2645429202.0,attack,1305
21,2137023802,803600,2659465354.0,attack,1301
22,2134024978,803600,2708647306.0,attack,1305
23,2134026154,803600,2738895358.0,attack,1304
24,2137027330,803600,2768632310.0,attack,1304
25,2134028506,803600,2783902392.0,attack,1301
26,2134029682,803600,2784490344.0,attack,1310
27,2126030858,803600,2809314296.0,attack,1304
28,2150032034,803600,2849594448.0,attack,1308
29,2137033210,803600,2865050700.0,attack,1309
30,2126034386,803600,2867853852.0,attack,1301
31,2126035562,803600,2875062004.0,attack,1304
32,2134036738,803600,2911866056.0,attack,1310
33,2113337914,803600,2913279508.0,attack,1309
34,2150039090,803600,2996708660.0,attack,1306
35,2134040266,803600,2975970312.0,attack,1310
36,2113341442,803600,2972583964.0,attack,1308
37,2150042618,803600,3099355916.0,attack,1310
38,2150043794,803600,3122816068.0,attack,1308
39,2137044970,803600,3108353620.0,attack,1309
40,2126046146,803600,3124083372.0,attack,1301
41,2107267322,18503600,3126063324.0,attack,1309
42,2113348498,803600,3128017576.0,attack,1308
43,2150049674,803600,3183882628.0,attack,1309
44,2150049801,1807200,3202304880.0,attack,1302
45,2150050953,933400,3291210832.0,attack,1310
46,2150053202,803600,3271173984.0,attack,1310
47,2137054378,803600,3261932036.0,attack,1309
48,2113355554,803600,3248661788.0,attack,1310
49,2113356730,803600,3269836120.0,attack,1305
50,2076656712,787200,3286443072.0,normal,1333
