block_id,total_gas,total_mev_captured,block_bid,builder_type,builder_id
1,646133049,354440,357530504.7288688,attack,1253
2,1257478399,4957380,778232782.4490737,attack,1257
3,1262148805,632200,838552553.9393477,attack,1253
4,1265211211,632200,905559763.0408049,attack,1254
5,937432129,457800,713856430.8021481,attack,1260
6,1024451478,569500,843841329.2682924,attack,1256
7,943426570,526500,833948354.690524,attack,1253
8,1108002144,545000,1062451503.2348056,attack,1256
9,439339844,500800,396818748.0,attack,1256
10,1093805544,545000,1051328636.0,attack,1254
11,1049295605,940200,1007213886.0,attack,1252
12,1047599858,608100,1005186028.0,attack,1255
13,1273603966,771200,1231353222.0,attack,1255
14,1340144689,711400,1297834130.0,attack,1259
15,919013439,495880,876487350.0,attack,1258
16,1001307008,501400,958786428.0,attack,1256
17,927638880,638800,885255690.0,attack,1251
18,924847090,457800,882282890.0,attack,1260
19,1038322721,5356100,1000656810.0,attack,1256
20,941961531,640900,899580410.0,attack,1256
21,1150612669,545000,1108135636.0,attack,1251
22,1002795480,501400,960274836.0,attack,1260
23,1168848757,813120,1126639820.0,attack,1254
24,960140497,518100,917636530.0,attack,1256
25,1026903262,533100,984414284.0,attack,1256
26,997636515,501400,955115826.0,attack,1256
27,919355169,578800,876911870.0,attack,1260
28,1425570123,719400,1383267408.0,attack,1253
29,1160228019,7765200,1124971092.0,attack,1256
30,830471294,7612720,795061878.0,attack,1256
31,1258828940,632200,1216438990.0,attack,1254
32,1431228806,719400,1388926040.0,attack,1256
33,678975539,327000,636280366.0,attack,1251
34,1012588700,600600,970167116.0,attack,1253
35,1172500537,588600,1130066940.0,attack,1252
36,1196814888,671000,1154463678.0,attack,1257
37,573204366,391400,530573550.0,attack,1257
38,1291052260,632200,1248662230.0,attack,1251
39,1079796894,556200,1037330852.0,attack,1254
40,1226222103,588600,1183788448.0,attack,1257
41,1255707391,966500,1213651622.0,attack,1256
42,1170239832,769600,1127987150.0,attack,1253
43,1086494194,684000,1044155900.0,attack,1258
44,1111777494,545000,1069300188.0,attack,1252
45,912388726,846640,870213050.0,attack,1252
46,1012171989,534500,969684162.0,attack,1251
47,1253932479,688100,1211598238.0,attack,1260
48,948941461,1967800,907886910.0,attack,1256
49,1369107306,1031800,1327116740.0,attack,1251
50,1090652294,719500,1048349416.0,attack,1251
