block_id,total_gas,total_mev_captured,block_bid,builder_type,builder_id
1,910038081,833200,514161286.08327353,attack,809
2,1036930328,756700,634790531.1112089,attack,801
3,1204236709,888300,798907933.8034233,attack,806
4,1090253969,18522500,789235717.6604254,attack,810
5,937851045,756000,714419638.870657,attack,807
6,1257494791,954100,1044418654.6392742,attack,804
7,899681392,660700,793569512.3192381,attack,807
8,1343402643,1297900,1297912595.32671,attack,810
9,1422960325,1085700,1381013016.0,attack,802
10,767357917,858000,725182900.0,attack,806
11,1025002812,2237700,984207484.0,attack,806
12,1255863908,954100,1213784966.0,attack,809
13,828415779,18688600,804071328.0,attack,804
14,1092406919,834800,1050208656.0,attack,806
15,1103876219,1983500,1062826644.0,attack,807
16,1181494894,996300,1139458106.0,attack,805
17,1022954445,781800,980703146.0,attack,804
18,870777862,625100,828369854.0,attack,806
19,788478600,559300,746004784.0,attack,807
20,1269233460,954100,1227154430.0,attack,801
21,1112549894,822500,1070339252.0,attack,807
22,1082517194,1107500,1040591540.0,attack,810
23,868754907,693000,826414744.0,attack,805
24,1110873719,932300,1068772844.0,attack,804
25,1136167019,1003500,1094137332.0,attack,808
26,1342397122,1030600,1300394520.0,attack,808
27,914696442,722600,872385830.0,attack,801
28,616886092,967900,574820774.0,attack,809
29,1340710083,1086000,1298762850.0,attack,807
30,1086498469,891540,1044356764.0,attack,804
31,1081167769,1121900,1039256412.0,attack,801
32,662783404,632500,620382640.0,attack,801
33,1253479752,985800,1211432274.0,attack,808
34,1174860375,1116800,1132943884.0,attack,802
35,1172625726,1011000,1130603422.0,attack,805
36,1255033912,1507100,1213507694.0,attack,801
37,1111142594,1634000,1069743264.0,attack,810
38,1203671779,1210300,1161848736.0,attack,807
39,828325498,681300,785973446.0,attack,804
40,1085234444,831020,1043032100.0,attack,801
41,1118375744,1078500,1076420868.0,attack,802
42,1013824069,895700,971686382.0,attack,808
43,1106822319,869000,1064657920.0,attack,806
44,921909579,759800,879635970.0,attack,810
45,669191684,579900,626738168.0,attack,806
46,915746936,755500,873469010.0,attack,806
47,967320146,1249500,925536210.0,attack,805
48,979588356,718340,937273250.0,attack,807
49,1174601911,1052300,1132620752.0,attack,802
50,791298134,878400,792176534.0,normal,836
