block_id,total_gas,total_mev_captured,block_bid,builder_type,builder_id
1,1041576121,21603500,699523387.9232761,attack,2219
2,1345660566,23839000,1135007552.19199,attack,2215
3,1366228031,23839000,1346297990.0,attack,2208
4,908071961,16149000,880451910.0,attack,2202
5,913236171,16161800,885628910.0,attack,2211
6,1297291965,22701520,1276224410.0,attack,2205
7,998645846,19060000,973936760.0,attack,2202
8,916631906,16156840,889019650.0,attack,2213
9,1089829544,19225000,1065285436.0,attack,2218
10,1002155605,17712100,976098586.0,attack,2211
11,1254730647,22322800,1233284314.0,attack,2206
12,745624325,13616800,715471984.0,attack,2221
13,1351384596,23839000,1331454440.0,attack,2218
14,1356088061,23852900,1336171790.0,attack,2218
15,1210913786,20763000,1187907602.0,attack,2206
16,1268762532,22301000,1247294334.0,attack,2225
17,961371466,18005000,979376466.0,normal,2250
18,1352346704,23905100,1332482580.0,attack,2210
19,1086232744,19409800,1061873308.0,attack,2210
20,1130370292,19994000,1150364292.0,normal,2236
21,1091044369,19572400,1066847508.0,attack,2207
22,885437040,15254100,856921870.0,attack,2207
23,1086824894,19225000,1062280612.0,attack,2218
24,832652439,14967100,803850248.0,attack,2217
25,1553420474,26915000,1536566166.0,attack,2203
26,953034886,16918000,969952886.0,normal,2241
27,970956470,15617100,986573570.0,normal,2235
28,1175969052,20778700,1152978410.0,attack,2209
29,1011577987,18037900,985846534.0,attack,2226
30,1000818240,17723800,974772676.0,attack,2217
31,1034495493,17943000,1008669118.0,attack,2210
32,1337941460,23612500,1361553960.0,normal,2233
33,1214344102,21532000,1235876102.0,normal,2243
34,1339582749,23912100,1319725430.0,attack,2205
35,1508584954,26915000,1491730518.0,attack,2219
36,791468920,14074000,805542920.0,normal,2248
37,1338581020,24384000,1319195560.0,attack,2216
38,1431124960,25392300,1456517260.0,normal,2231
39,842336125,14611000,813177640.0,attack,2221
40,1627748269,28453000,1612431766.0,attack,2218
41,1086452719,20611000,1063294204.0,attack,2217
42,1242801602,21556700,1264358302.0,normal,2239
43,699452520,12304000,711756520.0,normal,2250
44,1303296320,23088600,1326384920.0,normal,2249
45,1031176817,17687000,1005094254.0,attack,2215
46,1185195370,20944000,1162369794.0,attack,2209
47,968932782,17343300,986276082.0,normal,2244
48,860910234,14626100,831766738.0,attack,2224
49,1039989436,18456000,1058445436.0,normal,2231
50,1209399585,20763000,1186392964.0,attack,2215
