block_id,total_gas,total_mev_captured,block_bid,builder_type,builder_id
1,586850025,2317000,335721438.54047745,attack,2809
2,1093073269,1697500,722679207.224001,attack,2803
3,1213086628,2019700,900200515.1849833,attack,2810
4,930740730,1425900,763294787.3305428,attack,2812
5,1341974465,2173000,1248507261.9923728,attack,2808
6,1050096386,1561700,1008590120.0,attack,2806
7,1037038639,1574000,995544662.0,attack,2808
8,1430337797,2254530,1389524334.0,attack,2804
9,1251495893,2087700,1210515586.0,attack,2806
10,1428203787,2240700,1387376464.0,attack,2802
11,826932418,1588900,785453286.0,attack,2806
12,1168042733,2167600,1127142288.0,attack,2809
13,1256622401,1969100,1215523442.0,attack,2814
14,1310924807,2505100,1270361834.0,attack,2812
15,837003368,1551100,795486386.0,attack,2811
16,877370539,1480530,835782978.0,attack,2807
17,837645710,1390100,795967710.0,attack,2807
18,1197592569,1913490,1156437946.0,attack,2805
19,1256765373,2239500,1215936746.0,attack,2808
20,744697923,1776700,703406488.0,attack,2813
21,1197146514,2841400,1156919766.0,attack,2806
22,1259077388,2029800,1218039026.0,attack,2801
23,1008813147,1793800,967538774.0,attack,2808
24,1338708688,2238080,1297878580.0,attack,2814
25,914654148,1857500,873443450.0,attack,2806
26,1811089618,2783900,1770805300.0,attack,2812
27,1010967435,1857700,969756906.0,attack,2806
28,1167886052,1845600,1126663410.0,attack,2812
29,1201289403,1943200,1160164348.0,attack,2815
30,910609555,1518700,869059990.0,attack,2808
31,1106439269,2107500,1065478492.0,attack,2808
32,1254701129,2212900,1213845738.0,attack,2813
33,642175516,1035200,643210716.0,normal,2847
34,743021424,1174600,744196024.0,normal,2826
35,892194210,19303800,911498010.0,normal,2847
36,663264866,950600,664215466.0,normal,2846
37,1068450284,1864000,1070314284.0,normal,2848
38,1007992680,3306400,1011299080.0,normal,2825
39,1470875436,2308600,1473184036.0,normal,2825
40,1253263146,1901200,1255164346.0,normal,2839
41,965100604,1493800,966594404.0,normal,2820
42,1256671348,1988800,1215591746.0,attack,2814
43,1129045208,1797100,1130842308.0,normal,2837
44,1073552492,1629600,1075182092.0,normal,2825
45,1007237242,1561700,965730504.0,attack,2805
46,967665946,2833800,970499746.0,normal,2820
47,1254459117,1969100,1213359754.0,attack,2802
48,1274063523,1969100,1232964146.0,attack,2801
49,1127525158,1765400,1129290558.0,normal,2828
50,1053934292,1629600,1055563892.0,normal,2839
