block_id,total_gas,total_mev_captured,block_bid,builder_type,builder_id
1,53845000,582500,31146617.761362154,attack,1104
2,2002077484,5424500,1262191723.7842171,attack,1106
3,2137001654,1151500,1480168908.780794,attack,1102
4,2126002830,1151500,1589676837.747049,attack,1102
5,2113104006,1151500,1721903571.116423,attack,1110
6,2113305182,1151500,1870656444.4277737,attack,1103
7,2150006358,1151500,2102086312.5855296,attack,1102
8,2137007534,1170100,2271785259.5263433,attack,1106
9,2137008710,1151500,2291505250.0,attack,1105
10,2150009886,1151500,2361219732.0,attack,1107
11,2134011062,1151500,2373184484.0,attack,1103
12,2137012238,1151500,2428524736.0,attack,1107
13,2137013414,1151500,2451046078.0,attack,1101
14,2150014590,1151500,2485450170.0,attack,1105
15,2137015766,1151500,2483892322.0,attack,1101
16,2134016942,1151500,2491225474.0,attack,1103
17,2134018118,1151500,2492439516.0,attack,1104
18,2107139294,8341500,2486892368.0,attack,1109
19,2113320470,1151500,2497678920.0,attack,1106
20,2150021646,1151500,2565132972.0,attack,1101
21,2150022822,1151500,2587484724.0,attack,1107
22,2150023998,1151500,2621575236.0,attack,1105
23,2134025174,1188300,2625349188.0,attack,1106
24,2150026350,1151500,2690135540.0,attack,1102
25,2150027526,1151500,2753426392.0,attack,1108
26,2150028702,1151500,2732012744.0,attack,1104
27,2126029878,1151500,2720832826.0,attack,1103
28,2113331054,1151500,2738679678.0,attack,1108
29,2126032230,1151500,2778105960.0,attack,1103
30,2126033406,1151500,2804221712.0,attack,1110
31,2113334582,1151500,2824843864.0,attack,1101
32,2137035758,1151500,2862749816.0,attack,1104
33,2150036934,1151500,2981014098.0,attack,1101
34,2150038110,1151500,2975769350.0,attack,1103
35,2137039286,1151500,2946932502.0,attack,1110
36,2137040462,1151500,2975055254.0,attack,1109
37,2137041638,1163800,3042802706.0,attack,1106
38,2137042814,1151500,3032893558.0,attack,1102
39,2126043990,1151500,3042403610.0,attack,1108
40,2126045166,1151500,3046318742.0,attack,1107
41,2113346342,1151500,3060825474.0,attack,1104
42,2137047518,1151500,3136748426.0,attack,1109
43,2150048694,1151500,3192674378.0,attack,1109
44,2137049870,1151500,3244786170.0,attack,1110
45,2134051046,1151500,3270580022.0,attack,1108
46,2134052222,1501500,3306042174.0,attack,1108
47,2137053398,1151500,3350472326.0,attack,1110
48,2134054574,1151500,3347402378.0,attack,1102
49,2134055750,1151500,3350454530.0,attack,1106
50,2126056926,1151500,3344914982.0,attack,1102
