block_id,total_gas,total_mev_captured,block_bid,builder_type,builder_id
1,1788400400,470400,1117639898.2062714,attack,1862
2,2126001556,548800,1569018368.173101,attack,1861
3,2150002732,548800,1891774518.5448062,attack,1857
4,2150003908,548800,2267628528.106732,attack,1866
5,2137005084,583900,2325985808.0,attack,1859
6,2137006260,582100,2393089060.0,attack,1868
7,2137007436,548800,2403577212.0,attack,1869
8,2134008612,1648800,2400159364.0,attack,1851
9,2150009788,548800,2436185016.0,attack,1856
10,2134010964,563900,2438740868.0,attack,1859
11,2150012140,548800,2480444720.0,attack,1858
12,2134013316,548800,2464456972.0,attack,1854
13,2134014492,548800,2517111124.0,attack,1851
14,2134015668,548800,2513974576.0,attack,1860
15,2150016844,548800,2555369328.0,attack,1851
16,2126018020,583500,2540942680.0,attack,1864
17,2126019196,548800,2536022832.0,attack,1864
18,2126020372,548800,2552603984.0,attack,1863
19,2126021548,548800,2585159166.0,attack,1868
20,2126022724,548800,2643213318.0,attack,1856
21,2150023900,548800,2719143270.0,attack,1865
22,2137025076,548800,2791203422.0,attack,1856
23,2134026252,548800,2804245574.0,attack,1857
24,2150027428,548800,2841882926.0,attack,1854
25,2118028008,537600,2826810778.0,normal,1876
26,2102029160,537600,2791672030.0,normal,1890
27,2126030956,548800,2781247682.0,attack,1865
28,2126031464,537600,2830049834.0,normal,1886
29,2150032617,672600,2832214486.0,attack,1869
30,2150034484,548800,2952766838.0,attack,1869
31,2150034920,537600,2977896690.0,normal,1881
32,2134036836,548800,2922451182.0,attack,1865
33,2072337224,5012600,2913604334.0,normal,1871
34,2113339188,548800,2926799086.0,attack,1865
35,2121039528,537600,3002586238.0,normal,1884
36,2100140680,859600,3009986290.0,normal,1886
37,2097341832,537600,3022989242.0,normal,1893
38,2100342984,537600,3041453194.0,normal,1894
39,2126045068,548800,3049036346.0,attack,1867
40,2076645288,1316600,3066026398.0,normal,1887
41,2113046440,537600,3116679650.0,normal,1895
42,2137048596,548800,3124599102.0,attack,1864
43,2124048744,537600,3211267844.0,normal,1881
44,2134050948,548800,3182342396.0,attack,1866
45,2121051048,537600,3238526648.0,normal,1889
46,2089352200,537600,3233477190.0,normal,1885
47,2126054476,548800,3247655482.0,attack,1851
48,2113354504,537600,3291933234.0,normal,1895
49,2097355656,537600,3311283586.0,normal,1878
50,2124056808,537600,3363486638.0,normal,1879
