block_id,total_gas,total_mev_captured,block_bid,builder_type,builder_id
1,819629064,18575400,545647854.4206985,attack,2679
2,909003268,7937600,748183004.5570412,attack,2655
3,1176796655,1100200,1134861224.0,attack,2666
4,1252511095,1097000,1210572450.0,attack,2679
5,1166171384,1028700,1124164426.0,attack,2663
6,1254651878,1032400,1212648606.0,attack,2654
7,914485612,1341600,872791530.0,attack,2662
8,1342602767,1183200,1300750270.0,attack,2655
9,1519816684,2977400,1479758370.0,attack,2651
10,1175019247,975400,1132958920.0,attack,2660
11,1174667598,1122200,1132754058.0,attack,2656
12,828167741,1203400,786335392.0,attack,2659
13,1217154192,961200,1175079630.0,attack,2656
14,914017502,747600,871729330.0,attack,2664
15,1256845184,1213400,1215022798.0,attack,2671
16,1382935991,1128300,1341028490.0,attack,2675
17,1305853025,1032400,1263849610.0,attack,2677
18,1367986890,1112120,1326063180.0,attack,2663
19,1263876866,1032400,1221873422.0,attack,2668
20,1170966757,1283200,1129214100.0,attack,2671
21,1171725108,1920200,1130609438.0,attack,2657
22,1173275459,1512590,1131752166.0,attack,2670
23,895827750,712000,896539750.0,normal,2696
24,930095950,780100,930876050.0,normal,2683
25,1247098666,996800,1248095466.0,normal,2696
26,1167929728,1283200,1126176998.0,attack,2652
27,1041934711,834100,999732870.0,attack,2653
28,828509560,676400,786150010.0,attack,2670
29,1073517532,1210400,1074727932.0,normal,2690
30,1067495820,854400,1068350220.0,normal,2686
31,863749187,18611100,839324304.0,attack,2662
32,1254241303,1048100,1212253406.0,attack,2661
33,916468437,1169900,874602330.0,attack,2674
34,1122527738,925600,1123453338.0,normal,2698
35,724372776,4889600,729262376.0,normal,2695
36,883188650,8687400,891876050.0,normal,2697
37,1073720644,854400,1074575044.0,normal,2700
38,1381474640,1139200,1382613840.0,normal,2682
39,1086818794,971400,1044754116.0,attack,2659
40,1073494604,954400,1074449004.0,normal,2694
41,1046804892,895180,1047700072.0,normal,2699
42,1252333754,1207400,1210505038.0,attack,2657
43,1385804752,1139200,1386943952.0,normal,2683
44,1258225624,1088600,1216278078.0,attack,2665
45,1300790590,1080800,1301871390.0,normal,2687
46,1001911024,867900,959742752.0,attack,2669
47,1386092544,1139200,1387231744.0,normal,2692
48,1124785444,931240,1125716684.0,normal,2693
49,1210463396,1089190,1168516372.0,attack,2680
50,1086297494,1616500,1044877768.0,attack,2660
