block_id,total_gas,total_mev_captured,block_bid,builder_type,builder_id
1,777344049,1579600,504944296.71025616,attack,361
2,2109300919,3518200,1782434650.4531617,attack,364
3,2111202095,3518200,2108117380.0,attack,353
4,2113303271,3518200,2136180932.0,attack,365
5,2113304447,3518200,2160479174.0,attack,380
6,2113105623,3518200,2188142326.0,attack,374
7,2113106799,3518200,2217841478.0,attack,372
8,2107117975,21218200,2252163630.0,attack,380
9,2150009151,3518200,2327402582.0,attack,375
10,2137010327,3518200,2350729924.0,attack,369
11,2134011503,3518200,2359135076.0,attack,360
12,2150012679,3540000,2401319528.0,attack,362
13,2137013855,3518200,2411610980.0,attack,378
14,2137015031,3518200,2432126532.0,attack,358
15,2126016207,3518200,2444024684.0,attack,367
16,2113317383,3518200,2453214336.0,attack,368
17,2137018559,3518200,2505213388.0,attack,371
18,2134019320,3446400,2567760640.0,normal,390
19,2113320911,3518200,2522727992.0,attack,359
20,2134022087,3518200,2565029744.0,attack,379
21,2150023263,3561800,2651134996.0,attack,357
22,2137024439,3518200,2628319448.0,attack,355
23,2121025080,3446400,2656283400.0,normal,384
24,2113126791,3518200,2627273252.0,attack,366
25,2137027967,3518200,2691497304.0,attack,356
26,2126029143,3518200,2720220036.0,attack,371
27,2126030319,3518200,2764213188.0,attack,351
28,2126031495,3518200,2771408940.0,attack,357
29,2126032671,3518200,2783879992.0,attack,356
30,2076633144,3446400,2797259144.0,normal,400
31,2134035023,3518200,2832242796.0,attack,377
32,2113136199,3518200,2825446948.0,attack,368
33,2150037375,3518200,2895029500.0,attack,369
34,2107115551,10708200,2876364652.0,attack,351
35,2097338904,3446400,2914958604.0,normal,388
36,2113140903,3518200,2905103856.0,attack,361
37,2126042079,3518200,2954381608.0,attack,370
38,2113143255,3518200,2954253960.0,attack,363
39,2089343512,3519500,2996895812.0,normal,392
40,2134045607,3534600,3081495264.0,attack,364
41,2121045816,3446400,3139040216.0,normal,384
42,2134047959,3518200,3119879468.0,attack,365
43,2126049135,3518200,3137949620.0,attack,374
44,2112049272,21146400,3218351172.0,normal,393
45,2150051487,3553800,3233364124.0,attack,352
46,2137051576,3446400,3295567676.0,normal,391
47,2134053839,3542900,3285927528.0,attack,373
48,2121053880,3446400,3350931380.0,normal,381
49,2137056191,3518200,3355183532.0,attack,359
50,2134056184,3446400,3430268484.0,normal,384
