block_id,total_gas,total_mev_captured,block_bid,builder_type,builder_id
1,1226119196,2250000,784204075.976115,attack,1107
2,1349897659,2332840,1041920109.8656205,attack,1123
3,1170247952,2038900,1081082557.4987478,attack,1110
4,1002661087,1725000,961311034.0,attack,1107
5,1086711469,1989000,1045625404.0,attack,1111
6,1086973769,2385000,1046283692.0,attack,1116
7,1264432429,2175000,1223532338.0,attack,1102
8,921432011,1575000,879931910.0,attack,1104
9,668100564,2248800,627274256.0,attack,1109
10,710885669,1255700,669066254.0,attack,1123
11,1266912531,2214400,1226051802.0,attack,1109
12,836402532,1921800,795249194.0,attack,1120
13,709380119,19194000,685498974.0,attack,1106
14,911066145,1609700,869600690.0,attack,1105
15,920301355,1745100,878971290.0,attack,1108
16,644652011,1377400,602814410.0,attack,1118
17,1031611054,2041700,990577572.0,attack,1107
18,1428721262,2771000,1388417064.0,attack,1114
19,698441224,2538700,700979924.0,normal,1150
20,1168506731,2394000,1127825512.0,attack,1119
21,1131865850,1950000,1133815850.0,normal,1141
22,1258469924,2187800,1217582478.0,attack,1102
23,1177300811,2072000,1136297552.0,attack,1103
24,900037270,1628000,901665270.0,normal,1141
25,1212707432,2025000,1171657150.0,attack,1113
26,1219778078,2100000,1221878078.0,normal,1135
27,824417705,1477100,782819500.0,attack,1104
28,1199281404,2649300,1158855386.0,attack,1102
29,1255505418,2180630,1214610716.0,attack,1108
30,1126877788,2081200,1128958988.0,normal,1135
31,1045618056,1824600,1004367300.0,attack,1110
32,1129397412,2238180,1131635592.0,normal,1137
33,1246870514,2100000,1248970514.0,normal,1149
34,1092518719,2709800,1052153124.0,attack,1122
35,987428800,1650000,989078800.0,normal,1149
36,689845314,1216300,647986202.0,attack,1102
37,955306174,2609000,957915174.0,normal,1127
38,1195191590,2025000,1154141154.0,attack,1123
39,953471810,1512800,954984610.0,normal,1149
40,1301055590,2600000,1303655590.0,normal,1126
41,888989840,1425000,847339370.0,attack,1124
42,1049640412,1800000,1051440412.0,normal,1148
43,871312730,1524700,872837430.0,normal,1129
44,899529930,2108200,901638130.0,normal,1128
45,650744070,1073500,651817570.0,normal,1131
46,1085480869,2168700,1044574048.0,attack,1112
47,1085169169,19701700,1061795336.0,attack,1106
48,1237419106,2113800,1239532906.0,normal,1133
49,1203780378,2016100,1205796478.0,normal,1147
50,771777584,2234000,730936016.0,attack,1116
