block_id,total_gas,total_mev_captured,block_bid,builder_type,builder_id
1,1716300324,4400000,1117682077.8889182,attack,1159
2,2112201458,4900000,1684676595.7894943,attack,1159
3,2107372634,9220000,2056490254.7040396,attack,1175
4,2150003810,4966100,2240755020.0,attack,1154
5,2137004986,4900000,2294089272.0,attack,1161
6,2137006162,4900000,2322372554.0,attack,1172
7,2134007338,4912300,2350058706.0,attack,1155
8,2150008514,4907840,2424520598.0,attack,1175
9,2137009690,4900000,2432142530.0,attack,1164
10,2134010866,4900000,2445915682.0,attack,1172
11,2137012042,4900000,2486539834.0,attack,1157
12,2137013218,4900000,2519789506.0,attack,1151
13,2150014394,4900000,2603077368.0,attack,1153
14,2137015570,4900000,2618424120.0,attack,1152
15,2137016746,4900000,2637372972.0,attack,1158
16,2134017922,4900000,2641656924.0,attack,1158
17,2134019098,4900000,2647752076.0,attack,1154
18,2134020274,4900000,2674244228.0,attack,1175
19,2102021000,4800000,2681533880.0,normal,1198
20,2126022626,4900000,2670001032.0,attack,1173
21,2083143304,22500000,2689805784.0,normal,1177
22,2137024456,4800000,2766075836.0,normal,1181
23,2070395608,13090000,2723337278.0,normal,1186
24,2124026760,4823500,2813785230.0,normal,1199
25,2126028506,4900000,2790080462.0,attack,1161
26,2097329064,4800000,2824092384.0,normal,1190
27,2089330216,4800000,2832964536.0,normal,1195
28,2113332034,4900000,2838045088.0,attack,1169
29,2137033210,4900000,2901181740.0,attack,1160
30,2137034386,4900000,2949447022.0,attack,1166
31,2150035562,4900000,3047179174.0,attack,1157
32,2150036738,4900000,3063676056.0,attack,1171
33,2137037914,5494000,3102531308.0,attack,1162
34,2137039090,4900000,3141339190.0,attack,1164
35,2137040266,4900000,3175731142.0,attack,1170
36,2124040584,4800000,3200416194.0,normal,1182
37,2134041736,4821800,3214122406.0,normal,1179
38,2137042888,4800000,3245501458.0,normal,1194
39,2134044970,4900000,3192436810.0,attack,1169
40,2126046146,4900000,3200306062.0,attack,1161
41,2126047322,4900000,3229120114.0,attack,1155
42,2083145496,11990000,3246152266.0,normal,1178
43,2126049674,4900000,3297772748.0,attack,1171
44,2083119800,11990000,3304097800.0,normal,1199
45,2150052026,4900000,3405187252.0,attack,1173
46,2150053202,4900000,3493155404.0,attack,1158
47,2150054378,4900000,3516343256.0,attack,1175
48,2121054408,4800000,3501211308.0,normal,1179
49,2110055560,4800000,3494833460.0,normal,1183
50,2126057906,4900000,3515254612.0,attack,1172
