block_id,total_gas,total_mev_captured,block_bid,builder_type,builder_id
1,705930049,5328000,492849858.58030975,attack,1536
2,2150000919,14520400,2127477432.8350637,attack,1532
3,2126002095,14504000,2142137140.0,attack,1526
4,2150003271,14504000,2279822892.0,attack,1503
5,2150004447,14504000,2306462744.0,attack,1509
6,2150005623,14504000,2386157596.0,attack,1520
7,2137006799,14504000,2402038248.0,attack,1528
8,2134007975,14504000,2398127800.0,attack,1516
9,2134009151,14504000,2422204792.0,attack,1518
10,2134010327,14504000,2421502274.0,attack,1524
11,2134011503,14504000,2466469826.0,attack,1539
12,2126012679,14504000,2465129678.0,attack,1533
13,2126013855,14504000,2493443630.0,attack,1538
14,2102014712,14208000,2493433382.0,normal,1544
15,2126016207,14504000,2487642534.0,attack,1505
16,2150017383,14504000,2531880586.0,attack,1534
17,2134018559,14504000,2554777438.0,attack,1539
18,2126019735,14504000,2545935290.0,attack,1510
19,2091990472,21398000,2583322442.0,normal,1541
20,2107392087,21694000,2564874424.0,attack,1507
21,2126023263,14504000,2595839976.0,attack,1538
22,2150024439,14504000,2679687828.0,attack,1526
23,2102025080,14208000,2663393780.0,normal,1545
24,2091216232,21398000,2679312932.0,normal,1541
25,2109027967,21694000,2675407084.0,attack,1516
26,2113329143,14504000,2686115036.0,attack,1524
27,2113330319,14504000,2701650988.0,attack,1511
28,2134031495,14504000,2739615040.0,attack,1520
29,2113332671,14525800,2747563992.0,attack,1536
30,2150033847,14504000,2853938344.0,attack,1530
31,2150035023,14504000,2874464896.0,attack,1512
32,2150036199,14504000,2909055848.0,attack,1508
33,2137037375,14504000,2896490900.0,attack,1513
34,2137038551,14504000,2941641852.0,attack,1526
35,2134039727,14504000,2940022804.0,attack,1523
36,2134040903,14504000,2977788956.0,attack,1522
37,2137042079,14504000,3007548108.0,attack,1536
38,2113343255,32204000,3016770260.0,attack,1506
39,2150044431,14504000,3101511712.0,attack,1507
40,2150045607,14504000,3132605164.0,attack,1514
41,2137046783,14504000,3117562516.0,attack,1535
42,2150047959,14504000,3152895088.0,attack,1517
43,2126049135,14504000,3126023240.0,attack,1540
44,2137050311,14504000,3200544592.0,attack,1508
45,2134051487,14504000,3230257244.0,attack,1515
46,2134052663,14504000,3250945396.0,attack,1519
47,2126053839,14504000,3249295938.0,attack,1539
48,2126055015,14504000,3288634980.0,attack,1513
49,2102055032,14208000,3305037132.0,normal,1546
50,2134057367,14504000,3338536284.0,attack,1505
