block_id,total_gas,total_mev_captured,block_bid,builder_type,builder_id
1,1238750196,10649000,798440628.8615606,attack,171
2,2137001262,13965000,1695054215.2054155,attack,156
3,2112002438,14248000,2036657889.6363268,attack,157
4,2137003614,13965000,2226875828.0,attack,163
5,2134004790,14033100,2269856080.0,attack,165
6,2134005966,13965000,2266158832.0,attack,160
7,2134007142,13965000,2288205084.0,attack,171
8,2150008318,13965000,2330239236.0,attack,156
9,2150009494,13965000,2351257288.0,attack,172
10,2150010670,13965000,2457174340.0,attack,152
11,2150011846,13965000,2431812492.0,attack,162
12,2150013022,13965000,2480908344.0,attack,160
13,2137014198,13965000,2496089996.0,attack,165
14,2137015374,13965000,2484815148.0,attack,168
15,2150016550,13965000,2526506100.0,attack,164
16,2134017726,13965000,2524234052.0,attack,156
17,2134018902,13965000,2543660404.0,attack,164
18,2134020078,13965000,2571871556.0,attack,158
19,2137021254,13965000,2626509908.0,attack,156
20,2118021960,13680000,2667839090.0,normal,187
21,2137023606,13965000,2683637242.0,attack,175
22,2150024782,13965000,2750464634.0,attack,171
23,2150025958,13965000,2772423166.0,attack,166
24,2109427134,31665000,2808622118.0,attack,154
25,2126028310,13978900,2815129070.0,attack,167
26,2126029486,13965000,2823295122.0,attack,169
27,2102030024,13680000,2826084974.0,normal,178
28,2113031176,13680000,2843040056.0,normal,193
29,2137032328,13680000,2964625208.0,normal,200
30,2121033480,13680000,2941752360.0,normal,182
31,2110034632,13680000,2928058112.0,normal,185
32,2134036542,13965000,2933983264.0,attack,162
33,2134037718,13965000,3011568416.0,attack,171
34,2118038088,13680000,3006561588.0,normal,189
35,2064269240,49080000,2978200740.0,normal,191
36,2150041246,13965000,3007119592.0,attack,174
37,2109442422,21155000,2984430744.0,attack,160
38,2150042696,13680000,3085309896.0,normal,188
39,2070493848,21251000,3035113048.0,normal,190
40,2076645000,13747900,3062558500.0,normal,189
41,2113347126,13965000,3078422052.0,attack,160
42,2134048302,13965000,3120897804.0,attack,157
43,2137049478,13965000,3151104856.0,attack,171
44,2126050654,13965000,3175957008.0,attack,167
45,2134051830,13965000,3223462160.0,attack,155
46,2113353006,13965000,3220260112.0,attack,152
47,2100353064,13680000,3279589664.0,normal,184
48,2150055358,13965000,3395491616.0,attack,157
49,2137056534,13965000,3407969868.0,attack,152
50,2137057710,13965000,3421347410.0,attack,157
