block_id,total_gas,total_mev_captured,block_bid,builder_type,builder_id
1,584393036,276000,332989500.1635841,attack,1602
2,1088355294,362000,718556726.9214386,attack,1606
3,1008185535,317400,741557437.1196401,attack,1601
4,922210709,305500,755056308.1651354,attack,1604
5,1430135543,470700,1331524445.4993663,attack,1605
6,1300921791,4755800,1262663722.0,attack,1613
7,1088409869,345000,1045740988.0,attack,1610
8,997215984,354200,954556292.0,attack,1603
9,1005409237,669200,963064534.0,attack,1614
10,827132038,570700,784688826.0,attack,1614
11,665801729,1357000,624144810.0,attack,1606
12,1592211727,1055600,1550253390.0,attack,1603
13,951579977,295430,908861460.0,attack,1609
14,1081935819,986000,1039907860.0,attack,1607
15,1162686462,372600,1120045090.0,attack,1615
16,1366448557,723800,1324158370.0,attack,1608
17,1093053819,855000,1050894820.0,attack,1615
18,672683034,296600,629965628.0,attack,1608
19,1090145294,506000,1047637276.0,attack,1613
20,1367998983,588800,1325573750.0,attack,1604
21,1171305460,521000,1128812414.0,attack,1606
22,1178118811,511600,1135616352.0,attack,1604
23,997121078,481400,954588408.0,attack,1615
24,863165211,772200,820923332.0,attack,1604
25,798025807,249700,755261420.0,attack,1610
26,1085957319,576000,1043519220.0,attack,1615
27,1029527998,317400,986831288.0,attack,1612
28,1026575251,317400,983878530.0,attack,1603
29,1345280176,427800,1302693840.0,attack,1615
30,1093728544,712000,1051426396.0,attack,1601
31,1093881844,366800,1051234484.0,attack,1603
32,1084929144,360100,1042275072.0,attack,1612
33,1171335213,407600,1128728628.0,attack,1602
34,1207653962,817500,1208471462.0,normal,1629
35,1329222180,595000,1329817180.0,normal,1640
36,960379218,7493600,967872818.0,normal,1647
37,908863025,289800,866138590.0,attack,1611
38,1595196419,649600,1552831766.0,attack,1607
39,921001613,289800,878277150.0,attack,1615
40,1304777100,538100,1305315200.0,normal,1625
41,1210813075,615300,1168414084.0,attack,1606
42,1045371916,331200,1045703116.0,normal,1649
43,1387766336,441600,1388207936.0,normal,1617
44,1311084780,414000,1311498780.0,normal,1644
45,1040643948,392240,1041036188.0,normal,1622
46,1468646836,725200,1469372036.0,normal,1646
47,1449508835,455400,1406949856.0,attack,1609
48,1298117580,414000,1298531580.0,normal,1617
49,1125927600,541400,1126469000.0,normal,1621
50,953079464,425200,953504664.0,normal,1644
