block_id,total_gas,total_mev_captured,block_bid,builder_type,builder_id
1,1100710144,8731600,655642115.0445199,attack,1557
2,2113301164,1620300,1449192317.2263646,attack,1554
3,2113102340,1216690,1633360060.2060812,attack,1556
4,2134003516,1210300,1861190688.6562858,attack,1560
5,2150004585,1314800,2111663491.4308593,attack,1565
6,2113105868,1210300,2187642046.0,attack,1552
7,2112007044,1210300,2206480098.0,attack,1555
8,2113308220,1210300,2225365150.0,attack,1557
9,2150009396,1210300,2337607402.0,attack,1563
10,2134010572,1210300,2325115454.0,attack,1563
11,2137011748,1210300,2393733246.0,attack,1556
12,2126012924,1210300,2432663028.0,attack,1552
13,2137014100,1210300,2497491080.0,attack,1564
14,2150014953,1255000,2624915432.0,attack,1556
15,2150016452,1210300,2667636284.0,attack,1555
16,2134017628,1283400,2644499436.0,attack,1557
17,2150018804,1210300,2685325788.0,attack,1556
18,2134019980,1210300,2682844240.0,attack,1564
19,2134021156,1210300,2676645392.0,attack,1563
20,2150022332,1210300,2736831944.0,attack,1552
21,2126023508,1210300,2717246936.0,attack,1552
22,2126024684,1210300,2757859088.0,attack,1557
23,2134025860,1210300,2784990040.0,attack,1559
24,2126027036,1210300,2789758632.0,attack,1562
25,2134028212,1210300,2825401684.0,attack,1551
26,2126029388,1210300,2815971226.0,attack,1551
27,2126030564,1210300,2824453078.0,attack,1556
28,2126031740,1210300,2854031430.0,attack,1564
29,2126032916,1210300,2858306182.0,attack,1563
30,2126034092,1210300,2879219334.0,attack,1562
31,2150034537,1335600,2951884286.0,attack,1551
32,2137036444,1210300,2972620038.0,attack,1562
33,2137037620,1210300,2996649590.0,attack,1554
34,2134038796,1210300,2988491942.0,attack,1565
35,2126039144,1185600,3044894094.0,normal,1595
36,2113040296,1185600,3054879026.0,normal,1573
37,2121041448,1185600,3088883348.0,normal,1594
38,2094302600,18915800,3086624800.0,normal,1589
39,2134044676,1210300,3106636252.0,attack,1565
40,2091214904,18885600,3147936504.0,normal,1591
41,2126046056,1185600,3194770656.0,normal,1596
42,2150047209,1513600,3262012808.0,attack,1563
43,2150049380,1210300,3252958780.0,attack,1556
44,2110049512,1185600,3276884932.0,normal,1579
45,2126050664,1185600,3299835484.0,normal,1596
46,2091134816,18885600,3295776636.0,normal,1593
47,2091131968,18885600,3305188918.0,normal,1585
48,2064277120,26075600,3292487070.0,normal,1575
49,2076455272,1416600,3291727222.0,normal,1582
50,2150056424,1185600,3442283274.0,normal,1591
