block_id,total_gas,total_mev_captured,block_bid,builder_type,builder_id
1,1046340144,1588900,715073259.4770285,attack,3268
2,1257000544,1629800,1119174022.387534,attack,3252
3,1001242719,1339100,959525582.0,attack,3268
4,928643877,1231100,886818730.0,attack,3272
5,1284043559,2851600,1243838898.0,attack,3270
6,1338935116,6105500,1301984340.0,attack,3258
7,1009841869,1673600,968459182.0,attack,3284
8,713691354,843000,671478060.0,attack,3283
9,1306435922,1763430,1265143044.0,attack,3275
10,1167203085,2544300,1126691064.0,attack,3261
11,1168852436,1886400,1127682502.0,attack,3276
12,835983627,1227500,794154784.0,attack,3284
13,1347704658,1755000,1306403300.0,attack,3282
14,985073586,1605400,986678986.0,normal,3299
15,739129937,1003100,697076660.0,attack,3278
16,836707444,1477800,795128858.0,attack,3254
17,792883032,1060200,793943232.0,normal,3300
18,1119371994,1620000,1077935588.0,attack,3284
19,1040745076,1363900,1042108976.0,normal,3294
20,1090185594,1439600,1048568764.0,attack,3264
21,658723499,867700,616534762.0,attack,3284
22,1255663069,1695900,1214302518.0,attack,3263
23,1393208006,1756000,1351907540.0,attack,3275
24,923375686,1188040,881507250.0,attack,3273
25,754572756,1536230,713052502.0,attack,3266
26,1548840229,1967000,1507750728.0,attack,3271
27,900063110,1285000,901348110.0,normal,3298
28,1099542919,19105000,1075591396.0,attack,3283
29,1258119563,1629800,1216692826.0,attack,3270
30,1172251268,1611000,1130805718.0,attack,3256
31,878106731,1087500,836137672.0,attack,3269
32,1206868862,1528600,1165340890.0,attack,3254
33,1095629444,1417300,1053990160.0,attack,3259
34,1379839528,2148400,1381987928.0,normal,3296
35,1253681796,1677500,1212302682.0,attack,3275
36,1346090059,1789900,1304823330.0,attack,3260
37,861837232,5557300,824337894.0,attack,3251
38,1423978710,1854600,1382776656.0,attack,3280
39,873669170,1129640,874798810.0,normal,3299
40,835368897,1067800,793380024.0,attack,3279
41,860222068,1194300,818359686.0,attack,3253
42,1385448664,1798400,1387247064.0,normal,3293
43,1042488575,1309000,1000740866.0,attack,3271
44,1169470912,1592400,1128006590.0,attack,3273
45,956268594,1397400,957665994.0,normal,3295
46,996410380,1292600,954646236.0,attack,3281
47,1338829089,2253330,1298025660.0,attack,3262
48,1089464119,1405000,1047812348.0,attack,3279
49,1092948419,1405000,1051296636.0,attack,3273
50,781580566,1011600,782592166.0,normal,3290
