block_id,total_gas,total_mev_captured,block_bid,builder_type,builder_id
1,1699600324,675100,1102058192.177676,attack,121
2,2137001458,769300,1722051379.0116715,attack,118
3,2134002634,769300,2081142451.293116,attack,102
4,2150003810,769300,2229691320.0,attack,116
5,2126004986,769300,2212862572.0,attack,105
6,2150006162,769300,2299797114.0,attack,120
7,2137007338,769300,2327370666.0,attack,104
8,2134008514,769300,2318137658.0,attack,113
9,2150009690,769300,2381123200.0,attack,114
10,2134010866,769300,2384140352.0,attack,123
11,2137012042,769300,2422658904.0,attack,106
12,2134013218,1179300,2476881056.0,attack,120
13,2126014394,769300,2475524208.0,attack,122
14,2134015570,769300,2532210360.0,attack,109
15,2150016746,769300,2630886512.0,attack,105
16,2150017922,769300,2635791164.0,attack,104
17,2134019098,769300,2624188546.0,attack,102
18,2126020274,769300,2620140498.0,attack,122
19,2137021000,753600,2696568650.0,normal,134
20,2102022152,753600,2646184802.0,normal,131
21,2118023304,753600,2683635654.0,normal,126
22,2113024456,753600,2676527526.0,normal,149
23,2126026154,769300,2648033068.0,attack,118
24,2126027330,769300,2657880420.0,attack,125
25,2150028506,769300,2707091572.0,attack,101
26,2126029682,769300,2679910524.0,attack,121
27,2150030858,769300,2769697316.0,attack,102
28,2134032034,769300,2758975268.0,attack,102
29,2126033210,769300,2768977020.0,attack,115
30,2134034386,769300,2819715172.0,attack,107
31,2113034824,753600,2865973324.0,normal,129
32,2150035976,761440,2954437516.0,normal,143
33,2126037914,769300,2895107028.0,attack,105
34,2137039090,769300,2962176390.0,attack,110
35,2150040266,769300,3056021162.0,attack,124
36,2137041442,769300,3049809294.0,attack,111
37,2134041736,753600,3087879486.0,normal,128
38,2134043794,769300,3045335638.0,attack,103
39,2091464040,7943600,3070370090.0,normal,139
40,2150045193,953600,3135340242.0,attack,120
41,2134047322,769300,3140933814.0,attack,118
42,2150048498,769300,3217398966.0,attack,125
43,2113048648,753600,3198118818.0,normal,137
44,2083399800,7943600,3196807970.0,normal,150
45,2113350952,793000,3241427122.0,normal,137
46,2113352104,790400,3252975874.0,normal,148
47,2137054378,769300,3277673406.0,attack,112
48,2124054408,753600,3422313258.0,normal,138
49,2150056730,769300,3479882210.0,attack,122
50,2137056712,753600,3478626892.0,normal,126
