block_id,total_gas,total_mev_captured,block_bid,builder_type,builder_id
1,1799420400,198720000,1250351224.9818454,attack,20
2,2137001556,211680000,1735688341.1627758,attack,10
3,2111502732,218870000,2006773281.3696122,attack,9
4,2113303908,211680000,2349345654.052482,attack,12
5,2137005084,211680000,2428899068.0,attack,20
6,2150006260,211965000,2490128220.0,attack,3
7,2150007436,211680000,2574375472.0,attack,15
8,2150008612,211680000,2553758624.0,attack,3
9,2137009788,211680000,2589865876.0,attack,8
10,2150010964,211680000,2669585028.0,attack,5
11,2150012140,211680000,2732740480.0,attack,1
12,2150013316,211680000,2718194852.0,attack,8
13,2137014492,211680000,2700528204.0,attack,13
14,2150015668,211680000,2744830056.0,attack,12
15,2137016844,211695300,2752037508.0,attack,14
16,2137018020,211680000,2756022360.0,attack,7
17,2150019196,211680000,2795515312.0,attack,15
18,2134020372,211693900,2833334664.0,attack,16
19,2126021548,211680000,2839911716.0,attack,17
20,2150022724,211680000,2904538868.0,attack,17
21,2126023900,211680000,2883210020.0,attack,9
22,2137025076,211710200,2909611172.0,attack,16
23,2150026252,211680000,2939976124.0,attack,3
24,2126027428,211680000,2924404976.0,attack,16
25,2126028604,211680000,2962280028.0,attack,11
26,2102029160,207360000,2983012980.0,normal,50
27,2089330312,207381800,2964833032.0,normal,39
28,2150032132,211680000,3007153184.0,attack,15
29,2097332616,207360000,3019151336.0,normal,50
30,2150034484,211680000,3069411588.0,attack,4
31,2126034920,207426100,3110406540.0,normal,48
32,2089336072,207360000,3070186592.0,normal,32
33,2113338012,211680000,3067540444.0,attack,18
34,2113339188,211680000,3090749296.0,attack,2
35,2076439528,207360000,3101664348.0,normal,47
36,2076240680,207360000,3118932300.0,normal,22
37,2083401832,225060000,3171243452.0,normal,48
38,2113143892,211680000,3154919204.0,attack,4
39,2076244136,207360000,3174786556.0,normal,32
40,2137046244,211680000,3250182808.0,attack,15
41,2134047420,211680000,3324758400.0,attack,14
42,2134048596,211680000,3333319352.0,attack,9
43,2134049772,211680000,3364501704.0,attack,3
44,2134049896,207360000,3477356856.0,normal,42
45,2110051048,208139000,3440644308.0,normal,41
46,2126052200,207360000,3459950560.0,normal,22
47,2134054476,211680000,3463990342.0,attack,3
48,2113054504,211680000,3500853594.0,normal,27
49,2126056828,211680000,3473331946.0,attack,5
50,2134058004,211680000,3520171198.0,attack,6
