block_id,total_gas,total_mev_captured,block_bid,builder_type,builder_id
1,120433000,0,82641576.7614621,attack,3072
2,1686100324,23435000,1436974390.1372762,attack,3056
3,2126001458,26705000,2152532216.0,attack,3058
4,2113302634,26705000,2162378568.0,attack,3053
5,2150003810,26705000,2228985820.0,attack,3061
6,2126004986,26772900,2232930872.0,attack,3066
7,2126006162,26736700,2257469424.0,attack,3078
8,2137007338,26705000,2295888766.0,attack,3064
9,2150008514,26705000,2381358218.0,attack,3071
10,2137009690,26705000,2411513370.0,attack,3058
11,2134010866,26826000,2428108722.0,attack,3057
12,2150012042,26705000,2509264874.0,attack,3054
13,2150013218,26705000,2500379026.0,attack,3073
14,2134014394,27805000,2506511178.0,attack,3078
15,2134015570,26705000,2499883330.0,attack,3061
16,2126016746,26705000,2515322682.0,attack,3053
17,2102017544,26160000,2564759834.0,normal,3098
18,2126019098,26705000,2550462186.0,attack,3070
19,2126019848,26160000,2593006478.0,normal,3091
20,2100321000,26203600,2604947330.0,normal,3082
21,2134022626,26705000,2619373882.0,attack,3059
22,2113323802,26705000,2608160334.0,attack,3076
23,2118024456,26160000,2687376486.0,normal,3093
24,2076625608,26160000,2648317428.0,normal,3083
25,2150027330,26705000,2710996580.0,attack,3077
26,2137028506,26705000,2759003732.0,attack,3070
27,2137029064,26174200,2823491084.0,normal,3095
28,2109130858,44405000,2775134036.0,attack,3075
29,2134032034,26705000,2818582888.0,attack,3065
30,2126033210,26705000,2804587840.0,attack,3062
31,2150034386,26705000,2919128292.0,attack,3063
32,2137034824,26160000,2939116644.0,normal,3089
33,2137036738,26705000,2936644876.0,attack,3057
34,2137037914,26705000,2923881728.0,attack,3054
35,2150039090,26705000,3018634880.0,attack,3072
36,2150040266,26705000,3089325332.0,attack,3053
37,2150041442,26705000,3103927584.0,attack,3063
38,2137042618,26705000,3094543736.0,attack,3058
39,2150043794,26705000,3130324888.0,attack,3078
40,2150044970,26705000,3149269240.0,attack,3063
41,2134046146,26705000,3175011392.0,attack,3074
42,2126046344,26160000,3218489244.0,normal,3084
43,2126048498,26705000,3181301196.0,attack,3057
44,2126049674,26705000,3185929148.0,attack,3067
45,2137049800,26195600,3264270900.0,normal,3092
46,2150052026,26705000,3271303652.0,attack,3076
47,2126053202,26705000,3250686504.0,attack,3072
48,2137054378,26705000,3323857656.0,attack,3055
49,2137055554,26705000,3400296508.0,attack,3079
50,2121055560,26160000,3384386160.0,normal,3093
