block_id,total_gas,total_mev_captured,block_bid,builder_type,builder_id
1,1666700324,19380000,1088291317.1848493,attack,1007
2,2113301458,24990000,1694764272.6889744,attack,1009
3,2150002634,24990000,2129436140.5042653,attack,1004
4,2150003810,24990000,2210048720.0,attack,1006
5,2137004986,24990000,2215086372.0,attack,1019
6,2134006162,25246000,2254334324.0,attack,1012
7,2134007338,24990000,2310954976.0,attack,1023
8,2150008514,24990000,2342508828.0,attack,1002
9,2126009690,24990000,2319037580.0,attack,1014
10,2137010866,24990000,2370464732.0,attack,1024
11,2150012042,24990000,2444457884.0,attack,1010
12,2150013218,24990000,2462252566.0,attack,1014
13,2137014394,24990000,2465476218.0,attack,1022
14,2134015570,24990000,2479085370.0,attack,1021
15,2137016746,24990000,2541266522.0,attack,1005
16,2137017922,24990000,2528932854.0,attack,1003
17,2134019098,24990000,2559563506.0,attack,1020
18,2126020274,24990000,2567238358.0,attack,1002
19,2126021450,24990000,2573860010.0,attack,1010
20,2126022626,24990000,2579316062.0,attack,1010
21,2126023802,24990000,2587597614.0,attack,1024
22,2126024978,24990000,2607239466.0,attack,1013
23,2134025608,24480000,2677536818.0,normal,1040
24,2070410760,31670000,2622717670.0,normal,1043
25,2113328506,24990000,2628405822.0,attack,1008
26,2076629064,24480000,2652668674.0,normal,1041
27,2113330858,24990000,2649561226.0,attack,1004
28,2110031368,24480000,2715422578.0,normal,1043
29,2097332520,24480000,2725615930.0,normal,1050
30,2076233672,24493900,2718397082.0,normal,1028
31,2124034824,24510200,2796150334.0,normal,1042
32,2076235976,24480000,2760979286.0,normal,1041
33,2134037914,24990000,2802185978.0,attack,1006
34,2137039090,24990000,2835817130.0,attack,1022
35,2070449432,31670000,2831498282.0,normal,1043
36,2076440584,24480000,2855848734.0,normal,1040
37,2113142618,24990000,2873269086.0,attack,1016
38,2075342888,24849000,2892314868.0,normal,1049
39,2112244970,24997840,2896527650.0,attack,1023
40,2134046146,24990000,2953465482.0,attack,1011
41,2107357322,42690000,2962264634.0,attack,1024
42,2134048498,24990000,2997222586.0,attack,1020
43,2083268648,31670000,3008249638.0,normal,1048
44,2137050850,24990000,3080397790.0,attack,1021
45,2137052026,24990000,3113143242.0,attack,1013
46,2102052104,24480000,3101439394.0,normal,1027
47,2076453256,24480000,3085770546.0,normal,1037
48,2137055554,24990000,3151616798.0,attack,1001
49,2134055560,24480000,3208596380.0,normal,1047
50,2110056712,24480000,3216553532.0,normal,1033
