block_id,total_gas,total_mev_captured,block_bid,builder_type,builder_id
1,1717200361,2248700,1036414166.5522947,attack,1110
2,2126001507,1700300,1451802768.7225697,attack,1113
3,2113302683,1700300,1632982246.445903,attack,1106
4,2134003859,1700300,1886402192.0884316,attack,1112
5,2137005035,1700300,2186282494.2320547,attack,1111
6,2150006211,1700300,2338923552.0,attack,1108
7,2137007387,1700300,2335378614.0,attack,1101
8,2134008563,1700300,2363933166.0,attack,1104
9,2109009739,19400300,2363691518.0,attack,1101
10,2150010915,1700300,2433358770.0,attack,1114
11,2150012091,1700300,2482903422.0,attack,1110
12,2137013267,1700300,2458115174.0,attack,1107
13,2137014443,1700300,2490663326.0,attack,1101
14,2126015619,1700300,2486927178.0,attack,1103
15,2126016795,1700300,2485716330.0,attack,1109
16,2126017971,1700300,2510493282.0,attack,1109
17,2134019147,1700300,2543265934.0,attack,1105
18,2126020323,1700300,2558148686.0,attack,1104
19,2134021499,1700300,2592327838.0,attack,1103
20,2126022675,1700300,2611615890.0,attack,1105
21,2150023851,1700300,2670054742.0,attack,1110
22,2150025027,1700300,2705499894.0,attack,1105
23,2150026203,1700300,2753118046.0,attack,1110
24,2134027379,1700300,2750317998.0,attack,1101
25,2126028555,1700300,2765116150.0,attack,1107
26,2134029731,1700300,2793417302.0,attack,1109
27,2126030907,1700300,2798928834.0,attack,1105
28,2137032083,1767800,2870941086.0,attack,1112
29,2126033259,1700300,2889254738.0,attack,1103
30,2126034435,1700300,2906278690.0,attack,1105
31,2134035611,1733600,2953672142.0,attack,1110
32,2134036787,1700300,2969819624.0,attack,1108
33,2150037963,1700300,3038487276.0,attack,1106
34,2134039139,1700300,3024055528.0,attack,1112
35,2110039480,1665600,3070016980.0,normal,1116
36,2102040632,1665600,3055842732.0,normal,1119
37,2110041784,1665600,3069786964.0,normal,1125
38,2110042936,1665600,3084117016.0,normal,1149
39,2113345019,1717300,3056803268.0,attack,1104
40,2089345240,1665600,3091731420.0,normal,1142
41,2089346392,1665600,3115999572.0,normal,1128
42,2097347544,1665600,3131379724.0,normal,1139
43,2121048696,1665600,3207085876.0,normal,1148
44,2097349848,1665600,3171114428.0,normal,1146
45,2076251000,1826600,3161506580.0,normal,1140
46,2089152152,1665600,3188521632.0,normal,1145
47,2121053304,1665600,3258163784.0,normal,1140
48,2089354456,1665600,3222055036.0,normal,1139
49,2076255608,1665600,3212797188.0,normal,1117
50,2076256760,1665600,3220116340.0,normal,1142
