block_id,total_gas,total_mev_captured,block_bid,builder_type,builder_id
1,1701000324,27324000,1043516437.8786844,attack,1113
2,2137001458,29106000,1491062381.6355653,attack,1103
3,2126002634,29121700,1678817474.1128557,attack,1107
4,2134003810,29106000,1919951508.750535,attack,1101
5,2126004986,29106000,2148257179.3646703,attack,1104
6,2113106162,29106000,2246410824.0,attack,1110
7,2137007338,29106000,2303054146.0,attack,1114
8,2107468514,36296000,2308279138.0,attack,1106
9,2137009690,29106000,2348323590.0,attack,1101
10,2137010866,29106000,2436855732.0,attack,1114
11,2134012042,29106000,2456725884.0,attack,1103
12,2137013218,29106000,2485778036.0,attack,1104
13,2126014394,29106000,2475698658.0,attack,1102
14,2134015570,29106000,2523813440.0,attack,1108
15,2126016746,29106000,2522315292.0,attack,1101
16,2134017922,29125700,2554088774.0,attack,1115
17,2134019098,29106000,2580436626.0,attack,1108
18,2126020274,29106000,2570115478.0,attack,1106
19,2150021450,29106000,2631907730.0,attack,1114
20,2150022626,29106000,2662308222.0,attack,1102
21,2150023802,29106000,2704510274.0,attack,1109
22,2126024978,29106000,2687350826.0,attack,1111
23,2126026154,29106000,2691650678.0,attack,1104
24,2126027330,29106000,2711092630.0,attack,1104
25,2113128506,29428000,2720062582.0,attack,1108
26,2137029682,29106000,2770359834.0,attack,1102
27,2134030858,29106000,2791601986.0,attack,1107
28,2134032034,29140700,2808594838.0,attack,1101
29,2113333210,29113840,2805617590.0,attack,1111
30,2137034386,29106000,2849759102.0,attack,1109
31,2137035562,29106000,2933634554.0,attack,1113
32,2150036738,29106000,3008315136.0,attack,1103
33,2124037128,28512000,3010062288.0,normal,1143
34,2137038280,28512000,3024840240.0,normal,1144
35,2118039432,28512000,3001756992.0,normal,1144
36,2137041442,29111640,3009036384.0,attack,1108
37,2113342618,29106000,3009304396.0,attack,1107
38,2089342888,28545100,3043579848.0,normal,1149
39,2089344040,28579900,3057285200.0,normal,1133
40,2097345192,28512000,3102302252.0,normal,1137
41,2113346344,28633000,3129873344.0,normal,1120
42,2113047496,28512000,3150149496.0,normal,1132
43,2113048648,28512000,3187261288.0,normal,1133
44,2089349800,28512000,3169731440.0,normal,1144
45,2076650952,28512000,3167515992.0,normal,1124
46,2137053202,29106000,3242294144.0,attack,1102
47,2134054378,29106000,3267050296.0,attack,1107
48,2134054408,28530600,3298487948.0,normal,1127
49,2092355560,35702000,3280931500.0,normal,1140
50,2097356712,28512000,3296618652.0,normal,1135
