block_id,total_gas,total_mev_captured,block_bid,builder_type,builder_id
1,457481016,2714100,275912514.2143418,attack,3108
2,838370157,3151600,635390530.3092451,attack,3123
3,1423055685,5427700,1326274290.6815674,attack,3121
4,1124270869,4113900,1085220728.0,attack,3118
5,1427201609,5412000,1389449552.0,attack,3109
6,744109033,3570900,704515868.0,attack,3122
7,1443157401,5412000,1405405320.0,attack,3106
8,1014439984,4282000,975557892.0,attack,3114
9,1011209237,3772000,971817134.0,attack,3119
10,830764038,3121640,790721566.0,attack,3102
11,1002370697,3780520,962987094.0,attack,3110
12,835780418,3187800,795804086.0,attack,3104
13,958247872,4470500,919554230.0,attack,3115
14,1008423387,4906700,970165934.0,attack,3114
15,1118490969,4166100,1079492904.0,attack,3116
16,992071916,3787100,952694840.0,attack,3108
17,1506913449,5740000,1469489256.0,attack,3125
18,1215045380,4428000,1176309174.0,attack,3112
19,912976210,3296400,916272610.0,normal,3126
20,924552410,3280000,927832410.0,normal,3128
21,1204010271,4459700,1165305732.0,attack,3120
22,1259144127,4829100,1220808974.0,attack,3101
23,1003065940,4731000,964632676.0,attack,3120
24,1254310852,4768300,1215914874.0,attack,3114
25,1043806804,3936000,1047742804.0,normal,3134
26,1150879696,4264000,1155143696.0,normal,3130
27,1336762618,5084000,1298682300.0,attack,3115
28,1123856094,4450000,1085141764.0,attack,3115
29,1008359370,4153000,1012512370.0,normal,3145
30,1301420440,4920000,1306340440.0,normal,3133
31,789166480,2952000,792118480.0,normal,3145
32,1024808516,3772000,985416140.0,attack,3125
33,828231225,3116000,788182840.0,attack,3109
34,1168980564,4428000,1130244166.0,attack,3119
35,1039482684,3936000,1043418684.0,normal,3132
36,959394710,3475340,919705630.0,attack,3101
37,1252257376,4768800,1213861742.0,attack,3114
38,899428770,3329100,902757870.0,normal,3137
39,1235219614,4734900,1239954514.0,normal,3150
40,1217933006,4705900,1222638906.0,normal,3135
41,849749049,4219130,810803698.0,attack,3118
42,637266776,2317800,639584576.0,normal,3129
43,1351765353,5084000,1313684850.0,attack,3102
44,1217109266,4695500,1221804766.0,normal,3148
45,1158010598,4264000,1162274598.0,normal,3130
46,1338359655,5084000,1300279110.0,attack,3108
47,992180991,5485630,953566620.0,attack,3123
48,1089865019,21815300,1068515752.0,attack,3110
49,1166547478,22159700,1145542598.0,attack,3109
50,1114238644,4100000,1075174052.0,attack,3108
