block_id,total_gas,total_mev_captured,block_bid,builder_type,builder_id
1,1714900361,18040000,1086553820.2541974,attack,1756
2,2134001507,20090000,1581464352.951533,attack,1769
3,2126002683,20090000,1866438159.778722,attack,1769
4,2126003859,20090000,2193410116.020264,attack,1756
5,2137005035,20090000,2282224600.0,attack,1753
6,2137006211,20090000,2318681252.0,attack,1756
7,2150007387,20090000,2421682304.0,attack,1764
8,2137008563,20090000,2473308856.0,attack,1754
9,2137009739,20090000,2478600808.0,attack,1753
10,2137010915,20090000,2487099560.0,attack,1760
11,2134012091,20090000,2489295512.0,attack,1756
12,2137013267,20090000,2513008664.0,attack,1764
13,2134014443,20090000,2535273816.0,attack,1770
14,2134015619,20090000,2527215968.0,attack,1770
15,2137016795,20090000,2550512360.0,attack,1754
16,2137017971,20090000,2570186612.0,attack,1762
17,2134019147,20090000,2586904764.0,attack,1757
18,2150020323,20090000,2658093416.0,attack,1765
19,2137021499,20157500,2677365308.0,attack,1770
20,2137022675,20090000,2673171960.0,attack,1766
21,2126023851,20090000,2673433742.0,attack,1768
22,2126025027,20090000,2693281484.0,attack,1762
23,2134026203,20090000,2731910636.0,attack,1752
24,2108027379,27280000,2746584488.0,attack,1751
25,2113328555,20090000,2765592160.0,attack,1753
26,2071729112,26870000,2794047912.0,normal,1786
27,2150030907,20090000,2845250264.0,attack,1756
28,2137032083,20090000,2878266016.0,attack,1766
29,2089332568,19680000,2875479668.0,normal,1782
30,2126034435,20090000,2895130420.0,attack,1757
31,2108635611,37790000,2938104572.0,attack,1764
32,2113036024,19680000,2988764724.0,normal,1790
33,2150037963,20090000,3009053876.0,attack,1761
34,2126039139,20090000,3013708928.0,attack,1760
35,2070559480,26870000,3033844280.0,normal,1781
36,2113340632,19680000,3090670532.0,normal,1778
37,2076641784,19680000,3066727184.0,normal,1778
38,2150043843,20090000,3138208936.0,attack,1760
39,2126045019,20090000,3123550088.0,attack,1759
40,2121045240,19680000,3199378420.0,normal,1780
41,2107166392,37423600,3217783972.0,normal,1778
42,2076647544,19680000,3182232424.0,normal,1785
43,2134048696,19680000,3273382776.0,normal,1800
44,2076649848,19680000,3234358928.0,normal,1771
45,2113352075,20090000,3242196580.0,attack,1760
46,2150053251,20090000,3382674732.0,attack,1751
47,2124053304,19680000,3355946084.0,normal,1778
48,2126055603,20090000,3331362736.0,attack,1768
49,2113356779,20090000,3345897408.0,attack,1759
50,2070666760,26870000,3380883560.0,normal,1780
