block_id,total_gas,total_mev_captured,block_bid,builder_type,builder_id
1,940000100,8400000,667783168.5301013,attack,818
2,1172537439,9474700,1127088159.2597632,attack,840
3,1299014863,10150000,1265814826.0,attack,807
4,1357841372,10850000,1325341320.0,attack,819
5,1101624444,8842200,1067116580.0,attack,823
6,828445297,6689400,791784624.0,attack,816
7,1012321633,7350000,976321550.0,attack,816
8,1202892410,10229000,1169771314.0,attack,839
9,1013662329,9150000,979462222.0,attack,803
10,1368222542,10850000,1335722420.0,attack,823
11,995562794,7768100,1003330894.0,normal,841
12,1054483180,8452000,1019585036.0,attack,835
13,845502817,6885600,809038264.0,attack,840
14,868872988,7846100,833368926.0,attack,801
15,1000273847,8057840,964981514.0,attack,828
16,1295674400,10500000,1306174400.0,normal,841
17,963161246,7721800,970883046.0,normal,850
18,1112015119,8750000,1077414908.0,attack,832
19,1006234974,8050000,970934752.0,attack,839
20,1512688059,12253130,1481590950.0,attack,804
21,1174944622,9450000,1141044370.0,attack,834
22,1132376444,8750000,1097776180.0,attack,827
23,962115644,7490280,926255650.0,attack,812
24,1136206994,8750000,1101606708.0,attack,808
25,930523106,7423600,894596410.0,attack,814
26,1279008780,10514200,1246172670.0,attack,814
27,1593001794,12950000,1562601466.0,attack,839
28,1049428665,8050000,1014128326.0,attack,804
29,987874568,7903000,995777568.0,normal,848
30,921159450,7733100,885542190.0,attack,819
31,1368301385,10850000,1335801010.0,attack,836
32,1360348850,10863900,1327862360.0,attack,809
33,1125910296,9292800,1135203096.0,normal,846
34,622025684,5027100,627052784.0,normal,847
35,960189130,8526600,968715730.0,normal,846
36,928098941,7350000,892098510.0,attack,825
37,1047682476,9010400,1056692876.0,normal,850
38,1277922586,9952390,1287874976.0,normal,841
39,1264050449,10181700,1230881678.0,attack,818
40,1055480954,8095400,1020225872.0,attack,828
41,1051471700,8513700,1059985400.0,normal,850
42,945520474,7511000,909680970.0,attack,805
43,1216548294,9800000,1226348294.0,normal,847
44,752103870,5974700,714728044.0,attack,803
45,1082872294,9886800,1049408556.0,attack,811
46,1423570010,12329000,1392548456.0,attack,838
47,1171935127,9484600,1138069160.0,attack,833
48,780879703,5981700,743510828.0,attack,805
49,966332760,8294000,974626760.0,normal,850
50,870578810,7121000,877699810.0,normal,848
