block_id,total_gas,total_mev_captured,block_bid,builder_type,builder_id
1,1774260361,2642600,1032026051.1491336,attack,2606
2,2126001507,1631700,1358632968.720766,attack,2608
3,2113102683,1631700,1459626445.775108,attack,2604
4,2134003859,1631700,1607020621.4910736,attack,2605
5,2150005035,1631700,1783753909.8242838,attack,2606
6,2137006211,1631700,1970429556.5430632,attack,2610
7,2134007387,1631700,2149198836.796095,attack,2603
8,2134008563,1631700,2318290125.5973935,attack,2603
9,2134009739,1631700,2341937258.0,attack,2608
10,2134010915,1631700,2347210910.0,attack,2607
11,2113312091,1631700,2358572062.0,attack,2607
12,2134013267,1631700,2405731714.0,attack,2609
13,2137014443,1706700,2448794766.0,attack,2610
14,2126015619,1631700,2442636518.0,attack,2609
15,2150016795,1647400,2526645370.0,attack,2610
16,2134017971,1631700,2509001822.0,attack,2604
17,2150019147,1631700,2551811474.0,attack,2601
18,2126020323,1631700,2553300126.0,attack,2610
19,2113321499,1631700,2558014878.0,attack,2607
20,2150022675,1631700,2645869730.0,attack,2606
21,2134023851,1631700,2649835282.0,attack,2603
22,2134025027,1631700,2673481434.0,attack,2610
23,2137026203,1692400,2742051286.0,attack,2602
24,2137027379,1631700,2739474738.0,attack,2605
25,2137028555,1631700,2761894530.0,attack,2605
26,2150029731,1631700,2869767782.0,attack,2603
27,2150030907,1631700,2933745934.0,attack,2602
28,2150032083,1631700,2958455386.0,attack,2602
29,2137033259,1631700,2938599538.0,attack,2606
30,2134034435,1631700,2983427090.0,attack,2605
31,2134035611,1631700,2997450242.0,attack,2609
32,2137036787,1631700,3014576094.0,attack,2608
33,2134037963,1631700,3009119546.0,attack,2602
34,2137039139,1631700,3040841698.0,attack,2609
35,2137040315,1631700,3068936850.0,attack,2607
36,2137041491,1631700,3090950902.0,attack,2603
37,2134042667,1631700,3111752054.0,attack,2606
38,2126043843,1671100,3123326406.0,attack,2609
39,2126045019,1631700,3140593558.0,attack,2601
40,2150046195,1631700,3227955310.0,attack,2604
41,2137047371,1631700,3218878662.0,attack,2602
42,2126048547,1631700,3210556314.0,attack,2602
43,2126049723,1631700,3238599766.0,attack,2607
44,2134050899,1631700,3277155918.0,attack,2607
45,2137052075,1631700,3317092170.0,attack,2606
46,2126053251,1631700,3355631842.0,attack,2606
47,2150054427,1631700,3486474394.0,attack,2610
48,2150055603,1631700,3477003746.0,attack,2605
49,2137056779,1648100,3516717698.0,attack,2608
50,2137057955,1631700,3501337450.0,attack,2601
