block_id,total_gas,total_mev_captured,block_bid,builder_type,builder_id
1,594545036,1686300,327728567.2355005,attack,2610
2,1042548259,2165000,639252607.9522923,attack,2604
3,1344617752,2109500,896231989.5277814,attack,2610
4,1422341312,2251740,1023087870.638209,attack,2601
5,957258108,1465200,730439231.7165413,attack,2607
6,837791183,1553700,684248797.5046391,attack,2609
7,1086804819,1687500,967699033.5696661,attack,2602
8,830198582,6905500,791745916.0072496,attack,2610
9,1120639344,1773200,1079344944.0,attack,2610
10,916735200,2212100,875879690.0,attack,2609
11,1259663386,1957500,1218553262.0,attack,2602
12,895882437,1282500,854097304.0,attack,2605
13,1016947180,1605100,975484636.0,attack,2604
14,1172008057,1922900,1130863300.0,attack,2603
15,1028360732,8850500,994143564.0,attack,2609
16,917136628,1492500,875561450.0,attack,2609
17,959465838,1417500,917815650.0,attack,2607
18,1096312844,1761300,1055006444.0,attack,2604
19,1229998569,1869000,1188799856.0,attack,2608
20,1341719828,2262020,1300914120.0,attack,2604
21,933494888,1417500,891844650.0,attack,2606
22,1256197098,1965340,1215094686.0,attack,2610
23,1260077504,1957500,1218967238.0,attack,2610
24,1089036794,1687500,1047656516.0,attack,2608
25,1197200675,2484400,1156617284.0,attack,2608
26,942310211,1502300,900744710.0,attack,2606
27,1199821296,1888600,1158642082.0,attack,2607
28,853771047,1304300,812007524.0,attack,2608
29,1258317563,1957500,1217207226.0,attack,2609
30,1124833569,1687500,1083453220.0,attack,2608
31,1337437044,2098890,1296468070.0,attack,2606
32,1092917244,1766800,1051616168.0,attack,2608
33,769353456,1472500,727758072.0,attack,2601
34,1171553537,1861900,1130347540.0,attack,2603
35,1409882532,2105300,1368919920.0,attack,2608
36,1260517144,1957500,1219406718.0,attack,2603
37,1397423431,2112200,1356467690.0,attack,2601
38,1396746896,2092500,1355771440.0,attack,2602
39,1061594609,1823300,1020349942.0,attack,2606
40,1086004819,2290020,1045226860.0,attack,2603
41,1215572102,1828890,1174333000.0,attack,2602
42,831351429,1697680,789981108.0,attack,2607
43,1083211669,1731100,1041874756.0,attack,2609
44,894199828,2066800,853198606.0,attack,2604
45,1255604334,2042500,1214578798.0,attack,2607
46,1029079449,5909300,991920702.0,attack,2607
47,1086730819,1837300,1045500060.0,attack,2610
48,913131839,1613200,871676970.0,attack,2604
49,1173552532,1887300,1132371750.0,attack,2601
50,1216883478,1890000,1218773478.0,normal,2643
