block_id,total_gas,total_mev_captured,block_bid,builder_type,builder_id
1,932690081,612900,547317302.5114727,attack,3364
2,998510328,433400,656869370.8880038,attack,3361
3,1208160709,528200,895313844.6186038,attack,3364
4,928120793,268800,760099486.9294623,attack,3357
5,1259093443,371200,1167299059.7512305,attack,3355
6,1084682569,730000,1042399700.0,attack,3356
7,1299692197,404100,1257083414.0,attack,3358
8,917068843,281600,874337550.0,attack,3353
9,918152053,1368800,876507950.0,attack,3362
10,871224038,611000,828822126.0,attack,3358
11,749331968,253900,706572948.0,attack,3361
12,1252762676,401400,1210151142.0,attack,3357
13,923382914,312400,880682370.0,attack,3352
14,1343136689,396800,1300520530.0,attack,3359
15,1088013119,320000,1045320148.0,attack,3357
16,826502330,243200,783732550.0,attack,3356
17,932225880,308200,889521090.0,attack,3362
18,782383294,256140,739626436.0,attack,3360
19,919034258,305600,876326850.0,attack,3364
20,1044444905,342600,1001774486.0,attack,3362
21,1460217483,833400,1418037848.0,attack,3358
22,931337035,290600,888614590.0,attack,3364
23,1169939784,345600,1127272326.0,attack,3365
24,1401048223,551800,1358586950.0,attack,3351
25,941682833,382900,899052650.0,attack,3361
26,1204147810,416500,1161551214.0,attack,3355
27,910453316,692600,868132810.0,attack,3352
28,1340881711,18096800,1315965390.0,attack,3352
29,452360905,312100,409659880.0,attack,3358
30,775218589,473600,732679056.0,attack,3360
31,1394400548,396800,1351784200.0,attack,3354
32,1084308844,320000,1041615684.0,attack,3360
33,1511875889,448000,1469310712.0,attack,3352
34,726602088,412400,727014488.0,normal,3373
35,1202421564,385000,1159793366.0,attack,3355
36,1070235684,307200,1070542884.0,normal,3371
37,1068287972,353700,1068641672.0,normal,3378
38,1069480260,307200,1069787460.0,normal,3378
39,992042658,349500,992392158.0,normal,3397
40,1042301812,453200,1042755012.0,normal,3395
41,1127061038,484600,1127545638.0,normal,3367
42,1123395376,1446700,1124842076.0,normal,3370
43,948080243,578100,905645050.0,attack,3352
44,793095946,313800,793409746.0,normal,3388
45,741100088,712800,741812888.0,normal,3396
46,1065902372,326240,1066228612.0,normal,3367
47,782592468,230400,782822868.0,normal,3399
48,829706630,5118700,834825330.0,normal,3384
49,964223990,322900,964546890.0,normal,3372
50,1303466740,384000,1303850740.0,normal,3385
