block_id,total_gas,total_mev_captured,block_bid,builder_type,builder_id
1,997210100,8900000,592080592.5470406,attack,3352
2,2137001066,13965000,1493903695.4259908,attack,3357
3,2134002242,13965000,1678105260.6427608,attack,3354
4,2134003418,13965000,1885061147.0183554,attack,3363
5,2134004594,13965000,2154743566.0525613,attack,3359
6,2137005770,13965000,2299997040.0,attack,3358
7,2134006946,13965000,2297321692.0,attack,3352
8,2126008122,13965000,2295683644.0,attack,3356
9,2126009298,13965000,2324862796.0,attack,3354
10,2150010474,13965000,2407351448.0,attack,3355
11,2134011650,13965000,2401865700.0,attack,3356
12,2134012826,13965000,2443006352.0,attack,3358
13,2137014002,13965000,2468409704.0,attack,3359
14,2126015178,13965000,2470838596.0,attack,3356
15,2107146354,31665000,2471714948.0,attack,3359
16,2134017530,13965000,2538493000.0,attack,3357
17,2134018706,13965000,2568731392.0,attack,3354
18,2134019882,13965000,2564215544.0,attack,3364
19,2137021058,13965000,2597759626.0,attack,3362
20,2137022234,13965000,2611922658.0,attack,3364
21,2134023410,13972840,2665395650.0,attack,3364
22,2137024586,13965000,2728600062.0,attack,3351
23,2150025762,13965000,2779342214.0,attack,3363
24,2134026938,13965000,2769552766.0,attack,3360
25,2137028114,13965000,2826040118.0,attack,3355
26,2134029290,13976200,2821607870.0,attack,3360
27,2150030466,13965000,2899431822.0,attack,3364
28,2150031642,13965000,2919831974.0,attack,3356
29,2134032818,21155000,2941524126.0,attack,3356
30,2137033994,13965000,2945749298.0,attack,3361
31,2134035170,13965000,2953301950.0,attack,3361
32,2137036346,13965000,2992217202.0,attack,3363
33,2102036744,13692300,2996784354.0,normal,3370
34,2121037896,13680000,3037434006.0,normal,3398
35,2126039874,13965000,3006173158.0,attack,3353
36,2150040200,13788000,3096521210.0,normal,3379
37,2071341352,21155000,3034214362.0,normal,3392
38,2076642504,13680000,3054258514.0,normal,3396
39,2113343656,13680000,3114511906.0,normal,3390
40,2100344808,13680000,3120080688.0,normal,3379
41,2113345960,13680000,3160883230.0,normal,3384
42,2076647112,13680000,3133718382.0,normal,3391
43,2076648264,13680000,3138422334.0,normal,3387
44,2150050458,13965000,3193836286.0,attack,3360
45,2137051634,13965000,3233956538.0,attack,3357
46,2110051720,13680000,3250116790.0,normal,3366
47,2076652872,13680000,3240880942.0,normal,3398
48,2089354024,13680000,3274176254.0,normal,3390
49,2076455176,13691200,3275728306.0,normal,3366
50,2089156328,14639000,3302605758.0,normal,3382
