block_id,total_gas,total_mev_captured,block_bid,builder_type,builder_id
1,28414000,12780,16672607.611194791,attack,3303
2,2017300484,524940,1374201248.8611057,attack,3304
3,2112001654,313110,1629122549.6627247,attack,3302
4,2137002830,313110,1857481314.3392456,attack,3301
5,2134004006,313110,2098509038.2437358,attack,3306
6,2126005182,313110,2199591484.0,attack,3312
7,2150006358,313110,2321467836.0,attack,3308
8,2150007534,313110,2341198988.0,attack,3313
9,2150008710,313110,2437990940.0,attack,3303
10,2137009886,313110,2440112792.0,attack,3315
11,2134011062,313110,2458553644.0,attack,3311
12,2137012238,313110,2477752696.0,attack,3305
13,2134013414,313110,2476630948.0,attack,3308
14,2134014590,313110,2560697400.0,attack,3307
15,2150015433,668720,2621690072.0,attack,3314
16,2137016942,313110,2665155424.0,attack,3307
17,2134018118,313110,2693833476.0,attack,3303
18,2134019294,313110,2693991828.0,attack,3301
19,2134020470,313110,2698214780.0,attack,3314
20,2150021646,313110,2746809852.0,attack,3314
21,2134022822,362210,2780271804.0,attack,3313
22,2134023998,313110,2820737696.0,attack,3304
23,2137025174,313110,2875518948.0,attack,3309
24,2150026350,313110,2929504000.0,attack,3315
25,2137027526,313110,2915305852.0,attack,3304
26,2134028702,313110,2913483304.0,attack,3308
27,2134029878,313110,2909600956.0,attack,3313
28,2134031054,313110,2961109108.0,attack,3302
29,2134032230,313110,2953229260.0,attack,3312
30,2150033406,313110,3063726712.0,attack,3308
31,2150034582,313110,3059483864.0,attack,3301
32,2150035758,313110,3093972116.0,attack,3307
33,2137036934,313110,3134340868.0,attack,3308
34,2150038110,313110,3167849020.0,attack,3309
35,2150039286,313110,3283234672.0,attack,3305
36,2134039624,306720,3292667824.0,normal,3331
37,2137041638,360810,3280300676.0,attack,3311
38,2150041928,306720,3393546888.0,normal,3318
39,2137043990,325910,3363875040.0,attack,3302
40,2121044232,306720,3359249392.0,normal,3318
41,2134046342,313110,3324104604.0,attack,3308
42,2110046536,306720,3343054056.0,normal,3339
43,2102047688,306720,3348109208.0,normal,3327
44,2126048840,306720,3369392960.0,normal,3332
45,2150051046,313110,3428730212.0,attack,3310
46,2124051144,306720,3412800304.0,normal,3341
47,2118052296,306720,3422275856.0,normal,3330
48,2110053448,306720,3436345528.0,normal,3334
49,2110054600,306720,3432351180.0,normal,3324
50,2137055752,306720,3477277532.0,normal,3327
