block_id,total_gas,total_mev_captured,block_bid,builder_type,builder_id
1,884406081,7173180,625986064.5156484,attack,1905
2,2134001017,12544000,2118757354.456755,attack,1913
3,2150002193,12544000,2195549616.0,attack,1932
4,2126003369,12567500,2179589768.0,attack,1913
5,2150004545,12544000,2238562060.0,attack,1913
6,2113305721,12544000,2218446802.0,attack,1925
7,2137006897,12544000,2292188754.0,attack,1935
8,2137008073,12544000,2331852806.0,attack,1902
9,2134009249,12544000,2334067058.0,attack,1916
10,2126010425,12544000,2346959310.0,attack,1918
11,2126011601,12544000,2355102462.0,attack,1929
12,2134012777,12544000,2392861414.0,attack,1939
13,2110013656,12288000,2435745266.0,normal,1950
14,2150015129,12557900,2474112918.0,attack,1924
15,2134016305,12544000,2453265970.0,attack,1929
16,2134017481,12544000,2478203522.0,attack,1903
17,2137018657,12544000,2528885874.0,attack,1915
18,2150019833,12544000,2564583426.0,attack,1917
19,2137021009,12544000,2611108818.0,attack,1929
20,2118021720,12288000,2632316170.0,normal,1942
21,2137023361,12544000,2634423522.0,attack,1915
22,2134024537,12544000,2725436674.0,attack,1911
23,2150025713,12544000,2786123956.0,attack,1921
24,2110026328,12288000,2785840808.0,normal,1943
25,2102027480,12288000,2763913960.0,normal,1944
26,2126029241,12544000,2753909512.0,attack,1931
27,2137030417,12544000,2819302504.0,attack,1902
28,2134031593,12544000,2819251656.0,attack,1910
29,2150032769,12544000,2869905808.0,attack,1937
30,2102033240,12288000,2874562600.0,normal,1942
31,2072034392,19478000,2863082752.0,normal,1948
32,2126036297,12544000,2885327904.0,attack,1934
33,2112037473,19734000,2897422556.0,attack,1937
34,2150038649,12544000,2984041408.0,attack,1917
35,2121039000,12288000,2993531560.0,normal,1942
36,2113141001,12683000,2965252402.0,attack,1922
37,2113142177,12544000,2980735154.0,attack,1908
38,2126043353,12739000,3013904006.0,attack,1903
39,2150044529,12544000,3074293458.0,attack,1927
40,2113345705,12544000,3057779610.0,attack,1939
41,2113346881,12544000,3081549162.0,attack,1925
42,2113348057,12544000,3113519314.0,attack,1907
43,2137049233,12544000,3162496106.0,attack,1912
44,2137050409,12544000,3198923858.0,attack,1915
45,2134051585,12544000,3219287010.0,attack,1907
46,2109052761,30244000,3230083712.0,attack,1937
47,2113353937,12544000,3240836864.0,attack,1926
48,2137055113,12544000,3314006216.0,attack,1912
49,2134056289,12544000,3335995368.0,attack,1916
50,2150057465,12544000,3489361640.0,attack,1903
