block_id,total_gas,total_mev_captured,block_bid,builder_type,builder_id
1,434187016,4829300,292008230.3133316,attack,1974
2,1256155312,7471700,1207966505.5278504,attack,1979
3,959707478,6335000,922786450.0,attack,1978
4,1602128360,16662000,1575534314.0,attack,1975
5,1036567179,6269000,999580122.0,attack,1977
6,915151297,23076000,894971230.0,attack,1984
7,925486507,5390200,887620630.0,attack,1962
8,1070247892,6352200,1033344004.0,attack,1980
9,1299464748,7424000,1263632646.0,attack,1978
10,1207556923,6953230,1171254038.0,attack,1975
11,1096506019,6400000,1059649892.0,attack,1977
12,1235686598,6943700,1199374158.0,attack,1975
13,1051333341,6318100,1014395290.0,attack,1984
14,1256416575,7707000,1220867410.0,attack,1978
15,1196980624,7444800,1161169246.0,attack,1980
16,1343478743,8059900,1308282450.0,attack,1967
17,1454163625,8448000,1419355416.0,attack,1961
18,1345164704,7943840,1309852320.0,attack,1963
19,1135025980,6700300,1141726280.0,normal,1997
20,910324077,6153520,873221350.0,attack,1956
21,1088638319,6448800,1051830860.0,attack,1980
22,1168834890,7407000,1176241890.0,normal,1999
23,1513739809,8960000,1479443520.0,attack,1988
24,1152172369,6400000,1115316068.0,attack,1959
25,1210315610,7168000,1217483610.0,normal,1996
26,1255819331,7553800,1220116802.0,attack,1967
27,1166288710,6680230,1172968940.0,normal,1999
28,1251433114,7440400,1215617158.0,attack,1982
29,841643845,5613000,804000480.0,attack,1988
30,1180450024,6912000,1144105646.0,attack,1954
31,857640263,4970390,819354266.0,attack,1959
32,1183242618,7322000,1147308218.0,attack,1974
33,1100034144,6400000,1063177732.0,attack,1983
34,1105447444,7500000,1069691020.0,attack,1974
35,996183873,6210000,959137438.0,attack,1975
36,1191203914,7262000,1155209466.0,attack,1954
37,1172494265,6931190,1136168994.0,attack,1986
38,1348244516,8165500,1313153540.0,attack,1987
39,1120542044,6685000,1083970556.0,attack,1974
40,964814348,5376000,926933850.0,attack,1989
41,1013870575,5901800,976515866.0,attack,1972
42,1424287053,8495700,1389526228.0,attack,1962
43,1172468344,6912000,1136123806.0,attack,1980
44,678311119,21661900,656716474.0,attack,1956
45,905399990,5714000,911113990.0,normal,1994
46,1301065291,7438200,1265246922.0,attack,1955
47,1191945532,6989300,1155678250.0,attack,1990
48,777732368,4495200,782227568.0,normal,1999
49,1209327702,7168000,1216495702.0,normal,2000
50,1180953477,7565400,1145262260.0,attack,1970
