block_id,total_gas,total_mev_captured,block_bid,builder_type,builder_id
1,1890300400,16100000,1335694390.9434216,attack,1532
2,2134001556,17150000,2000736315.7965515,attack,1523
3,2126002732,17150000,2175144964.0,attack,1527
4,2134003908,17150000,2206328016.0,attack,1527
5,2134005084,17150000,2250577008.0,attack,1507
6,2134006260,17150000,2265354840.0,attack,1524
7,2137007436,17150000,2291365392.0,attack,1518
8,2150008612,17150000,2312740174.0,attack,1522
9,2109009788,34850000,2309573126.0,attack,1520
10,2150010964,17150000,2348258278.0,attack,1510
11,2126012140,17150000,2343539430.0,attack,1503
12,2113113316,18250000,2346831482.0,attack,1521
13,2113314492,17150000,2375405154.0,attack,1516
14,2134015668,17206200,2417136206.0,attack,1505
15,2076416488,16800000,2424024158.0,normal,1543
16,2113318020,17150000,2445771410.0,attack,1521
17,2113319196,17184700,2476892862.0,attack,1507
18,2134020372,17150000,2518494514.0,attack,1524
19,2113321548,17150000,2522397266.0,attack,1531
20,2134022724,17150000,2566479808.0,attack,1517
21,2113323900,17150000,2570282660.0,attack,1505
22,2134025076,17150000,2614130712.0,attack,1510
23,2121025704,16800000,2681131764.0,normal,1547
24,2094106856,34500000,2677035916.0,normal,1543
25,2134028604,17150000,2678423688.0,attack,1534
26,2137029780,17150000,2763911840.0,attack,1503
27,2137030956,17150000,2790663592.0,attack,1523
28,2150032132,17150000,2823354844.0,attack,1532
29,2137033308,17150000,2803710596.0,attack,1523
30,2150034484,17150000,2884535648.0,attack,1529
31,2134034920,16800000,2865815400.0,normal,1544
32,2134036836,17150000,2859687252.0,attack,1526
33,2070597224,23990000,2859600004.0,normal,1540
34,2137039188,17446000,2899056156.0,attack,1526
35,2083299528,34731000,2928122308.0,normal,1550
36,2097340680,16800000,2949852460.0,normal,1550
37,2107192716,34850000,2981381612.0,attack,1501
38,2118042984,16800000,3041981764.0,normal,1548
39,2137044136,16800000,3093034716.0,normal,1546
40,2134046244,17150000,3074248868.0,attack,1516
41,2113147420,17150000,3070297520.0,attack,1531
42,2137048596,17150000,3117737272.0,attack,1507
43,2076248744,16800000,3116297124.0,normal,1546
44,2137050948,17150000,3172740376.0,attack,1521
45,2134052124,17150000,3203212728.0,attack,1514
46,2113353300,17150000,3211032880.0,attack,1504
47,2076453352,16800000,3230799732.0,normal,1546
48,2076254504,16800000,3244380584.0,normal,1545
49,2113356828,17150000,3272182636.0,attack,1501
50,2150058004,17150000,3373043488.0,attack,1528
