block_id,total_gas,total_mev_captured,block_bid,builder_type,builder_id
1,1996000529,1522600,1259414199.002966,attack,1105
2,2150001657,1676000,1609477470.8515637,attack,1105
3,2126002879,1621900,1843562424.7642298,attack,1118
4,2126004055,1621900,2184900994.9605107,attack,1102
5,2134005231,1621900,2235700252.0,attack,1101
6,2107426407,8811900,2234268004.0,attack,1107
7,2150007583,1621900,2335024156.0,attack,1114
8,2137008759,1621900,2326132508.0,attack,1118
9,2126009935,1621900,2324076260.0,attack,1120
10,2113311111,1621900,2321221712.0,attack,1105
11,2134012287,1621900,2363434564.0,attack,1120
12,2113313463,1621900,2356644906.0,attack,1104
13,2126014639,1621900,2398598058.0,attack,1112
14,2107145815,8811900,2418015010.0,attack,1112
15,2113316991,1621900,2446093392.0,attack,1110
16,2113318167,1621900,2476022944.0,attack,1111
17,2113319343,1621900,2492158496.0,attack,1117
18,2150020519,1621900,2557743648.0,attack,1113
19,2113121695,1621900,2547568930.0,attack,1114
20,2150022871,1621900,2598226782.0,attack,1106
21,2107134047,19321900,2589677734.0,attack,1110
22,2137025223,1621900,2642714686.0,attack,1101
23,2137026399,1621900,2658923438.0,attack,1116
24,2113127575,1665500,2668933990.0,attack,1114
25,2113128152,1752800,2732461442.0,normal,1147
26,2112229927,1621900,2705134694.0,attack,1106
27,2113331103,1621900,2733609336.0,attack,1104
28,2150032279,1621900,2792369588.0,attack,1110
29,2113133455,1628290,2784094940.0,attack,1107
30,2094233912,19294430,2863831232.0,normal,1131
31,2075335064,1588800,2831834854.0,normal,1131
32,2113036216,1588800,2901544906.0,normal,1147
33,2089337368,1696800,2897305398.0,normal,1130
34,2076438520,1588800,2910818550.0,normal,1126
35,2137040511,1621900,2949527102.0,attack,1115
36,2150041687,1621900,3006982354.0,attack,1108
37,2097141976,1588800,3001288686.0,normal,1134
38,2113144039,1621900,2999710838.0,attack,1108
39,2097144280,1603900,3046538390.0,normal,1145
40,2112246391,1621900,3039872442.0,attack,1106
41,2075346584,1588800,3058750094.0,normal,1142
42,2112248743,1621900,3072734246.0,attack,1109
43,2137049919,1621900,3111397628.0,attack,1101
44,2076450040,1588800,3125446780.0,normal,1143
45,2113351192,1588800,3188208932.0,normal,1122
46,2099252344,1588800,3188860184.0,normal,1137
47,2126054623,1621900,3210301936.0,attack,1101
48,2069324648,19288800,3212084088.0,normal,1125
49,2113055800,1588800,3266274840.0,normal,1124
50,2150056952,1873800,3341846692.0,normal,1137
