block_id,total_gas,total_mev_captured,block_bid,builder_type,builder_id
1,2023500484,1104500,1185440628.6595874,attack,3153
2,2137001654,1151500,1397680721.1389909,attack,3159
3,2137002830,1151500,1511336204.7855637,attack,3154
4,2134004006,1151500,1650447558.9710934,attack,3156
5,2150005182,1151500,1829785231.85112,attack,3158
6,2137006358,1151500,1953679655.2892787,attack,3152
7,2126007534,1151500,2112764195.6898763,attack,3156
8,2134008710,1151500,2312156793.768378,attack,3158
9,2113309886,1151500,2320843582.0,attack,3159
10,2113111062,1151500,2325401734.0,attack,3158
11,2113112238,1151500,2345233286.0,attack,3154
12,2137013414,1151500,2434089438.0,attack,3160
13,2134014590,1151500,2427325190.0,attack,3155
14,2126015766,1297500,2473660542.0,attack,3158
15,2126016942,1151500,2491185494.0,attack,3157
16,2134018118,1193500,2528253646.0,attack,3160
17,2126019294,1151500,2547601498.0,attack,3155
18,2137020470,1151500,2578304650.0,attack,3152
19,2126021646,1151500,2589746102.0,attack,3160
20,2137022822,1151500,2655843674.0,attack,3154
21,2134023998,1151500,2640351726.0,attack,3157
22,2150025174,1151500,2691377278.0,attack,3154
23,2126026350,1151500,2673278730.0,attack,3151
24,2150027526,1151500,2730508302.0,attack,3151
25,2126028702,1151500,2711540454.0,attack,3159
26,2150029878,1151500,2766447606.0,attack,3159
27,2113331054,1151500,2754381858.0,attack,3159
28,2150032230,1151500,2813349410.0,attack,3160
29,2113333406,1151500,2812683362.0,attack,3151
30,2113334582,1151500,2827101494.0,attack,3154
31,2150035758,1151500,2928453646.0,attack,3156
32,2137036934,1151500,2902051038.0,attack,3157
33,2107158110,18851500,2904944090.0,attack,3153
34,2137039286,1151500,2940958242.0,attack,3158
35,2150040462,1151500,2973184094.0,attack,3151
36,2150041638,1151500,3084946146.0,attack,3158
37,2137042814,1151500,3081103098.0,attack,3152
38,2137043990,1151500,3105773350.0,attack,3151
39,2134045166,1151500,3131704102.0,attack,3160
40,2137046342,1151500,3164707454.0,attack,3156
41,2134047518,1151500,3175028736.0,attack,3159
42,2150048694,1151500,3216149788.0,attack,3158
43,2126049870,1151500,3204437240.0,attack,3151
44,2112051046,5471500,3210917792.0,attack,3154
45,2134052222,1151500,3256255634.0,attack,3160
46,2113153398,1696500,3258363786.0,attack,3158
47,2113354574,1186600,3283228938.0,attack,3160
48,2113355750,1151500,3314459990.0,attack,3151
49,2150055753,1694000,3405880142.0,attack,3154
50,2134058102,1151500,3406088394.0,attack,3159
