block_id,total_gas,total_mev_captured,block_bid,builder_type,builder_id
1,1347960225,472600,928943569.0073961,attack,530
2,1096887519,493500,970751385.6647344,attack,531
3,772063523,315700,729365288.0,attack,535
4,1166751114,631300,1124368466.0,attack,515
5,1099651344,7692500,1064329884.0,attack,505
6,1176681789,536300,1134204116.0,attack,505
7,766326305,523100,723835424.0,attack,527
8,1175800356,18075300,1150861662.0,attack,529
9,1172245707,442800,1129674500.0,attack,532
10,1091676819,347500,1049010300.0,attack,502
11,1064165858,380400,1021532228.0,attack,515
12,920522830,291900,877800690.0,attack,501
13,1295909256,417300,1253312502.0,attack,522
14,1301778662,529900,1259294494.0,attack,526
15,1080372344,892500,1038250764.0,attack,506
16,1191905029,458500,1149349436.0,attack,527
17,945666153,4668100,907320150.0,attack,525
18,1256116083,418800,1213520766.0,attack,528
19,922788657,326600,880101130.0,attack,533
20,1088305819,716500,1046008180.0,attack,504
21,829514622,264100,786764574.0,attack,502
22,1361407913,18130900,1336524650.0,attack,516
23,792461806,250200,792712006.0,normal,548
24,904312530,278000,904590530.0,normal,536
25,1040877607,319700,998183114.0,attack,504
26,1177798080,503300,1135287174.0,attack,519
27,873448210,358000,873806210.0,normal,546
28,1449175684,458700,1406620152.0,attack,506
29,1136228788,644400,1136873188.0,normal,547
30,874749990,697520,875447510.0,normal,536
31,910592555,304200,867882490.0,attack,524
32,876796390,278000,877074390.0,normal,539
33,844647206,308540,801941462.0,attack,530
34,1214177934,389200,1214567134.0,normal,538
35,998459275,984700,956429666.0,attack,527
36,958586108,598640,959184748.0,normal,538
37,1094974644,371000,1052331312.0,attack,502
38,1167005833,375300,1124366788.0,attack,534
39,957049900,305800,957355700.0,normal,537
40,1040016076,333600,1040349676.0,normal,545
41,1441354733,830400,1399170750.0,attack,524
42,928805243,329600,886120450.0,attack,519
43,938978453,298290,896262340.0,attack,516
44,1173499750,1466000,1131951334.0,attack,517
45,948170936,1441600,906598110.0,attack,510
46,789509540,250200,789759740.0,normal,547
47,1472594462,7984600,1480579062.0,normal,538
48,1209065073,375300,1166425908.0,attack,520
49,1047226692,333600,1047560292.0,normal,547
50,917572217,295030,874852760.0,attack,515
