block_id,total_gas,total_mev_captured,block_bid,builder_type,builder_id
1,1061925121,447120,650154132.4535815,attack,1615
2,1082810419,444300,769393838.084054,attack,1606
3,1393598938,841700,1159130697.617431,attack,1609
4,918344898,345700,870982920.5578265,attack,1603
5,877750993,859300,835599536.0,attack,1619
6,743802033,7627900,708419168.0,attack,1611
7,1168609924,503900,1126103046.0,attack,1614
8,747231219,456700,704677134.0,attack,1610
9,1000202076,1096100,958287380.0,attack,1614
10,1043177329,246100,1000412622.0,attack,1620
11,1030712582,323700,988025464.0,attack,1620
12,923805578,263300,881058050.0,attack,1607
13,1085443344,482640,1042915144.0,attack,1607
14,930270040,224700,887483890.0,attack,1620
15,1010445571,246100,967680810.0,attack,1617
16,997933824,811740,955734692.0,attack,1602
17,1155624444,267500,1112881060.0,attack,1602
18,1090756744,280300,1048026148.0,attack,1604
19,1201020461,901980,1158911532.0,attack,1608
20,1088562369,308230,1045859678.0,attack,1613
21,1342157076,331700,1299477840.0,attack,1604
22,1090066044,475500,1047530596.0,attack,1616
23,919343308,246500,876578850.0,attack,1605
24,1080791594,275340,1038055964.0,attack,1611
25,1086628894,636500,1044254412.0,attack,1614
26,1345136967,331700,1302457670.0,attack,1602
27,947058030,17914000,964972030.0,normal,1632
28,1129106138,372540,1129478678.0,normal,1628
29,835946161,1648300,794583432.0,attack,1616
30,1170209052,288900,1127486910.0,attack,1604
31,1029757987,626300,987373234.0,attack,1611
32,1002165876,284500,1002450376.0,normal,1648
33,1045923868,256800,1046180668.0,normal,1626
34,956158382,17935400,974093782.0,normal,1632
35,1052443420,256800,1052700220.0,normal,1635
36,1512361254,374500,1469724638.0,attack,1612
37,963970836,546700,921506410.0,attack,1619
38,1087070794,267500,1044327156.0,attack,1601
39,1045216644,801800,1046018444.0,normal,1629
40,866137090,214000,866351090.0,normal,1637
41,1178131589,330900,1135451316.0,attack,1604
42,1259190913,345900,1216525626.0,attack,1607
43,1123382319,281400,1080652520.0,attack,1606
44,1510407754,515690,1467912228.0,attack,1609
45,980956462,291300,981247762.0,normal,1643
46,956744704,1004400,957749104.0,normal,1624
47,1037613044,321400,1037934444.0,normal,1621
48,1297010583,759200,1254754482.0,attack,1620
49,1041195668,606800,1041802468.0,normal,1625
50,1095064544,270630,1052323886.0,attack,1613
