block_id,total_gas,total_mev_captured,block_bid,builder_type,builder_id
1,1538480289,2648100,1029014662.0916371,attack,3326
2,2110501409,1930600,1786865315.8159382,attack,3317
3,2112002585,1930600,2099733650.0,attack,3311
4,2113303761,2111600,2129309402.0,attack,3313
5,2113104937,1930600,2146934554.0,attack,3313
6,2112006113,1930600,2159627006.0,attack,3318
7,2150007289,1930600,2236819258.0,attack,3324
8,2107128465,9120600,2225058310.0,attack,3330
9,2134009641,2213600,2269881662.0,attack,3326
10,2150010817,1930600,2303787444.0,attack,3328
11,2137011993,2340600,2346927996.0,attack,3303
12,2134013169,1930600,2360324148.0,attack,3325
13,2126014345,1930600,2373007600.0,attack,3309
14,2150015521,1930600,2423207452.0,attack,3326
15,2126016697,1930600,2393941304.0,attack,3322
16,2107115873,9120600,2402058056.0,attack,3326
17,2126019049,1930600,2454363108.0,attack,3302
18,2126020225,1930600,2455526260.0,attack,3324
19,2113321401,1930600,2468445812.0,attack,3302
20,2076622104,1891200,2479951964.0,normal,3332
21,2134023753,1930600,2542486016.0,attack,3324
22,2108324929,19630600,2543914068.0,attack,3313
23,2134026105,1930600,2575645220.0,attack,3311
24,2134027281,1930600,2603830472.0,attack,3303
25,2113328457,1930600,2610885524.0,attack,3330
26,2150029633,1930600,2674889676.0,attack,3323
27,2134030809,1930600,2678830758.0,attack,3301
28,2100331320,1891200,2709441510.0,normal,3338
29,2150033161,1930600,2782097662.0,attack,3315
30,2094273624,9081200,2769540454.0,normal,3340
31,2134035513,1930600,2776774206.0,attack,3326
32,2137036689,1930600,2805503658.0,attack,3302
33,2137037865,2709600,2823006310.0,attack,3323
34,2097138232,1891200,2840360262.0,normal,3341
35,2126040217,1930600,2857021114.0,attack,3321
36,2126041393,1930600,2895305166.0,attack,3311
37,2113342569,1930600,2914557018.0,attack,3301
38,2076642840,1891200,2941056970.0,normal,3342
39,2113144921,1930600,2949338952.0,attack,3324
40,2137046097,1930600,2996410234.0,attack,3316
41,2102046296,1891200,3034956586.0,normal,3345
42,2113148449,1930600,3014738038.0,attack,3317
43,2126049625,1930600,3055834890.0,attack,3328
44,2076249752,1891200,3058791582.0,normal,3333
45,2150050905,2911200,3116230264.0,attack,3315
46,2097152056,1891200,3124205746.0,normal,3350
47,2150054329,1930600,3199138898.0,attack,3307
48,2150055505,1930600,3256964750.0,attack,3321
49,2150055513,2183200,3285807902.0,attack,3308
50,2150057857,1930600,3294301054.0,attack,3303
