block_id,total_gas,total_mev_captured,block_bid,builder_type,builder_id
1,822589081,331000,535175298.1808184,attack,3321
2,1218470369,323130,1006629861.036028,attack,3301
3,961725541,604200,919316910.0,attack,3307
4,1084838919,333900,1042159976.0,attack,3321
5,1442022675,422400,1399432216.0,attack,3315
6,888141202,598300,845726634.0,attack,3323
7,1082911844,616000,1040514964.0,attack,3329
8,1087266144,339190,1044592442.0,attack,3302
9,1028714237,657900,986359234.0,attack,3329
10,940627263,335000,897949350.0,attack,3326
11,854832228,274900,812094206.0,attack,3327
12,945625662,268800,902881530.0,attack,3330
13,1085073444,7510000,1049570500.0,attack,3307
14,738215512,310800,695513360.0,attack,3301
15,1003726617,579400,961293054.0,attack,3306
16,1327268100,402600,1327670700.0,normal,3336
17,1511646519,469800,1469103324.0,attack,3324
18,1181595434,364820,1138947246.0,attack,3304
19,936061468,268800,893317250.0,attack,3317
20,788343770,217600,745548344.0,attack,3310
21,1345811231,396800,1303194990.0,attack,3312
22,1597259241,534300,1554780482.0,attack,3317
23,1327580980,497400,1328078380.0,normal,3332
24,1047216708,373300,1047590008.0,normal,3337
25,754209926,259600,711456432.0,attack,3318
26,872645970,517200,873163170.0,normal,3346
27,1171918377,345600,1129250860.0,attack,3302
28,809768778,625700,810394478.0,normal,3343
29,1284749650,413200,1242149710.0,attack,3305
30,903536541,254400,860777792.0,attack,3302
31,1006320148,294400,963601388.0,attack,3311
32,662940449,192000,620119282.0,attack,3315
33,869591430,409840,870001270.0,normal,3336
34,1087669569,320000,1044976380.0,attack,3321
35,1468860498,1616200,1470476698.0,normal,3348
36,1126520712,404600,1126925312.0,normal,3340
37,1132674619,348220,1090009608.0,attack,3313
38,922186151,268800,879441710.0,attack,3312
39,744577112,215500,744792612.0,normal,3333
40,1343113144,420300,1300520180.0,attack,3311
41,957939844,7464430,922391000.0,attack,3304
42,1341404919,660900,1299052530.0,attack,3326
43,836810874,17930400,854741274.0,normal,3335
44,934731558,641200,892359450.0,attack,3318
45,533018613,347700,490353000.0,attack,3322
46,1347636128,18164900,1322787700.0,attack,3323
47,717109504,212640,717322144.0,normal,3340
48,1342388841,4716800,1304092290.0,attack,3314
49,1101441794,308300,1058736732.0,attack,3311
50,1134781194,356800,1092124620.0,attack,3327
