block_id,total_gas,total_mev_captured,block_bid,builder_type,builder_id
1,1115640144,3240000,637521218.5297801,attack,2453
2,2150001164,5292000,1364655214.0300524,attack,2459
3,2150002340,5292000,1498625851.062228,attack,2457
4,2137003516,5292000,1632227459.435118,attack,2457
5,2126004692,5588000,1758162997.8264806,attack,2453
6,2137005868,5292000,1917158255.315211,attack,2457
7,2134007044,5292000,2075745668.3947852,attack,2458
8,2150008220,5292000,2369961500.585817,attack,2458
9,2137009396,5292000,2351190422.0,attack,2456
10,2137010572,5292000,2380792874.0,attack,2456
11,2150011748,5292000,2427544826.0,attack,2453
12,2150012924,5292000,2494157368.0,attack,2459
13,2150014100,5292000,2474178520.0,attack,2454
14,2134015276,5431000,2450435672.0,attack,2454
15,2150016452,5292000,2499315454.0,attack,2457
16,2134017628,5292000,2495920596.0,attack,2453
17,2126018804,5292000,2547173928.0,attack,2456
18,2126019980,5292000,2572430410.0,attack,2459
19,2126021156,5292000,2599545362.0,attack,2459
20,2126022332,5292000,2596684534.0,attack,2456
21,2137023508,5292000,2633800886.0,attack,2453
22,2126024684,5292000,2643565838.0,attack,2460
23,2107285860,22992000,2650648790.0,attack,2458
24,2150027036,5292000,2717143842.0,attack,2453
25,2137028212,5292000,2734986294.0,attack,2460
26,2134029388,5292000,2729724446.0,attack,2455
27,2113330564,5292000,2720392598.0,attack,2453
28,2150031740,5292000,2777699950.0,attack,2454
29,2134032916,5292000,2808254702.0,attack,2458
30,2134034092,5292000,2825627854.0,attack,2451
31,2134035268,5420000,2872705906.0,attack,2455
32,2134036444,5292000,2879278158.0,attack,2454
33,2150037620,5303200,2970902610.0,attack,2452
34,2137038796,5310600,2988762002.0,attack,2460
35,2150039972,5292000,3056457254.0,attack,2458
36,2137041148,5292000,3049289506.0,attack,2456
37,2137042324,5292000,3099778358.0,attack,2452
38,2134043500,5292000,3107887810.0,attack,2456
39,2134044676,5292000,3105222862.0,attack,2459
40,2137045852,12482000,3167960814.0,attack,2455
41,2134047028,5292000,3164036966.0,attack,2455
42,2134048204,5292000,3196804858.0,attack,2455
43,2126049380,5292000,3193068010.0,attack,2459
44,2126050556,5292000,3206914762.0,attack,2460
45,2134051732,5292000,3257465434.0,attack,2455
46,2150052908,5292000,3338479186.0,attack,2460
47,2150054084,5292000,3330719438.0,attack,2452
48,2126055260,5328800,3325120230.0,attack,2459
49,2113356436,5292000,3336073182.0,attack,2452
50,2150057612,5292000,3428383454.0,attack,2451
