block_id,total_gas,total_mev_captured,block_bid,builder_type,builder_id
1,1618330324,3342000,937492136.1465042,attack,2410
2,2112001458,2974300,1334224380.8815863,attack,2402
3,2107152634,10164300,1454603797.4482684,attack,2405
4,2150003810,2974300,1661537047.644415,attack,2405
5,2150004986,2974300,1808295526.309459,attack,2405
6,2150006162,2974300,1956774113.622682,attack,2403
7,2137007338,2974300,2139919848.3030221,attack,2402
8,2137008514,2974300,2298264483.2239423,attack,2409
9,2150009690,2974300,2367649660.0,attack,2401
10,2150010866,2996100,2393660712.0,attack,2402
11,2134012042,2974300,2435313284.0,attack,2401
12,2150013218,2974300,2524549936.0,attack,2406
13,2150014089,3129600,2535998088.0,attack,2402
14,2137015570,2974300,2561805540.0,attack,2403
15,2134016746,2974300,2573659692.0,attack,2407
16,2150017922,2974300,2617809344.0,attack,2408
17,2150019098,2974300,2693596296.0,attack,2404
18,2134020274,3006000,2683803348.0,attack,2406
19,2134021450,2974300,2719598800.0,attack,2401
20,2150022626,2974300,2805603052.0,attack,2401
21,2137023802,2974300,2827183644.0,attack,2401
22,2134024978,2974300,2813959926.0,attack,2403
23,2150026154,2974300,2885887618.0,attack,2410
24,2137027330,2974300,2892725870.0,attack,2404
25,2137028506,2974300,2928730662.0,attack,2409
26,2134029682,2974300,2929417614.0,attack,2403
27,2134030858,2974300,2935948546.0,attack,2405
28,2134032034,2974300,2932789998.0,attack,2405
29,2150033210,2974300,2966527150.0,attack,2409
30,2109634386,20674300,2964582702.0,attack,2402
31,2126035562,3384300,2962411984.0,attack,2409
32,2126036738,3138300,2993914536.0,attack,2405
33,2137037914,2974300,3033957988.0,attack,2401
34,2137039090,3189300,3136912240.0,attack,2407
35,2137040266,3040400,3135245292.0,attack,2410
36,2137041442,2974300,3137463644.0,attack,2407
37,2150042618,2974300,3171508696.0,attack,2402
38,2134043794,2974300,3201176948.0,attack,2410
39,2126044970,2974300,3193862100.0,attack,2402
40,2126046146,2974300,3198331452.0,attack,2408
41,2150047322,2974300,3248842604.0,attack,2402
42,2137048498,2974300,3311003156.0,attack,2403
43,2150049674,2974300,3382078408.0,attack,2407
44,2150050850,2974300,3435815660.0,attack,2405
45,2150052026,2999000,3479331012.0,attack,2402
46,2134053202,3007600,3464176464.0,attack,2405
47,2150054378,2974300,3521342216.0,attack,2409
48,2134055554,2992900,3542780468.0,attack,2409
49,2137056730,2974300,3579526020.0,attack,2410
50,2150057906,3007600,3628764372.0,attack,2409
