block_id,total_gas,total_mev_captured,block_bid,builder_type,builder_id
1,1308720169,6952000,939488781.1839685,attack,273
2,2113101213,9555000,2080940305.98412,attack,259
3,2113302389,9555000,2124847928.0,attack,260
4,2112003565,9555000,2136904380.0,attack,253
5,2137004741,9555000,2252347532.0,attack,257
6,2150005917,9555000,2301517484.0,attack,274
7,2150007093,9555000,2323386436.0,attack,277
8,2137008269,9555000,2345145488.0,attack,264
9,2134009445,9555000,2343926640.0,attack,255
10,2134010621,9555000,2341670392.0,attack,276
11,2150011545,44760000,2437340044.0,attack,269
12,2150012973,9555000,2441151996.0,attack,271
13,2137014149,9555000,2447388848.0,attack,285
14,2089315000,27060000,2451945000.0,normal,298
15,2107276501,16745000,2444181952.0,attack,252
16,2113317677,9555000,2446358904.0,attack,261
17,2137018853,9555000,2496680256.0,attack,274
18,2076619608,9360000,2483881508.0,normal,295
19,2137021205,9555000,2570777750.0,attack,283
20,2137022381,9555000,2629431502.0,attack,289
21,2137023557,9555000,2613434834.0,attack,289
22,2134024733,9555000,2608957886.0,attack,289
23,2070395368,27060000,2629975238.0,normal,291
24,2113327085,9555000,2641051370.0,attack,257
25,2113128261,9555000,2654045122.0,attack,258
26,2113129437,9555000,2680092774.0,attack,284
27,2134030613,9555000,2745634926.0,attack,261
28,2124031128,9360000,2794352918.0,normal,299
29,2137032965,9555000,2788935070.0,attack,281
30,2134034141,9555000,2808695222.0,attack,273
31,2134035317,9567800,2864883174.0,attack,255
32,2134036493,9555000,2859624226.0,attack,281
33,2126037669,9555000,2863797778.0,attack,282
34,2100338040,9360000,2903111430.0,normal,300
35,2137040021,9555000,2919172982.0,attack,272
36,2113341197,9555000,2917842474.0,attack,289
37,2150042373,9571400,2974701026.0,attack,270
38,2126043549,9555000,2965460378.0,attack,286
39,2113344725,9555000,2973130530.0,attack,269
40,2137045901,9555000,3084230382.0,attack,252
41,2134047077,9555000,3087727664.0,attack,275
42,2134048253,9555000,3075957616.0,attack,264
43,2113349429,9555000,3071970268.0,attack,274
44,2137050605,9770000,3147463420.0,attack,261
45,2150051781,9555000,3187697172.0,attack,264
46,2126052957,9555000,3183443224.0,attack,282
47,2137054133,9555000,3225259676.0,attack,269
48,2137055309,9555000,3293151528.0,attack,256
49,2134056485,9555000,3305489680.0,attack,261
50,2126057661,9555000,3305713232.0,attack,266
