block_id,total_gas,total_mev_captured,block_bid,builder_type,builder_id
1,1888500400,1602590,1186669426.1531258,attack,1204
2,2113101556,1700300,1560140536.4207256,attack,1216
3,2111202732,1700300,1817336052.7503455,attack,1210
4,2126003908,1700300,2138612997.1751192,attack,1207
5,2137005084,1700300,2170732998.0,attack,1220
6,2137006260,1700300,2210125390.0,attack,1204
7,2126007436,1700300,2207622442.0,attack,1210
8,2113308612,1713100,2213954994.0,attack,1217
9,2112209788,1700300,2237513546.0,attack,1208
10,2113110964,1700300,2253870918.0,attack,1218
11,2112212140,1700300,2265264950.0,attack,1201
12,2150013316,1700300,2358999702.0,attack,1214
13,2150014492,1700300,2435091834.0,attack,1212
14,2150015668,1700300,2488997386.0,attack,1207
15,2137016844,1700300,2480143228.0,attack,1216
16,2137018020,1700300,2563632680.0,attack,1211
17,2137019196,1700300,2579420352.0,attack,1218
18,2137020372,1700300,2602256704.0,attack,1210
19,2134021548,1700300,2609228856.0,attack,1213
20,2150022724,1700300,2649261808.0,attack,1209
21,2134023900,1700300,2661108560.0,attack,1210
22,2134025076,1700300,2666125012.0,attack,1204
23,2150026252,1700300,2755357164.0,attack,1213
24,2134027428,1700300,2744522116.0,attack,1208
25,2134028008,1665600,2797151268.0,normal,1242
26,2121029160,1665600,2808819720.0,normal,1226
27,2134030956,1711500,2800473172.0,attack,1213
28,2102031464,1786600,2787690124.0,normal,1229
29,2102032616,1665600,2787913776.0,normal,1237
30,2102033768,1665600,2782467058.0,normal,1231
31,2107354920,19379800,2819711410.0,normal,1238
32,2134036072,1665600,2874644992.0,normal,1240
33,2134038012,1700300,2842397444.0,attack,1208
34,2109438376,8855600,2881196426.0,normal,1222
35,2089339528,1665600,2877521578.0,normal,1245
36,2124040680,1682600,2953744230.0,normal,1239
37,2150042716,1722100,3046254582.0,attack,1218
38,2150042984,1681300,3024758364.0,normal,1221
39,2134045068,1700300,2992136616.0,attack,1219
40,2070605288,19385300,2984823968.0,normal,1243
41,2076646440,1665600,2988793220.0,normal,1245
42,2113348596,1700300,3008990372.0,attack,1206
43,2076248744,1684200,3030219824.0,normal,1247
44,2076249896,1665600,3047312376.0,normal,1236
45,2076251048,1846600,3069452728.0,normal,1237
46,2075352200,1793600,3069983510.0,normal,1242
47,2134054476,1718900,3113990002.0,attack,1213
48,2075554504,1665600,3116474044.0,normal,1247
49,2076655656,1665600,3145049196.0,normal,1246
50,2113056808,1665600,3210750348.0,normal,1239
