block_id,total_gas,total_mev_captured,block_bid,builder_type,builder_id
1,803130064,6020000,565138376.5775445,attack,3283
2,1188090385,5811390,1138990572.5558116,attack,3262
3,1086368669,5707700,1048861336.0,attack,3271
4,1343151248,6665000,1306601200.0,attack,3290
5,1098708344,5375000,1060868284.0,attack,3266
6,757028084,3655000,717468016.0,attack,3284
7,673691069,3646900,634122894.0,attack,3258
8,1086988019,5443100,1049216032.0,attack,3253
9,1000825122,5119900,962729924.0,attack,3260
10,1055190375,4951390,1016926656.0,attack,3288
11,826634152,5046100,788465134.0,attack,3254
12,1091353094,5570000,1053707964.0,attack,3257
13,744650274,4037900,705473036.0,attack,3256
14,796987556,5235700,802223256.0,normal,3293
15,1065316660,5352800,1070669460.0,normal,3294
16,1128494119,6067600,1091346548.0,attack,3281
17,1000595054,5714000,963093872.0,attack,3289
18,1167515083,5818800,1130118688.0,attack,3270
19,1316176060,6450000,1322626060.0,normal,3294
20,1240814839,6217000,1203816616.0,attack,3273
21,1263526663,6356000,1226667426.0,attack,3267
22,985222077,4534700,946541530.0,attack,3282
23,1195546838,5839700,1158171278.0,attack,3281
24,1085604644,5514000,1047903372.0,attack,3257
25,1427816232,7129700,1391730644.0,attack,3253
26,1022516745,4945000,984246446.0,attack,3254
27,1426226123,7095000,1390105808.0,attack,3286
28,1216183002,6020000,1222203002.0,normal,3293
29,697212320,3440000,700652320.0,normal,3295
30,658600104,3483600,618868360.0,attack,3272
31,1346169889,6745300,1309699830.0,attack,3285
32,1021356378,5252000,983393008.0,attack,3277
33,1083314394,12578900,1052677912.0,attack,3255
34,1428476862,7095000,1392356464.0,attack,3272
35,1341212563,6665000,1304662150.0,attack,3259
36,799333085,3822800,759940464.0,attack,3260
37,1432980149,7234700,1396999412.0,attack,3281
38,959353277,4515000,920652830.0,attack,3270
39,1093789319,5431400,1056005260.0,attack,3281
40,1258391507,6702900,1221878934.0,attack,3276
41,1257063913,6252000,1220100426.0,attack,3276
42,1259917319,6235000,1222936818.0,attack,3259
43,1280064725,6450000,1243299210.0,attack,3285
44,1256713131,23935000,1237432602.0,attack,3253
45,958546748,4730000,963276748.0,normal,3300
46,1176564749,5818900,1139168096.0,attack,3264
47,1113513969,5788900,1076087304.0,attack,3272
48,1096386269,5375000,1058545692.0,attack,3288
49,1293819929,6768600,1257372938.0,attack,3273
50,1520540974,7574100,1484899466.0,attack,3263
