block_id,total_gas,total_mev_captured,block_bid,builder_type,builder_id
1,1929900441,34689800,1231197703.8036733,attack,2259
2,2134001605,37681000,1623494760.3281152,attack,2270
3,2134002781,37681000,1896961284.6455894,attack,2251
4,2150003957,37681000,2307703663.849503,attack,2262
5,2150005133,37681000,2343333516.0,attack,2252
6,2150006309,37681000,2325840868.0,attack,2252
7,2134007485,37681000,2318456020.0,attack,2258
8,2126008661,37681000,2332897572.0,attack,2258
9,2134009837,37696100,2365116224.0,attack,2252
10,2134011013,37681000,2377340876.0,attack,2270
11,2150012189,37717800,2517114428.0,attack,2259
12,2150013365,37681000,2489481000.0,attack,2257
13,2137014541,37693800,2528834282.0,attack,2254
14,2137015717,37681000,2520270434.0,attack,2251
15,2134016893,37681000,2522204586.0,attack,2266
16,2150018069,37681000,2599989938.0,attack,2263
17,2134019245,37681000,2615060390.0,attack,2260
18,2134020421,37681000,2693894242.0,attack,2267
19,2134021597,37681000,2692284394.0,attack,2265
20,2150022773,37681000,2735313586.0,attack,2252
21,2137023949,37681000,2753986638.0,attack,2268
22,2134025125,37681000,2765262160.0,attack,2269
23,2126026301,37681000,2765042612.0,attack,2254
24,2126027477,37681000,2785539584.0,attack,2251
25,2137028653,37681000,2827033036.0,attack,2255
26,2121029208,37681000,2875788188.0,normal,2292
27,2110030360,36912000,2870711340.0,normal,2274
28,2126032181,37681000,2874514392.0,attack,2255
29,2137033357,37681000,2923490144.0,attack,2269
30,2137033816,36912000,2980431616.0,normal,2271
31,2126035709,37681000,2926977168.0,attack,2266
32,2137036885,37681000,2992890220.0,attack,2257
33,2150038061,37681000,3081057372.0,attack,2252
34,2134038424,36912000,3121338124.0,normal,2284
35,2102039576,36912000,3074891406.0,normal,2277
36,2083210728,44102000,3080249758.0,normal,2284
37,2113342765,42001000,3084369710.0,attack,2262
38,2089343032,37916000,3139104862.0,normal,2297
39,2076644184,36912000,3147620014.0,normal,2284
40,2137046293,37681000,3205795366.0,attack,2255
41,2126047469,37681000,3194526718.0,attack,2253
42,2097347640,36912000,3226650870.0,normal,2275
43,2113349821,37681000,3222738322.0,attack,2252
44,2137050997,37681000,3268401474.0,attack,2252
45,2134051096,36933800,3328476426.0,normal,2276
46,2097352248,36976600,3317160118.0,normal,2291
47,2097353400,37691000,3336976670.0,normal,2286
48,2126055701,37681000,3345228342.0,attack,2268
49,2076655704,36912000,3348498494.0,normal,2300
50,2126058053,37681000,3388198246.0,attack,2251
