block_id,total_gas,total_mev_captured,block_bid,builder_type,builder_id
1,1443730256,7331000,804358319.9065773,attack,555
2,2150001360,3675000,1265736879.4120917,attack,552
3,2126002536,3675000,1315320499.7370842,attack,555
4,2150003712,3675000,1433492158.1048734,attack,552
5,2134004888,3675000,1510618461.533758,attack,554
6,2134006064,3675000,1575043057.0770164,attack,554
7,2150007240,3675000,1697443870.9337692,attack,555
8,2137008416,3675000,1771801866.238049,attack,551
9,2137009592,3675000,1849298213.2475047,attack,551
10,2134010768,3675000,1954776327.4938262,attack,551
11,2134011944,3675000,2055882167.6183898,attack,551
12,2134013120,3675000,2151933249.006025,attack,555
13,2134014296,3675000,2226223086.1161327,attack,555
14,2150015472,3675000,2341546145.515824,attack,551
15,2150016648,3675000,2445212709.4372787,attack,552
16,2109517824,21375000,2518485856.9531755,attack,551
17,2137019000,3675000,2597492840.0,attack,551
18,2134020176,3675000,2609703292.0,attack,555
19,2134021352,3931000,2637015844.0,attack,555
20,2134022528,3675000,2648437096.0,attack,554
21,2134023704,3675000,2692157248.0,attack,554
22,2126024880,3681390,2691885500.0,attack,553
23,2134026056,3675000,2727828562.0,attack,554
24,2134027232,3675000,2757553114.0,attack,552
25,2126028408,3675000,2752718266.0,attack,551
26,2126029584,3675000,2746572718.0,attack,552
27,2137030760,3675000,2811656870.0,attack,553
28,2150031936,3675000,2871520062.0,attack,554
29,2150033112,3675000,2926369714.0,attack,552
30,2150034288,3675000,2986608196.0,attack,554
31,2137035464,3721500,2974787648.0,attack,551
32,2137036640,3675000,2973403300.0,attack,554
33,2134037816,3675000,2976770282.0,attack,552
34,2126038992,3675000,2973073534.0,attack,554
35,2107190168,21375000,2976216086.0,attack,552
36,2150041344,3675000,3054117878.0,attack,552
37,2134042520,3675000,3074487030.0,attack,553
38,2150043696,3675000,3143035822.0,attack,553
39,2134044872,3675000,3121708774.0,attack,553
40,2134046048,3675000,3150966826.0,attack,552
41,2126047224,3688900,3146808678.0,attack,552
42,2126048400,3675000,3153365230.0,attack,555
43,2126049576,3675000,3178817582.0,attack,555
44,2108050752,10865000,3198546734.0,attack,552
45,2137051928,3675000,3232680486.0,attack,554
46,2150052009,3800000,3273039538.0,attack,552
47,2109654280,10865000,3249160890.0,attack,554
48,2137055456,3675000,3319993042.0,attack,553
49,2134056632,3675000,3312369394.0,attack,555
50,2126057808,3675000,3342928946.0,attack,551
