block_id,total_gas,total_mev_captured,block_bid,builder_type,builder_id
1,1635310289,1656800,912261429.6755939,attack,553
2,2113101409,2203900,1246644352.45773,attack,551
3,2113102585,2136400,1313728034.9626544,attack,553
4,2112003761,2136400,1370886542.187943,attack,555
5,2112204937,2136400,1435462122.3224423,attack,553
6,2112206113,2297400,1510364938.0688672,attack,552
7,2150007289,2136400,1623492812.371944,attack,553
8,2126008465,2136400,1675204064.0856266,attack,555
9,2111509641,2136400,1744330074.6217778,attack,553
10,2113110817,2136400,1828743811.807655,attack,551
11,2113311993,2681400,1918666590.4433496,attack,551
12,2126013169,2147100,2037337555.1959493,attack,555
13,2150014345,2136400,2163677183.2347436,attack,552
14,2137015521,2136400,2263084111.404089,attack,551
15,2134016697,2173200,2372094377.927882,attack,555
16,2150017497,4292800,2533011708.079523,attack,551
17,2134019049,2136400,2531251348.0,attack,554
18,2137020225,2136400,2583501540.0,attack,554
19,2134021401,2142040,2599720092.0,attack,554
20,2150022577,2136400,2637182604.0,attack,551
21,2126023753,2136400,2624927736.0,attack,553
22,2126024929,2136400,2639119888.0,attack,554
23,2137026105,2136400,2677595140.0,attack,554
24,2109127281,6456400,2671857992.0,attack,552
25,2137028457,2136400,2747479644.0,attack,552
26,2137029633,2136400,2793133296.0,attack,553
27,2134030809,2136400,2822798348.0,attack,551
28,2134031985,2136400,2827402100.0,attack,553
29,2134033161,2136400,2822152152.0,attack,551
30,2137034337,2136400,2879876004.0,attack,552
31,2137035513,2136400,2909570156.0,attack,555
32,2137036689,2136400,2956553408.0,attack,551
33,2126037865,2136400,2954244660.0,attack,551
34,2126039041,2136400,2983970812.0,attack,554
35,2150040217,2136400,3034923464.0,attack,555
36,2134041393,2136400,3033044616.0,attack,553
37,2150042569,2136400,3066799768.0,attack,551
38,2134043745,2136400,3113778320.0,attack,551
39,2126044921,2178400,3108302402.0,attack,555
40,2126046097,2136400,3125695754.0,attack,553
41,2150047273,2136400,3204462406.0,attack,552
42,2137048449,2136400,3212317298.0,attack,552
43,2137049625,2730400,3253007250.0,attack,555
44,2134050801,2136400,3258030502.0,attack,552
45,2126051977,2142040,3296160584.0,attack,555
46,2150053153,2136400,3379842096.0,attack,555
47,2134054329,2136400,3362537298.0,attack,552
48,2126055505,2139530,3362947350.0,attack,551
49,2150056681,2136400,3421187572.0,attack,551
50,2126057857,2136400,3402884924.0,attack,552
