block_id,total_gas,total_mev_captured,block_bid,builder_type,builder_id
1,1889100441,8775000,1330885387.922614,attack,2532
2,2111501605,9555000,1948625988.735971,attack,2530
3,2113302781,9585200,2148949112.0,attack,2513
4,2112203957,9555000,2168033964.0,attack,2523
5,2126005133,9555000,2198906816.0,attack,2526
6,2137006309,9555000,2285327668.0,attack,2517
7,2150007485,9555000,2349616020.0,attack,2524
8,2137008661,9555000,2335598272.0,attack,2529
9,2137009837,9924000,2407180354.0,attack,2518
10,2150011013,9676000,2505434506.0,attack,2506
11,2150012189,9750000,2596956658.0,attack,2530
12,2150013365,9555000,2606023910.0,attack,2515
13,2124014232,9360000,2598615162.0,normal,2544
14,2137015717,9555000,2563518704.0,attack,2514
15,2137016893,9555000,2561344356.0,attack,2524
16,2134018069,9965000,2562824298.0,attack,2511
17,2134019245,9555000,2572543650.0,attack,2520
18,2137020421,9555000,2612348192.0,attack,2516
19,2134021144,9393300,2644959644.0,normal,2542
20,2126022773,9555000,2617941096.0,attack,2513
21,2110023448,9360000,2652956048.0,normal,2546
22,2111225125,13875000,2634109200.0,attack,2527
23,2113326301,9555000,2655385352.0,attack,2534
24,2113327477,9555000,2668210534.0,attack,2531
25,2113328653,9555000,2685334566.0,attack,2534
26,2110029208,9360000,2748248718.0,normal,2536
27,2100330360,9360000,2761614870.0,normal,2545
28,2126032181,9555000,2771193762.0,attack,2528
29,2113333357,9555000,2782463014.0,attack,2502
30,2113134533,9555000,2803243166.0,attack,2527
31,2134035709,9683000,2897466918.0,attack,2504
32,2134036885,9555000,2902751270.0,attack,2525
33,2126038061,9555000,2904425422.0,attack,2505
34,2109339237,13875000,2930145674.0,attack,2529
35,2126039576,9402000,3015333226.0,normal,2536
36,2113341589,9555000,2975079478.0,attack,2504
37,2137042765,9555000,3027100530.0,attack,2502
38,2134043941,9555000,3046464882.0,attack,2518
39,2118044184,9360000,3103884134.0,normal,2549
40,2137045336,9360000,3196503286.0,normal,2536
41,2150047469,9555000,3195185438.0,attack,2535
42,2150048645,9555000,3278108590.0,attack,2525
43,2134048792,9360000,3299352542.0,normal,2539
44,2134050997,9555000,3274255634.0,attack,2524
45,2118051096,9360000,3276098586.0,normal,2547
46,2137052248,9360000,3315290028.0,normal,2539
47,2126054525,9555000,3280640180.0,attack,2516
48,2126055701,9630000,3322035332.0,attack,2505
49,2107726877,16745000,3331606184.0,attack,2503
50,2134058053,9555000,3377641736.0,attack,2526
