block_id,total_gas,total_mev_captured,block_bid,builder_type,builder_id
1,680460036,483500,453950249.11586994,attack,668
2,2150000870,965300,1986866519.2339818,attack,656
3,2134002046,965300,2201319392.0,attack,680
4,2150003222,965300,2341944844.0,attack,675
5,2150004398,965300,2381036996.0,attack,671
6,2137005574,965300,2368319848.0,attack,665
7,2134006750,965300,2370440800.0,attack,659
8,2134007926,965300,2384791652.0,attack,673
9,2134009102,965300,2375676704.0,attack,662
10,2134010278,965300,2370952856.0,attack,683
11,2134011454,965300,2390167008.0,attack,673
12,2137012630,965300,2418530160.0,attack,684
13,2150013806,965300,2454211312.0,attack,652
14,2126014982,965300,2459675464.0,attack,675
15,2134016158,988800,2561988116.0,attack,662
16,2134017334,965300,2575437568.0,attack,653
17,2134018120,945600,2640765720.0,normal,696
18,2118019272,945600,2621820572.0,normal,690
19,2137020862,965300,2639430724.0,attack,663
20,2110522038,18665300,2656376876.0,attack,678
21,2137023214,965300,2682921328.0,attack,665
22,2102023880,945600,2688438480.0,normal,688
23,2126025566,988800,2716669432.0,attack,660
24,2137026742,1031400,2798052984.0,attack,669
25,2118027336,945600,2791139426.0,normal,687
26,2102028488,945600,2798621578.0,normal,698
27,2137030270,965300,2839418230.0,attack,670
28,2126031446,965300,2847010182.0,attack,685
29,2102031944,945600,2854123234.0,normal,689
30,2150033798,965300,2909686086.0,attack,655
31,2121034248,945600,2926083738.0,normal,693
32,2150036150,981000,2954200290.0,attack,674
33,2126037326,965300,2938978742.0,attack,672
34,2150038502,965300,2979359894.0,attack,683
35,2113339678,965300,2967200886.0,attack,682
36,2076640008,945600,2981250038.0,normal,689
37,2150042030,965300,3044591090.0,attack,677
38,2076642312,945600,3027786242.0,normal,699
39,2097343464,945600,3068916494.0,normal,695
40,2134045558,965300,3083935646.0,attack,681
41,2113146734,1924300,3092333998.0,attack,658
42,2113347910,965300,3117817050.0,attack,683
43,2076448072,945600,3145999402.0,normal,698
44,2113150262,965300,3158843854.0,attack,664
45,2089150376,945600,3202359606.0,normal,695
46,2089151528,945600,3217975558.0,normal,696
47,2110052680,945600,3252581280.0,normal,698
48,2150054966,965300,3388340272.0,attack,651
49,2150056142,965300,3376069924.0,attack,678
50,2150057318,965300,3394569176.0,attack,660
