block_id,total_gas,total_mev_captured,block_bid,builder_type,builder_id
1,1996100484,1620990,1402276401.0607483,attack,1016
2,2137001654,1719900,1968568949.1100929,attack,1018
3,2137002830,1719900,2156928860.0,attack,1002
4,2108604006,6039900,2149812912.0,attack,1023
5,2113305182,1719900,2178352464.0,attack,1007
6,2150006358,1719900,2237225416.0,attack,1016
7,2137007534,1719900,2273401158.0,attack,1026
8,2126008710,1726290,2273842310.0,attack,1021
9,2134009886,1719900,2299142072.0,attack,1006
10,2110511062,6039900,2308736524.0,attack,1014
11,2150011977,1819800,2373587476.0,attack,1020
12,2134013414,1719900,2396368128.0,attack,1002
13,2076614280,1701800,2405068280.0,normal,1046
14,2134015766,1719900,2456355432.0,attack,1026
15,2111516942,19419900,2447117424.0,attack,1027
16,2113318118,1719900,2449433316.0,attack,1017
17,2113319294,1719900,2467345668.0,attack,1007
18,2113320470,1719900,2480233020.0,attack,1001
19,2109621646,8909900,2513909872.0,attack,1009
20,2089322344,1700100,2547917024.0,normal,1040
21,2137023998,1719900,2569786976.0,attack,1028
22,2134025174,1719900,2590686158.0,attack,1004
23,2076425800,1684800,2590108510.0,normal,1041
24,2137027526,1750100,2647390862.0,attack,1021
25,2150028105,1820600,2709316814.0,attack,1010
26,2137029878,1719900,2683484066.0,attack,1023
27,2107391054,8909900,2681552718.0,attack,1032
28,2113132230,1719900,2705515070.0,attack,1003
29,2076432712,1684800,2737785222.0,normal,1050
30,2126034582,1719900,2777154074.0,attack,1009
31,2150035758,1719900,2834531226.0,attack,1029
32,2126036934,1719900,2848595378.0,attack,1027
33,2134038110,1719900,2889894530.0,attack,1031
34,2134039286,1719900,2920159682.0,attack,1011
35,2126040462,1719900,2905698334.0,attack,1015
36,2137041638,1719900,2953343286.0,attack,1011
37,2134042814,1719900,2988402378.0,attack,1031
38,2134043990,1719900,3008438030.0,attack,1010
39,2137045166,1719900,3036017182.0,attack,1026
40,2089345384,1684800,3023426234.0,normal,1047
41,2113347518,1719900,3035051386.0,attack,1028
42,2150047689,37084800,3164971138.0,attack,1011
43,2150048840,1684800,3192350050.0,normal,1042
44,2134051046,1719900,3176281202.0,attack,1011
45,2126052222,1719900,3197286354.0,attack,1021
46,2113052296,1684800,3226190106.0,normal,1046
47,2076653448,1684800,3203663958.0,normal,1039
48,2076254600,1687930,3206155010.0,normal,1046
49,2113156926,1719900,3219253162.0,attack,1007
50,2113158102,1719900,3228933114.0,attack,1025
