block_id,total_gas,total_mev_captured,block_bid,builder_type,builder_id
1,833373064,697400,583660918.6037313,attack,2421
2,2150000968,1553300,2227960034.940525,attack,2404
3,2150002144,1553300,2241127588.0,attack,2420
4,2150003320,1553300,2299097340.0,attack,2424
5,2150004496,1553300,2288565692.0,attack,2423
6,2134005672,1553300,2278510044.0,attack,2424
7,2137006848,1553300,2320419196.0,attack,2432
8,2134008024,1553300,2331191068.0,attack,2422
9,2126009200,1875300,2319202020.0,attack,2409
10,2126010376,1553300,2342486872.0,attack,2422
11,2126011552,1553300,2357324824.0,attack,2402
12,2150012728,1553300,2455268196.0,attack,2415
13,2121013608,1521600,2457777388.0,normal,2441
14,2150015080,1553300,2488130540.0,attack,2402
15,2150016256,1553300,2514678692.0,attack,2408
16,2126017432,1553300,2494046344.0,attack,2411
17,2126018608,1553300,2508276186.0,attack,2436
18,2121019368,36921600,2617623538.0,attack,2422
19,2150020960,1553300,2624155590.0,attack,2418
20,2150022136,1553300,2660768642.0,attack,2404
21,2137023312,1553300,2638431934.0,attack,2403
22,2150024488,1553300,2699119986.0,attack,2438
23,2137025664,1553300,2675618478.0,attack,2409
24,2134026840,1553300,2729961530.0,attack,2417
25,2118027432,1521600,2782134712.0,normal,2448
26,2134029192,1553300,2796012564.0,attack,2437
27,2118029736,1521600,2792397616.0,normal,2450
28,2126031544,1553300,2765114768.0,attack,2430
29,2065782040,36921600,2775292620.0,normal,2447
30,2150033896,1553300,2802246262.0,attack,2411
31,2150035072,1553300,2860755414.0,attack,2434
32,2137036248,1553300,2896963366.0,attack,2409
33,2134037424,1553300,2904105318.0,attack,2421
34,2107138600,19253300,2897442770.0,attack,2428
35,2108138952,8711600,2949878522.0,normal,2443
36,2150040952,1553300,3044096674.0,attack,2429
37,2124041256,1521600,3046863026.0,normal,2443
38,2137043304,1553300,3043993158.0,attack,2438
39,2121043560,1521600,3068286630.0,normal,2443
40,2083264712,8832600,3045180482.0,normal,2441
41,2113346832,1553300,3042639834.0,attack,2437
42,2126048008,1553300,3087675086.0,attack,2430
43,2150049184,1553300,3135915238.0,attack,2401
44,2150050360,1553300,3181959670.0,attack,2418
45,2137051536,1588900,3187944022.0,attack,2430
46,2137052712,1553300,3213048094.0,attack,2401
47,2137053888,1553300,3241139246.0,attack,2426
48,2134055064,1553300,3287563998.0,attack,2422
49,2134056240,1553300,3304920450.0,attack,2428
50,2126056232,1521600,3358367122.0,normal,2446
