block_id,total_gas,total_mev_captured,block_bid,builder_type,builder_id
1,603441025,652000,399251671.7510102,attack,1352
2,2113100821,1744400,1931633646.7393007,attack,1376
3,2134001997,1744400,2140686134.0,attack,1367
4,2112203173,1744400,2139159286.0,attack,1382
5,2126004349,1744400,2180270058.0,attack,1363
6,2126005525,1744400,2212998210.0,attack,1358
7,2134006701,1744400,2244562662.0,attack,1360
8,2126007877,1744400,2255117554.0,attack,1358
9,2113309053,1744400,2267460706.0,attack,1355
10,2137010229,1744400,2323122358.0,attack,1361
11,2150011405,1744400,2353971510.0,attack,1382
12,2113312581,1744400,2338177182.0,attack,1377
13,2150013757,1744400,2416211734.0,attack,1369
14,2076414616,1708800,2403231186.0,normal,1397
15,2150016109,1744400,2490469528.0,attack,1355
16,2134017285,1744400,2488413820.0,attack,1358
17,2126018461,1744400,2496068972.0,attack,1366
18,2137019637,1744400,2561115424.0,attack,1352
19,2150020813,1756700,2617161276.0,attack,1362
20,2110021528,1903800,2628316128.0,normal,1389
21,2134023165,1744400,2663228280.0,attack,1354
22,2134024341,1744400,2659529832.0,attack,1370
23,2150025517,1744400,2707417684.0,attack,1359
24,2107103693,19444400,2695952936.0,attack,1352
25,2089127288,2477800,2726487988.0,normal,1386
26,2150029045,1744400,2762266840.0,attack,1374
27,2113330221,1744400,2743716792.0,attack,1368
28,2097330744,1708800,2793074944.0,normal,1386
29,2150032573,1744400,2826562096.0,attack,1360
30,2134033749,1744400,2824083048.0,attack,1356
31,2150034925,1744400,2855004700.0,attack,1358
32,2134035352,1708800,2905428552.0,normal,1395
33,2126037277,1744400,2909210904.0,attack,1354
34,2150037657,2408800,2975955056.0,attack,1358
35,2126039629,1744400,2956063528.0,attack,1374
36,2137040805,1744400,3007364980.0,attack,1377
37,2126041981,1744400,2997285932.0,attack,1358
38,2137043157,1744400,3061133984.0,attack,1356
39,2134044333,1744400,3056803436.0,attack,1351
40,2126044568,1730600,3090765388.0,normal,1394
41,2137046685,1744400,3076100440.0,attack,1353
42,2137046872,1708800,3162882392.0,normal,1399
43,2126049037,2000400,3152189544.0,attack,1373
44,2108450213,19444400,3159126696.0,attack,1382
45,2085650328,6028800,3159279048.0,normal,1389
46,2113352565,1744400,3158513200.0,attack,1372
47,2137053741,1744400,3203464452.0,attack,1371
48,2107364917,19444400,3220851104.0,attack,1379
49,2089354936,1708800,3238004056.0,normal,1389
50,2150057269,1760100,3301081908.0,attack,1365
