block_id,total_gas,total_mev_captured,block_bid,builder_type,builder_id
1,374539009,153600,244726998.24617368,attack,3230
2,2112200723,627200,2063618600.8594213,attack,3212
3,2150001899,627200,2149787548.0,attack,3212
4,2107133075,7817200,2144396900.0,attack,3234
5,2150004251,627200,2197257052.0,attack,3234
6,2137005427,627200,2209360204.0,attack,3240
7,2113306603,642300,2209537636.0,attack,3233
8,2113307779,627200,2223763588.0,attack,3239
9,2150008761,653800,2340364140.0,attack,3214
10,2150010131,627200,2364516392.0,attack,3208
11,2134011307,627200,2410661744.0,attack,3202
12,2134012483,627200,2416966896.0,attack,3203
13,2126013659,627200,2429750748.0,attack,3233
14,2126014835,627200,2430145290.0,attack,3218
15,2109016011,18327200,2458021742.0,attack,3217
16,2126017187,627200,2455405894.0,attack,3208
17,2134018363,627200,2487860866.0,attack,3230
18,2150019539,627200,2530356648.0,attack,3238
19,2150020715,627200,2654607800.0,attack,3209
20,2137021891,627200,2687682032.0,attack,3233
21,2121022584,614400,2715422284.0,normal,3248
22,2110023736,775400,2714327936.0,normal,3249
23,2126025419,627200,2688719588.0,attack,3215
24,2126026595,627200,2710643380.0,attack,3216
25,2137027771,627200,2750025432.0,attack,3201
26,2126028947,627200,2752122484.0,attack,3224
27,2150029497,726800,2795461336.0,attack,3204
28,2134031299,627200,2811994678.0,attack,3230
29,2126032475,627200,2829109630.0,attack,3223
30,2150033651,627200,2869503482.0,attack,3221
31,2150034827,627200,2897438014.0,attack,3204
32,2137036003,627200,2912259266.0,attack,3228
33,2134037179,627200,2947570618.0,attack,3213
34,2137038355,627200,3016871770.0,attack,3204
35,2137039531,627200,3037614422.0,attack,3234
36,2150040707,627200,3106257214.0,attack,3209
37,2137041883,627200,3116669766.0,attack,3239
38,2118042168,614400,3113341518.0,normal,3242
39,2126044235,627200,3077119670.0,attack,3226
40,2126045411,643600,3101317522.0,attack,3236
41,2134046587,627200,3160886274.0,attack,3229
42,2126047763,977200,3153162126.0,attack,3212
43,2134048939,627200,3219198278.0,attack,3202
44,2126050115,627200,3231367430.0,attack,3209
45,2126051291,627200,3232187382.0,attack,3201
46,2126052467,627200,3265544534.0,attack,3206
47,2126053643,627200,3280637686.0,attack,3230
48,2134054819,627200,3319236838.0,attack,3217
49,2108055995,18327200,3320190490.0,attack,3212
50,2150057171,627200,3370810142.0,attack,3220
