block_id,total_gas,total_mev_captured,block_bid,builder_type,builder_id
1,1009245121,426900,663322708.8564843,attack,2657
2,2107421115,18503600,1809052196.3684144,attack,2652
3,2113102291,803600,2130169312.0,attack,2653
4,2134003467,803600,2181992464.0,attack,2651
5,2126004643,803600,2198643346.0,attack,2656
6,2126005819,803600,2218549698.0,attack,2655
7,2137006995,812120,2277514370.0,attack,2677
8,2126008171,803600,2265186102.0,attack,2656
9,2107309347,7993600,2263514594.0,attack,2676
10,2137010523,803600,2300607746.0,attack,2669
11,2113311699,803600,2290705998.0,attack,2652
12,2113312875,803600,2319799450.0,attack,2658
13,2137014051,803600,2384839402.0,attack,2671
14,2126015227,825400,2376008654.0,attack,2666
15,2107166403,7993600,2382418206.0,attack,2663
16,2108517579,18503600,2418764658.0,attack,2669
17,2113318755,803600,2414714110.0,attack,2656
18,2113119931,803600,2426330362.0,attack,2668
19,2097120664,787200,2477390514.0,normal,2682
20,2076421816,787200,2476051966.0,normal,2683
21,2113123459,803600,2493455218.0,attack,2672
22,2137024635,803600,2576921870.0,attack,2670
23,2134025272,787200,2619737752.0,normal,2690
24,2134026987,803600,2608100704.0,attack,2675
25,2113328163,803600,2610223856.0,attack,2678
26,2076228728,787200,2624050008.0,normal,2686
27,2110029880,787200,2694227100.0,normal,2686
28,2137031691,803600,2692210352.0,attack,2662
29,2150032867,803600,2737202304.0,attack,2654
30,2150034043,803600,2782749556.0,attack,2660
31,2126035219,803600,2757722708.0,attack,2674
32,2150036395,803600,2803618160.0,attack,2677
33,2150037571,803600,2848833112.0,attack,2655
34,2134038747,803600,2879158104.0,attack,2655
35,2134039923,803600,2874984256.0,attack,2661
36,2126041099,803600,2870682108.0,attack,2661
37,2076641400,954700,2893681360.0,normal,2689
38,2150043451,803600,2979275712.0,attack,2653
39,2134044627,803600,2955915384.0,attack,2658
40,2089344856,787200,2981076336.0,normal,2697
41,2113346008,787200,3018383288.0,normal,2696
42,2150047160,847900,3107109840.0,normal,2696
43,2126049331,803600,3050677292.0,attack,2654
44,2113350507,803600,3056252444.0,attack,2670
45,2076450616,787200,3091633596.0,normal,2690
46,2134052859,803600,3168157848.0,attack,2677
47,2134054035,803600,3160470430.0,attack,2676
48,2150055211,803600,3201680582.0,attack,2653
49,2110055224,1239200,3207065734.0,normal,2691
50,2137056376,787200,3283091276.0,normal,2683
