block_id,total_gas,total_mev_captured,block_bid,builder_type,builder_id
1,549285036,204800,347546439.5361931,attack,1606
2,2113100870,627200,1790709177.7274394,attack,1617
3,2137002046,627200,2137315392.0,attack,1620
4,2150003222,627200,2217297744.0,attack,1622
5,2150004398,627200,2267845896.0,attack,1613
6,2150005574,627200,2275758948.0,attack,1622
7,2134006750,627200,2308069700.0,attack,1611
8,2137007926,627200,2338955352.0,attack,1620
9,2150009102,627200,2402816504.0,attack,1620
10,2134010278,627200,2423742256.0,attack,1613
11,2137011454,627200,2448194208.0,attack,1628
12,2134012630,627200,2481952340.0,attack,1612
13,2134013806,627200,2480958492.0,attack,1608
14,2126014982,627200,2475580644.0,attack,1618
15,2137016158,627200,2549894396.0,attack,1618
16,2102016968,614400,2542699348.0,normal,1647
17,2150018510,627200,2586101600.0,attack,1622
18,2126019686,627200,2587436942.0,attack,1630
19,2102020424,614400,2592982894.0,normal,1638
20,2150022038,627200,2677090546.0,attack,1615
21,2121022728,614400,2676099098.0,normal,1632
22,2134024390,627200,2666539250.0,attack,1629
23,2126025566,627200,2661682302.0,attack,1630
24,2126026742,627200,2672143984.0,attack,1610
25,2083137336,18314400,2701227136.0,normal,1640
26,2110629094,7817200,2691136288.0,attack,1619
27,2134030270,627200,2752441240.0,attack,1630
28,2126031446,627200,2757867992.0,attack,1613
29,2113332622,1727200,2758173244.0,attack,1629
30,2150033798,627200,2837482396.0,attack,1614
31,2124034248,614400,2849440748.0,normal,1637
32,2134036150,627200,2826843600.0,attack,1629
33,2113337326,627200,2824625752.0,attack,1629
34,2150038502,627200,2955969904.0,attack,1625
35,2124038856,614400,2950746956.0,normal,1640
36,2126040854,627200,2931830408.0,attack,1619
37,2126042030,627200,2952740960.0,attack,1603
38,2126043206,627200,2958531612.0,attack,1620
39,2137044382,627200,3033050664.0,attack,1624
40,2134045558,627200,3049688916.0,attack,1629
41,2134046734,627200,3054609568.0,attack,1624
42,2150046920,614400,3130435720.0,normal,1636
43,2126049086,649000,3071481472.0,attack,1613
44,2137049224,650000,3182647364.0,normal,1648
45,2110050376,614400,3172613916.0,normal,1639
46,2137052614,627200,3168625268.0,attack,1626
47,2150052681,644600,3293669520.0,attack,1616
48,2124053832,614400,3297101872.0,normal,1647
49,2118054984,629700,3298988024.0,normal,1648
50,2110056136,614400,3265959576.0,normal,1644
