block_id,total_gas,total_mev_captured,block_bid,builder_type,builder_id
1,1572370289,40278000,1119304278.4271367,attack,106
2,2137001409,46991000,2015285037.1474853,attack,127
3,2134002585,46991000,2244689140.0,attack,102
4,2134003761,46991000,2248353292.0,attack,112
5,2134004937,46991000,2249492444.0,attack,114
6,2113306113,46991000,2244574236.0,attack,117
7,2113307289,46991000,2256271018.0,attack,115
8,2113308465,46991000,2284977370.0,attack,126
9,2126009641,46996640,2332652792.0,attack,119
10,2126010817,46991000,2363846404.0,attack,113
11,2126011993,46991000,2370177556.0,attack,131
12,2134013169,46991000,2405015108.0,attack,111
13,2137014345,46991000,2457810260.0,attack,112
14,2150015521,46991000,2547907012.0,attack,109
15,2121016344,46092700,2583190764.0,normal,141
16,2134017873,46991000,2584830216.0,attack,108
17,2118018648,46032000,2576112768.0,normal,149
18,2110019800,46032000,2568596020.0,normal,139
19,2134021401,46991000,2575827172.0,attack,128
20,2134022577,46991000,2598972754.0,attack,102
21,2107363753,64691000,2618825906.0,attack,126
22,2150024929,46991000,2692773058.0,attack,130
23,2089325560,46032000,2680124240.0,normal,137
24,2137027281,46991000,2730545092.0,attack,115
25,2134028457,48091000,2760649244.0,attack,103
26,2110029016,46032000,2794582796.0,normal,149
27,2113330809,46991000,2783553948.0,attack,108
28,2150031985,46991000,2845384300.0,attack,121
29,2134033161,46991000,2859518552.0,attack,122
30,2076633624,46032000,2865254804.0,normal,137
31,2137035513,46991000,2921800256.0,attack,111
32,2089335928,46032000,2915458208.0,normal,136
33,2097337080,46032000,2930856300.0,normal,137
34,2113139041,47025700,2925871902.0,attack,131
35,2137040217,46991000,2974696054.0,attack,109
36,2113141393,47022700,2969909106.0,attack,135
37,2076441688,46037630,2989358778.0,normal,145
38,2124042840,46032000,3077979400.0,normal,142
39,2134044921,46991000,3067284552.0,attack,101
40,2134046097,46991000,3091648804.0,attack,122
41,2126047273,46991000,3083846656.0,attack,129
42,2137048449,46991000,3170878208.0,attack,104
43,2137049625,46991000,3166299860.0,attack,120
44,2150050801,46991000,3206766012.0,attack,117
45,2089350904,46032000,3187793664.0,normal,140
46,2076252056,46032000,3180997016.0,normal,136
47,2126054329,46991000,3207583468.0,attack,109
48,2134055505,46991000,3286042520.0,attack,131
49,2126056681,46991000,3280092572.0,attack,110
50,2126056664,46032000,3335299504.0,normal,147
