block_num,validator_id,validator_capital,validator_restaking_factor,total_gas_fee,total_mev_available,block_reward,is_attacker,num_validator_nodes
0,validator_23,96730141530,True,710600000,19541530,730141530,False,3
1,validator_6,161149871964,True,1134499984,15371980,1149871964,True,5
2,validator_22,96631069510,True,583900000,47169510,631069510,False,3
3,validator_8,160655652940,True,647900000,7752940,655652940,False,5
4,validator_87,32595256980,True,551000000,44256980,595256980,False,1
5,validator_1,257397568357,True,1337959997,59608360,1397568357,True,8
6,validator_62,32794692881,True,701184001,93508880,794692881,True,1
7,validator_0,256968462641,True,853468001,114994640,968462641,True,8
8,validator_66,32611705504,True,538598004,73107500,611705504,True,1
9,validator_11,160547297990,True,499900000,47397990,547297990,False,5
10,validator_63,33000489143,True,914560003,85929140,1000489143,True,1
11,validator_2,256468358990,True,411000000,57358990,468358990,False,8
12,validator_78,32590202370,True,558500000,31702370,590202370,False,1
13,validator_40,64621716340,True,602300000,19416340,621716340,False,2
14,validator_16,96890249528,True,825157998,65091530,890249528,True,3
15,validator_2,257063064790,True,566300000,28405800,594705800,False,8
16,validator_45,33206821764,True,1119046004,87775760,1206821764,True,1
17,validator_1,258602631992,True,1175946005,29117630,1205063635,True,8
18,validator_2,257656999910,True,557900000,36035120,593935120,False,8
19,validator_23,97293720710,True,497000000,66579180,563579180,False,3
20,validator_52,33020808047,True,917299997,103508050,1020808047,True,1
21,validator_0,258066449073,True,988065992,109920440,1097986432,True,8
22,validator_33,64938432862,True,803088002,135344860,938432862,True,2
23,validator_39,64692205620,True,676200000,16005620,692205620,False,2
24,validator_20,96508784770,True,460700000,48084770,508784770,False,3
25,validator_66,34105397557,True,1443719993,49972060,1493692053,True,1
26,validator_7,161358927593,True,1244428003,114499590,1358927593,True,5
27,validator_27,64921327438,True,792280008,129047430,921327438,True,2
28,validator_72,32528885400,True,502900000,25985400,528885400,False,1
29,validator_8,161287656850,True,575700000,56303910,632003910,False,5
30,validator_10,160706747090,True,659700000,47047090,706747090,False,5
31,validator_62,33912042503,True,1040619992,76729630,1117349622,True,1
32,validator_28,64911490399,True,872939999,38550400,911490399,True,2
33,validator_17,96922001116,True,839419996,82581120,922001116,True,3
34,validator_86,32732131290,True,702800000,29331290,732131290,False,1
35,validator_9,160541472030,True,502400000,39072030,541472030,False,5
36,validator_87,33152637200,True,503200000,54180220,557380220,False,1
37,validator_66,35089681124,True,900060007,84223560,984283567,True,1
38,validator_9,161109073900,True,551500000,16101870,567601870,False,5
39,validator_2,258266768100,True,581000000,28768190,609768190,False,8
40,validator_19,96475857600,True,453400000,22457600,475857600,False,3
41,validator_23,97907298490,True,603500000,10077780,613577780,False,3
42,validator_6,162153707660,True,930340006,73495690,1003835696,True,5
43,validator_9,161701924030,True,577500000,15350130,592850130,False,5
44,validator_7,162616097901,True,1134879998,122290310,1257170308,True,5
45,validator_29,64750752994,True,616434014,134318980,750752994,True,2
46,validator_69,32942334407,True,867268007,75066400,942334407,True,1
47,validator_18,96775887290,True,739400000,36487290,775887290,False,3
48,validator_18,97254098070,True,458200000,20010780,478210780,False,3
49,validator_6,163273333882,True,974014002,145612220,1119626222,True,5
50,validator_84,32745529130,True,707500000,38029130,745529130,False,1
51,validator_11,161223232740,True,615400000,60534750,675934750,False,5
52,validator_41,64526121090,True,502000000,24121090,526121090,False,2
53,validator_30,65117871595,True,1006356005,111515590,1117871595,True,2
54,validator_98,32464620380,True,444900000,19720380,464620380,False,1
55,validator_29,65921836661,True,1082339997,88743670,1171083667,True,2
56,validator_17,97895732844,True,864386008,109345720,973731728,True,3
57,validator_6,164171167540,True,843419998,54413660,897833658,True,5
58,validator_1,259468730391,True,778443989,87654410,866098399,True,8
59,validator_88,32642744530,True,594800000,47944530,642744530,False,1
60,validator_6,165215145785,True,1003390005,40588240,1043978245,True,5
61,validator_50,32981420003,True,845035993,136384010,981420003,True,1
62,validator_5,160905199346,True,890239986,14959360,905199346,True,5
63,validator_97,32759710020,True,725300000,34410020,759710020,False,1
64,validator_50,34094029301,True,1034616008,77993290,1112609298,True,1
65,validator_4,160865615903,True,761243993,104371910,865615903,True,5
66,validator_0,259158499868,True,1052040005,40010790,1092050795,True,8
67,validator_16,97949823890,True,981420012,78154350,1059574362,True,3
68,validator_67,33154782965,True,1044500015,110282950,1154782965,True,1
69,validator_42,64607774340,True,556900000,50874340,607774340,False,2
70,validator_66,35884485637,True,657724003,137080510,794804513,True,1
71,validator_3,256780889230,True,728600000,52289230,780889230,False,8
72,validator_47,32764793700,True,703206000,61587700,764793700,True,1
73,validator_8,161881049560,True,573900000,19492710,593392710,False,5
74,validator_97,33307081920,True,529900000,17471900,547371900,False,1
75,validator_96,32672636690,True,640400000,32236690,672636690,False,1
76,validator_56,33317145198,True,1189485998,127659200,1317145198,True,1
77,validator_50,35094107856,True,849373995,150704560,1000078555,True,1
78,validator_58,33105887501,True,1045420001,60467500,1105887501,True,1
79,validator_81,32696347900,True,684600000,11747900,696347900,False,1
80,validator_9,162438094250,True,674700000,61470220,736170220,False,5
81,validator_2,258667490390,True,372330000,28392290,400722290,False,8
82,validator_67,34211307756,True,961899991,94624800,1056524791,True,1
83,validator_25,65001089937,True,915606007,85483930,1001089937,True,2
84,validator_9,163071239920,True,568600000,64545670,633145670,False,5
85,validator_30,66452906950,True,1254912005,80123350,1335035355,True,2
86,validator_5,161956996091,True,894970005,156826740,1051796745,True,5
87,validator_10,161271864490,True,531300000,33817400,565117400,False,5
88,validator_32,65270305142,True,1199880002,70425140,1270305142,True,2
89,validator_6,166261175418,True,990980003,55049630,1046029633,True,5
90,validator_35,64483053310,True,410700000,72353310,483053310,False,2
91,validator_25,66533703251,True,1485094004,47519310,1532613314,True,2
92,validator_2,259206424330,True,489200000,49733940,538933940,False,8
93,validator_73,32639817580,True,590900000,48917580,639817580,False,1
94,validator_6,167030797096,True,707096008,62525670,769621678,True,5
95,validator_2,259853799760,True,623900000,23475430,647375430,False,8
96,validator_94,32622644720,True,606600000,16044720,622644720,False,1
97,validator_23,98544301040,True,617300000,19702550,637002550,False,3
98,validator_68,32993510699,True,954705999,38804700,993510699,True,1
99,validator_1,260574615322,True,982800001,123084930,1105884931,True,8
100,validator_5,162865303239,True,833133998,75173150,908307148,True,5
101,validator_81,33444417770,True,710200000,37869870,748069870,False,1
102,validator_6,167976913179,True,842413993,103702090,946116083,True,5
103,validator_36,64663751180,True,648500000,15251180,663751180,False,2
104,validator_1,261798786884,True,1129626012,94545550,1224171562,True,8
105,validator_17,98871404121,True,857905997,117765280,975671277,True,3
106,validator_37,64477853070,True,440300000,37553070,477853070,False,2
107,validator_91,32564216460,True,513600000,50616460,564216460,False,1
108,validator_18,98109778870,True,846600000,9080800,855680800,False,3
109,validator_68,33936194382,True,846420003,96263680,942683683,True,1
110,validator_0,259815719038,True,593300000,63919170,657219170,True,8
111,validator_30,67576053266,True,1013633996,109512320,1123146316,True,2
112,validator_77,32628665320,True,570600000,58065320,628665320,False,1
113,validator_88,33239784620,True,576600000,20440090,597040090,False,1
114,validator_36,65181158870,True,478100000,39307690,517407690,False,2
115,validator_8,162525459470,True,614800000,29609910,644409910,False,5
116,validator_2,260608820540,True,691500000,63520780,755020780,False,8
117,validator_1,262782599031,True,930080007,53732140,983812147,True,8
118,validator_21,96715251360,True,663900000,51351360,715251360,False,3
119,validator_4,161875127089,True,887224006,122287180,1009511186,True,5
120,validator_37,65321146130,True,825500000,17793060,843293060,False,2
121,validator_30,68245086737,True,581156001,87877470,669033471,True,2
122,validator_73,33314950510,True,631800000,43332930,675132930,False,1
123,validator_1,263518921542,True,678100001,58222510,736322511,True,8
124,validator_44,33032336067,True,931288007,101048060,1032336067,True,1
125,validator_4,162722625142,True,763140003,84358050,847498053,True,5
126,validator_39,65440848170,True,714900000,33742550,748642550,False,2
127,validator_84,33337171960,True,552100000,39542830,591642830,False,1
128,validator_67,35372589332,True,1006290006,154991570,1161281576,True,1
129,validator_10,161711620020,True,398900000,40855530,439755530,False,5
130,validator_95,32422034890,True,392300000,29734890,422034890,False,1
131,validator_1,264285967647,True,649454005,117592100,767046105,True,8
132,validator_83,32563242600,True,550600000,12642600,563242600,False,1
133,validator_48,32743976121,True,624128001,119848120,743976121,True,1
134,validator_13,97134976474,True,1058600004,76376470,1134976474,True,3
135,validator_31,65233450757,True,1154640007,78810750,1233450757,True,2
136,validator_2,261226369900,True,585000000,32549360,617549360,False,8
137,validator_15,96800693777,True,709787997,90905780,800693777,True,3
138,validator_1,265733772646,True,1351079999,96725000,1447804999,True,8
139,validator_33,66255665280,True,1245859998,71372420,1317232418,True,2
140,validator_38,64927630480,True,863700000,63930480,927630480,False,2
141,validator_14,97037334776,True,940880006,96454770,1037334776,True,3
142,validator_56,34702739674,True,1289579996,96014480,1385594476,True,1
143,validator_98,33140193180,True,637600000,37972800,675572800,False,1
144,validator_66,36766511857,True,809380000,72646220,882026220,True,1
145,validator_1,266778082937,True,980180001,64130290,1044310291,True,8
146,validator_42,65238496380,True,603100000,27622040,630722040,False,2
147,validator_41,65213538690,True,598900000,88517600,687417600,False,2
148,validator_2,261822331050,True,575400000,20561150,595961150,False,8
149,validator_7,163615135315,True,913588004,85449410,999037414,True,5
150,validator_2,262547309960,True,667500000,57478910,724978910,False,8
151,validator_12,96911118454,True,812568004,98550450,911118454,True,3
152,validator_89,32611643650,True,559100000,52543650,611643650,False,1
153,validator_2,263193193660,True,619100000,26783700,645883700,False,8
154,validator_58,34481101278,True,1292300007,82913770,1375213777,True,1
155,validator_1,268021555330,True,1178319993,65152400,1243472393,True,8
156,validator_41,65759966730,True,514910000,31518040,546428040,False,2
157,validator_3,257282034230,True,467600000,33545000,501145000,False,8
158,validator_34,64693056020,True,672500000,20556020,693056020,False,2
159,validator_3,258040216300,True,721900000,36282070,758182070,False,8
160,validator_2,263916150080,True,655200000,67756420,722956420,False,8
161,validator_14,98275353919,True,1163174003,74845140,1238019143,True,3
162,validator_33,66968877817,True,598199997,115012540,713212537,True,2
163,validator_78,33175849870,True,557900000,27747500,585647500,False,1
164,validator_3,258701098230,True,627700000,33181930,660881930,False,8
165,validator_76,32728851080,True,664100000,64751080,728851080,False,1
166,validator_2,264706423090,True,736600000,53673010,790273010,False,8
167,validator_28,66093540335,True,1084747996,97301940,1182049936,True,2
168,validator_6,169021112754,True,940139995,104059580,1044199575,True,5
169,validator_28,66889262315,True,741834010,53887970,795721980,True,2
170,validator_9,163802064140,True,699200000,31624220,730824220,False,5
171,validator_6,169872411283,True,748139999,103158530,851298529,True,5
172,validator_23,99095024940,True,486000000,64723900,550723900,False,3
173,validator_37,66044377450,True,709700000,13531320,723231320,False,2
174,validator_3,259450481230,True,692000000,57383000,749383000,False,8
175,validator_9,164368391120,True,557100000,9226980,566326980,False,5
176,validator_3,260060498670,True,567280000,42737440,610017440,False,8
177,validator_15,97630732079,True,740999992,89038310,830038302,True,3
178,validator_11,161832439790,True,584000000,25207050,609207050,False,5
179,validator_86,33330434770,True,567000000,31303480,598303480,False,1
180,validator_15,98913285460,True,1119083991,163469390,1282553381,True,3
181,validator_72,33102095370,True,536500000,36709970,573209970,False,1
182,validator_19,97127794290,True,635200000,16736690,651936690,False,3
183,validator_32,66205575476,True,809099994,126170340,935270334,True,2
184,validator_94,33295772060,True,608600000,64527340,673127340,False,1
185,validator_5,163941785723,True,1056740004,19742480,1076482484,True,5
186,validator_0,260983172451,True,1067857993,99595420,1167453413,True,8
187,validator_85,32513646520,True,470180000,43466520,513646520,False,1
188,validator_40,65273316810,True,594800000,56800470,651600470,False,2
189,validator_8,163051061970,True,498500000,27102500,525602500,False,5
190,validator_58,35283029168,True,711438010,90489880,801927890,True,1
191,validator_18,98736007360,True,572400000,53828490,626228490,False,3
192,validator_7,164797334130,True,1049141995,133056820,1182198815,True,5
193,validator_87,33827277880,True,616400000,58240680,674640680,False,1
194,validator_1,268847258508,True,762339998,63363180,825703178,True,8
195,validator_24,65178065683,True,1067988003,110077680,1178065683,True,2
196,validator_10,162359038810,True,627900000,19518790,647418790,False,5
197,validator_68,34889121413,True,872636011,80291020,952927031,True,1
198,validator_41,66351404870,True,563200000,28238140,591438140,False,2
199,validator_35,65059748200,True,537300000,39394890,576694890,False,2
200,validator_24,66630672937,True,1376805994,75801260,1452607254,True,2
201,validator_19,97999023080,True,833500000,37728790,871228790,False,3
202,validator_9,164928685640,True,525200000,35094520,560294520,False,5
203,validator_51,33375491090,True,1284794000,90697090,1375491090,True,1
204,validator_70,33059686970,True,922920000,136766970,1059686970,True,1
205,validator_39,65952116370,True,502200000,9068200,511268200,False,2
206,validator_4,163673859891,True,862439999,88794750,951234749,True,5
207,validator_4,164652345271,True,942740000,35745380,978485380,True,5
208,validator_19,98606543280,True,593100000,14420200,607520200,False,3
209,validator_1,270113782930,True,1166147992,100376430,1266524422,True,8
210,validator_94,33745050270,True,431000000,18278210,449278210,False,1
211,validator_70,33961085296,True,801100006,100298320,901398326,True,1
212,validator_41,66900797950,True,525800000,23593080,549393080,False,2
213,validator_77,33218862170,True,549900000,40296850,590196850,False,1
214,validator_21,97140587930,True,386400000,38936570,425336570,False,3
215,validator_91,33203586110,True,615200000,24169650,639369650,False,1
216,validator_39,66572858720,True,560300000,60442350,620742350,False,2
217,validator_27,66015593529,True,988543991,105722100,1094266091,True,2
218,validator_23,99759644960,True,644800000,19820020,664620020,False,3
219,validator_1,271528248220,True,1258282010,156183280,1414465290,True,8
220,validator_43,64548814420,True,494000000,54814420,548814420,False,2
221,validator_16,99020884409,True,965465999,105594520,1071060519,True,3
222,validator_3,260665687940,True,578100000,27089270,605189270,False,8
223,validator_61,33008647497,True,929359997,79287500,1008647497,True,1
224,validator_57,33287656166,True,1192755996,94900170,1287656166,True,1
225,validator_0,262187679829,True,1086557998,117949380,1204507378,True,8
226,validator_27,66881125033,True,796584004,68947500,865531504,True,2
227,validator_36,65697581420,True,464300000,52122550,516422550,False,2
228,validator_90,32851720720,True,798200000,53520720,851720720,False,1
229,validator_26,65083885640,True,1033860010,50025630,1083885640,True,2
230,validator_1,272779508872,True,1154092012,97168640,1251260652,True,8
231,validator_80,32575667020,True,529800000,45867020,575667020,False,1
232,validator_7,165674318504,True,716550004,160434370,876984374,True,5
233,validator_7,166343509559,True,631339995,37851060,669191055,True,5
234,validator_66,37791416846,True,890500009,134404980,1024904989,True,1
235,validator_79,32628959420,True,571400000,57559420,628959420,False,1
236,validator_29,66988052270,True,987020009,79195600,1066215609,True,2
237,validator_40,65767416460,True,447600000,46499650,494099650,False,2
238,validator_77,33906614660,True,651700000,36052490,687752490,False,1
239,validator_7,167523905354,True,1047217995,133177800,1180395795,True,5
240,validator_23,100310652160,True,535500000,15507200,551007200,False,3
241,validator_13,98293378466,True,1006084012,152317980,1158401992,True,3
242,validator_4,165562028925,True,795204014,114479640,909683654,True,5
243,validator_7,168413683005,True,786937991,102839660,889777651,True,5
244,validator_65,32936825341,True,850966001,85859340,936825341,True,1
245,validator_27,67856572371,True,877369998,98077340,975447338,True,2
246,validator_39,67053086750,True,468300000,11928030,480228030,False,2
247,validator_11,162544586140,True,677000000,35146350,712146350,False,5
248,validator_13,99169736371,True,825859995,50497910,876357905,True,3
249,validator_2,265485585090,True,729400000,49762000,779162000,False,8
250,validator_6,170815375332,True,881327989,61636060,942964049,True,5
251,validator_17,99526071577,True,596564006,58103450,654667456,True,3
252,validator_43,65181896400,True,601900000,31181980,633081980,False,2
253,validator_27,68849654450,True,968094009,24988070,993082079,True,2
254,validator_64,33250037065,True,1138299995,111737070,1250037065,True,1
255,validator_20,97165888820,True,634700000,22404050,657104050,False,3
256,validator_2,266138453190,True,604600000,48268100,652868100,False,8
257,validator_63,33768522921,True,704540008,63493770,768033778,True,1
258,validator_1,274182311482,True,1296120000,106682610,1402802610,True,8
259,validator_5,165350204838,True,1329543995,78875120,1408419115,True,5
260,validator_83,33315534180,True,727700000,24591580,752291580,False,1
261,validator_9,165510219470,True,533700000,47833830,581533830,False,5
262,validator_19,99126819300,True,483000000,37276020,520276020,False,3
263,validator_61,34251147670,True,1204799993,37700180,1242500173,True,1
264,validator_46,33177269893,True,1098029993,79239900,1177269893,True,1
265,validator_7,169793230004,True,1322219989,57327010,1379546999,True,5
266,validator_0,263195777358,True,941400009,66697520,1008097529,True,8
267,validator_96,33286024260,True,581700000,31687570,613387570,False,1
268,validator_8,163817225510,True,722200000,43963540,766163540,False,5
269,validator_44,33863169457,True,722680000,108153390,830833390,True,1
270,validator_38,65547427580,True,572940000,46857100,619797100,False,2
271,validator_39,67891606300,True,820000000,18519550,838519550,False,2
272,validator_8,164638996990,True,770500000,51271480,821771480,False,5
273,validator_8,165340714480,True,674800000,26917490,701717490,False,5
274,validator_37,66631922120,True,512200000,75344670,587544670,False,2
275,validator_51,34348786350,True,872972010,100323250,973295260,True,1
276,validator_92,32756360010,True,650800000,105560010,756360010,False,1
277,validator_0,264240033342,True,909746004,134509980,1044255984,True,8
278,validator_1,275524832163,True,1209600001,132920680,1342520681,True,8
279,validator_11,163105201040,True,531110000,29504900,560614900,False,5
280,validator_57,34273454663,True,876043997,109754500,985798497,True,1
281,validator_25,67516246583,True,897154002,85389330,982543332,True,2
282,validator_29,68328173415,True,1270519995,69601150,1340121145,True,2
283,validator_25,68592067765,True,929956002,145865180,1075821182,True,2
284,validator_9,166355524720,True,811500000,33805250,845305250,False,5
285,validator_11,163749667500,True,617700000,26766460,644466460,False,5
286,validator_4,166502553863,True,876140018,64384920,940524938,True,5
287,validator_14,99596301499,True,1200346010,120601570,1320947580,True,3
288,validator_22,97302990740,True,627840000,44081230,671921230,False,3
289,validator_9,166945718060,True,572000000,18193340,590193340,False,5
290,validator_2,266559870960,True,373000000,48417770,421417770,False,8
291,validator_4,167377789993,True,781504000,93732130,875236130,True,5
292,validator_61,35252739738,True,952007998,49584070,1001592068,True,1
293,validator_21,97611574180,True,449000000,21986250,470986250,False,3
294,validator_30,69263916106,True,940927999,77901370,1018829369,True,2
295,validator_63,34832722070,True,1006077999,58121150,1064199149,True,1
296,validator_11,164373701450,True,555900000,68133950,624033950,False,5
297,validator_43,65701166810,True,487900000,31370410,519270410,False,2
298,validator_10,162998676580,True,591700000,47937770,639637770,False,5
299,validator_45,34093469676,True,829060002,57587910,886647912,True,1
300,validator_53,33293970346,True,1232849996,61120350,1293970346,True,1
301,validator_2,267219302360,True,589200000,70231400,659431400,False,8
302,validator_79,33267467170,True,579600000,58907750,638507750,False,1
303,validator_35,65789836480,True,685600000,44488280,730088280,False,2
304,validator_82,32586190920,True,499100000,87090920,586190920,False,1
305,validator_26,65996574112,True,813439992,99248480,912688472,True,2
306,validator_44,34830669548,True,882074001,85426090,967500091,True,1
307,validator_73,33893420310,True,558400000,20069800,578469800,False,1
308,validator_43,66506521760,True,790100000,15254950,805354950,False,2
309,validator_21,98347930430,True,700600000,35756250,736356250,False,3
310,validator_75,32550200580,True,484100000,66100580,550200580,False,1
311,validator_15,100001176458,True,997799998,90091000,1087890998,True,3
312,validator_1,276354573887,True,757100004,72641720,829741724,True,8
313,validator_6,171740560777,True,749770005,175415440,925185445,True,5
314,validator_36,66371770690,True,625000000,49189270,674189270,False,2
315,validator_9,167570462960,True,565400000,59344900,624744900,False,5
316,validator_27,69900905066,True,956079996,95170620,1051250616,True,2
317,validator_30,70133454637,True,828800001,40738530,869538531,True,2
318,validator_27,70697790457,True,674431991,122453400,796885391,True,2
319,validator_42,65953500010,True,640100000,74903630,715003630,False,2
320,validator_97,34253483070,True,918200000,28201150,946401150,False,1
321,validator_41,67559276370,True,615100000,43378420,658478420,False,2
322,validator_19,99688326540,True,521900000,39607240,561507240,False,3
323,validator_3,261173966090,True,472700000,35578150,508278150,False,8
324,validator_40,66396805000,True,579600000,49788540,629388540,False,2
325,validator_36,66958499930,True,560700000,26029240,586729240,False,2
326,validator_8,166070679530,True,662600000,67365050,729965050,False,5
327,validator_1,277162398612,True,738400005,69424720,807824725,True,8
328,validator_51,35511098018,True,1039995998,122315670,1162311668,True,1
329,validator_21,98876332740,True,472000000,56402310,528402310,False,3
330,validator_38,66205773510,True,620200000,38145930,658345930,False,2
331,validator_62,34807156997,True,831859994,63254500,895114494,True,1
332,validator_2,267663869950,True,428200000,16367590,444567590,False,8
333,validator_88,34046721310,True,766100000,40836690,806936690,False,1
334,validator_14,100601799869,True,886883990,118614380,1005498370,True,3
335,validator_5,166242456658,True,818360000,73891820,892251820,True,5
336,validator_24,67424847535,True,654763988,139410610,794174598,True,2
337,validator_10,163642542690,True,585500000,58366110,643866110,False,5
338,validator_5,167398540411,True,1086600003,69483750,1156083753,True,5
339,validator_78,33904500420,True,708300000,20350550,728650550,False,1
340,validator_20,97704181820,True,504600000,33693000,538293000,False,3
341,validator_20,98448788830,True,698800000,45807010,744607010,False,3
342,validator_0,265069126586,True,714220004,114873240,829093244,True,8
343,validator_36,67644065730,True,666000000,19565800,685565800,False,2
344,validator_9,168343690350,True,720900000,52327390,773227390,False,5
345,validator_20,99110819940,True,627400000,34631110,662031110,False,3
346,validator_15,101256205574,True,1171719996,83309120,1255029116,True,3
347,validator_0,266202846283,True,973947997,159771700,1133719697,True,8
348,validator_99,32645781620,True,602100000,43681620,645781620,False,1
349,validator_6,172748506099,True,969324002,38621320,1007945322,True,5
350,validator_85,33285248540,True,662800000,108802020,771602020,False,1
351,validator_47,33973833225,True,1108185995,100853530,1209039525,True,1
352,validator_5,168379953315,True,927420004,53992900,981412904,True,5
353,validator_17,100590329706,True,950246009,114012120,1064258129,True,3
354,validator_17,101778333609,True,1153059993,34943910,1188003903,True,3
355,validator_83,33965335040,True,595000000,54800860,649800860,False,1
356,validator_0,266964435412,True,691023999,70565130,761589129,True,8
357,validator_31,66366216222,True,1037046005,95719460,1132765465,True,2
358,validator_9,169032632970,True,651900000,37042620,688942620,False,5
359,validator_89,33230804140,True,569200000,49960490,619160490,False,1
360,validator_18,99333978130,True,559500000,38470770,597970770,False,3
361,validator_14,101637394045,True,955313996,80280180,1035594176,True,3
362,validator_32,66965900510,True,704866004,55459030,760325034,True,2
363,validator_50,35940898854,True,767659998,79131000,846790998,True,1
364,validator_9,169489172930,True,390600000,65939960,456539960,False,5
365,validator_2,268168233010,True,456000000,48363060,504363060,False,8
366,validator_6,173683605221,True,839940002,95159120,935099122,True,5
367,validator_32,68132559506,True,1042979996,123679000,1166658996,True,2
368,validator_17,102820112053,True,970380004,71398440,1041778444,True,3
369,validator_9,170162749210,True,655100000,18476280,673576280,False,5
370,validator_35,66357929140,True,558900000,9192660,568092660,False,2
371,validator_8,166513833590,True,385200000,57954060,443154060,False,5
372,validator_16,100204860272,True,1078920003,105055860,1183975863,True,3
373,validator_4,168023481699,True,604793996,40897710,645691706,True,5
374,validator_0,267928628237,True,902019995,62172830,964192825,True,8
375,validator_85,33769885040,True,467210000,17426500,484636500,False,1
376,validator_98,33854405110,True,694300000,19911930,714211930,False,1
377,validator_31,67495894928,True,1027014006,102664700,1129678706,True,2
378,validator_75,33384138680,True,808800000,25138100,833938100,False,1
379,validator_51,36592326517,True,1003735999,77492500,1081228499,True,1
380,validator_1,278121832068,True,855145996,104287460,959433456,True,8
381,validator_14,102670418064,True,885129999,147894020,1033024019,True,3
382,validator_64,34064906426,True,714380001,100489360,814869361,True,1
383,validator_61,36055988096,True,754127998,49120360,803248358,True,1
384,validator_67,36113086513,True,644798011,95699170,740497181,True,1
385,validator_6,174341347736,True,583044005,74698510,657742515,True,5
386,validator_0,269268377335,True,1285203988,54545110,1339749098,True,8
387,validator_27,71736321452,True,930661995,107869000,1038530995,True,2
388,validator_38,66861299930,True,583200000,72326420,655526420,False,2
389,validator_32,68990175238,True,699320002,158295730,857615732,True,2
390,validator_4,169063446404,True,951519995,88444710,1039964705,True,5
391,validator_5,169218793366,True,771565991,67274060,838840051,True,5
392,validator_37,67341852650,True,628500000,81430530,709930530,False,2
393,validator_11,165060416020,True,615700000,71014570,686714570,False,5
394,validator_10,164213390620,True,536300000,34547930,570847930,False,5
395,validator_4,169940233443,True,749999989,126787050,876787039,True,5
396,validator_0,270164178312,True,795565997,100234980,895800977,True,8
397,validator_28,67838407246,True,899160001,49984930,949144931,True,2
398,validator_28,68876311278,True,954120002,83784030,1037904032,True,2
399,validator_9,170674611090,True,489700000,22161880,511861880,False,5
400,validator_62,35798824417,True,928828000,62839420,991667420,True,1
401,validator_22,98211117660,True,876500000,31626920,908126920,False,3
402,validator_7,170989107814,True,1044166000,151711810,1195877810,True,5
403,validator_22,98825418480,True,584400000,29900820,614300820,False,3
404,validator_0,271231848693,True,1010940001,56730380,1067670381,True,8
405,validator_3,261751807210,True,514200000,63641120,577841120,False,8
406,validator_43,67032269870,True,496100000,29648110,525748110,False,2
407,validator_42,66732280180,True,733900000,44880170,778780170,False,2
408,validator_43,67591967080,True,537900000,21797210,559697210,False,2
409,validator_66,38927373924,True,1073139998,62817080,1135957078,True,1
410,validator_40,67406168180,True,952200000,57163180,1009363180,False,2
411,validator_28,69993919367,True,1036398009,81210080,1117608089,True,2
412,validator_19,100448363420,True,699400000,60636880,760036880,False,3
413,validator_45,34926054645,True,766109989,66474980,832584969,True,1
414,validator_1,279393050760,True,1181280002,89938690,1271218692,True,8
415,validator_35,66790635040,True,373900000,58805900,432705900,False,2
416,validator_21,99521776590,True,575600000,69843850,645443850,False,3
417,validator_5,170232297904,True,912971998,100532540,1013504538,True,5
418,validator_99,33408307590,True,721400000,41125970,762525970,False,1
419,validator_76,33241777550,True,465500000,47426470,512926470,False,1
420,validator_26,66763756825,True,652822003,114360710,767182713,True,2
421,validator_33,68265426524,True,1172145997,124402710,1296548707,True,2
422,validator_6,175467866843,True,1013526007,112993100,1126519107,True,5
423,validator_12,97738811621,True,711839987,115853180,827693167,True,3
424,validator_63,35789896199,True,799985999,157188130,957174129,True,1
425,validator_17,103799627020,True,885303997,94210970,979514967,True,3
426,validator_14,103668510425,True,869329991,128762370,998092361,True,3
427,validator_90,33413204820,True,527300000,34184100,561484100,False,1
428,validator_8,167164199980,True,618800000,31566390,650366390,False,5
429,validator_84,33879865280,True,518300000,24393320,542693320,False,1
430,validator_57,35323861325,True,971582002,78824660,1050406662,True,1
431,validator_40,67976364510,True,528600000,41596330,570196330,False,2
432,validator_51,37730924093,True,1037493986,101103590,1138597576,True,1
433,validator_16,101166148861,True,880080009,81208580,961288589,True,3
434,validator_25,69284710849,True,571747994,120895090,692643084,True,2
435,validator_20,99733196700,True,596300000,26076760,622376760,False,3
436,validator_68,35997957917,True,1033713994,75122510,1108836504,True,1
437,validator_89,33771561300,True,513300000,27457160,540757160,False,1
438,validator_0,272141647744,True,766281991,143517060,909799051,True,8
439,validator_13,100198871057,True,951660006,77474680,1029134686,True,3
440,validator_1,280480928444,True,1010573994,77303690,1087877684,True,8
441,validator_20,100376058990,True,585290000,57572290,642862290,False,3
442,validator_69,34146253735,True,1156339998,47579330,1203919328,True,1
443,validator_12,98833950187,True,952444006,142694560,1095138566,True,3
444,validator_0,273168155913,True,1006379999,20128170,1026508169,True,8
445,validator_29,69410303831,True,1026648006,55482410,1082130416,True,2
446,validator_11,165807291610,True,715100000,31775590,746875590,False,5
447,validator_56,35635393809,True,877119995,55534140,932654135,True,1
448,validator_91,33851838480,True,605300000,42952370,648252370,False,1
449,validator_89,34446586480,True,605400000,69625180,675025180,False,1
450,validator_44,35718248523,True,812720005,74858970,887578975,True,1
451,validator_1,281349457051,True,810320007,58208600,868528607,True,8
452,validator_94,34450559610,True,664100000,41409340,705509340,False,1
453,validator_10,164876358240,True,645300000,17667620,662967620,False,5
454,validator_24,68271480859,True,724925994,121707330,846633324,True,2
455,validator_38,67465389810,True,567700000,36389880,604089880,False,2
456,validator_67,36897333488,True,711455995,72790980,784246975,True,1
457,validator_36,68474325410,True,764300000,65959680,830259680,False,2
458,validator_8,168030969210,True,824900000,41869230,866769230,False,5
459,validator_47,35194319960,True,1163526005,56960730,1220486735,True,1
460,validator_19,101044196530,True,544000000,51833110,595833110,False,3
461,validator_1,282255617176,True,815199995,90960130,906160125,True,8
462,validator_3,262158169230,True,377700000,28662020,406362020,False,8
463,validator_26,67749219255,True,890960010,94502420,985462430,True,2
464,validator_8,168744612240,True,666100000,47543030,713643030,False,5
465,validator_41,68383515180,True,788040000,36198810,824238810,False,2
466,validator_88,34823868050,True,741900000,35246740,777146740,False,1
467,validator_77,34481998490,True,554700000,20683830,575383830,False,1
468,validator_99,34212167640,True,726100000,77760050,803860050,False,1
469,validator_2,268754372240,True,543200000,42939230,586139230,False,8
470,validator_1,283451968764,True,1076917988,119433600,1196351588,True,8
471,validator_9,171567920560,True,848300000,45009470,893309470,False,5
472,validator_32,69949353171,True,825320003,133857930,959177933,True,2
473,validator_96,33942835030,True,629700000,27110770,656810770,False,1
474,validator_70,34889358336,True,836060000,92213040,928273040,True,1
475,validator_11,166348806050,True,524300000,17214440,541514440,False,5
476,validator_49,33018095248,True,943693998,74401250,1018095248,True,1
477,validator_7,171772484972,True,621315988,162061170,783377158,True,5
478,validator_0,274376270381,True,1136279998,71834470,1208114468,True,8
479,validator_3,262893171730,True,692900000,42102500,735002500,False,8
480,validator_4,171199850922,True,1165100009,94517470,1259617479,True,5
481,validator_8,169309253090,True,489100000,75540850,564640850,False,5
482,validator_49,34292572061,True,1129345993,145130820,1274476813,True,1
483,validator_13,100803896397,True,515100010,89925330,605025340,True,3
484,validator_0,275297964422,True,821444001,100250040,921694041,True,8
485,validator_11,167074877630,True,683700000,42371580,726071580,False,5
486,validator_7,172717663156,True,906060014,39118170,945178184,True,5
487,validator_9,172110525200,True,458300000,84304640,542604640,False,5
488,validator_33,69065356793,True,748800009,51130260,799930269,True,2
489,validator_97,34752725400,True,484200000,15042330,499242330,False,1
490,validator_6,176502508502,True,967799999,66841660,1034641659,True,5
491,validator_61,37155644685,True,1015239999,84416590,1099656589,True,1
492,validator_23,100850612060,True,495200000,44759900,539959900,False,3
493,validator_9,172771866390,True,641700000,19641190,661341190,False,5
494,validator_42,67421311990,True,603500000,85531810,689031810,False,2
495,validator_18,100104841150,True,737900000,32963020,770863020,False,3
496,validator_19,101746853040,True,672600000,30056510,702656510,False,3
497,validator_79,33762581400,True,476600000,18514230,495114230,False,1
498,validator_7,173703896501,True,914859995,71373350,986233345,True,5
499,validator_11,167769321410,True,636600000,57843780,694443780,False,5
500,validator_11,168299870510,True,509800000,20749100,530549100,False,5
501,validator_29,70130268371,True,642780000,77184540,719964540,True,2
502,validator_62,36712641178,True,820624001,93192760,913816761,True,1
503,validator_9,173324160680,True,525200000,27094290,552294290,False,5
504,validator_31,68552415574,True,884279996,172240650,1056520646,True,2
505,validator_39,68672698450,True,727400000,53692150,781092150,False,2
506,validator_3,263611792790,True,673100000,45521060,718621060,False,8
507,validator_39,69331869570,True,622000000,37171120,659171120,False,2
508,validator_86,34163081250,True,807300000,25346480,832646480,False,1
509,validator_28,70957381282,True,897095995,66365920,963461915,True,2
510,validator_11,168841582920,True,513800000,27912410,541712410,False,5
511,validator_66,40322396164,True,1336613990,58408250,1395022240,True,1
512,validator_34,65355434440,True,605100000,57278420,662378420,False,2
513,validator_10,165439654790,True,527500000,35796550,563296550,False,5
514,validator_55,32928978008,True,857589998,71388010,928978008,True,1
515,validator_3,264338891800,True,671900000,55199010,727099010,False,8
516,validator_47,36003913626,True,732819996,76773670,809593666,True,1
517,validator_32,71067381176,True,1032700005,85328000,1118028005,True,2
518,validator_42,68101651180,True,649700000,30639190,680339190,False,2
519,validator_1,284183440667,True,682080003,49391900,731471903,True,8
520,validator_18,100739135000,True,586400000,47893850,634293850,False,3
521,validator_7,174755536667,True,956700006,94940160,1051640166,True,5
522,validator_1,285192178861,True,882339994,126398200,1008738194,True,8
523,validator_2,269560874450,True,761200000,45302210,806502210,False,8
524,validator_13,101918010660,True,1008360003,105754260,1114114263,True,3
525,validator_4,172333320479,True,1039663997,93805560,1133469557,True,5
526,validator_29,71133239199,True,844799998,158170830,1002970828,True,2
527,validator_11,169386701450,True,533260000,11858530,545118530,False,5
528,validator_3,265013183240,True,646300000,27991440,674291440,False,8
529,validator_11,170072118170,True,602200000,83216720,685416720,False,5
530,validator_52,33907126326,True,807499999,78818280,886318279,True,1
531,validator_82,33288040940,True,666600000,35250020,701850020,False,1
532,validator_77,35115975640,True,580900000,53077150,633977150,False,1
533,validator_73,34385297100,True,471100000,20776790,491876790,False,1
534,validator_22,99375817960,True,527900000,22499480,550399480,False,3
535,validator_7,175715528293,True,918097996,41893630,959991626,True,5
536,validator_0,276218040418,True,836150006,83925990,920075996,True,8
537,validator_17,105086902524,True,1146626004,140649500,1287275504,True,3
538,validator_56,36718834986,True,1004820007,78621170,1083441177,True,1
539,validator_24,69111041412,True,804300003,35260550,839560553,True,2
540,validator_3,265839875360,True,805600000,21092120,826692120,False,8
541,validator_57,36436277295,True,987888010,124527960,1112415970,True,1
542,validator_42,68761619610,True,647900000,12068430,659968430,False,2
543,validator_12,100153870936,True,1273120009,46800740,1319920749,True,3
544,validator_35,67376098850,True,555540000,29923810,585463810,False,2
545,validator_35,67901813090,True,479700000,46014240,525714240,False,2
546,validator_58,36388160545,True,1024173987,80957390,1105131377,True,1
547,validator_17,106131017239,True,915064005,129050710,1044114715,True,3
548,validator_11,170594878170,True,509000000,13760000,522760000,False,5
549,validator_4,173442393002,True,1054920003,54152520,1109072523,True,5
550,validator_8,169951541420,True,621300000,20988330,642288330,False,5
551,validator_15,102298460590,True,969835986,72419030,1042255016,True,3
552,validator_2,270078149380,True,493600000,23674930,517274930,False,8
553,validator_17,107250002877,True,1025379988,93605650,1118985638,True,3
554,validator_21,100014152380,True,445100000,47275790,492375790,False,3
555,validator_58,37102878533,True,670239998,44477990,714717988,True,1
556,validator_2,270730212540,True,593600000,58463160,652063160,False,8
557,validator_7,177172489243,True,1400720000,56240950,1456960950,True,5
558,validator_8,170544059250,True,577400000,15117830,592517830,False,5
559,validator_36,68970938090,True,439620000,56992680,496612680,False,2
560,validator_51,38562225282,True,717399989,113901200,831301189,True,1
561,validator_10,166017320660,True,540100000,37565870,577665870,False,5
562,validator_9,173928071690,True,562300000,41611010,603911010,False,5
563,validator_19,102329807750,True,515930000,67024710,582954710,False,3
564,validator_27,72658219443,True,856917991,64980000,921897991,True,2
565,validator_41,68926123270,True,529000000,13608090,542608090,False,2
566,validator_28,72330639791,True,1185046009,188212500,1373258509,True,2
567,validator_52,34940667452,True,962429996,71111130,1033541126,True,1
568,validator_2,271289973030,True,497800000,61960490,559760490,False,8
569,validator_7,178528607961,True,1194459998,161658720,1356118718,True,5
570,validator_42,69366945670,True,568700000,36626060,605326060,False,2
571,validator_27,73907860922,True,1145699999,103941480,1249641479,True,2
572,validator_97,35411546060,True,608100000,50720660,658820660,False,1
573,validator_4,174281661560,True,719127998,120140560,839268558,True,5
574,validator_11,171006548700,True,386400000,25270530,411670530,False,5
575,validator_18,101557582160,True,791000000,27447160,818447160,False,3
576,validator_4,175309226800,True,957720000,69845240,1027565240,True,5
577,validator_25,70329684111,True,980931992,64041270,1044973262,True,2
578,validator_31,69601279292,True,945164008,103699710,1048863718,True,2
579,validator_90,33834386110,True,386300000,34881290,421181290,False,1
580,validator_21,100765861680,True,717800000,33909300,751709300,False,3
581,validator_1,286305891814,True,1067640003,46072950,1113712953,True,8
582,validator_9,174698433140,True,723500000,46861450,770361450,False,5
583,validator_11,171642495860,True,604600000,31347160,635947160,False,5
584,validator_88,35370715780,True,535000000,11847730,546847730,False,1
585,validator_40,68567294190,True,543300000,47629680,590929680,False,2
586,validator_16,102616012589,True,1365454008,84409720,1449863728,True,3
587,validator_7,179537983468,True,953028007,56347500,1009375507,True,5
588,validator_4,176268998685,True,870920005,88851880,959771885,True,5
589,validator_41,69674721070,True,684200000,64397800,748597800,False,2
590,validator_33,69948157558,True,819080005,63720760,882800765,True,2
591,validator_18,102066196300,True,494600000,14014140,508614140,False,3
592,validator_53,34276422115,True,905260019,77191750,982451769,True,1
593,validator_19,102991139780,True,631300000,30032030,661332030,False,3
594,validator_0,277280017658,True,989506000,72471240,1061977240,True,8
595,validator_51,39461570825,True,829578003,69767540,899345543,True,1
596,validator_0,278325906245,True,938879997,107008590,1045888587,True,8
597,validator_5,171431845010,True,1101160006,98387100,1199547106,True,5
598,validator_37,67970399770,True,589500000,39047120,628547120,False,2
599,validator_1,287386563093,True,999999999,80671280,1080671279,True,8
600,validator_30,71054681796,True,864519999,56707160,921227159,True,2
601,validator_11,172153250320,True,499200000,11554460,510754460,False,5
602,validator_3,266665304270,True,768500000,56928910,825428910,False,8
603,validator_37,68623500500,True,636700000,16400730,653100730,False,2
604,validator_68,37126418456,True,1035619999,92840540,1128460539,True,1
605,validator_4,177133699788,True,754060003,110641100,864701103,True,5
606,validator_40,69199132120,True,587400000,44437930,631837930,False,2
607,validator_41,70331448280,True,625200000,31527210,656727210,False,2
608,validator_46,34281908548,True,1074040005,30598650,1104638655,True,1
609,validator_6,177716310386,True,1052676014,161125870,1213801884,True,5
610,validator_14,104417386842,True,691348007,57528410,748876417,True,3
611,validator_20,100938013380,True,548600000,13354390,561954390,False,3
612,validator_8,171131060290,True,556100000,30901040,587001040,False,5
613,validator_20,101448022930,True,448300000,61709550,510009550,False,3
614,validator_24,70723921141,True,1475432009,137447720,1612879729,True,2
615,validator_13,102865807346,True,884120006,63676680,947796686,True,3
616,validator_36,69694527760,True,711600000,11989670,723589670,False,2
617,validator_25,71330319000,True,916665999,83968890,1000634889,True,2
618,validator_4,178120691734,True,960959996,26031950,986991946,True,5
619,validator_41,70960688350,True,581300000,47940070,629240070,False,2
620,validator_7,180542152020,True,861426002,142742550,1004168552,True,5
621,validator_35,68526760440,True,580200000,44747350,624947350,False,2
622,validator_14,105445439543,True,916754001,111298700,1028052701,True,3
623,validator_11,172775859200,True,584270000,38338880,622608880,False,5
624,validator_39,69882722090,True,538600000,12252520,550852520,False,2
625,validator_24,71484026461,True,684900000,75205320,760105320,True,2
626,validator_1,288172910867,True,656653994,129693780,786347774,True,9
627,validator_8,171760461370,True,607000000,22401080,629401080,False,5
628,validator_21,101549951220,True,695700000,88389540,784089540,False,3
629,validator_7,181561983053,True,938280003,81551030,1019831033,True,5
630,validator_8,172417865760,True,645300000,12104390,657404390,False,5
631,validator_15,103152675613,True,795660003,58555020,854215023,True,3
632,validator_56,37461193526,True,659540010,82818530,742358540,True,1
633,validator_41,71685676350,True,656500000,68488000,724988000,False,2
634,validator_26,68816811003,True,977460008,90131740,1067591748,True,2
635,validator_1,289051366700,True,795687993,82767840,878455833,True,9
636,validator_92,33417120990,True,613500000,47260980,660760980,False,1
637,validator_85,34430737590,True,583100000,77752550,660852550,False,1
638,validator_14,106323691994,True,786220001,92032450,878252451,True,3
639,validator_26,69854249056,True,958719993,78718060,1037438053,True,2
640,validator_4,178957345070,True,758759996,77893340,836653336,True,5
641,validator_19,103646222170,True,588100000,66982390,655082390,False,3
642,validator_14,107432026724,True,1066600000,41734730,1108334730,True,3
643,validator_97,36064354770,True,612300000,40508710,652808710,False,1
644,validator_2,272199665610,True,863200000,46492580,909692580,False,8
645,validator_21,102312429700,True,741200000,21278480,762478480,False,3
646,validator_0,279361321453,True,984486018,50929190,1035415208,True,8
647,validator_15,104291557246,True,1019759993,119121640,1138881633,True,3
648,validator_15,105445676087,True,1094380001,59738840,1154118841,True,3
649,validator_56,38258584574,True,660873998,136517050,797391048,True,1
650,validator_45,35980806763,True,938995998,115756120,1054752118,True,1
651,validator_67,37572655458,True,630080000,45241970,675321970,True,1
652,validator_47,36923171873,True,801187997,118070250,919258247,True,1
653,validator_8,172997623060,True,531300000,48457300,579757300,False,5
654,validator_41,72427570990,True,727700000,14194640,741894640,False,2
655,validator_22,99937469540,True,543700000,17951580,561651580,False,3
656,validator_36,70440321340,True,699900000,45893580,745793580,False,2
657,validator_22,100645010950,True,630300000,77241410,707541410,False,3
658,validator_1,290083235436,True,902075986,129792750,1031868736,True,9
659,validator_0,280312755852,True,828077999,123356400,951434399,True,8
660,validator_35,69200410990,True,642500000,31150550,673650550,False,2
661,validator_21,102977072380,True,631400000,33242680,664642680,False,3
662,validator_4,179871046826,True,869059996,44641760,913701756,True,5
663,validator_32,72028437166,True,815810000,145245990,961055990,True,2
664,validator_67,38425579569,True,792499981,60424130,852924111,True,1
665,validator_2,272853573020,True,636300000,17607410,653907410,False,8
666,validator_48,33970335689,True,1090696008,135663560,1226359568,True,1
667,validator_12,100919508379,True,690860003,74777440,765637443,True,3
668,validator_41,73017527330,True,568400000,21556340,589956340,False,2
669,validator_9,175262832210,True,539600000,24799070,564399070,False,5
670,validator_7,182573141871,True,887100008,124058810,1011158818,True,5
671,validator_21,103767586980,True,752700000,37814600,790514600,False,3
672,validator_9,175900543920,True,615300000,22411710,637711710,False,5
673,validator_0,281101063264,True,740059992,48247420,788307412,True,8
674,validator_3,267095013610,True,412200000,17509340,429709340,False,8
675,validator_80,33288671590,True,667600000,45404570,713004570,False,1
676,validator_42,69937260100,True,545700000,24614430,570314430,False,2
677,validator_18,102606454140,True,495600000,44657840,540257840,False,3
678,validator_5,172523568151,True,1008099991,83623150,1091723141,True,5
679,validator_6,178468048442,True,689260006,62478050,751738056,True,5
680,validator_10,166604671030,True,530200000,57150370,587350370,False,5
681,validator_43,68191310220,True,557200000,42143140,599343140,False,2
682,validator_35,69769760040,True,530900000,38449050,569349050,False,2
683,validator_42,70714852010,True,741100000,36491910,777591910,False,2
684,validator_5,173256570895,True,650577994,82424750,733002744,True,5
685,validator_91,34679362160,True,801100000,26423680,827523680,False,1
686,validator_14,108373211026,True,854905992,86278310,941184302,True,3
687,validator_83,34669525430,True,654400000,49790390,704190390,False,1
688,validator_10,167252491760,True,630100000,17720730,647820730,False,5
689,validator_1,291328139511,True,1152654005,92250070,1244904075,True,9
690,validator_17,108418804478,True,1040252001,128549600,1168801601,True,3
691,validator_80,33753551550,True,402780000,62099960,464879960,False,1
692,validator_27,75325638333,True,1330302001,87475410,1417777411,True,2
693,validator_2,273633039880,True,758900000,20566860,779466860,False,8
694,validator_27,76640123572,True,1214205999,100279240,1314485239,True,2
695,validator_8,173588223430,True,557400000,33200370,590600370,False,5
696,validator_30,72067109579,True,966267993,46159790,1012427783,True,2
697,validator_46,35281453707,True,899443999,100101160,999545159,True,1
698,validator_15,106587075254,True,1051619987,89779180,1141399167,True,3
699,validator_18,103354010650,True,730400000,17156510,747556510,False,3
700,validator_58,38161645989,True,948090006,110677450,1058767456,True,1
701,validator_0,282124197004,True,928100000,95033740,1023133740,True,8
702,validator_35,70371876890,True,539900000,62216850,602116850,False,2
703,validator_6,179531556405,True,989100003,74407960,1063507963,True,5
704,validator_99,34996946360,True,748300000,36478720,784778720,False,1
705,validator_2,274390857840,True,733100000,24717960,757817960,False,8
706,validator_58,38954022015,True,761500006,30876020,792376026,True,1
707,validator_38,68058898080,True,576700000,16808270,593508270,False,2
708,validator_58,40024839356,True,970680011,100137330,1070817341,True,1
709,validator_6,180855349547,True,1173758012,150035130,1323793142,True,5
710,validator_80,34324941240,True,494200000,77189690,571389690,False,1
711,validator_25,72424283718,True,1003930008,90034710,1093964718,True,2
712,validator_10,167878554850,True,597200000,28863090,626063090,False,5
713,validator_21,104353597070,True,537600000,48410090,586010090,False,3
714,validator_92,34178874910,True,722800000,38953920,761753920,False,1
715,validator_0,282831968178,True,604238004,103533170,707771174,True,8
716,validator_9,176675642320,True,738500000,36598400,775098400,False,5
717,validator_64,35048391673,True,927859997,55625250,983485247,True,1
718,validator_34,66120823940,True,724500000,40889500,765389500,False,2
719,validator_3,267679958860,True,566100000,18845250,584945250,False,8
720,validator_0,284126826245,True,1199237997,95620070,1294858067,True,8
721,validator_0,285100091622,True,941679997,31585380,973265377,True,8
722,validator_1,292670852567,True,1272879996,69833060,1342713056,True,9
723,validator_2,274883933360,True,477300000,15775520,493075520,False,8
724,validator_80,34799666970,True,424800000,49925730,474725730,False,1
725,validator_75,34022833020,True,576700000,61994340,638694340,False,1
726,validator_20,102054918930,True,556500000,50396000,606896000,False,3
727,validator_1,293766326278,True,1017620011,77853700,1095473711,True,9
728,validator_28,73500696494,True,1064974003,105082700,1170056703,True,2
729,validator_6,182043750135,True,1052727998,135672590,1188400588,True,5
730,validator_12,102057307741,True,966680002,171119360,1137799362,True,3
731,validator_64,35991690736,True,862620003,80679060,943299063,True,1
732,validator_50,36901094394,True,836060010,124135530,960195540,True,1
733,validator_8,174400248720,True,777200000,34825290,812025290,False,5
734,validator_44,36910820020,True,1083797997,108773500,1192571497,True,1
735,validator_47,37979985538,True,993500025,63313640,1056813665,True,1
736,validator_0,286143257168,True,871279996,171885550,1043165546,True,8
737,validator_50,37826505536,True,835176012,90235130,925411142,True,1
738,validator_6,183284611561,True,1112811996,128049430,1240861426,True,5
739,validator_11,173263171410,True,451300000,36012210,487312210,False,5
740,validator_12,103029917044,True,894419993,78189310,972609303,True,3
741,validator_1,294830842303,True,962040005,102476020,1064516025,True,9
742,validator_21,104993171760,True,622300000,17274690,639574690,False,3
743,validator_7,183704774664,True,998091993,133540800,1131632793,True,5
744,validator_16,103865631909,True,1158036010,91583310,1249619320,True,3
745,validator_0,287222635686,True,906999998,172378520,1079378518,True,8
746,validator_7,184704757125,True,909496001,90486460,999982461,True,5
747,validator_39,70566732680,True,648900000,35110590,684010590,False,2
748,validator_3,268278830720,True,547600000,51271860,598871860,False,8
749,validator_0,288034840517,True,705479991,106724840,812204831,True,9
750,validator_0,288721858812,True,602600005,84418290,687018295,True,9
751,validator_20,102675547730,True,560600000,60028800,620628800,False,3
752,validator_51,40752050972,True,1216428007,74052140,1290480147,True,1
753,validator_28,74495411590,True,961600006,33115090,994715096,True,2
754,validator_67,39584344343,True,1045080014,113684760,1158764774,True,1
755,validator_1,295726733530,True,843240007,52651220,895891227,True,9
756,validator_4,180951111543,True,1015620007,64444710,1080064717,True,5
757,validator_7,185575974042,True,819363997,51852920,871216917,True,5
758,validator_78,34478505270,True,506170000,67834850,574004850,False,1
759,validator_44,37911275430,True,943220000,57235410,1000455410,True,1
760,validator_84,34463087270,True,553200000,30021990,583221990,False,1
761,validator_9,177299628210,True,600000000,23985890,623985890,False,5
762,validator_17,109605454181,True,1094160003,92489700,1186649703,True,3
763,validator_45,36906327185,True,807546002,117974420,925520422,True,1
764,validator_1,296683940319,True,848080019,109126770,957206789,True,9
765,validator_67,40351555446,True,733140013,34071090,767211103,True,1
766,validator_10,168528591080,True,632500000,17536230,650036230,False,5
767,validator_58,40895221139,True,802543993,67837790,870381783,True,1
768,validator_58,41929314225,True,939747996,94345090,1034093086,True,1
769,validator_51,41692212788,True,808999996,131161820,940161816,True,1
770,validator_37,69508492050,True,824900000,60091550,884991550,False,2
771,validator_68,38246180492,True,1055185996,64576040,1119762036,True,1
772,validator_3,268833919760,True,510400000,44689040,555089040,False,8
773,validator_7,186477891712,True,857199990,44717680,901917670,True,5
774,validator_12,104063981084,True,985126000,48938040,1034064040,True,3
775,validator_40,69748512750,True,513700000,35680630,549380630,False,2
776,validator_85,35048567140,True,588300000,29529550,617829550,False,1
777,validator_35,71040198110,True,615800000,52521220,668321220,False,2
778,validator_19,104325208520,True,621900000,57086350,678986350,False,3
779,validator_81,34009521660,True,539500000,25603890,565103890,False,1
780,validator_1,297642102266,True,853979997,104181950,958161947,True,9
781,validator_13,103675457452,True,738820006,70830100,809650106,True,3
782,validator_60,33042821902,True,980685992,62135910,1042821902,True,1
783,validator_63,36673247735,True,824979996,58371540,883351536,True,1
784,validator_9,177955708670,True,628900000,27180460,656080460,False,5
785,validator_6,184045821552,True,665048001,96161990,761209991,True,5
786,validator_68,39497306645,True,1147680003,103446150,1251126153,True,1
787,validator_2,275479825000,True,555200000,40691640,595891640,False,8
788,validator_28,75557877287,True,963625997,98839700,1062465697,True,2
789,validator_29,72337656022,True,1087120003,117296820,1204416823,True,2
790,validator_13,104821460986,True,1068346004,77657530,1146003534,True,3
791,validator_57,37526708286,True,974980011,115450980,1090430991,True,1
792,validator_32,72950625120,True,873140014,49047940,922187954,True,2
793,validator_37,70083541250,True,537800000,37249200,575049200,False,2
794,validator_41,73345820610,True,288700000,39593280,328293280,False,2
795,validator_62,38077298666,True,1269660008,94997480,1364657488,True,1
796,validator_59,32991564188,True,918995998,72568190,991564188,True,1
797,validator_75,34578989210,True,522000000,34156190,556156190,False,1
798,validator_18,104095681010,True,694500000,47170360,741670360,False,3
799,validator_22,101112328550,True,451800000,15517600,467317600,False,3
800,validator_22,101906067770,True,773000000,20739220,793739220,False,3
801,validator_29,73433126272,True,999370000,96100250,1095470250,True,2
802,validator_17,110530859561,True,820955990,104449390,925405380,True,3
803,validator_0,290049706260,True,1185039998,142807450,1327847448,True,9
804,validator_25,73208148969,True,661260001,122605250,783865251,True,2
805,validator_85,35671379360,True,576900000,45912220,622812220,False,1
806,validator_2,276217006050,True,691300000,45881050,737181050,False,8
807,validator_45,38022133062,True,989965997,125839880,1115805877,True,1
808,validator_40,70519009580,True,691000000,79496830,770496830,False,2
809,validator_9,178630681990,True,654100000,20873320,674973320,False,5
810,validator_11,174241753880,True,956700000,21882470,978582470,False,5
811,validator_73,34977656120,True,525700000,66659020,592359020,False,1
812,validator_1,298655331354,True,985820008,27409080,1013229088,True,9
813,validator_78,35224839740,True,701000000,45334470,746334470,False,1
814,validator_0,290955318533,True,789399983,116212290,905612273,True,9
815,validator_3,269562898660,True,709700000,19278900,728978900,False,8
816,validator_32,73821218264,True,834300004,36293140,870593144,True,2
817,validator_77,35792538960,True,627200000,49363320,676563320,False,1
818,validator_38,68725402700,True,625900000,40604620,666504620,False,2
819,validator_3,270322395940,True,731300000,28197280,759497280,False,8
820,validator_11,175227321980,True,938900000,46668100,985568100,False,5
821,validator_45,39489043901,True,1367379999,99530840,1466910839,True,1
822,validator_8,175081740020,True,620000000,61491300,681491300,False,5
823,validator_1,299528999038,True,800660004,73007680,873667684,True,9
824,validator_74,32601123020,True,586700000,14423020,601123020,False,1
825,validator_21,105766507900,True,761400000,11936140,773336140,False,3
826,validator_45,40326847918,True,724583997,113220020,837804017,True,1
827,validator_68,40925379615,True,1350180000,77892970,1428072970,True,1
828,validator_12,104900146098,True,788720004,47445010,836165014,True,3
829,validator_21,106533930930,True,726500000,40923030,767423030,False,3
830,validator_3,270928476690,True,570200000,35880750,606080750,False,8
831,validator_51,42432085451,True,655079993,84792670,739872663,True,1
832,validator_71,32729688805,True,633490005,96198800,729688805,True,1
833,validator_23,101585056070,True,644100000,90344010,734444010,False,3
834,validator_2,276885879540,True,638900000,29973490,668873490,False,8
835,validator_30,73101106560,True,878130001,155866980,1033996981,True,2
836,validator_4,182146560183,True,1107972000,87476640,1195448640,True,5
837,validator_26,71053965009,True,1096204003,103511950,1199715953,True,2
838,validator_1,300631313876,True,998680008,103634830,1102314838,True,9
839,validator_28,76642319884,True,968510007,115932590,1084442597,True,2
840,validator_4,183069859075,True,823259992,100038900,923298892,True,5
841,validator_29,74383404173,True,832300001,117977900,950277901,True,2
842,validator_18,104673146450,True,556600000,20865440,577465440,False,3
843,validator_27,77515934545,True,799057993,76752980,875810973,True,2
844,validator_3,271506492030,True,511300000,66715340,578015340,False,8
845,validator_4,184168594587,True,976540002,122195510,1098735512,True,5
846,validator_7,187637743384,True,1045860002,113991670,1159851672,True,5
847,validator_22,102495299100,True,539800000,49431330,589231330,False,3
848,validator_97,36820113260,True,697300000,58458490,755758490,False,1
849,validator_21,107063071400,True,494400000,34740470,529140470,False,3
850,validator_90,34496411760,True,607700000,54325650,662025650,False,1
851,validator_7,188531862142,True,826999998,67118760,894118758,True,5
852,validator_96,34753005330,True,749600000,60570300,810170300,False,1
853,validator_35,71665629520,True,601700000,23731410,625431410,False,2
854,validator_3,272120956420,True,596200000,18264390,614464390,False,8
855,validator_52,36087530760,True,1117319998,29543310,1146863308,True,1
856,validator_15,107553536259,True,894204005,72257000,966461005,True,3
857,validator_51,43263556592,True,753400001,78071140,831471141,True,1
858,validator_16,104887238063,True,886900004,134706150,1021606154,True,3
859,validator_26,72140702766,True,1073719997,13017760,1086737757,True,2
860,validator_74,33196483370,True,561210000,34150350,595360350,False,1
861,validator_18,105409716530,True,709000000,27570080,736570080,False,3
862,validator_5,173976465142,True,681159997,38734250,719894247,True,5
863,validator_90,35180093530,True,665500000,18181770,683681770,False,1
864,validator_2,277415254320,True,499400000,29974780,529374780,False,8
865,validator_11,175966304740,True,697900000,41082760,738982760,False,5
866,validator_3,272694461670,True,530200000,43305250,573505250,False,8
867,validator_40,71154703820,True,615100000,20594240,635694240,False,2
868,validator_77,36544078940,True,679800000,71739980,751539980,False,1
869,validator_25,73856716639,True,572893990,75673680,648567670,True,2
870,validator_84,35039003560,True,533900000,42016290,575916290,False,1
871,validator_81,34832129290,True,762100000,60507630,822607630,False,1
872,validator_25,74925986954,True,929896005,139374310,1069270315,True,2
873,validator_66,41410707127,True,1033300003,55010960,1088310963,True,1
874,validator_26,73150557978,True,896139992,113715220,1009855212,True,2
875,validator_2,277961335710,True,509500000,36581390,546081390,False,8
876,validator_62,39011045734,True,817479998,116267070,933747068,True,1
877,validator_13,105631706886,True,729458000,80787900,810245900,True,3
878,validator_86,34812078940,True,593800000,55197690,648997690,False,1
879,validator_5,175074325040,True,1038000008,59859890,1097859898,True,5
880,validator_55,33744724811,True,757800003,57946800,815746803,True,1
881,validator_12,106038570043,True,1065680005,72743940,1138423945,True,3
882,validator_40,71715645680,True,534000000,26941860,560941860,False,2
883,validator_1,301492433069,True,786557993,74561200,861119193,True,9
884,validator_30,73927155534,True,698144004,127904970,826048974,True,2
885,validator_21,107715273210,True,600700000,51501810,652201810,False,3
886,validator_93,32573381320,True,532200000,41181320,573381320,False,1
887,validator_1,302557786711,True,975562002,89791640,1065353642,True,9
888,validator_8,175841970760,True,716700000,43530740,760230740,False,5
889,validator_17,111433939125,True,788119994,114959570,903079564,True,3
890,validator_1,303502132733,True,817300002,127046020,944346022,True,9
891,validator_2,278687318610,True,642300000,83682900,725982900,False,8
892,validator_16,106069376785,True,1042976002,139162720,1182138722,True,3
893,validator_79,34692048690,True,892100000,37367290,929467290,False,1
894,validator_81,35559436120,True,689700000,37606830,727306830,False,1
895,validator_3,273348526290,True,619400000,34664620,654064620,False,8
896,validator_1,304911046621,True,1290065998,118847890,1408913888,True,9
897,validator_55,34650036877,True,855965996,49346070,905312066,True,1
898,validator_0,292220168001,True,1196579998,68269470,1264849468,True,9
899,validator_14,109532920227,True,1094159991,65549210,1159709201,True,3
900,validator_96,35317290010,True,548400000,15884680,564284680,False,1
901,validator_0,293627641698,True,1335645997,71827700,1407473697,True,9
902,validator_87,34368873100,True,503800000,37795220,541595220,False,1
903,validator_6,185008458804,True,839000012,123637240,962637252,True,5
904,validator_2,279225664300,True,508000000,30345690,538345690,False,8
905,validator_89,35096210050,True,616700000,32923570,649623570,False,1
906,validator_1,305904160949,True,821265998,171848330,993114328,True,9
907,validator_8,176472457710,True,615300000,15186950,630486950,False,5
908,validator_0,294568781418,True,849946000,91193720,941139720,True,9
909,validator_0,295543979352,True,933919994,41277940,975197934,True,9
910,validator_6,186441241694,True,1381859990,50922900,1432782890,True,5
911,validator_83,35228898720,True,508000000,51373290,559373290,False,1
912,validator_53,35355882083,True,983717998,95741970,1079459968,True,1
913,validator_3,274072033810,True,683300000,40207520,723507520,False,8
914,validator_11,176672460540,True,689500000,16655800,706155800,False,5
915,validator_14,110559663245,True,951959988,74783030,1026743018,True,3
916,validator_62,39904788525,True,816706001,77036790,893742791,True,1
917,validator_1,306991045931,True,980620002,106264980,1086884982,True,9
918,validator_9,179293233200,True,576100000,86451210,662551210,False,5
919,validator_32,74661560653,True,738406009,101936380,840342389,True,2
920,validator_28,77388468820,True,646646006,99502930,746148936,True,2
921,validator_8,177069563070,True,570700000,26405360,597105360,False,5
922,validator_7,189572217360,True,981893998,58461220,1040355218,True,5
923,validator_76,33775110940,True,498500000,34833390,533333390,False,1
924,validator_1,308013565457,True,977180006,45339520,1022519526,True,9
925,validator_20,103366672910,True,660600000,30525180,691125180,False,3
926,validator_90,35823952230,True,567300000,76558700,643858700,False,1
927,validator_7,190717345006,True,1036560016,108567630,1145127646,True,5
928,validator_31,70681560108,True,942140006,138140810,1080280816,True,2
929,validator_32,75673007370,True,926577997,84868720,1011446717,True,2
930,validator_35,72190726550,True,466300000,58797030,525097030,False,2
931,validator_5,176161997079,True,1017998009,69674030,1087672039,True,5
932,validator_4,185256886378,True,1012380001,75911790,1088291791,True,5
933,validator_36,71066601020,True,601600000,24679680,626279680,False,2
934,validator_20,104060103330,True,646200000,47230420,693430420,False,3
935,validator_11,177425723110,True,670500000,82762570,753262570,False,5
936,validator_9,179728219190,True,399000000,35985990,434985990,False,5
937,validator_0,297233698116,True,1512871984,176846780,1689718764,True,9
938,validator_41,73930226810,True,547400000,37006200,584406200,False,2
939,validator_19,104966027620,True,595200000,45619100,640819100,False,3
940,validator_2,279937680930,True,640700000,71316630,712016630,False,8
941,validator_19,105793438620,True,793200000,34211000,827411000,False,3
942,validator_4,186273282722,True,947773994,68622350,1016396344,True,5
943,validator_18,106098493380,True,669800000,18976850,688776850,False,3
944,validator_6,187364083754,True,813530000,109312060,922842060,True,5
945,validator_14,111697467841,True,1032840006,104964590,1137804596,True,3
946,validator_93,33375582910,True,756300000,45901590,802201590,False,1
947,validator_88,36018732060,True,576900000,71116280,648016280,False,1
948,validator_10,169039610090,True,490500000,20519010,511019010,False,5
949,validator_2,280666305490,True,692800000,35824560,728624560,False,8
950,validator_34,66724327130,True,554400000,49103190,603503190,False,2
951,validator_3,274694894830,True,591100000,31761020,622861020,False,8
952,validator_56,39296242979,True,983619985,54038420,1037658405,True,1
953,validator_63,37625986095,True,871014000,81724360,952738360,True,1
954,validator_31,71653041854,True,904184006,67297740,971481746,True,2
955,validator_18,106640449160,True,518800000,23155780,541955780,False,3
956,validator_91,35424579810,True,716900000,28317650,745217650,False,1
957,validator_2,281370034640,True,687600000,16129150,703729150,False,8
958,validator_38,69315949440,True,543200000,47346740,590546740,False,2
959,validator_41,74665296760,True,716000000,19069950,735069950,False,2
960,validator_2,282005732320,True,577500000,58197680,635697680,False,8
961,validator_3,275246590490,True,506800000,44895660,551695660,False,8
962,validator_4,187730925841,True,1328953999,128689120,1457643119,True,5
963,validator_8,177678576340,True,571900000,37113270,609013270,False,5
964,validator_9,180368802270,True,533100000,107483080,640583080,False,5
965,validator_0,298085631318,True,765574002,86359200,851933202,True,9
966,validator_7,191485626373,True,711760007,56521360,768281367,True,5
967,validator_62,40795628824,True,836880019,53960280,890840299,True,1
968,validator_29,75510143604,True,981282011,145457420,1126739431,True,2
969,validator_0,298989194104,True,763588006,139974780,903562786,True,9
970,validator_37,70508132860,True,399600000,24991610,424591610,False,2
971,validator_74,33897994750,True,659600000,41911380,701511380,False,1
972,validator_41,75368079130,True,646400000,56382370,702782370,False,2
973,validator_73,35724296780,True,691400000,55240660,746640660,False,1
974,validator_41,76017730040,True,595200000,54450910,649650910,False,2
975,validator_64,36947199616,True,863136000,92372880,955508880,True,1
976,validator_5,177398574507,True,1190279988,46297440,1236577428,True,5
977,validator_14,112568932825,True,842840004,28624980,871464984,True,3
978,validator_12,107136527767,True,990290004,107667720,1097957724,True,3
979,validator_8,178199767210,True,485700000,35490870,521190870,False,5
980,validator_34,67427877270,True,633200000,70350140,703550140,False,2
981,validator_5,178255290997,True,712996010,143720480,856716490,True,5
982,validator_31,72894570053,True,1182943999,58584200,1241528199,True,2
983,validator_0,299834727875,True,815640001,29893770,845533771,True,9
984,validator_2,282658663330,True,636900000,16031010,652931010,False,8
985,validator_67,41526575206,True,1089200000,85819760,1175019760,True,1
986,validator_3,275874885350,True,576300000,51994860,628294860,False,8
987,validator_33,70915876511,True,897594003,70124950,967718953,True,2
988,validator_15,108550061541,True,938135992,58389290,996525282,True,3
989,validator_38,69852919230,True,504000000,32969790,536969790,False,2
990,validator_21,108281197540,True,532400000,33524330,565924330,False,3
991,validator_27,78317400076,True,744214011,57251520,801465531,True,2
992,validator_22,103184012930,True,644800000,43913830,688713830,False,3
993,validator_3,276685101480,True,761300000,48916130,810216130,False,8
994,validator_9,180852976890,True,428400000,55774620,484174620,False,5
995,validator_2,283452368440,True,723300000,70405110,793705110,False,8
996,validator_0,300843437848,True,915739993,92969980,1008709973,True,9
997,validator_83,35735512040,True,459500000,47113320,506613320,False,1
998,validator_46,36422278276,True,1093279999,47544570,1140824569,True,1
999,validator_3,277276220960,True,560200000,30919480,591119480,False,8
1000,validator_0,301922890077,True,983879999,95572230,1079452229,True,9
1001,validator_32,76500881041,True,715300001,112573670,827873671,True,2
1002,validator_36,71862248600,True,712700000,82947580,795647580,False,2
1003,validator_20,104674726720,True,585000000,29623390,614623390,False,3
1004,validator_1,308743509840,True,676819993,53124390,729944383,True,9
1005,validator_31,74062009599,True,1115419996,52019550,1167439546,True,2
1006,validator_35,72777451890,True,559880000,26845340,586725340,False,2
1007,validator_48,35062462106,True,962340017,129786400,1092126417,True,1
1008,validator_0,302690846409,True,722460002,45496330,767956332,True,9
1009,validator_25,76212170992,True,1208118008,78066030,1286184038,True,2
1010,validator_7,192606380728,True,1018505995,102248360,1120754355,True,6
1011,validator_14,113521594503,True,867233998,85427680,952661678,True,3
1012,validator_66,42365113756,True,853779999,100626630,954406629,True,1
1013,validator_23,102119462110,True,492700000,41706040,534406040,False,3
1014,validator_55,35919051958,True,1143880001,125135080,1269015081,True,1
1015,validator_11,178226415900,True,763400000,37292790,800692790,False,5
1016,validator_15,109775409793,True,1158959992,66388260,1225348252,True,3
1017,validator_10,169821442550,True,722700000,59132460,781832460,False,5
1018,validator_85,36394543950,True,683900000,39264590,723164590,False,1
1019,validator_3,277788315850,True,439700000,72394890,512094890,False,8
1020,validator_36,72455699710,True,577300000,16151110,593451110,False,2
1021,validator_9,181623418830,True,732300000,38141940,770441940,False,5
1022,validator_11,178921025580,True,670000000,24609680,694609680,False,5
1023,validator_5,179300699639,True,960885992,84522650,1045408642,True,5
1024,validator_5,180151614770,True,782619991,68295140,850915131,True,5
1025,validator_6,188374399260,True,939749996,70565510,1010315506,True,5
1026,validator_0,303492695977,True,752360008,49489560,801849568,True,9
1027,validator_34,68145639360,True,660900000,56862090,717762090,False,2
1028,validator_31,75260686046,True,1108179997,90496450,1198676447,True,2
1029,validator_0,304473082598,True,906644001,73742620,980386621,True,9
1030,validator_3,278410926680,True,600400000,22210830,622610830,False,8
1031,validator_79,35121614690,True,420500000,9066000,429566000,False,1
1032,validator_80,35476903030,True,658600000,18636060,677236060,False,1
1033,validator_4,188615509507,True,811376016,73207650,884583666,True,5
1034,validator_16,106948115825,True,766660010,112079030,878739040,True,3
1035,validator_33,71881108045,True,889600004,75631530,965231534,True,2
1036,validator_3,279049550740,True,618700000,19924060,638624060,False,8
1037,validator_75,35140305650,True,502000000,59316440,561316440,False,1
1038,validator_36,73050551470,True,551000000,43851760,594851760,False,2
1039,validator_22,103753923920,True,522270000,47640990,569910990,False,3
1040,validator_2,283970039050,True,488100000,29570610,517670610,False,8
1041,validator_71,33813667399,True,1051700004,32278590,1083978594,True,1
1042,validator_67,42766777010,True,1153599994,86601810,1240201804,True,1
1043,validator_74,34544695110,True,599100000,47600360,646700360,False,1
1044,validator_36,73636607480,True,567800000,18256010,586056010,False,2
1045,validator_1,310002252493,True,1174469993,84272660,1258742653,True,9
1046,validator_1,311162668258,True,1076989995,83425770,1160415765,True,9
1047,validator_94,35186246170,True,671400000,64286560,735686560,False,1
1048,validator_5,181071528995,True,833783995,86130230,919914225,True,5
1049,validator_3,279527719260,True,425600000,52568520,478168520,False,8
1050,validator_2,284643367080,True,589500000,83828030,673328030,False,8
1051,validator_9,182365586460,True,691500000,50667630,742167630,False,5
1052,validator_21,108822471890,True,489700000,51574350,541274350,False,3
1053,validator_77,37116117280,True,544800000,27238340,572038340,False,1
1054,validator_14,114492492718,True,900809995,70088220,970898215,True,3
1055,validator_15,110940779273,True,1131499990,33869490,1165369480,True,3
1056,validator_2,285320079130,True,661600000,15112050,676712050,False,8
1057,validator_39,71184221140,True,576000000,41488460,617488460,False,2
1058,validator_43,68797220990,True,505400000,100510770,605910770,False,2
1059,validator_53,36506112775,True,1057639992,92590700,1150230692,True,1
1060,validator_3,280119711210,True,544600000,47391950,591991950,False,8
1061,validator_8,178861564750,True,594700000,67097540,661797540,False,5
1062,validator_53,37656544271,True,968530006,181901490,1150431496,True,1
1063,validator_8,179350434960,True,430800000,58070210,488870210,False,5
1064,validator_29,76598548864,True,1049640000,38765260,1088405260,True,2
1065,validator_52,37106238129,True,898845989,119861380,1018707369,True,1
1066,validator_65,34117975641,True,1085700000,95450300,1181150300,True,1
1067,validator_48,35933558062,True,798916006,72179950,871095956,True,1
1068,validator_2,285939980750,True,574180000,45721620,619901620,False,8
1069,validator_28,78261587548,True,774249998,98868730,873118728,True,2
1070,validator_16,108097172636,True,1056610001,92446810,1149056811,True,3
1071,validator_7,193601454646,True,880119998,114953920,995073918,True,6
1072,validator_1,312285391519,True,1016180001,106543260,1122723261,True,9
1073,validator_97,37463910480,True,628700000,15097220,643797220,False,1
1074,validator_2,286612368410,True,654200000,18187660,672387660,False,8
1075,validator_18,107483262340,True,767500000,75313180,842813180,False,3
1076,validator_33,72743906671,True,789100006,73698620,862798626,True,2
1077,validator_38,70402060820,True,535200000,13941590,549141590,False,2
1078,validator_22,104245206840,True,463700000,27582920,491282920,False,3
1079,validator_5,181939596599,True,766434004,101633600,868067604,True,5
1080,validator_75,35810798990,True,635300000,35193340,670493340,False,1
1081,validator_6,189687944840,True,1248560010,64985570,1313545580,True,5
1082,validator_12,108090521260,True,859459993,94533500,953993493,True,3
1083,validator_48,36923225318,True,919596006,70071250,989667256,True,1
1084,validator_80,36190285310,True,624200000,89182280,713382280,False,1
1085,validator_25,77104458859,True,853040007,39247860,892287867,True,2
1086,validator_55,37162241178,True,1139656010,103533210,1243189220,True,1
1087,validator_7,194596516611,True,936980005,58081960,995061965,True,6
1088,validator_48,37777755916,True,746825998,107704600,854530598,True,1
1089,validator_2,287388573970,True,728500000,47705560,776205560,False,8
1090,validator_22,104838613100,True,577500000,15906260,593406260,False,3
1091,validator_37,71248123120,True,672300000,67690260,739990260,False,2
1092,validator_5,183094150246,True,1005291997,149261650,1154553647,True,5
1093,validator_9,183021335590,True,598300000,57449130,655749130,False,5
1094,validator_0,305801262158,True,1240955990,87223570,1328179560,True,9
1095,validator_81,36465155370,True,881000000,24719250,905719250,False,1
1096,validator_57,38452257237,True,837180001,88368950,925548951,True,1
1097,validator_9,183711039120,True,639900000,49803530,689703530,False,5
1098,validator_11,179642926440,True,689600000,32300860,721900860,False,5
1099,validator_10,170253404250,True,374100000,57861700,431961700,False,5
1100,validator_2,287997282200,True,537700000,71008230,608708230,False,8
1101,validator_8,180012392900,True,615700000,46257940,661957940,False,5
1102,validator_3,280784849820,True,628900000,36238610,665138610,False,8
1103,validator_88,36745323890,True,683200000,43391830,726591830,False,1
1104,validator_10,170956588880,True,660000000,43184630,703184630,False,5
1105,validator_6,190922129116,True,1177869996,56314280,1234184276,True,5
1106,validator_17,112430174521,True,953659996,42575400,996235396,True,3
1107,validator_8,180758463030,True,722500000,23570130,746070130,False,5
1108,validator_84,35543041830,True,489400000,14638270,504038270,False,1
1109,validator_95,33131195540,True,697400000,11760650,709160650,False,1
1110,validator_26,74469299968,True,1170006010,148735980,1318741990,True,2
1111,validator_26,75058593839,True,553820001,35473870,589293871,True,2
1112,validator_83,36313089550,True,556400000,21177510,577577510,False,1
1113,validator_18,107948023450,True,423300000,41461110,464761110,False,3
1114,validator_69,35149307876,True,930380001,72674140,1003054141,True,1
1115,validator_29,77354038260,True,671439986,84049410,755489396,True,2
1116,validator_11,180288096060,True,574700000,70469620,645169620,False,5
1117,validator_32,77467080308,True,874983987,91215280,966199267,True,2
1118,validator_86,35246497870,True,397200000,37218930,434418930,False,1
1119,validator_36,74488222570,True,793900000,57715090,851615090,False,2
1120,validator_15,112235794471,True,1197538008,97477190,1295015198,True,3
1121,validator_39,71929106900,True,724900000,19985760,744885760,False,2
1122,validator_31,76360978157,True,1015245991,85046120,1100292111,True,2
1123,validator_27,79168576754,True,765419998,85756680,851176678,True,2
1124,validator_21,109407357740,True,542800000,42085850,584885850,False,3
1125,validator_91,35987627040,True,535500000,27547230,563047230,False,1
1126,validator_29,78621328836,True,1191889996,75400580,1267290576,True,2
1127,validator_73,36317708780,True,538400000,55012000,593412000,False,1
1128,validator_3,281293194940,True,490200000,18145120,508345120,False,8
1129,validator_13,106590157736,True,846880000,111570850,958450850,True,3
1130,validator_17,113306546975,True,807219994,69152460,876372454,True,3
1131,validator_4,189485632650,True,750320003,119803140,870123143,True,5
1132,validator_33,73755020624,True,826640003,184473950,1011113953,True,2
1133,validator_77,37913917370,True,766500000,31300090,797800090,False,1
1134,validator_71,34664035964,True,732633985,117734580,850368565,True,1
1135,validator_28,79101915502,True,768148004,72179950,840327954,True,2
1136,validator_41,76641838310,True,575000000,49108270,624108270,False,2
1137,validator_1,313129799319,True,794086000,50321800,844407800,True,9
1138,validator_1,313856870865,True,648100006,78971540,727071546,True,9
1139,validator_6,191958660667,True,932772011,103759540,1036531551,True,5
1140,validator_64,37624572313,True,557217987,120154710,677372697,True,1
1141,validator_31,77101954578,True,674059991,66916430,740976421,True,2
1142,validator_75,36442102670,True,574300000,57003680,631303680,False,1
1143,validator_24,72770504773,True,1211034002,75444310,1286478312,True,2
1144,validator_93,33991041500,True,585100000,30358590,615458590,False,1
1145,validator_16,108913114420,True,749444004,66497780,815941784,True,3
1146,validator_7,195578210189,True,914004008,67689570,981693578,True,6
1147,validator_19,106326739460,True,496200000,37100840,533300840,False,3
1148,validator_0,306727088952,True,821460014,104366780,925826794,True,9
1149,validator_52,38387958917,True,1141000008,140720780,1281720788,True,1
1150,validator_14,115173694035,True,603621997,77579320,681201317,True,3
1151,validator_56,40192042485,True,848259996,47539510,895799506,True,1
1152,validator_20,105292066600,True,561300000,56039880,617339880,False,3
1153,validator_58,42911345725,True,901608000,80423500,982031500,True,1
1154,validator_9,184405069880,True,656500000,37530760,694030760,False,5
1155,validator_73,36959153710,True,601400000,40044930,641444930,False,1
1156,validator_20,105967866320,True,647800000,27999720,675799720,False,3
1157,validator_6,192857475402,True,799714005,99100730,898814735,True,6
1158,validator_6,193788573657,True,825793995,105304260,931098255,True,6
1159,validator_78,35812615420,True,539700000,48075680,587775680,False,1
1160,validator_23,102758304520,True,623600000,15242410,638842410,False,3
1161,validator_9,185016887600,True,576100000,35717720,611817720,False,5
1162,validator_6,194640618357,True,734439990,117604710,852044700,True,6
1163,validator_7,196397812571,True,765094002,54508380,819602382,True,6
1164,validator_0,308008809262,True,1213544000,68176310,1281720310,True,9
1165,validator_22,105356668950,True,466200000,51855850,518055850,False,3
1166,validator_35,73395443950,True,577000000,40992060,617992060,False,2
1167,validator_31,78233987412,True,1079626004,52406830,1132032834,True,2
1168,validator_23,103535002750,True,754300000,22398230,776698230,False,3
1169,validator_59,34124344370,True,1032600002,100180180,1132780182,True,1
1170,validator_7,197427174519,True,967775988,61585960,1029361948,True,6
1171,validator_7,198751534960,True,1167750001,156610440,1324360441,True,6
1172,validator_1,314785505508,True,833145993,95488650,928634643,True,9
1173,validator_6,195745293819,True,1010620002,94055460,1104675462,True,6
1174,validator_18,108785465040,True,823700000,13741590,837441590,False,3
1175,validator_8,181576163900,True,749400000,68300870,817700870,False,5
1176,validator_60,34347003144,True,1206454002,97727240,1304181242,True,1
1177,validator_24,73521766882,True,673239999,78022110,751262109,True,2
1178,validator_9,185705108200,True,635500000,52720600,688220600,False,5
1179,validator_15,113395277510,True,1053000009,106483030,1159483039,True,3
1180,validator_3,281911599200,True,554300000,64104260,618404260,False,8
1181,validator_14,116202262931,True,891159996,137408900,1028568896,True,3
1182,validator_8,182133901670,True,512500000,45237770,557737770,False,5
1183,validator_1,315359804854,True,498379996,75919350,574299346,True,9
1184,validator_94,35802396510,True,561200000,54950340,616150340,False,1
1185,validator_7,199840676547,True,996192007,92949580,1089141587,True,6
1186,validator_2,288527609770,True,505700000,24627570,530327570,False,9
1187,validator_26,75873094560,True,759620001,54880720,814500721,True,2
1188,validator_10,171813951620,True,824500000,32862740,857362740,False,5
1189,validator_1,316286365214,True,839399990,87160370,926560360,True,9
1190,validator_13,107488300947,True,806008011,92135200,898143211,True,3
1191,validator_26,77226704430,True,1289000000,64609870,1353609870,True,2
1192,validator_7,201009369231,True,1075365994,93326690,1168692684,True,6
1193,validator_6,196557682298,True,753839989,58548490,812388479,True,6
1194,validator_75,37196406890,True,701200000,53104220,754304220,False,1
1195,validator_86,35928947110,True,629500000,52949240,682449240,False,1
1196,validator_46,37489678598,True,979300002,88100320,1067400322,True,1
1197,validator_4,190833004129,True,1106541999,240829480,1347371479,True,5
1198,validator_15,114608663687,True,1150417997,62968180,1213386177,True,3
1199,validator_18,109415230230,True,578400000,51365190,629765190,False,3
1200,validator_30,74558304580,True,591369996,39779050,631149046,True,2
1201,validator_69,35848230734,True,601255998,97666860,698922858,True,1
1202,validator_9,186483559790,True,735900000,42551590,778451590,False,5
1203,validator_6,197681562612,True,1076671994,47208320,1123880314,True,6
1204,validator_90,36518883330,True,647800000,47131100,694931100,False,1
1205,validator_33,74884780084,True,989578000,140181460,1129759460,True,2
1206,validator_15,115799325577,True,1085678000,104983890,1190661890,True,3
1207,validator_11,181060115870,True,690700000,81319810,772019810,False,5
1208,validator_8,182730992060,True,560300000,36790390,597090390,False,5
1209,validator_4,192203340882,True,1257821993,112514760,1370336753,True,6
1210,validator_15,116698937243,True,762239996,137371670,899611666,True,3
1211,validator_34,68958043430,True,764700000,47704070,812404070,False,2
1212,validator_84,36206751510,True,652700000,11009680,663709680,False,1
1213,validator_12,109074504166,True,920619996,63362910,983982906,True,3
1214,validator_4,193231569333,True,929536001,98692450,1028228451,True,6
1215,validator_22,106030283850,True,621500000,52114900,673614900,False,3
1216,validator_70,36081213575,True,1090479989,101375250,1191855239,True,1
1217,validator_1,317110331756,True,754840002,69126540,823966542,True,9
1218,validator_34,69559666020,True,519800000,81822590,601622590,False,2
1219,validator_12,110241895094,True,1036027988,131362940,1167390928,True,3
1220,validator_82,33779207720,True,475100000,16066780,491166780,False,1
1221,validator_2,289341413860,True,779900000,33904090,813804090,False,9
1222,validator_69,36822176598,True,891628004,82317860,973945864,True,1
1223,validator_51,44495707560,True,1075901998,156248970,1232150968,True,1
1224,validator_83,36937055660,True,579500000,44466110,623966110,False,1
1225,validator_70,37255102212,True,1084426007,89462630,1173888637,True,1
1226,validator_37,71831784150,True,567300000,16361030,583661030,False,2
1227,validator_42,71289743680,True,526300000,48591670,574891670,False,2
1228,validator_4,194137735220,True,879839997,26325890,906165887,True,6
1229,validator_11,182003074520,True,907600000,35358650,942958650,False,5
1230,validator_0,308879835498,True,757199996,113826240,871026236,True,9
1231,validator_42,71834834310,True,513900000,31190630,545090630,False,2
1232,validator_1,318200459636,True,1030504000,59623880,1090127880,True,9
1233,validator_39,72372599650,True,413200000,30292750,443492750,False,2
1234,validator_48,38742003992,True,865959996,98288080,964248076,True,1
1235,validator_84,36760292610,True,542200000,11341100,553541100,False,1
1236,validator_15,117469669183,True,667379990,103351950,770731940,True,3
1237,validator_24,74424503766,True,794326004,108410880,902736884,True,2
1238,validator_24,75442649739,True,954060003,64085970,1018145973,True,2
1239,validator_63,38663466806,True,963854001,73626710,1037480711,True,1
1240,validator_39,73020170600,True,590700000,56870950,647570950,False,2
1241,validator_17,114265378007,True,865575992,93255040,958831032,True,3
1242,validator_3,282541960610,True,597200000,33161410,630361410,False,8
1243,validator_4,195183458931,True,947139991,98583720,1045723711,True,6
1244,validator_57,39383030646,True,778993999,151779410,930773409,True,1
1245,validator_1,319017235040,True,657973994,158801410,816775404,True,9
1246,validator_76,34454410880,True,615200000,64099940,679299940,False,1
1247,validator_0,310339247858,True,1352410000,107002360,1459412360,True,9
1248,validator_7,202307472995,True,1195616004,102487760,1298103764,True,6
1249,validator_5,183850877802,True,715599996,41127560,756727556,True,5
1250,validator_43,69384605620,True,537100000,50284630,587384630,False,2
1251,validator_6,198689706024,True,921290002,86853410,1008143412,True,6
1252,validator_74,35281600980,True,693200000,43705870,736905870,False,1
1253,validator_2,289996592790,True,637500000,17678930,655178930,False,9
1254,validator_87,35248702610,True,805600000,74229510,879829510,False,1
1255,validator_11,182569729020,True,528700000,37954500,566654500,False,5
1256,validator_26,78175090110,True,893719990,54665690,948385680,True,2
1257,validator_3,283254745660,True,658800000,53985050,712785050,False,8
1258,validator_85,36810290040,True,374200000,41546090,415746090,False,1
1259,validator_4,196231729436,True,925557995,122712510,1048270505,True,6
1260,validator_73,37606636640,True,626800000,20682930,647482930,False,1
1261,validator_60,35246278049,True,805701985,93572920,899274905,True,1
1262,validator_36,75232311250,True,710200000,33888680,744088680,False,2
1263,validator_18,110203652830,True,744600000,43822600,788422600,False,3
1264,validator_75,37937849760,True,715000000,26442870,741442870,False,1
1265,validator_54,33095119984,True,1007360004,87759980,1095119984,True,1
1266,validator_42,72224288980,True,316800000,72654670,389454670,False,2
1267,validator_8,183273344700,True,443900000,98452640,542352640,False,5
1268,validator_73,38178847970,True,507700000,64511330,572211330,False,1
1269,validator_36,75862222120,True,603900000,26010870,629910870,False,2
1270,validator_3,283762601830,True,453800000,54056170,507856170,False,8
1271,validator_97,38144780780,True,660300000,20570300,680870300,False,1
1272,validator_1,320199046459,True,1099857999,81953420,1181811419,True,10
1273,validator_5,184900081422,True,976060000,73143620,1049203620,True,5
1274,validator_96,35869219730,True,537300000,14629720,551929720,False,1
1275,validator_39,73774500500,True,704700000,49629900,754329900,False,2
1276,validator_8,183749325400,True,437100000,38880700,475980700,False,5
1277,validator_13,108516927371,True,962420014,66206410,1028626424,True,3
1278,validator_13,109634456160,True,890079989,227448800,1117528789,True,3
1279,validator_7,203590337595,True,1083740000,199124600,1282864600,True,6
1280,validator_21,110092352870,True,620400000,64595130,684995130,False,3
1281,validator_0,311349401052,True,920840004,89313190,1010153194,True,9
1282,validator_20,106579739730,True,577700000,34173410,611873410,False,3
1283,validator_58,43789967871,True,798704006,79918140,878622146,True,1
1284,validator_17,115572608212,True,1279378005,27852200,1307230205,True,3
1285,validator_98,34521382290,True,624200000,42777180,666977180,False,1
1286,validator_2,290742807490,True,671100000,75114700,746214700,False,9
1287,validator_1,320983156119,True,702434000,81675660,784109660,True,10
1288,validator_2,291488375850,True,721800000,23768360,745568360,False,9
1289,validator_89,35845111190,True,715300000,33601140,748901140,False,1
1290,validator_7,204738537578,True,1094776003,53423980,1148199983,True,6
1291,validator_1,322137987831,True,1068588012,86243700,1154831712,True,10
1292,validator_21,110673775330,True,502100000,79322460,581422460,False,3
1293,validator_80,36943990090,True,734500000,19204780,753704780,False,1
1294,validator_50,38542372244,True,646825998,69040710,715866708,True,1
1295,validator_33,75506319486,True,583619982,37919420,621539402,True,2
1296,validator_14,117318050770,True,1026353989,89433850,1115787839,True,3
1297,validator_1,323279431140,True,996525999,144917310,1141443309,True,10
1298,validator_20,107287030520,True,687900000,19390790,707290790,False,3
1299,validator_24,76272951800,True,765920011,64382050,830302061,True,2
1300,validator_72,33778945390,True,659000000,17850020,676850020,False,1
1301,validator_9,187182383520,True,658300000,40523730,698823730,False,5
1302,validator_68,42365547206,True,1339605991,100561600,1440167591,True,1
1303,validator_43,69943349440,True,520000000,38743820,558743820,False,2
1304,validator_43,70531507940,True,575900000,12258500,588158500,False,2
1305,validator_11,183303711440,True,679900000,54082420,733982420,False,5
1306,validator_98,35116024620,True,573900000,20742330,594642330,False,1
1307,validator_11,184057572860,True,722300000,31561420,753861420,False,5
1308,validator_8,184249495790,True,491000000,9170390,500170390,False,5
1309,validator_9,187906621270,True,675200000,49037750,724237750,False,5
1310,validator_61,38342969675,True,1072814000,114510990,1187324990,True,1
1311,validator_29,79489014923,True,746800007,120886080,867686087,True,2
1312,validator_26,79256794554,True,974480004,107224440,1081704444,True,2
1313,validator_39,74319521600,True,500100000,44921100,545021100,False,2
1314,validator_89,36558747160,True,702900000,10735970,713635970,False,1
1315,validator_2,292094218880,True,570500000,35343030,605843030,False,9
1316,validator_7,205634805521,True,787520003,108747940,896267943,True,6
1317,validator_14,118229003654,True,842800004,68152880,910952884,True,3
1318,validator_20,107908914450,True,566100000,55783930,621883930,False,3
1319,validator_26,80268764477,True,831823993,180145930,1011969923,True,2
1320,validator_2,292591031530,True,472200000,24612650,496812650,False,9
1321,validator_11,184632410720,True,563200000,11637860,574837860,False,5
1322,validator_66,43289689153,True,815103997,109471400,924575397,True,1
1323,validator_89,37166407370,True,579000000,28660210,607660210,False,1
1324,validator_1,324323403374,True,910066004,133906230,1043972234,True,10
1325,validator_1,325270577600,True,895679996,51494230,947174226,True,10
1326,validator_1,326228071254,True,878696004,78797650,957493654,True,10
1327,validator_3,284133787200,True,329380000,41805370,371185370,False,8
1328,validator_87,35881847240,True,588900000,44244630,633144630,False,1
1329,validator_90,37138417340,True,570400000,49134010,619534010,False,1
1330,validator_40,72277792240,True,489800000,72346560,562146560,False,2
1331,validator_61,39185956140,True,784945995,58040470,842986465,True,1
1332,validator_96,36574488200,True,668500000,36768470,705268470,False,1
1333,validator_7,206822291238,True,1087033997,100451720,1187485717,True,6
1334,validator_32,78614598500,True,1098248012,49270180,1147518192,True,2
1335,validator_1,327182581149,True,912819995,41689900,954509895,True,10
1336,validator_24,77214661713,True,901900003,39809910,941709913,True,2
1337,validator_11,185308239420,True,636200000,39628700,675828700,False,5
1338,validator_50,39435767859,True,861600005,31795610,893395615,True,1
1339,validator_6,199601184738,True,813580004,97898710,911478714,True,6
1340,validator_7,207823224016,True,920339998,80592780,1000932778,True,6
1341,validator_18,110973499780,True,717700000,52146950,769846950,False,3
1342,validator_1,328502671569,True,1123910000,196180420,1320090420,True,10
1343,validator_67,43929224130,True,1035592010,126855110,1162447120,True,1
1344,validator_57,40060618244,True,560413998,117173600,677587598,True,1
1345,validator_24,78088565721,True,810639998,63264010,873904008,True,2
1346,validator_25,78115487390,True,883619991,127408540,1011028531,True,2
1347,validator_76,35168266120,True,645200000,68655240,713855240,False,1
1348,validator_54,34077293893,True,875640009,106533900,982173909,True,1
1349,validator_4,197268243480,True,980439994,56074050,1036514044,True,6
1350,validator_23,104183354890,True,632900000,15452140,648352140,False,3
1351,validator_26,81208910856,True,870887999,69258380,940146379,True,2
1352,validator_3,284742634950,True,574200000,34647750,608847750,False,8
1353,validator_43,71084031100,True,513500000,39023160,552523160,False,2
1354,validator_28,80021691216,True,814923994,104851720,919775714,True,2
1355,validator_9,188588794040,True,611700000,70472770,682172770,False,5
1356,validator_14,119516014605,True,1124760001,162250950,1287010951,True,3
1357,validator_64,38758936204,True,1075680001,58683890,1134363891,True,1
1358,validator_81,37249220840,True,735600000,48465470,784065470,False,1
1359,validator_97,38802154550,True,620000000,37373770,657373770,False,1
1360,validator_6,200628994439,True,939559991,88249710,1027809701,True,6
1361,validator_5,186008193820,True,1031047998,77064400,1108112398,True,5
1362,validator_99,35603397510,True,562700000,43751150,606451150,False,1
1363,validator_27,80127154579,True,897740005,60837820,958577825,True,2
1364,validator_6,201494874333,True,791499994,74379900,865879894,True,6
1365,validator_26,82060420483,True,822660007,28849620,851509627,True,2
1366,validator_50,40481558978,True,949264009,96527110,1045791119,True,1
1367,validator_24,78941539602,True,738640001,114333880,852973881,True,2
1368,validator_3,285517773660,True,704700000,70438710,775138710,False,8
1369,validator_7,208776385179,True,898529993,54631170,953161163,True,6
1370,validator_14,120487266690,True,893020005,78232080,971252085,True,3
1371,validator_37,72454757140,True,606600000,16372990,622972990,False,2
1372,validator_9,189220571260,True,605600000,26177220,631777220,False,5
1373,validator_4,198330356916,True,989888006,72225430,1062113436,True,6
1374,validator_27,80842754985,True,685659976,29940430,715600406,True,2
1375,validator_1,329483740218,True,854250009,126818640,981068649,True,10
1376,validator_48,39713946725,True,894300003,77642730,971942733,True,1
1377,validator_17,116497332454,True,799450002,125274240,924724242,True,3
1378,validator_79,35646435630,True,459300000,65520940,524820940,False,1
1379,validator_6,202611496189,True,993177986,123443870,1116621856,True,6
1380,validator_21,111369591170,True,630700000,65115840,695815840,False,3
1381,validator_18,111441798270,True,457000000,11298490,468298490,False,3
1382,validator_33,76719969989,True,1037787993,175862510,1213650503,True,2
1383,validator_13,110688512363,True,973386003,80670200,1054056203,True,3
1384,validator_1,330421071576,True,907045998,30285360,937331358,True,10
1385,validator_27,81890529180,True,977640005,70134190,1047774195,True,2
1386,validator_16,109999402223,True,972920003,113367800,1086287803,True,3
1387,validator_3,286082656250,True,552100000,12782590,564882590,False,8
1388,validator_2,293434369320,True,805700000,37637790,843337790,False,9
1389,validator_38,71067909780,True,615700000,50148960,665848960,False,2
1390,validator_11,186088948600,True,749000000,31709180,780709180,False,5
1391,validator_35,73935110040,True,469200000,70466090,539666090,False,2
1392,validator_15,118981233270,True,1402179997,109384090,1511564087,True,3
1393,validator_86,36504697590,True,537100000,38650480,575750480,False,1
1394,validator_1,331282183292,True,806574006,54537710,861111716,True,10
1395,validator_40,72940580090,True,633300000,29487850,662787850,False,2
1396,validator_63,39322649074,True,557430008,101752260,659182268,True,1
1397,validator_16,111238849380,True,1120660007,118787150,1239447157,True,3
1398,validator_1,332300639955,True,924879993,93576670,1018456663,True,10
1399,validator_19,107071892100,True,731000000,14152640,745152640,False,3
1400,validator_10,172476482200,True,562200000,100330580,662530580,False,5
1401,validator_96,37294123150,True,685600000,34034950,719634950,False,1
1402,validator_21,112026157010,True,644700000,11865840,656565840,False,3
1403,validator_75,38379885380,True,387500000,54535620,442035620,False,1
1404,validator_11,186649493210,True,494900000,65644610,560544610,False,5
1405,validator_29,80145092047,True,579999994,76077130,656077124,True,2
1406,validator_4,199466649207,True,1051460001,84832290,1136292291,True,6
1407,validator_39,74781905430,True,449400000,12983830,462383830,False,2
1408,validator_81,37834973200,True,566100000,19652360,585752360,False,1
1409,validator_4,200351029957,True,799759990,84620760,884380750,True,6
1410,validator_11,187367899780,True,694400000,24006570,718406570,False,5
1411,validator_71,35845511920,True,1106959996,74515960,1181475956,True,1
1412,validator_67,45203353494,True,1170844004,103285360,1274129364,True,1
1413,validator_2,294103180800,True,654500000,14311480,668811480,False,9
1414,validator_93,34564418780,True,532400000,40977280,573377280,False,1
1415,validator_1,333437911867,True,1041061992,96209920,1137271912,True,10
1416,validator_27,82920116215,True,932180005,97407030,1029587035,True,2
1417,validator_82,34424475420,True,611700000,33567700,645267700,False,1
1418,validator_15,119641010341,True,594798001,64979070,659777071,True,3
1419,validator_12,111159772911,True,842520007,75357810,917877817,True,3
1420,validator_75,38972898620,True,576700000,16313240,593013240,False,1
1421,validator_61,39971530789,True,695959999,89614650,785574649,True,1
1422,validator_0,312496060455,True,1075533993,71125410,1146659403,True,9
1423,validator_56,40941862901,True,707059996,42760420,749820416,True,1
1424,validator_52,39585494482,True,1151300005,46235560,1197535565,True,1
1425,validator_3,286607909630,True,476000000,49253380,525253380,False,8
1426,validator_15,120922718771,True,1238318010,43390420,1281708430,True,3
1427,validator_10,173189284660,True,673500000,39302460,712802460,False,5
1428,validator_2,294845415820,True,699300000,42935020,742235020,False,9
1429,validator_83,37520214710,True,549500000,33659050,583159050,False,1
1430,validator_40,73480935010,True,520800000,19554920,540354920,False,2
1431,validator_8,184884863430,True,612870000,22497640,635367640,False,5
1432,validator_88,37356787200,True,586200000,25263310,611463310,False,1
1433,validator_18,112117784160,True,592600000,83385890,675985890,False,3
1434,validator_93,35087361030,True,470900000,52042250,522942250,False,1
1435,validator_11,187877423220,True,486500000,23023440,509523440,False,5
1436,validator_29,81078473216,True,838339999,95041170,933381169,True,2
1437,validator_63,40267370307,True,844524003,100197230,944721233,True,1
1438,validator_1,334281238597,True,712000000,131326730,843326730,True,10
1439,validator_39,75554007630,True,747000000,25102200,772102200,False,2
1440,validator_3,287299929510,True,665100000,26919880,692019880,False,8
1441,validator_14,121501629768,True,907019998,107343080,1014363078,True,3
1442,validator_13,111792925685,True,1055240002,49173320,1104413322,True,3
1443,validator_1,335151379822,True,812009995,58131230,870141225,True,10
1444,validator_65,35280794422,True,1069276001,93542780,1162818781,True,1
1445,validator_94,36313572970,True,498300000,12876460,511176460,False,1
1446,validator_4,201278949230,True,848420013,79499260,927919273,True,6
1447,validator_23,104675475640,True,462000000,30120750,492120750,False,3
1448,validator_1,336111961279,True,881699987,78881470,960581457,True,10
1449,validator_50,41266054729,True,722852001,61643750,784495751,True,1
1450,validator_40,74141945870,True,641500000,19510860,661010860,False,2
1451,validator_50,41881286426,True,576275997,38955700,615231697,True,1
1452,validator_15,121965147517,True,900716006,141712740,1042428746,True,3
1453,validator_2,295364572290,True,503500000,15656470,519156470,False,9
1454,validator_6,203646518732,True,934080003,100942540,1035022543,True,6
1455,validator_1,336817098386,True,657259997,47877110,705137107,True,10
1456,validator_2,295969007260,True,549000000,55434970,604434970,False,9
1457,validator_3,287885750970,True,532100000,53721460,585821460,False,8
1458,validator_56,42154021651,True,1134886010,77272740,1212158750,True,1
1459,validator_34,70224648130,True,614300000,50682110,664982110,False,2
1460,validator_1,337441953774,True,545037998,79817390,624855388,True,10
1461,validator_93,35636596630,True,513000000,36235600,549235600,False,1
1462,validator_30,75389261637,True,731207997,99749060,830957057,True,2
1463,validator_9,189703717950,True,429500000,53646690,483146690,False,5
1464,validator_13,113025464330,True,1048436005,184102640,1232538645,True,3
1465,validator_41,77186853140,True,500100000,44914830,545014830,False,2
1466,validator_33,77700168644,True,888694015,91504640,980198655,True,2
1467,validator_14,122427458728,True,816699990,109128970,925828960,True,3
1468,validator_10,174062770520,True,820800000,52685860,873485860,False,5
1469,validator_2,296664274320,True,651000000,44267060,695267060,False,9
1470,validator_7,209768585363,True,920374004,71826180,992200184,True,6
1471,validator_82,34978865070,True,470300000,84089650,554389650,False,1
1472,validator_7,211015311981,True,1179989998,66736620,1246726618,True,6
1473,validator_18,113045899820,True,873500000,54615660,928115660,False,3
1474,validator_11,188543973730,True,623800000,42750510,666550510,False,5
1475,validator_19,107651194250,True,535300000,44002150,579302150,False,3
1476,validator_22,106419767970,True,351700000,37784120,389484120,False,3
1477,validator_0,313970899674,True,1401441999,73397220,1474839219,True,9
1478,validator_3,288643370080,True,687000000,70619110,757619110,False,9
1479,validator_74,35964822660,True,595800000,87421680,683221680,False,1
1480,validator_89,37879288650,True,686900000,25981280,712881280,False,1
1481,validator_12,111946280361,True,699540000,86967450,786507450,True,3
1482,validator_7,211881685632,True,724109991,142263660,866373651,True,6
1483,validator_84,37315686680,True,520400000,34994070,555394070,False,1
1484,validator_14,123289969340,True,762585982,99924630,862510612,True,3
1485,validator_41,77787902260,True,554800000,46249120,601049120,False,2
1486,validator_72,34574633750,True,755700000,39988360,795688360,False,1
1487,validator_6,204616848295,True,889441993,80887570,970329563,True,6
1488,validator_68,43240280339,True,782646003,92087130,874733133,True,1
1489,validator_6,205546933330,True,895806005,34279030,930085035,True,6
1490,validator_0,314846531862,True,793480008,82152180,875632188,True,9
1491,validator_7,213262173512,True,1301566000,78921880,1380487880,True,6
1492,validator_10,174724181040,True,605500000,55910520,661410520,False,5
1493,validator_11,189162462640,True,581600000,36888910,618488910,False,5
1494,validator_4,202266959478,True,869239998,118770250,988010248,True,6
1495,validator_39,76237797240,True,656400000,27389610,683789610,False,2
1496,validator_1,338685240062,True,1148979998,94306290,1243286288,True,10
1497,validator_81,38366294490,True,496400000,34921290,531321290,False,1
1498,validator_1,339446446307,True,676998005,84208240,761206245,True,10
1499,validator_4,203337166035,True,975349987,94856570,1070206557,True,6
1500,validator_0,315792398337,True,898366005,47500470,945866475,True,9
1501,validator_10,175281295230,True,530100000,27014190,557114190,False,5
1502,validator_0,316744401080,True,810808003,141194740,952002743,True,9
1503,validator_4,204324545133,True,940019998,47359100,987379098,True,6
1504,validator_2,297428365850,True,699500000,64591530,764091530,False,9
1505,validator_23,105181117990,True,489900000,15742350,505642350,False,3
1506,validator_25,79044284679,True,863079999,65717290,928797289,True,2
1507,validator_51,45679320110,True,1020821990,162790560,1183612550,True,1
1508,validator_42,72801030640,True,558100000,18641660,576741660,False,2
1509,validator_80,37523975030,True,545800000,34184940,579984940,False,1
1510,validator_73,38949134320,True,751500000,18786350,770286350,False,1
1511,validator_28,81201420647,True,1073096011,106633420,1179729431,True,2
1512,validator_52,40550429611,True,906259999,58675130,964935129,True,1
1513,validator_52,41637657458,True,917321997,169905850,1087227847,True,1
1514,validator_24,79827055447,True,768960005,116555840,885515845,True,2
1515,validator_7,214593379345,True,1267220003,63985830,1331205833,True,6
1516,validator_24,80675082679,True,787188002,60839230,848027232,True,2
1517,validator_41,78421255840,True,609800000,23553580,633353580,False,2
1518,validator_6,206788881926,True,1158740006,83208590,1241948596,True,6
1519,validator_19,108268903560,True,589800000,27909310,617709310,False,3
1520,validator_0,317503451492,True,651838012,107212400,759050412,True,9
1521,validator_19,108849087050,True,562100000,18083490,580183490,False,3
1522,validator_2,297919363600,True,456500000,34497750,490997750,False,9
1523,validator_8,185445557440,True,518700000,41994010,560694010,False,5
1524,validator_22,106919780920,True,491350000,8662950,500012950,False,3
1525,validator_10,175775203120,True,465200000,28707890,493907890,False,5
1526,validator_13,113807402215,True,687804005,94133880,781937885,True,3
1527,validator_79,36246386320,True,529700000,70250690,599950690,False,1
1528,validator_23,105718624230,True,453400000,84106240,537506240,False,3
1529,validator_38,71902622670,True,788300000,46412890,834712890,False,2
1530,validator_53,38592297512,True,870519991,65233250,935753241,True,1
1531,validator_14,124085654309,True,706339989,89344980,795684969,True,3
1532,validator_2,298669204920,True,684700000,65141320,749841320,False,9
1533,validator_10,176366022120,True,537400000,53419000,590819000,False,5
1534,validator_2,299204648220,True,506300000,29143300,535443300,False,9
1535,validator_65,36347651774,True,952352012,114505340,1066857352,True,1
1536,validator_15,122856268332,True,848800005,42320810,891120815,True,3
1537,validator_83,38220957100,True,670900000,29842390,700742390,False,1
1538,validator_6,207880869141,True,947019985,144967230,1091987215,True,6
1539,validator_83,38689814720,True,426100000,42757620,468857620,False,1
1540,validator_7,215531238030,True,801278005,136580680,937858685,True,6
1541,validator_95,33817359330,True,626400000,59763790,686163790,False,1
1542,validator_1,340282310340,True,778880003,56984030,835864033,True,10
1543,validator_59,35082433216,True,849080006,109008840,958088846,True,1
1544,validator_43,71849421970,True,740800000,24590870,765390870,False,2
1545,validator_1,341137612668,True,775819998,79482330,855302328,True,10
1546,validator_23,106412143270,True,633800000,59719040,693519040,False,3
1547,validator_0,318603325140,True,1025868008,74005640,1099873648,True,9
1548,validator_26,82776031138,True,599701985,115908670,715610655,True,2
1549,validator_96,38003007540,True,678700000,30184390,708884390,False,1
1550,validator_29,82027359496,True,903534000,45352280,948886280,True,2
1551,validator_3,289200380530,True,519600000,37410450,557010450,False,9
1552,validator_29,82816816104,True,697399988,92056620,789456608,True,2
1553,validator_4,205066187638,True,661167995,80474510,741642505,True,6
1554,validator_13,114936181879,True,993921994,134857670,1128779664,True,3
1555,validator_61,40916775154,True,785683985,159560380,945244365,True,1
1556,validator_62,41562917002,True,706920008,60368170,767288178,True,1
1557,validator_23,107016697310,True,577600000,26954040,604554040,False,3
1558,validator_65,37737947540,True,1307379986,82915780,1390295766,True,1
1559,validator_88,38224001080,True,850400000,16813880,867213880,False,1
1560,validator_12,112993649928,True,950493987,96875580,1047369567,True,3
1561,validator_7,216270510316,True,681379996,57892290,739272286,True,6
1562,validator_25,80015494483,True,811380004,159829800,971209804,True,2
1563,validator_3,289875360360,True,618500000,56479830,674979830,False,9
1564,validator_66,44329019904,True,930326001,109004750,1039330751,True,1
1565,validator_4,206179236579,True,1044720001,68328940,1113048941,True,6
1566,validator_3,290486313130,True,564900000,46052770,610952770,False,9
1567,validator_48,40718709465,True,962660000,42102740,1004762740,True,1
1568,validator_28,82464021255,True,1135261998,127338610,1262600608,True,2
1569,validator_20,108500301140,True,521700000,69686690,591386690,False,3
1570,validator_21,112778669700,True,697100000,55412690,752512690,False,3
1571,validator_3,290882876480,True,375900000,20663350,396563350,False,9
1572,validator_0,319640333643,True,986820003,50188500,1037008503,True,9
1573,validator_10,177078264560,True,634400000,77842440,712242440,False,5
1574,validator_22,107696623070,True,693400000,83442150,776842150,False,3
1575,validator_19,109529262550,True,653200000,26975500,680175500,False,3
1576,validator_4,207360594201,True,1080405992,100951630,1181357622,True,6
1577,validator_0,320851265347,True,1078227994,132703710,1210931704,True,10
1578,validator_23,107628800250,True,584400000,27702940,612102940,False,3
1579,validator_76,35614512020,True,410600000,35645900,446245900,False,1
1580,validator_17,117838711236,True,1202878002,138500780,1341378782,True,3
1581,validator_0,321701922965,True,767136008,83521610,850657618,True,10
1582,validator_19,110128762240,True,557900000,41599690,599499690,False,3
1583,validator_2,299771878190,True,555900000,11329970,567229970,False,9
1584,validator_6,208777334859,True,828228018,68237700,896465718,True,6
1585,validator_3,291438670140,True,529000000,26793660,555793660,False,9
1586,validator_42,73302902450,True,449300000,52571810,501871810,False,2
1587,validator_5,187435873551,True,1369520001,58159730,1427679731,True,5
1588,validator_5,188490700503,True,993518002,61308950,1054826952,True,5
1589,validator_11,189911024070,True,738000000,10561430,748561430,False,5
1590,validator_4,208381381967,True,955780006,65007760,1020787766,True,6
1591,validator_37,72959748960,True,484000000,20991820,504991820,False,2
1592,validator_10,177703404210,True,605800000,19339650,625139650,False,5
1593,validator_90,37787189070,True,590600000,58171730,648771730,False,1
1594,validator_82,35766266810,True,743600000,43801740,787401740,False,1
1595,validator_7,217532352522,True,1146440006,115402200,1261842206,True,6
1596,validator_2,300354995570,True,539000000,44117380,583117380,False,9
1597,validator_1,342197221221,True,941624003,117984550,1059608553,True,10
1598,validator_45,41386480122,True,923040004,136592200,1059632204,True,1
1599,validator_54,35123645035,True,982599992,63751150,1046351142,True,1
1600,validator_59,36045974576,True,869120000,94421360,963541360,True,1
1601,validator_82,36452353960,True,664600000,21487150,686087150,False,1
1602,validator_23,108246065910,True,591400000,25865660,617265660,False,3
1603,validator_0,322599430356,True,797486001,100021390,897507391,True,10
1604,validator_93,36238045010,True,582400000,19048380,601448380,False,1
1605,validator_23,108790955350,True,524300000,20589440,544889440,False,3
1606,validator_15,124130389179,True,1135694007,138426840,1274120847,True,3
1607,validator_5,189514347577,True,959614004,64033070,1023647074,True,5
1608,validator_47,39160625068,True,1090934010,89705520,1180639530,True,1
1609,validator_64,39878243421,True,1082320017,36987200,1119307217,True,1
1610,validator_56,43144961946,True,876099995,114840300,990940295,True,1
1611,validator_49,35225758498,True,821959987,111226450,933186437,True,1
1612,validator_42,74106507970,True,716500000,87105520,803605520,False,2
1613,validator_35,74515318610,True,543900000,36308570,580208570,False,2
1614,validator_8,185988373990,True,511800000,31016550,542816550,False,5
1615,validator_27,83755325914,True,711339999,123869700,835209699,True,2
1616,validator_3,292016874000,True,541600000,36603860,578203860,False,9
1617,validator_28,83319645985,True,791792000,63832730,855624730,True,2
1618,validator_4,209095351404,True,583569977,130399460,713969437,True,6
1619,validator_7,218526912197,True,884385995,110173680,994559675,True,6
1620,validator_0,323675479177,True,983140001,92908820,1076048821,True,10
1621,validator_23,109332430570,True,502700000,38775220,541475220,False,3
1622,validator_5,190623527871,True,1016568004,92612290,1109180294,True,5
1623,validator_18,113884990900,True,802800000,36291080,839091080,False,3
1624,validator_27,85052986728,True,1175704004,121956810,1297660814,True,2
1625,validator_11,190650834090,True,725200000,14610020,739810020,False,5
1626,validator_23,109917041350,True,565800000,18810780,584610780,False,3
1627,validator_26,83583458350,True,709360002,98067210,807427212,True,2
1628,validator_63,40853148446,True,552435999,33342140,585778139,True,1
1629,validator_85,37375869900,True,532300000,33279860,565579860,False,1
1630,validator_76,36197709770,True,556600000,26597750,583197750,False,1
1631,validator_87,36493513020,True,575800000,35865780,611665780,False,1
1632,validator_26,84785218329,True,1135423999,66335980,1201759979,True,2
1633,validator_1,343538735482,True,1221540001,119974260,1341514261,True,10
1634,validator_10,178304112360,True,568900000,31808150,600708150,False,5
1635,validator_69,37818429795,True,913031997,83221200,996253197,True,1
1636,validator_40,74823101880,True,643200000,37956010,681156010,False,2
1637,validator_87,37130697500,True,610200000,26984480,637184480,False,1
1638,validator_28,84338408323,True,959799998,58962340,1018762338,True,2
1639,validator_2,300965064560,True,554500000,55568990,610068990,False,9
1640,validator_13,115671738164,True,629779995,105776290,735556285,True,3
1641,validator_26,85687837649,True,823580000,79039320,902619320,True,2
1642,validator_30,76384202344,True,890939997,104000710,994940707,True,2
1643,validator_40,75326477110,True,489100000,14275230,503375230,False,2
1644,validator_24,82023639676,True,1260639997,87917000,1348556997,True,2
1645,validator_2,301540882860,True,540400000,35418300,575818300,False,9
1646,validator_4,210080717805,True,841458001,143908400,985366401,True,6
1647,validator_8,186751337050,True,696900000,66063060,762963060,False,5
1648,validator_35,75135910650,True,599500000,21092040,620592040,False,2
1649,validator_11,191278208500,True,609040000,18334410,627374410,False,5
1650,validator_59,36976888361,True,889119995,41793790,930913785,True,1
1651,validator_31,79413871050,True,1092319998,87563640,1179883638,True,2
1652,validator_9,190276223780,True,548300000,24205830,572505830,False,5
1653,validator_0,324549180554,True,770365997,103335380,873701377,True,10
1654,validator_4,210982970673,True,860293998,41958870,902252868,True,6
1655,validator_17,118791986261,True,884139995,69135030,953275025,True,3
1656,validator_42,74813995770,True,688600000,18887800,707487800,False,2
1657,validator_58,44833359894,True,974487993,68904030,1043392023,True,1
1658,validator_67,46132465177,True,753078003,176033680,929111683,True,1
1659,validator_24,83183660351,True,1037283995,122736680,1160020675,True,2
1660,validator_1,344593663632,True,966164000,88764150,1054928150,True,10
1661,validator_26,86738822146,True,934857997,116126500,1050984497,True,2
1662,validator_8,187390731740,True,599800000,39594690,639394690,False,5
1663,validator_3,292755116020,True,729500000,8742020,738242020,False,9
1664,validator_23,110549415840,True,577500000,54874490,632374490,False,3
1665,validator_12,114078368022,True,983540004,101178090,1084718094,True,3
1666,validator_35,75814694420,True,627400000,51383770,678783770,False,2
1667,validator_3,293338719070,True,510600000,73003050,583603050,False,9
1668,validator_40,76018825060,True,640800000,51547950,692347950,False,2
1669,validator_2,302228533280,True,614100000,73550420,687650420,False,9
1670,validator_5,191651430222,True,915174011,112728340,1027902351,True,5
1671,validator_87,37896369470,True,729200000,36471970,765671970,False,1
1672,validator_33,79115489243,True,1387773999,27546600,1415320599,True,2
1673,validator_10,178979303880,True,622400000,52791520,675191520,False,5
1674,validator_6,209660139129,True,824038000,58766270,882804270,True,6
1675,validator_13,116835153627,True,1061979983,101435480,1163415463,True,3
1676,validator_12,114980256666,True,812760004,89128640,901888644,True,3
1677,validator_35,76754664670,True,883200000,56770250,939970250,False,2
1678,validator_22,108387277160,True,650200000,40454090,690654090,False,3
1679,validator_15,125109843407,True,933154008,46300220,979454228,True,3
1680,validator_8,188082762800,True,658300000,33731060,692031060,False,5
1681,validator_6,211072716141,True,1368333992,44243020,1412577012,True,6
1682,validator_71,36875675699,True,890829989,139333790,1030163779,True,1
1683,validator_12,116201933418,True,1113602002,108074750,1221676752,True,3
1684,validator_8,188808851720,True,693200000,32888920,726088920,False,5
1685,validator_19,110877339130,True,685300000,63276890,748576890,False,3
1686,validator_23,111103194510,True,529100000,24678670,553778670,False,3
1687,validator_31,80491363078,True,948459988,129032040,1077492028,True,2
1688,validator_78,36552437860,True,706200000,33622440,739822440,False,1
1689,validator_49,36276121960,True,974780012,75583450,1050363462,True,1
1690,validator_20,109237816050,True,708700000,28814910,737514910,False,3
1691,validator_47,40134325543,True,863219995,110480480,973700475,True,1
1692,validator_36,76749590200,True,780100000,107268080,887368080,False,2
1693,validator_89,38437368830,True,514100000,43980180,558080180,False,1
1694,validator_0,325529939548,True,910639994,70119000,980758994,True,10
1695,validator_42,75309630440,True,480000000,15634670,495634670,False,2
1696,validator_0,326410304912,True,708779994,171585370,880365364,True,10
1697,validator_43,72460264970,True,560100000,50743000,610843000,False,2
1698,validator_16,112152960180,True,880548000,33562800,914110800,True,3
1699,validator_11,191742149400,True,446300000,17640900,463940900,False,5
1700,validator_1,345645814350,True,981799998,70350720,1052150718,True,10
1701,validator_70,38080753662,True,727434000,98217450,825651450,True,1
1702,validator_22,109216705390,True,799200000,30228230,829428230,False,3
1703,validator_16,113304060817,True,1086400007,64700630,1151100637,True,3
1704,validator_12,117219687827,True,955279999,62474410,1017754409,True,3
1705,validator_17,119543000571,True,713300000,37714310,751014310,True,3
1706,validator_9,190917650140,True,619900000,21526360,641426360,False,5
1707,validator_72,35074218630,True,483100000,16484880,499584880,False,1
1708,validator_14,125053629327,True,924079998,43895020,967975018,True,3
1709,validator_12,118400609277,True,970408010,210513440,1180921450,True,3
1710,validator_32,79364211916,True,638859996,110753420,749613416,True,2
1711,validator_39,76957223080,True,679300000,40125840,719425840,False,2
1712,validator_26,87784518365,True,974157999,71538220,1045696219,True,2
1713,validator_34,70867761510,True,618900000,24213380,643113380,False,2
1714,validator_21,113514034370,True,701600000,33764670,735364670,False,3
1715,validator_65,38937873477,True,1080224007,119701930,1199925937,True,1
1716,validator_39,77596222500,True,622200000,16799420,638999420,False,2
1717,validator_0,327425901036,True,963859994,51736130,1015596124,True,10
1718,validator_40,76632506580,True,568300000,45381520,613681520,False,2
1719,validator_62,42371689425,True,748860003,59912420,808772423,True,1
1720,validator_0,328317659594,True,748269998,143488560,891758558,True,10
1721,validator_98,35738208590,True,572200000,49983970,622183970,False,1
1722,validator_17,120686390231,True,1089900000,53489660,1143389660,True,3
1723,validator_61,41822744285,True,853726001,52243130,905969131,True,1
1724,validator_24,84056099293,True,756384002,116054940,872438942,True,2
1725,validator_20,109783575470,True,518400000,27359420,545759420,False,3
1726,validator_19,111464369150,True,552530000,34500020,587030020,False,3
1727,validator_19,112211092090,True,719400000,27322940,746722940,False,3
1728,validator_7,219617336798,True,979506001,110918600,1090424601,True,6
1729,validator_9,191655754340,True,710200000,27904200,738104200,False,5
1730,validator_45,42184711617,True,706799995,91431500,798231495,True,1
1731,validator_92,34817895400,True,605600000,33420490,639020490,False,1
1732,validator_21,114127863050,True,557300000,56528680,613828680,False,3
1733,validator_24,84943494924,True,817240011,70155620,887395631,True,2
1734,validator_5,192640389498,True,944536006,44423270,988959276,True,6
1735,validator_25,81339776466,True,1222552013,101729970,1324281983,True,2
1736,validator_91,36646045340,True,586800000,71618300,658418300,False,1
1737,validator_85,38149878230,True,706800000,67208330,774008330,False,1
1738,validator_2,302832478190,True,575900000,28044910,603944910,False,9
1739,validator_1,346858800953,True,1173840003,39146600,1212986603,True,10
1740,validator_0,329238404800,True,867059996,53685210,920745206,True,10
1741,validator_44,39338560208,True,1323819988,103464790,1427284778,True,1
1742,validator_8,189394363830,True,551200000,34312110,585512110,False,5
1743,validator_6,212331542763,True,1197146002,61680620,1258826622,True,6
1744,validator_9,192431425000,True,739100000,36570660,775670660,False,6
1745,validator_89,39142629340,True,682800000,22460510,705260510,False,1
1746,validator_4,211956338532,True,919608009,53759850,973367859,True,6
1747,validator_58,45912878423,True,1016899999,62618530,1079518529,True,1
1748,validator_18,114591297230,True,640400000,65906330,706306330,False,3
1749,validator_6,213108549229,True,716940006,60066460,777006466,True,6
1750,validator_1,347975386626,True,1025959983,90625690,1116585673,True,10
1751,validator_19,112879659070,True,634900000,33666980,668566980,False,3
1752,validator_31,81329291686,True,764059998,73868610,837928608,True,2
1753,validator_1,349127734234,True,1039615998,112731610,1152347608,True,10
1754,validator_1,350479519050,True,1300330006,51454810,1351784816,True,10
1755,validator_11,192361863860,True,588700000,31014460,619714460,False,6
1756,validator_28,85503754480,True,1073807997,91538160,1165346157,True,2
1757,validator_12,119476741652,True,974905995,101226380,1076132375,True,3
1758,validator_27,86153379582,True,1034921994,65470860,1100392854,True,2
1759,validator_0,330590287392,True,1288826002,63056590,1351882592,True,10
1760,validator_89,39743572590,True,583200000,17743250,600943250,False,1
1761,validator_41,79047614940,True,582400000,43959100,626359100,False,2
1762,validator_73,39598506650,True,631600000,17772330,649372330,False,1
1763,validator_70,39251901485,True,974179993,196967830,1171147823,True,1
1764,validator_2,303413425670,True,546500000,34447480,580947480,False,9
1765,validator_87,38337232390,True,418000000,22862920,440862920,False,1
1766,validator_7,221042966429,True,1346660011,78969620,1425629631,True,6
1767,validator_6,213862298703,True,642294004,111455470,753749474,True,6
1768,validator_54,36057127868,True,824502003,108980830,933482833,True,1
1769,validator_3,293923252750,True,542400000,42133680,584533680,False,9
1770,validator_2,304050175020,True,610700000,26049350,636749350,False,9
1771,validator_4,213003547556,True,923206004,124003020,1047209024,True,6
1772,validator_14,126056969735,True,923220008,80120400,1003340408,True,3
1773,validator_61,42597221614,True,691789999,82687330,774477329,True,1
1774,validator_3,294451499680,True,480500000,47746930,528246930,False,9
1775,validator_16,114463619919,True,1105354002,54205100,1159559102,True,3
1776,validator_29,83915373882,True,980599998,117957780,1098557778,True,2
1777,validator_2,304572135030,True,507670000,14290010,521960010,False,9
1778,validator_10,179581025330,True,537000000,64721450,601721450,False,5
1779,validator_29,84660031780,True,646966018,97691880,744657898,True,2
1780,validator_6,214844900579,True,867699996,114901880,982601876,True,6
1781,validator_11,192935252210,True,539900000,33488350,573388350,False,6
1782,validator_31,82046919019,True,671039993,46587340,717627333,True,2
1783,validator_17,121805832639,True,1032759998,86682410,1119442408,True,3
1784,validator_16,115387846131,True,823486012,100740200,924226212,True,3
1785,validator_17,123005151738,True,1059454009,139865090,1199319099,True,3
1786,validator_11,193605679330,True,644500000,25927120,670427120,False,6
1787,validator_2,305121964240,True,523900000,25929210,549829210,False,9
1788,validator_2,305881309100,True,689100000,70244860,759344860,False,9
1789,validator_30,78099823771,True,1557646007,157975420,1715621427,True,2
1790,validator_28,86307683422,True,656040002,147888940,803928942,True,2
1791,validator_41,79553965090,True,469800000,36550150,506350150,False,2
1792,validator_6,215981145058,True,1003033999,133210480,1136244479,True,6
1793,validator_27,87344703487,True,1094849995,96473910,1191323905,True,2
1794,validator_34,71500849500,True,580800000,52287990,633087990,False,2
1795,validator_86,37299324600,True,774000000,20627010,794627010,False,1
1796,validator_2,306663158120,True,744000000,37849020,781849020,False,9
1797,validator_28,86995004762,True,544726000,142595340,687321340,True,2
1798,validator_16,116660253914,True,1146966003,125441780,1272407783,True,3
1799,validator_12,120824770094,True,1220640012,127388430,1348028442,True,3
1800,validator_1,351366425937,True,783019997,103886890,886906887,True,10
1801,validator_53,40114439972,True,1469320000,52822460,1522142460,True,1
1802,validator_2,307101206140,True,415800000,22248020,438048020,False,9
1803,validator_7,222254344161,True,1128737992,82639740,1211377732,True,6
1804,validator_9,193198981100,True,730400000,37156100,767556100,False,6
1805,validator_7,223091589745,True,741580014,95665570,837245584,True,6
1806,validator_70,40234701752,True,852861997,129938270,982800267,True,1
1807,validator_72,35676986700,True,564700000,38068070,602768070,False,1
1808,validator_18,115352703870,True,705800000,55606640,761406640,False,3
1809,validator_23,111627831780,True,501300000,23337270,524637270,False,3
1810,validator_5,193657847351,True,921640003,95817850,1017457853,True,6
1811,validator_19,113697201650,True,758500000,59042580,817542580,False,3
1812,validator_67,47493109613,True,1280270006,80374430,1360644436,True,1
1813,validator_0,331615271332,True,928256000,96727940,1024983940,True,10
1814,validator_88,38680510120,True,420800000,35709040,456509040,False,1
1815,validator_1,352052306569,True,623357992,62522640,685880632,True,11
1816,validator_7,224190448561,True,1009459996,89398820,1098858816,True,7
1817,validator_41,80232367390,True,635300000,43102300,678402300,False,2
1818,validator_30,79130887341,True,984932010,46131560,1031063570,True,2
1819,validator_50,42503860799,True,540480003,82094370,622574373,True,1
1820,validator_70,41408615668,True,1082278006,91635910,1173913916,True,1
1821,validator_18,116148674760,True,767600000,28370890,795970890,False,3
1822,validator_34,72150045050,True,634000000,15195550,649195550,False,2
1823,validator_2,307841537570,True,713100000,27231430,740331430,False,9
1824,validator_85,38599003040,True,435600000,13524810,449124810,False,1
1825,validator_93,36663690880,True,383200000,42445870,425645870,False,1
1826,validator_7,224981733163,True,699614012,91670590,791284602,True,7
1827,validator_34,72677593900,True,507000000,20548850,527548850,False,2
1828,validator_20,110329141310,True,520100000,25465840,545565840,False,3
1829,validator_1,353447872824,True,1297128005,98438250,1395566255,True,11
1830,validator_10,180193633130,True,571900000,40707800,612607800,False,5
1831,validator_19,114342436150,True,577200000,68034500,645234500,False,3
1832,validator_4,214555155305,True,1469119989,82487760,1551607749,True,6
1833,validator_33,80174221014,True,963885991,94845780,1058731771,True,2
1834,validator_48,41988520183,True,1193150008,76660710,1269810718,True,1
1835,validator_47,41047249762,True,874300009,38624210,912924219,True,1
1836,validator_14,127425358290,True,1223220005,145168550,1368388555,True,3
1837,validator_2,308690318050,True,825400000,23380480,848780480,False,9
1838,validator_14,128247593804,True,731500004,90735510,822235514,True,4
1839,validator_15,126049189709,True,834619982,104726320,939346302,True,3
1840,validator_78,37238728950,True,647400000,38891090,686291090,False,1
1841,validator_1,354425179969,True,898805995,78501150,977307145,True,11
1842,validator_1,355594019488,True,1091015989,77823530,1168839519,True,11
1843,validator_14,129420548887,True,1063213993,109741090,1172955083,True,4
1844,validator_57,41164996747,True,959930003,144448500,1104378503,True,1
1845,validator_20,111015510510,True,621700000,64669200,686369200,False,3
1846,validator_9,193961338300,True,693100000,69257200,762357200,False,6
1847,validator_9,194827014110,True,807200000,58475810,865675810,False,6
1848,validator_57,42187442983,True,906614006,115832230,1022446236,True,1
1849,validator_46,38828560444,True,1296846006,42035840,1338881846,True,1
1850,validator_29,85774512152,True,1021760002,92720370,1114480372,True,2
1851,validator_39,78317445020,True,685400000,35822520,721222520,False,2
1852,validator_14,130487471407,True,914640010,152282510,1066922520,True,4
1853,validator_1,356837414098,True,1100880000,142514610,1243394610,True,11
1854,validator_5,194798068742,True,1060559991,79661400,1140221391,True,6
1855,validator_9,195608434100,True,728500000,52919990,781419990,False,6
1856,validator_16,117636898533,True,878749999,97894620,976644619,True,3
1857,validator_0,332867342538,True,1202600006,49471200,1252071206,True,10
1858,validator_43,73150278720,True,662000000,28013750,690013750,False,2
1859,validator_30,80044987774,True,857740003,56360430,914100433,True,2
1860,validator_41,80884583340,True,608000000,44215950,652215950,False,2
1861,validator_33,81391486514,True,1135240000,82025500,1217265500,True,2
1862,validator_1,357703450457,True,801960009,64076350,866036359,True,11
1863,validator_22,109908646500,True,679900000,12041110,691941110,False,3
1864,validator_3,295358255250,True,842900000,63855570,906755570,False,9
1865,validator_24,85678620448,True,648926014,86199510,735125524,True,2
1866,validator_1,358814460660,True,1031014003,79996200,1111010203,True,11
1867,validator_8,189960645180,True,555600000,10681350,566281350,False,5
1868,validator_12,121624487073,True,730579989,69136990,799716979,True,3
1869,validator_14,131894331366,True,1337179989,69679970,1406859959,True,4
1870,validator_0,334003951385,True,1072339997,64268850,1136608847,True,10
1871,validator_44,40348696689,True,908164001,101972480,1010136481,True,1
1872,validator_47,42223215257,True,1098699995,77265500,1175965495,True,1
1873,validator_10,180792384270,True,586800000,11951140,598751140,False,5
1874,validator_30,81028959096,True,859282002,124689320,983971322,True,2
1875,validator_24,86892217156,True,1066796008,146800700,1213596708,True,2
1876,validator_3,296080406990,True,703800000,18351740,722151740,False,9
1877,validator_49,37269668074,True,930900004,62646110,993546114,True,1
1878,validator_3,296735114430,True,606500000,48207440,654707440,False,9
1879,validator_28,88163829418,True,1037439996,131384660,1168824656,True,2
1880,validator_0,334948351773,True,903220008,41180380,944400388,True,10
1881,validator_2,309293874410,True,552900000,50656360,603556360,False,9
1882,validator_29,86573733654,True,722560002,76661500,799221502,True,2
1883,validator_50,43439080558,True,868959989,66259770,935219759,True,1
1884,validator_31,83064835662,True,969192003,48724640,1017916643,True,2
1885,validator_41,81576161190,True,651800000,39777850,691577850,False,2
1886,validator_94,36889166240,True,506200000,69393270,575593270,False,1
1887,validator_19,114875021340,True,515100000,17485190,532585190,False,3
1888,validator_4,215594424631,True,948579986,90689340,1039269326,True,6
1889,validator_34,73280525220,True,546100000,56831320,602931320,False,2
1890,validator_84,38100745820,True,726500000,58559140,785059140,False,1
1891,validator_14,133399438797,True,1425439991,79667440,1505107431,True,4
1892,validator_0,335832684298,True,799298005,85034520,884332525,True,10
1893,validator_6,216846646557,True,774473989,91027510,865501499,True,6
1894,validator_17,124222951981,True,1029699983,188100260,1217800243,True,3
1895,validator_74,36491975350,True,491840000,35312690,527152690,False,1
1896,validator_30,82147567089,True,991159993,127448000,1118607993,True,2
1897,validator_11,194264000930,True,598500000,59821600,658321600,False,6
1898,validator_23,112370072790,True,699600000,42641010,742241010,False,3
1899,validator_19,115515621020,True,591200000,49399680,640599680,False,3
1900,validator_61,43591314636,True,956100002,37993020,994093022,True,1
1901,validator_9,196413959860,True,776700000,28825760,805525760,False,6
1902,validator_20,111644563870,True,602100000,26953360,629053360,False,3
1903,validator_4,216340003037,True,720499996,25078410,745578406,True,6
1904,validator_7,225894120336,True,875960003,36427170,912387173,True,7
1905,validator_25,82523292441,True,1017999995,165515980,1183515975,True,2
1906,validator_27,88375878663,True,933406016,97769160,1031175176,True,2
1907,validator_1,359646968580,True,760920000,71587920,832507920,True,11
1908,validator_43,73882437450,True,712900000,19258730,732158730,False,2
1909,validator_4,217532472491,True,1048481994,143987460,1192469454,True,6
1910,validator_79,36836056820,True,569300000,20370500,589670500,False,1
1911,validator_30,83268961770,True,972780001,148614680,1121394681,True,2
1912,validator_6,217777585703,True,867420006,63519140,930939146,True,6
1913,validator_49,38123658507,True,726096003,127894430,853990433,True,1
1914,validator_9,196929502770,True,491300000,24242910,515542910,False,6
1915,validator_0,337042187286,True,1156853998,52648990,1209502988,True,10
1916,validator_1,360720044952,True,980834002,92242370,1073076372,True,11
1917,validator_1,361631995361,True,875799999,36150410,911950409,True,11
1918,validator_1,362722112073,True,996560012,93556700,1090116712,True,11
1919,validator_12,123001248048,True,1284400005,92360970,1376760975,True,3
1920,validator_56,43950909051,True,698046005,107901100,805947105,True,1
1921,validator_78,37903469020,True,653200000,11540070,664740070,False,1
1922,validator_16,118431465656,True,630210003,164357120,794567123,True,3
1923,validator_5,196207963008,True,1276826006,133068260,1409894266,True,6
1924,validator_37,73581648040,True,605900000,15999080,621899080,False,2
1925,validator_20,112316922150,True,615300000,57058280,672358280,False,3
1926,validator_2,309805763880,True,478100000,33789470,511889470,False,9
1927,validator_96,38816828500,True,799800000,14020960,813820960,False,1
1928,validator_22,110476779310,True,522600000,45532810,568132810,False,3
1929,validator_35,77279410510,True,464300000,60445840,524745840,False,2
1930,validator_9,197712590710,True,758000000,25087940,783087940,False,6
1931,validator_10,181358603470,True,510600000,55619200,566219200,False,5
1932,validator_1,363826606076,True,999660003,104834000,1104494003,True,11
1933,validator_38,72594149610,True,668700000,22826940,691526940,False,2
1934,validator_5,197550269096,True,1285005998,57300090,1342306088,True,6
1935,validator_85,39173405020,True,532600000,41801980,574401980,False,1
1936,validator_3,297258717850,True,487600000,36003420,523603420,False,9
1937,validator_2,310482189970,True,625100000,51326090,676426090,False,9
1938,validator_1,364830871397,True,911053991,93211330,1004265321,True,11
1939,validator_29,87737697344,True,1121624000,42339690,1163963690,True,2
1940,validator_34,73852900500,True,523100000,49275280,572375280,False,2
1941,validator_92,35507163410,True,655400000,33868010,689268010,False,1
1942,validator_0,338310038884,True,1225165998,42685600,1267851598,True,10
1943,validator_1,365837821467,True,871172000,135778070,1006950070,True,11
1944,validator_82,37149221370,True,651000000,45867410,696867410,False,1
1945,validator_49,39269864130,True,1051045993,95159630,1146205623,True,1
1946,validator_27,89264806105,True,836400012,52527430,888927442,True,2
1947,validator_28,89178995083,True,966185995,48979670,1015165665,True,2
1948,validator_39,79062222110,True,686100000,58677090,744777090,False,2
1949,validator_71,37854250520,True,927000001,51574820,978574821,True,1
1950,validator_13,118012857165,True,992658008,185045530,1177703538,True,3
1951,validator_77,38454961450,True,530510000,10534080,541044080,False,1
1952,validator_22,111144094000,True,618700000,48614690,667314690,False,3
1953,validator_18,116818268610,True,610700000,58893850,669593850,False,3
1954,validator_0,339387761648,True,984340004,93382760,1077722764,True,10
1955,validator_2,311257331710,True,736700000,38441740,775141740,False,9
1956,validator_13,118900912996,True,783354011,104701820,888055831,True,3
1957,validator_20,113135600850,True,707800000,110878700,818678700,False,3
1958,validator_3,297984336830,True,682400000,43218980,725618980,False,9
1959,validator_82,37780195440,True,584000000,46974070,630974070,False,1
1960,validator_2,311987801520,True,714000000,16469810,730469810,False,9
1961,validator_10,181983939450,True,598600000,26735980,625335980,False,5
1962,validator_40,77074466860,True,423000000,18960280,441960280,False,2
1963,validator_94,37550822190,True,609200000,52455950,661655950,False,1
1964,validator_42,75801941120,True,445400000,46910680,492310680,False,2
1965,validator_2,312612125330,True,608600000,15723810,624323810,False,9
1966,validator_10,182673334980,True,652000000,37395530,689395530,False,5
1967,validator_9,198650183110,True,909200000,28392400,937592400,False,6
1968,validator_43,74370082330,True,470300000,17344880,487644880,False,2
1969,validator_36,77508262510,True,739900000,18772310,758672310,False,2
1970,validator_7,226593913679,True,616333993,83459350,699793343,True,7
1971,validator_36,78022543260,True,453400000,60880750,514280750,False,2
1972,validator_3,298732085640,True,722600000,25148810,747748810,False,9
1973,validator_33,82318817593,True,791888009,135443070,927331079,True,2
1974,validator_92,36023564090,True,486200000,30200680,516400680,False,1
1975,validator_1,366758677027,True,875626000,45229560,920855560,True,11
1976,validator_55,37969419546,True,745013998,62164370,807178368,True,1
1977,validator_2,313216788100,True,576800000,27862770,604662770,False,9
1978,validator_40,77770560000,True,662900000,33193140,696093140,False,2
1979,validator_89,40397511110,True,590400000,63538520,653938520,False,1
1980,validator_6,218644474595,True,801000002,65888890,866888892,True,6
1981,validator_17,125381771373,True,1086319992,72499400,1158819392,True,3
1982,validator_3,299215710540,True,430000000,53624900,483624900,False,9
1983,validator_17,126589168387,True,1131330004,76067010,1207397014,True,3
1984,validator_38,73324517280,True,712400000,17967670,730367670,False,2
1985,validator_72,36373447270,True,626100000,70360570,696460570,False,1
1986,validator_26,88698031241,True,871753996,41758880,913512876,True,2
1987,validator_66,45171589459,True,801260005,41309550,842569555,True,1
1988,validator_41,82349823470,True,742700000,30962280,773662280,False,2
1989,validator_18,117594251970,True,747100000,28883360,775983360,False,3
1990,validator_2,313987139050,True,746500000,23850950,770350950,False,9
1991,validator_0,340519842806,True,1032099998,99981160,1132081158,True,10
1992,validator_66,46028527742,True,782260003,74678280,856938283,True,1
1993,validator_0,341839448069,True,1267199993,52405270,1319605263,True,10
1994,validator_62,43344134177,True,883860012,88584740,972444752,True,1
1995,validator_23,113146476700,True,716900000,59503910,776403910,False,3
1996,validator_2,314692186580,True,674500000,30547530,705047530,False,9
1997,validator_33,83811180072,True,1394099999,98262480,1492362479,True,2
1998,validator_41,83067434790,True,686400000,31211320,717611320,False,2
1999,validator_3,299750959480,True,476630000,58618940,535248940,False,9
2000,validator_3,300343735850,True,541500000,51276370,592776370,False,9
2001,validator_52,42626304395,True,918113997,70532940,988646937,True,1
2002,validator_17,127431973680,True,738223993,104581300,842805293,True,3
2003,validator_96,39494442880,True,635010000,42604380,677614380,False,1
2004,validator_1,368086508262,True,1232285995,95545240,1327831235,True,11
2005,validator_23,113680991360,True,499900000,34614660,534514660,False,3
2006,validator_6,219679749266,True,954065991,81208680,1035274671,True,6
2007,validator_70,42571128422,True,1070545984,91966770,1162512754,True,1
2008,validator_1,369207238061,True,1058539999,62189800,1120729799,True,11
2009,validator_3,300949530360,True,586400000,19394510,605794510,False,9
2010,validator_2,315294302570,True,579900000,22215990,602115990,False,9
2011,validator_4,218651038342,True,1068960001,49605850,1118565851,True,6
2012,validator_34,74495442730,True,601600000,40942230,642542230,False,2
2013,validator_63,41966293217,True,1014486001,98658770,1113144771,True,1
2014,validator_65,40137969187,True,1102240000,97855710,1200095710,True,1
2015,validator_49,40264683648,True,846483998,148335520,994819518,True,1
2016,validator_6,220987313848,True,1225080002,82484580,1307564582,True,6
2017,validator_9,199152658110,True,486500000,15975000,502475000,False,6
2018,validator_15,127475236776,True,1390039997,36007070,1426047067,True,3
2019,validator_45,42821906566,True,537425989,99768960,637194949,True,1
2020,validator_1,370345412182,True,1029740001,108434120,1138174121,True,11
2021,validator_11,195069480350,True,740000000,65479420,805479420,False,6
2022,validator_90,38426487490,True,573400000,65898420,639298420,False,1
2023,validator_20,113729699800,True,523500000,70598950,594098950,False,3
2024,validator_10,183253462800,True,545300000,34827820,580127820,False,5
2025,validator_18,118100783460,True,488010000,18521490,506531490,False,3
2026,validator_1,371566351285,True,1149322003,71617100,1220939103,True,11
2027,validator_16,119476284105,True,1002748009,42070440,1044818449,True,3
2028,validator_13,119858373030,True,898446004,59014030,957460034,True,3
2029,validator_22,111773714380,True,572900000,56720380,629620380,False,3
2030,validator_59,38131710314,True,1073039993,81781960,1154821953,True,1
2031,validator_25,83846379479,True,1261673998,61413040,1323087038,True,2
2032,validator_0,343051421208,True,1101882009,110091130,1211973139,True,10
2033,validator_5,198663440189,True,1004120003,109051090,1113171093,True,6
2034,validator_56,44918729443,True,898666012,69154380,967820392,True,1
2035,validator_80,38185481560,True,597800000,63706530,661506530,False,1
2036,validator_18,118747939960,True,596300000,50856500,647156500,False,3
2037,validator_9,199803488700,True,633200000,17630590,650830590,False,6
2038,validator_2,316128803550,True,779500000,55000980,834500980,False,9
2039,validator_8,190595995360,True,612600000,22750180,635350180,False,5
2040,validator_37,74136231020,True,507100000,47482980,554582980,False,2
2041,validator_8,191354636860,True,745000000,13641500,758641500,False,5
2042,validator_36,78625890440,True,572600000,30747180,603347180,False,2
2043,validator_26,89790145431,True,1033045990,59068200,1092114190,True,2
2044,validator_1,372963156376,True,1330156001,66649090,1396805091,True,11
2045,validator_0,343905461038,True,721200000,132839830,854039830,True,10
2046,validator_81,38892435640,True,495500000,30641150,526141150,False,1
2047,validator_53,41006720699,True,842839987,49440740,892280727,True,1
2048,validator_2,316846407040,True,692200000,25403490,717603490,False,9
2049,validator_47,43314823870,True,1016419983,75188630,1091608613,True,1
2050,validator_1,373887380794,True,849619988,74604430,924224418,True,11
2051,validator_5,199509784224,True,736754005,109590030,846344035,True,6
2052,validator_18,119470645940,True,679400000,43305980,722705980,False,3
2053,validator_6,221943362733,True,906939995,49108890,956048885,True,6
2054,validator_1,374680513167,True,650900003,142232370,793132373,True,11
2055,validator_37,74762429730,True,593400000,32798710,626198710,False,2
2056,validator_8,191976167040,True,547500000,74030180,621530180,False,5
2057,validator_15,128588249133,True,991319997,121692360,1113012357,True,4
2058,validator_16,120342026515,True,713346000,152396410,865742410,True,3
2059,validator_0,344815686880,True,834006002,76219840,910225842,True,10
2060,validator_1,375618552123,True,891760006,46278950,938038956,True,11
2061,validator_41,83670715280,True,524500000,78780490,603280490,False,2
2062,validator_3,301412088350,True,392200000,70357990,462557990,False,9
2063,validator_28,90272309547,True,997212014,96102450,1093314464,True,2
2064,validator_21,114645183340,True,493200000,24120290,517320290,False,3
2065,validator_3,302033413850,True,602500000,18825500,621325500,False,9
2066,validator_6,222733454849,True,664676006,125416110,790092116,True,6
2067,validator_76,36887949350,True,669200000,21039580,690239580,False,1
2068,validator_51,46561248198,True,820985998,60942090,881928088,True,1
2069,validator_34,75159571250,True,632900000,31228520,664128520,False,2
2070,validator_10,183727276630,True,457800000,16013830,473813830,False,5
2071,validator_68,44316465059,True,1003540000,72644720,1076184720,True,1
2072,validator_27,89873694212,True,545724007,63164100,608888107,True,2
2073,validator_26,90761625974,True,924579993,46900550,971480543,True,2
2074,validator_46,40034726123,True,1090512009,115653670,1206165679,True,1
2075,validator_35,77842216660,True,514000000,48806150,562806150,False,2
2076,validator_0,345645252638,True,715193998,114371760,829565758,True,10
2077,validator_25,84803707787,True,868774008,88554300,957328308,True,2
2078,validator_11,195819251150,True,673100000,76670800,749770800,False,6
2079,validator_5,200597197007,True,979787993,107624790,1087412783,True,6
2080,validator_3,302633439680,True,554300000,45725830,600025830,False,9
2081,validator_9,200427813160,True,604700000,19624460,624324460,False,6
2082,validator_2,317316097630,True,423200000,46490590,469690590,False,9
2083,validator_16,121111676813,True,670125998,99524300,769650298,True,3
2084,validator_0,346695129674,True,968235996,81641040,1049877036,True,10
2085,validator_39,79607414440,True,495300000,49892330,545192330,False,2
2086,validator_68,45114396118,True,735533999,62397060,797931059,True,1
2087,validator_1,376516964967,True,779794004,118618840,898412844,True,11
2088,validator_7,227639277240,True,1000100001,45263560,1045363561,True,7
2089,validator_85,39697617180,True,494100000,30112160,524212160,False,1
2090,validator_8,192644597010,True,644800000,23629970,668429970,False,6
2091,validator_49,41272730552,True,921502004,86544900,1008046904,True,1
2092,validator_33,84810243734,True,897799992,101263670,999063662,True,2
2093,validator_32,80452106401,True,964859995,123034490,1087894485,True,2
2094,validator_6,223609320573,True,767619994,108245730,875865724,True,6
2095,validator_34,75882845520,True,648100000,75174270,723274270,False,2
2096,validator_18,120089168560,True,574400000,44122620,618522620,False,3
2097,validator_0,347914604946,True,1139178002,80297270,1219475272,True,10
2098,validator_9,201000719250,True,549600000,23306090,572906090,False,6
2099,validator_57,43234312201,True,976081998,70787220,1046869218,True,1
2100,validator_7,228587589565,True,821731995,126580330,948312325,True,7
2101,validator_20,114414114110,True,649400000,35014310,684414310,False,3
2102,validator_45,43665733383,True,754998007,88828810,843826817,True,1
2103,validator_71,38904327510,True,958336000,91740990,1050076990,True,1
2104,validator_9,201527974870,True,468600000,58655620,527255620,False,6
2105,validator_42,76477981160,True,644700000,31340040,676040040,False,2
2106,validator_24,87959251197,True,989040001,77994040,1067034041,True,2
2107,validator_2,318088442660,True,723800000,48545030,772345030,False,9
2108,validator_1,377666334395,True,1029114008,120255420,1149369428,True,11
2109,validator_0,348944064050,True,913740004,115719100,1029459104,True,10
2110,validator_27,90637289143,True,687685991,75908940,763594931,True,2
2111,validator_0,350034052597,True,995380007,94608540,1089988547,True,10
2112,validator_3,303282024220,True,623500000,25084540,648584540,False,9
2113,validator_58,47313657250,True,1257123997,143654830,1400778827,True,1
2114,validator_4,219893178472,True,1077380000,164760130,1242140130,True,6
2115,validator_91,37302635010,True,624500000,32089670,656589670,False,1
2116,validator_23,114212460270,True,496300000,35168910,531468910,False,3
2117,validator_31,84402692033,True,1202260001,135596370,1337856371,True,2
2118,validator_32,81440592411,True,939520010,48966000,988486010,True,2
2119,validator_1,378993172416,True,1224887991,101950030,1326838021,True,11
2120,validator_86,37833713740,True,520500000,13889140,534389140,False,1
2121,validator_3,304004796770,True,687800000,34972550,722772550,False,9
2122,validator_3,304662602460,True,638000000,19805690,657805690,False,9
2123,validator_8,193219339530,True,535800000,38942520,574742520,False,6
2124,validator_44,41576050012,True,1133738003,93615320,1227353323,True,1
2125,validator_6,224604254559,True,890840006,104093980,994933986,True,7
2126,validator_42,77128446720,True,599700000,50765560,650465560,False,2
2127,validator_56,45906764555,True,881165992,106869120,988035112,True,1
2128,validator_14,134604165873,True,1144049996,60677080,1204727076,True,4
2129,validator_2,318728446530,True,603200000,36803870,640003870,False,9
2130,validator_5,202009488336,True,1328842009,83449320,1412291329,True,6
2131,validator_41,84179903540,True,484400000,24788260,509188260,False,2
2132,validator_96,40040375690,True,487500000,58432810,545932810,False,1
2133,validator_41,84823544560,True,608600000,35041020,643641020,False,2
2134,validator_20,114910841650,True,465200000,31527540,496727540,False,3
2135,validator_11,196411560100,True,565400000,26908950,592308950,False,6
2136,validator_75,39757044690,True,753900000,30246070,784146070,False,1
2137,validator_33,85642013698,True,745824004,85945960,831769964,True,2
2138,validator_33,86539894409,True,817420001,80460710,897880711,True,2
2139,validator_6,225664098188,True,992339999,67503630,1059843629,True,7
2140,validator_1,379889326936,True,728473990,167680530,896154520,True,11
2141,validator_32,82369976316,True,885643995,43739910,929383905,True,2
2142,validator_14,135530227286,True,862660003,63401410,926061413,True,4
2143,validator_9,202185224390,True,593500000,63749520,657249520,False,6
2144,validator_37,75372351490,True,560100000,49821760,609921760,False,2
2145,validator_36,79182228230,True,538700000,17637790,556337790,False,2
2146,validator_18,120863974650,True,738300000,36506090,774806090,False,3
2147,validator_40,78304796470,True,498300000,35936470,534236470,False,2
2148,validator_59,39293679571,True,1094017997,67951260,1161969257,True,1
2149,validator_0,350971343798,True,837420001,99871200,937291201,True,10
2150,validator_0,351758438761,True,748210013,38884950,787094963,True,10
2151,validator_16,122334722218,True,1089147995,133897410,1223045405,True,3
2152,validator_85,40276996620,True,504300000,75079440,579379440,False,1
2153,validator_20,115547818010,True,589900000,47076360,636976360,False,3
2154,validator_12,123919952558,True,842853990,75850520,918704510,True,3
2155,validator_77,39190290150,True,660800000,74528700,735328700,False,1
2156,validator_24,88932967763,True,842287996,131428570,973716566,True,2
2157,validator_32,83378409758,True,894219992,114213450,1008433442,True,2
2158,validator_9,202797051550,True,597200000,14627160,611827160,False,6
2159,validator_7,229257894535,True,576880000,93424970,670304970,True,7
2160,validator_10,184275665300,True,514920000,33468670,548388670,False,5
2161,validator_45,44560229674,True,811103991,83392300,894496291,True,1
2162,validator_26,91864014524,True,993620000,108768550,1102388550,True,2
2163,validator_21,115285947780,True,578800000,61964440,640764440,False,3
2164,validator_98,36356569630,True,568400000,49961040,618361040,False,1
2165,validator_44,42936848619,True,1246036007,114762600,1360798607,True,1
2166,validator_31,85283297713,True,801000000,79605680,880605680,True,2
2167,validator_7,230132608159,True,777468014,97245610,874713624,True,7
2168,validator_92,36583598780,True,503400000,56634690,560034690,False,1
2169,validator_83,39237779500,True,532500000,15464780,547964780,False,1
2170,validator_57,44031314474,True,635886013,161116260,797002273,True,1
2171,validator_17,128641090365,True,1078633995,130482690,1209116685,True,4
2172,validator_30,84370182933,True,1064840003,36381160,1101221163,True,2
2173,validator_0,352823348358,True,1026039997,38869600,1064909597,True,11
2174,validator_38,73806305060,True,451200000,30587780,481787780,False,2
2175,validator_7,231032723147,True,781845998,118268990,900114988,True,7
2176,validator_70,43351920022,True,736099990,44691610,780791600,True,1
2177,validator_99,36118991880,True,491600000,23994370,515594370,False,1
2178,validator_33,87723699603,True,1049075994,134729200,1183805194,True,2
2179,validator_79,37511241260,True,641800000,33384440,675184440,False,1
2180,validator_5,203050434719,True,961788013,79158370,1040946383,True,6
2181,validator_43,74824336250,True,417700000,36553920,454253920,False,2
2182,validator_36,79792307820,True,588200000,21879590,610079590,False,2
2183,validator_68,46230022926,True,1010279998,105346810,1115626808,True,1
2184,validator_4,221139522695,True,1193480003,52864220,1246344223,True,6
2185,validator_36,80592017910,True,786300000,13410090,799710090,False,2
2186,validator_4,222313802294,True,1017365989,156913610,1174279599,True,6
2187,validator_1,380888576122,True,938023996,61225190,999249186,True,11
2188,validator_76,37575504500,True,650200000,37355150,687555150,False,1
2189,validator_20,116153245160,True,564700000,40727150,605427150,False,3
2190,validator_45,45550245080,True,901110006,88905400,990015406,True,1
2191,validator_40,79141338240,True,810200000,26341770,836541770,False,2
2192,validator_65,40964027207,True,745160010,80898010,826058020,True,1
2193,validator_14,136375646273,True,738673997,106744990,845418987,True,4
2194,validator_94,38392014460,True,755900000,85292270,841192270,False,1
2195,validator_35,78428585440,True,547700000,38668780,586368780,False,2
2196,validator_42,77803552780,True,648300000,26806060,675106060,False,2
2197,validator_7,232001902941,True,898797994,70381800,969179794,True,7
2198,validator_0,353825179824,True,921636006,80195460,1001831466,True,11
2199,validator_3,305305305170,True,608000000,34702710,642702710,False,9
2200,validator_4,223331222097,True,896820003,120599800,1017419803,True,6
2201,validator_12,124966291937,True,1017940009,28399370,1046339379,True,3
2202,validator_19,116111827090,True,585700000,10506070,596206070,False,3
2203,validator_43,75395813300,True,540300000,31177050,571477050,False,2
2204,validator_13,120431098719,True,504659999,68065690,572725689,True,3
2205,validator_5,204081124095,True,956800006,73889370,1030689376,True,6
2206,validator_60,36470576306,True,1134983997,89314260,1224298257,True,1
2207,validator_0,354961117104,True,1034188000,101749280,1135937280,True,11
2208,validator_83,39845603280,True,568000000,39823780,607823780,False,1
2209,validator_94,39121287660,True,650900000,78373200,729273200,False,1
2210,validator_30,85787603119,True,1316739996,100680190,1417420186,True,2
2211,validator_4,224526203928,True,1150068001,44913830,1194981831,True,7
2212,validator_7,233084345939,True,974257998,108185000,1082442998,True,7
2213,validator_24,89814239969,True,766657996,114614210,881272206,True,2
2214,validator_23,114933731100,True,682400000,38870830,721270830,False,3
2215,validator_42,78286659280,True,469700000,13406500,483106500,False,2
2216,validator_23,115463644490,True,477100000,52813390,529913390,False,3
2217,validator_41,85378154060,True,519200000,35409500,554609500,False,2
2218,validator_10,185128011720,True,836500000,15846420,852346420,False,5
2219,validator_14,137157138709,True,696759996,84732440,781492436,True,4
2220,validator_15,129817013033,True,1133000000,95763900,1228763900,True,4
2221,validator_57,45192418256,True,1124480002,36623780,1161103782,True,1
2222,validator_18,121606755900,True,675100000,67681250,742781250,False,3
2223,validator_43,76140823160,True,721400000,23609860,745009860,False,2
2224,validator_4,225407005215,True,786455997,94345290,880801287,True,7
2225,validator_2,319454927210,True,695100000,31380680,726480680,False,9
2226,validator_2,320146794570,True,647600000,44267360,691867360,False,10
2227,validator_8,193751365110,True,486900000,45125580,532025580,False,6
2228,validator_0,355843808329,True,786538005,96153220,882691225,True,11
2229,validator_21,116013184790,True,691100000,36137010,727237010,False,3
2230,validator_24,91187407297,True,1277967988,95199340,1373167328,True,2
2231,validator_88,39275870480,True,559300000,36060360,595360360,False,1
2232,validator_20,116685157080,True,467940000,63971920,531911920,False,3
2233,validator_31,86502828041,True,1114790008,104740320,1219530328,True,2
2234,validator_95,34444553720,True,574400000,52794390,627194390,False,1
2235,validator_2,320892278540,True,713500000,31983970,745483970,False,10
2236,validator_28,91187876192,True,825564005,90002640,915566645,True,2
2237,validator_5,205225697534,True,1056100009,88473430,1144573439,True,6
2238,validator_16,123196750697,True,803583999,58444480,862028479,True,3
2239,validator_8,194427949950,True,623100000,53484840,676584840,False,6
2240,validator_79,38061839930,True,530500000,20098670,550598670,False,1
2241,validator_1,382179324647,True,1165816005,124932520,1290748525,True,11
2242,validator_46,40975170619,True,869480006,70964490,940444496,True,1
2243,validator_43,76744631200,True,534600000,69208040,603808040,False,2
2244,validator_26,92671041275,True,722640001,84386750,807026751,True,2
2245,validator_6,226879013264,True,1098539996,116375080,1214915076,True,7
2246,validator_18,122186636120,True,558200000,21680220,579880220,False,3
2247,validator_1,383129661783,True,858589996,91747140,950337136,True,11
2248,validator_8,195113313000,True,654100000,31263050,685363050,False,6
2249,validator_5,206424546567,True,1142099993,56749040,1198849033,True,6
2250,validator_50,44488047839,True,938654001,110313280,1048967281,True,1
2251,validator_42,78980849510,True,654200000,39990230,694190230,False,2
2252,validator_2,321436474520,True,526600000,17595980,544195980,False,10
2253,validator_0,356864982728,True,972400009,48774390,1021174399,True,11
2254,validator_18,123061010980,True,836400000,37974860,874374860,False,3
2255,validator_59,40118523663,True,706945992,117898100,824844092,True,1
2256,validator_24,92341750026,True,1063927999,90414730,1154342729,True,2
2257,validator_15,130840905689,True,933466016,90426640,1023892656,True,4
2258,validator_1,384119656258,True,877799995,112194480,989994475,True,12
2259,validator_0,357618704033,True,681840005,71881300,753721305,True,11
2260,validator_7,234034366202,True,869159993,80860270,950020263,True,7
2261,validator_59,40843893728,True,655540005,69830060,725370065,True,1
2262,validator_61,44797053833,True,1121641997,84097200,1205739197,True,1
2263,validator_10,185639701610,True,486800000,24889890,511689890,False,5
2264,validator_2,321949144200,True,469900000,42769680,512669680,False,10
2265,validator_95,35115417950,True,609600000,61264230,670864230,False,1
2266,validator_26,93864186277,True,1149000012,44144990,1193145002,True,2
2267,validator_9,203384314670,True,551200000,36063120,587263120,False,6
2268,validator_93,37208570800,True,534200000,10679920,544879920,False,1
2269,validator_61,45560341439,True,659860006,103427600,763287606,True,1
2270,validator_32,84400761521,True,895580003,126771760,1022351763,True,2
2271,validator_21,116799565760,True,674700000,111680970,786380970,False,3
2272,validator_28,92362681638,True,1096656006,78149440,1174805446,True,2
2273,validator_13,121145008263,True,651679994,62229550,713909544,True,3
2274,validator_2,322493168150,True,510800000,33223950,544023950,False,10
2275,validator_9,203908618550,True,495200000,29103880,524303880,False,6
2276,validator_54,37270043028,True,1096960000,115955160,1212915160,True,1
2277,validator_32,85591213318,True,1099505997,90945800,1190451797,True,2
2278,validator_10,186301343390,True,632700000,28941780,661641780,False,5
2279,validator_75,40704064440,True,913000000,34019750,947019750,False,1
2280,validator_70,44540769600,True,1166715998,22133580,1188849578,True,1
2281,validator_11,197176026510,True,750070000,14396410,764466410,False,6
2282,validator_19,117130801330,True,985500000,33474240,1018974240,False,3
2283,validator_11,197911088200,True,667200000,67861690,735061690,False,6
2284,validator_39,80280710110,True,642100000,31195670,673295670,False,2
2285,validator_31,87772141680,True,1152834009,116479630,1269313639,True,2
2286,validator_1,385471855885,True,1292699997,59499630,1352199627,True,12
2287,validator_38,74591658100,True,758500000,26853040,785353040,False,2
2288,validator_34,76654418820,True,718100000,53473300,771573300,False,2
2289,validator_7,234937328033,True,823847991,79113840,902961831,True,7
2290,validator_0,358719923261,True,1026474008,74745220,1101219228,True,11
2291,validator_96,40605296280,True,518600000,46320590,564920590,False,1
2292,validator_66,47098780724,True,970920002,99332980,1070252982,True,1
2293,validator_95,35687405260,True,551700000,20287310,571987310,False,1
2294,validator_8,195688607570,True,531100000,44194570,575294570,False,6
2295,validator_52,43644689178,True,927894003,90490780,1018384783,True,1
2296,validator_3,306071846780,True,710600000,55941610,766541610,False,9
2297,validator_7,236107456162,True,1074039999,96088130,1170128129,True,7
2298,validator_39,80919213370,True,613900000,24603260,638503260,False,2
2299,validator_37,76117360930,True,701700000,43309440,745009440,False,2
2300,validator_26,94754527466,True,804510009,85831180,890341189,True,2
2301,validator_4,226180879588,True,608913993,164960380,773874373,True,7
2302,validator_79,38592606590,True,502500000,28266660,530766660,False,1
2303,validator_6,227595443852,True,668485988,47944600,716430588,True,7
2304,validator_3,306764690690,True,674600000,18243910,692843910,False,9
2305,validator_49,42265797793,True,903559991,89507250,993067241,True,1
2306,validator_7,237167131119,True,942979997,116694960,1059674957,True,7
2307,validator_33,88779435418,True,914360005,141375810,1055735815,True,2
2308,validator_19,117682028690,True,525900000,25327360,551227360,False,3
2309,validator_21,117328170020,True,514500000,14104260,528604260,False,3
2310,validator_83,40395086510,True,500500000,48983230,549483230,False,1
2311,validator_7,237991466908,True,789659989,34675800,824335789,True,7
2312,validator_3,307498708140,True,683300000,50717450,734017450,False,9
2313,validator_40,79709202970,True,508100000,59764730,567864730,False,2
2314,validator_38,75149965020,True,534200000,24106920,558306920,False,2
2315,validator_92,37380760010,True,740900000,56261230,797161230,False,1
2316,validator_2,322992020070,True,462560000,36291920,498851920,False,10
2317,validator_61,46788758300,True,1148600001,79816860,1228416861,True,1
2318,validator_15,132070263004,True,1104800015,124557300,1229357315,True,4
2319,validator_29,88707945794,True,856527990,113720460,970248450,True,2
2320,validator_46,41980752398,True,925417999,80163780,1005581779,True,1
2321,validator_11,198410823960,True,464840000,34895760,499735760,False,6
2322,validator_18,123780308980,True,702900000,16398000,719298000,False,3
2323,validator_8,196149254370,True,417240000,43406800,460646800,False,6
2324,validator_11,198821573450,True,360700000,50049490,410749490,False,6
2325,validator_1,386544769159,True,963940004,108973270,1072913274,True,12
2326,validator_8,196756503460,True,575400000,31849090,607249090,False,6
2327,validator_14,137981504228,True,752786009,71579510,824365519,True,4
2328,validator_93,37938535780,True,667400000,62564980,729964980,False,1
2329,validator_46,43095879771,True,1089894003,25233370,1115127373,True,1
2330,validator_76,38095088880,True,453900000,65684380,519584380,False,1
2331,validator_10,186839444730,True,506200000,31901340,538101340,False,5
2332,validator_26,95549244781,True,693875995,100841320,794717315,True,2
2333,validator_10,187431604250,True,572110000,20049520,592159520,False,5
2334,validator_5,207567253046,True,1095319989,47386490,1142706479,True,6
2335,validator_9,204636189840,True,652300000,75271290,727571290,False,6
2336,validator_35,79022597610,True,575600000,18412170,594012170,False,2
2337,validator_9,205247518440,True,587800000,23528600,611328600,False,6
2338,validator_19,118201106560,True,483000000,36077870,519077870,False,3
2339,validator_4,227166619541,True,872539993,113199960,985739953,True,7
2340,validator_16,123932057907,True,656926010,78381200,735307210,True,3
2341,validator_41,85962094290,True,534700000,49240230,583940230,False,2
2342,validator_30,86781286077,True,879654008,114028950,993682958,True,2
2343,validator_4,228129578587,True,861705996,101253050,962959046,True,7
2344,validator_18,124570561110,True,712400000,77852130,790252130,False,3
2345,validator_15,133073377403,True,854735999,148378400,1003114399,True,4
2346,validator_17,129725117748,True,1013000003,71027380,1084027383,True,4
2347,validator_6,228736046058,True,1010357996,130244210,1140602206,True,7
2348,validator_0,359909024875,True,1117960004,71141610,1189101614,True,11
2349,validator_55,39301588903,True,1260833997,71335360,1332169357,True,1
2350,validator_44,43963408380,True,900839991,125719770,1026559761,True,1
2351,validator_10,187988869350,True,511200000,46065100,557265100,False,5
2352,validator_73,40427484680,True,770400000,58578030,828978030,False,1
2353,validator_25,86188019840,True,1281599993,102712060,1384312053,True,2
2354,validator_75,41285521630,True,546900000,34557190,581457190,False,1
2355,validator_55,40126073812,True,761920009,62564900,824484909,True,1
2356,validator_79,39080464650,True,436400000,51458060,487858060,False,1
2357,validator_41,86610604210,True,562700000,85809920,648509920,False,2
2358,validator_4,228959803637,True,775880000,54345050,830225050,True,7
2359,validator_79,39760948450,True,652000000,28483800,680483800,False,1
2360,validator_25,86940088667,True,628873997,123194830,752068827,True,2
2361,validator_99,36928707270,True,734300000,75415390,809715390,False,1
2362,validator_87,38960971110,True,601100000,22638720,623738720,False,1
2363,validator_86,38398694580,True,494800000,70180840,564980840,False,1
2364,validator_25,88031497072,True,1037919995,53488410,1091408405,True,2
2365,validator_62,44473645905,True,1038839998,90671730,1129511728,True,1
2366,validator_38,75742351700,True,543500000,48886680,592386680,False,2
2367,validator_0,360651293277,True,703980012,38288390,742268402,True,11
2368,validator_1,387640735112,True,909759993,186205960,1095965953,True,12
2369,validator_44,44862799415,True,845514015,53877020,899391035,True,1
2370,validator_89,41029140720,True,582400000,49229610,631629610,False,1
2371,validator_91,37926269810,True,576100000,47534800,623634800,False,1
2372,validator_49,43663156994,True,1329820001,67539200,1397359201,True,1
2373,validator_65,42097789395,True,1017897998,115864190,1133762188,True,1
2374,validator_28,93556032466,True,1073439988,119910840,1193350828,True,2
2375,validator_25,88784000989,True,618585997,133917920,752503917,True,2
2376,validator_61,48115805259,True,1211196009,115850950,1327046959,True,1
2377,validator_40,80329640830,True,565400000,55037860,620437860,False,2
2378,validator_19,118795972800,True,568200000,26666240,594866240,False,3
2379,validator_11,199264706310,True,418570000,24562860,443132860,False,6
2380,validator_90,38975317530,True,519600000,29230040,548830040,False,1
2381,validator_2,323624890820,True,600500000,32370750,632870750,False,10
2382,validator_69,38384336200,True,539266005,26640400,565906405,True,1
2383,validator_3,308156111600,True,596900000,60503460,657403460,False,9
2384,validator_37,76608793810,True,470700000,20732880,491432880,False,2
2385,validator_17,130538800889,True,742510001,71173140,813683141,True,4
2386,validator_46,44174593220,True,937060009,141653440,1078713449,True,1
2387,validator_10,188775613340,True,726100000,60643990,786743990,False,5
2388,validator_5,208599812800,True,970085994,62473760,1032559754,True,6
2389,validator_18,125079151620,True,478600000,29990510,508590510,False,3
2390,validator_57,46492810900,True,1205073984,95318660,1300392644,True,1
2391,validator_20,117236172940,True,525600000,25415860,551015860,False,3
2392,validator_69,39150997167,True,694319987,72340980,766660967,True,1
2393,validator_88,39775277080,True,460500000,38906600,499406600,False,1
2394,validator_11,200003024120,True,701500000,36817810,738317810,False,6
2395,validator_77,39954819710,True,745000000,19529560,764529560,False,1
2396,validator_43,77295546340,True,534700000,16215140,550915140,False,2
2397,validator_17,131280305709,True,590630000,150874820,741504820,True,4
2398,validator_76,38783947880,True,629700000,59159000,688859000,False,1
2399,validator_30,87992568503,True,1154196006,57086420,1211282426,True,2
2400,validator_72,36913072790,True,503600000,36025520,539625520,False,1
2401,validator_28,94665945452,True,1047224006,62688980,1109912986,True,2
2402,validator_5,209328634077,True,694984007,33837270,728821277,True,6
2403,validator_24,93322343877,True,898254001,82339850,980593851,True,2
2404,validator_0,362066084563,True,1374303996,40487290,1414791286,True,11
2405,validator_9,206071055360,True,771300000,52236920,823536920,False,6
2406,validator_10,189371998810,True,576700000,19685470,596385470,False,5
2407,validator_32,86488412869,True,804903991,92295560,897199551,True,2
2408,validator_0,363185033787,True,1021260014,97689210,1118949224,True,11
2409,validator_16,125059081350,True,1026879993,100143450,1127023443,True,3
2410,validator_7,238813566850,True,697473992,124625950,822099942,True,7
2411,validator_7,239759900260,True,843260010,103073400,946333410,True,7
2412,validator_5,210330972708,True,959700001,42638630,1002338631,True,6
2413,validator_41,87106186030,True,462900000,32681820,495581820,False,2
2414,validator_1,388785022719,True,1040185997,104101610,1144287607,True,12
2415,validator_30,88924582011,True,776400008,155613500,932013508,True,2
2416,validator_90,39696616820,True,664200000,57099290,721299290,False,1
2417,validator_5,211404625710,True,953744002,119909000,1073653002,True,6
2418,validator_12,126147200423,True,1077867996,103040490,1180908486,True,3
2419,validator_94,39777193420,True,600200000,55705760,655905760,False,1
2420,validator_97,39325378770,True,507200000,16024220,523224220,False,1
2421,validator_30,89984201750,True,996677999,62941740,1059619739,True,2
2422,validator_8,197595475330,True,748900000,90071870,838971870,False,6
2423,validator_66,48254140018,True,1103179994,52179300,1155359294,True,1
2424,validator_62,45506629929,True,903179994,129804030,1032984024,True,1
2425,validator_62,46130495771,True,573886002,49979840,623865842,True,1
2426,validator_81,39442677700,True,514790000,35452060,550242060,False,1
2427,validator_61,49084762112,True,817500013,151456840,968956853,True,1
2428,validator_10,189968295380,True,576000000,20296570,596296570,False,5
2429,validator_4,229758131094,True,737713997,60613460,798327457,True,7
2430,validator_73,41099261800,True,630100000,41677120,671777120,False,1
2431,validator_1,389639577373,True,722125994,132428660,854554654,True,12
2432,validator_31,88723079175,True,874959995,75977500,950937495,True,2
2433,validator_87,39874074160,True,871300000,41803050,913103050,False,1
2434,validator_91,38520546410,True,530400000,63876600,594276600,False,1
2435,validator_18,125650051860,True,559200000,11700240,570900240,False,3
2436,validator_24,94406377793,True,974113996,109919920,1084033916,True,2
2437,validator_7,240542344310,True,734988000,47456050,782444050,True,7
2438,validator_11,200629529140,True,551800000,74705020,626505020,False,6
2439,validator_40,81089461830,True,723500000,36321000,759821000,False,2
2440,validator_10,190543285390,True,529400000,45590010,574990010,False,5
2441,validator_22,112431019270,True,628900000,28404890,657304890,False,3
2442,validator_93,38600349500,True,618800000,43013720,661813720,False,1
2443,validator_5,212394351589,True,915659999,74065880,989725879,True,6
2444,validator_47,44333546613,True,956500003,62222740,1018722743,True,1
2445,validator_14,138985951393,True,879319995,125127170,1004447165,True,4
2446,validator_0,364565234192,True,1254734005,125466400,1380200405,True,11
2447,validator_81,40081965340,True,599600000,39687640,639287640,False,1
2448,validator_79,40290928520,True,454100000,75880070,529980070,False,1
2449,validator_22,113066164560,True,608400000,26745290,635145290,False,3
2450,validator_1,390632279801,True,883679998,109022430,992702428,True,12
2451,validator_0,365367636789,True,685479997,116922600,802402597,True,11
2452,validator_3,308781586800,True,544100000,81375200,625475200,False,9
2453,validator_15,134150867910,True,989965997,87524510,1077490507,True,4
2454,validator_24,95194319008,True,675264005,112677210,787941215,True,2
2455,validator_78,38491066450,True,551200000,36397430,587597430,False,1
2456,validator_2,324383972900,True,708700000,50382080,759082080,False,10
2457,validator_6,229673556773,True,855339995,82170720,937510715,True,7
2458,validator_88,40391990080,True,592900000,23813000,616713000,False,1
2459,validator_19,119432227020,True,619300000,16954220,636254220,False,3
2460,validator_1,391584788869,True,883850008,68659060,952509068,True,12
2461,validator_17,132361385421,True,993059992,88019720,1081079712,True,4
2462,validator_8,198184833360,True,543200000,46158030,589358030,False,6
2463,validator_0,366340281456,True,898764007,73880660,972644667,True,11
2464,validator_79,41014841390,True,707900000,16012870,723912870,False,1
2465,validator_69,40037723211,True,854059994,32666050,886726044,True,1
2466,validator_7,241643898389,True,1023680009,77874070,1101554079,True,7
2467,validator_10,191118857820,True,559100000,16472430,575572430,False,5
2468,validator_3,309503758920,True,651300000,70872120,722172120,False,9
2469,validator_36,81317563080,True,704700000,20845170,725545170,False,2
2470,validator_65,43033221270,True,857994005,77437870,935431875,True,1
2471,validator_22,113660077350,True,576700000,17212790,593912790,False,3
2472,validator_32,87325292032,True,785400013,51479150,836879163,True,2
2473,validator_6,230458290976,True,706636003,78098200,784734203,True,7
2474,validator_3,310150390100,True,614970000,31661180,646631180,False,9
2475,validator_19,120156941720,True,688100000,36614700,724714700,False,3
2476,validator_6,231282115877,True,764966011,58858890,823824901,True,7
2477,validator_0,367621721584,True,1198179998,83260130,1281440128,True,11
2478,validator_15,135079788856,True,798204016,130716930,928920946,True,4
2479,validator_14,139936686271,True,814387988,136346890,950734878,True,4
2480,validator_71,40026745710,True,1019516000,102902200,1122418200,True,1
2481,validator_42,79629432980,True,631900000,16683470,648583470,False,2
2482,validator_11,201225062100,True,551300000,44232960,595532960,False,6
2483,validator_75,41888230820,True,568600000,34109190,602709190,False,1
2484,validator_77,40516981190,True,539900000,22261480,562161480,False,1
2485,validator_11,202046842590,True,800300000,21480490,821780490,False,6
2486,validator_95,36260533770,True,517700000,55428510,573128510,False,1
2487,validator_76,39608166070,True,796000000,28218190,824218190,False,1
2488,validator_0,368684931900,True,963999986,99210330,1063210316,True,11
2489,validator_3,310681731900,True,509200000,22141800,531341800,False,9
2490,validator_73,41788080640,True,638700000,50118840,688818840,False,1
2491,validator_43,77966535200,True,605700000,65288860,670988860,False,2
2492,validator_27,91932453276,True,1182221993,112942140,1295164133,True,2
2493,validator_96,41094499260,True,435500000,53702980,489202980,False,1
2494,validator_26,96673399334,True,1015565993,108588560,1124154553,True,3
2495,validator_30,91083175467,True,1002537987,96435730,1098973717,True,2
2496,validator_94,40516933110,True,723100000,16639690,739739690,False,1
2497,validator_2,325069089990,True,647400000,37717090,685117090,False,10
2498,validator_98,36868464900,True,454700000,57195270,511895270,False,1
2499,validator_6,232345199707,True,951328000,111755830,1063083830,True,7
2500,validator_87,40469724660,True,556290000,39360500,595650500,False,1
2501,validator_2,325767043810,True,678000000,19953820,697953820,False,10
2502,validator_1,392367980791,True,677075982,106115940,783191922,True,12
2503,validator_9,206519938350,True,423200000,25682990,448882990,False,6
2504,validator_2,326458758230,True,671500000,20214420,691714420,False,10
2505,validator_1,392990507404,True,545376013,77150600,622526613,True,12
2506,validator_40,81582019630,True,450800000,41757800,492557800,False,2
2507,validator_71,41377403036,True,1274197986,76459340,1350657326,True,1
2508,validator_18,126137523980,True,465700000,21772120,487472120,False,3
2509,validator_6,233421310926,True,956818009,119293210,1076111219,True,7
2510,validator_42,80291240550,True,633500000,28307570,661807570,False,2
2511,validator_90,40385606510,True,652500000,36489690,688989690,False,1
2512,validator_4,230929417658,True,1114659994,56626570,1171286564,True,7
2513,validator_13,122144169113,True,952040010,47120840,999160850,True,3
2514,validator_14,140614412320,True,553685989,124040060,677726049,True,4
2515,validator_24,96271935666,True,1010519998,67096660,1077616658,True,3
2516,validator_19,120920163910,True,730400000,32822190,763222190,False,3
2517,validator_21,118197802470,True,857800000,11832450,869632450,False,3
2518,validator_35,79800832100,True,740000000,38234490,778234490,False,2
2519,validator_91,39292259830,True,715600000,56113420,771713420,False,1
2520,validator_10,191803723790,True,670300000,14565970,684865970,False,5
2521,validator_5,213242523182,True,762383993,85787600,848171593,True,6
2522,validator_44,45766579621,True,830838006,72942200,903780206,True,1
2523,validator_37,77346976480,True,690600000,47582670,738182670,False,2
2524,validator_87,41117615770,True,621200000,26691110,647891110,False,1
2525,validator_3,311300603920,True,578100000,40772020,618872020,False,9
2526,validator_27,93026375746,True,1013464000,80458470,1093922470,True,2
2527,validator_2,327366605740,True,865200000,42647510,907847510,False,10
2528,validator_50,45710545865,True,1115779996,106718030,1222498026,True,1
2529,validator_46,45191936833,True,908700003,108643610,1017343613,True,1
2530,validator_29,89647061692,True,846379988,92735910,939115898,True,2
2531,validator_7,242463655848,True,759519999,60237460,819757459,True,7
2532,validator_11,202696215850,True,611500000,37873260,649373260,False,6
2533,validator_47,45353189490,True,916363997,103278880,1019642877,True,1
2534,validator_6,234325771142,True,828706006,75754210,904460216,True,7
2535,validator_4,232088339202,True,979080004,179841540,1158921544,True,7
2536,validator_45,46524054653,True,830500003,143309570,973809573,True,1
2537,validator_63,42846411551,True,854759994,25358340,880118334,True,1
2538,validator_35,80457797630,True,608300000,48665530,656965530,False,2
2539,validator_7,243552880539,True,1023260001,65964690,1089224691,True,7
2540,validator_12,127547334208,True,1268004005,132129780,1400133785,True,3
2541,validator_33,89855872707,True,1009913999,66523290,1076437289,True,2
2542,validator_41,87768867650,True,626700000,35981620,662681620,False,2
2543,validator_20,117816490600,True,558400000,21917660,580317660,False,3
2544,validator_2,328107414490,True,701200000,39608750,740808750,False,10
2545,validator_95,36929766380,True,606900000,62332610,669232610,False,1
2546,validator_94,41264840280,True,652400000,95507170,747907170,False,1
2547,validator_32,88726003665,True,1267440003,133271630,1400711633,True,2
2548,validator_1,393989910217,True,916493993,82908820,999402813,True,12
2549,validator_5,214362898715,True,1069940003,50435530,1120375533,True,6
2550,validator_0,369462333426,True,686713996,90687530,777401526,True,11
2551,validator_25,89644171292,True,797426003,62744300,860170303,True,2
2552,validator_16,126022573606,True,897799996,65692260,963492256,True,3
2553,validator_9,207024501130,True,483400000,21162780,504562780,False,6
2554,validator_26,97585764730,True,851519996,60845400,912365396,True,3
2555,validator_7,244901955196,True,1225519987,123554670,1349074657,True,7
2556,validator_0,370502036467,True,945370011,94333030,1039703041,True,11
2557,validator_1,395158664676,True,1070137999,98616460,1168754459,True,12
2558,validator_39,81571421290,True,622200000,30007920,652207920,False,2
2559,validator_25,90396639488,True,693249996,59218200,752468196,True,2
2560,validator_32,89742326056,True,950360001,65962390,1016322391,True,2
2561,validator_16,127196641514,True,1090865998,83201910,1174067908,True,3
2562,validator_8,198632030850,True,420800000,26397490,447197490,False,6
2563,validator_4,233119139443,True,997139991,33660250,1030800241,True,7
2564,validator_17,133570346261,True,1119214000,89746840,1208960840,True,4
2565,validator_15,136015462953,True,884900007,50774090,935674097,True,4
2566,validator_6,235397026687,True,898900005,172355540,1071255545,True,7
2567,validator_17,134470896985,True,826680004,73870720,900550724,True,4
2568,validator_41,88295396950,True,505200000,21329300,526529300,False,2
2569,validator_16,128130468427,True,851949993,81876920,933826913,True,4
2570,validator_1,396322564679,True,1108620003,55280000,1163900003,True,12
2571,validator_38,76330332960,True,526600000,61381260,587981260,False,2
2572,validator_1,396987736196,True,564699997,100471520,665171517,True,12
2573,validator_40,82227299860,True,603200000,42080230,645280230,False,2
2574,validator_76,40133370730,True,489200000,36004660,525204660,False,1
2575,validator_1,397818838718,True,761360002,69742520,831102522,True,12
2576,validator_11,203232138800,True,507300000,28622950,535922950,False,6
2577,validator_10,192413443640,True,567700000,42019850,609719850,False,6
2578,validator_4,233925769852,True,691280009,115350400,806630409,True,7
2579,validator_0,371493220027,True,823275990,167907570,991183560,True,11
2580,validator_23,116413932370,True,928700000,21587880,950287880,False,3
2581,validator_3,311899709640,True,531800000,67305720,599105720,False,9
2582,validator_95,37576342890,True,549500000,97076510,646576510,False,1
2583,validator_82,38406018600,True,585300000,40523160,625823160,False,1
2584,validator_89,41653657940,True,579400000,45117220,624517220,False,1
2585,validator_27,94140092437,True,1058458001,55258690,1113716691,True,2
2586,validator_18,126739815600,True,544700000,57591620,602291620,False,3
2587,validator_19,121622503100,True,684600000,17739190,702339190,False,3
2588,validator_29,90519822729,True,762648007,110113030,872761037,True,2
2589,validator_39,82145240970,True,513800000,60019680,573819680,False,2
2590,validator_6,236789508543,True,1285072006,107409850,1392481856,True,7
2591,validator_5,215207390502,True,740510007,103981780,844491787,True,6
2592,validator_7,245914794851,True,947660015,65179640,1012839655,True,7
2593,validator_39,82788029660,True,615300000,27488690,642788690,False,2
2594,validator_3,312537582160,True,609600000,28272520,637872520,False,9
2595,validator_8,199605532510,True,916100000,57401660,973501660,False,6
2596,validator_7,246827382843,True,843180002,69407990,912587992,True,7
2597,validator_25,91456752866,True,969865998,90247380,1060113378,True,2
2598,validator_33,90657491195,True,720320008,81298480,801618488,True,2
2599,validator_2,328623501350,True,484200000,31886860,516086860,False,10
2600,validator_8,200210264190,True,583600000,21131680,604731680,False,6
2601,validator_16,129549047745,True,1248259998,170319320,1418579318,True,4
2602,validator_7,247831388427,True,798060004,205945580,1004005584,True,7
2603,validator_97,39821446320,True,454000000,42067550,496067550,False,1
2604,validator_17,135402922694,True,883739989,48285720,932025709,True,4
2605,validator_65,43800085754,True,694099994,72764490,766864484,True,1
2606,validator_1,398530189858,True,626780010,84571130,711351140,True,12
2607,validator_2,329256935720,True,580400000,53034370,633434370,False,10
2608,validator_6,237978662630,True,1099557987,89596100,1189154087,True,7
2609,validator_22,114216820190,True,511600000,45142840,556742840,False,3
2610,validator_0,372487253596,True,879269989,114763580,994033569,True,11
2611,validator_42,80902182990,True,563600000,47342440,610942440,False,2
2612,validator_20,118651143470,True,770400000,64252870,834652870,False,3
2613,validator_23,117037086600,True,589000000,34154230,623154230,False,3
2614,validator_3,313149589850,True,593800000,18207690,612007690,False,9
2615,validator_9,207606967330,True,558400000,24066200,582466200,False,6
2616,validator_40,82761129050,True,503300000,30529190,533829190,False,2
2617,validator_63,43998829387,True,1067939996,84477840,1152417836,True,1
2618,validator_6,238832660971,True,707588001,146410340,853998341,True,7
2619,validator_4,234741802543,True,733320001,82712690,816032691,True,7
2620,validator_19,122258194850,True,608800000,26891750,635691750,False,3
2621,validator_51,47613225770,True,963799992,88177580,1051977572,True,1
2622,validator_33,91623444242,True,872385997,93567050,965953047,True,2
2623,validator_35,80980065530,True,507900000,14367900,522267900,False,2
2624,validator_1,399307306826,True,677510008,99606960,777116968,True,12
2625,validator_25,92554014813,True,1051240007,46021940,1097261947,True,2
2626,validator_34,77331620600,True,622900000,54301780,677201780,False,2
2627,validator_47,46455242774,True,1020127994,81925290,1102053284,True,1
2628,validator_2,329886787920,True,600300000,29552200,629852200,False,10
2629,validator_11,203871117440,True,605200000,33778640,638978640,False,6
2630,validator_51,48792844249,True,1115180009,64438470,1179618479,True,1
2631,validator_42,81524690980,True,586800000,35707990,622507990,False,2
2632,validator_6,239540118405,True,597859994,109597440,707457434,True,7
2633,validator_35,81483750440,True,481600000,22084910,503684910,False,2
2634,validator_19,122891818770,True,594000000,39623920,633623920,False,3
2635,validator_2,330421530700,True,517300000,17442780,534742780,False,10
2636,validator_0,373499437265,True,943420019,68763650,1012183669,True,11
2637,validator_45,47762310300,True,1153420017,84835630,1238255647,True,1
2638,validator_41,88883180010,True,561100000,26683060,587783060,False,2
2639,validator_87,41598902390,True,443300000,37986620,481286620,False,1
2640,validator_57,47458556238,True,905040008,60705330,965745338,True,1
2641,validator_10,193023461790,True,545500000,64518150,610018150,False,6
2642,validator_28,95788192657,True,1055359985,66887220,1122247205,True,2
2643,validator_5,216378363575,True,1086940003,84033070,1170973073,True,6
2644,validator_57,48756636275,True,1218063997,80016040,1298080037,True,1
2645,validator_1,400302865962,True,900720006,94839130,995559136,True,12
2646,validator_9,208151612380,True,513300000,31345050,544645050,False,6
2647,validator_23,117631593590,True,550000000,44506990,594506990,False,3
2648,validator_18,127266832040,True,506440000,20576440,527016440,False,3
2649,validator_21,118913887410,True,676100000,39984940,716084940,False,3
2650,validator_35,82075168880,True,565100000,26318440,591418440,False,2
2651,validator_7,248784234370,True,799744003,153101940,952845943,True,7
2652,validator_13,123160552320,True,844279997,172103210,1016383207,True,3
2653,validator_16,130614712174,True,972056009,93608420,1065664429,True,4
2654,validator_38,76952203850,True,578800000,43070890,621870890,False,2
2655,validator_86,39090322020,True,661000000,30627440,691627440,False,1
2656,validator_15,137229021392,True,1100519989,113038450,1213558439,True,4
2657,validator_30,92427509096,True,1248294009,96039620,1344333629,True,2
2658,validator_5,217375555758,True,843960003,153232180,997192183,True,6
2659,validator_67,48959848671,True,1357947998,108791060,1466739058,True,1
2660,validator_5,218492828253,True,1021055995,96216500,1117272495,True,6
2661,validator_74,37044751860,True,531000000,21776510,552776510,False,1
2662,validator_2,330988450550,True,511000000,55919850,566919850,False,10
2663,validator_41,89617412550,True,711900000,22332540,734232540,False,2
2664,validator_42,82129739260,True,592800000,12248280,605048280,False,2
2665,validator_0,374501686066,True,885859991,116388810,1002248801,True,11
2666,validator_4,235801929118,True,955220005,104906570,1060126575,True,7
2667,validator_25,93533113938,True,908917985,70181140,979099125,True,2
2668,validator_3,313809475850,True,614400000,45486000,659886000,False,9
2669,validator_8,200932545170,True,677800000,44480980,722280980,False,6
2670,validator_5,219491502115,True,948380002,50293860,998673862,True,6
2671,validator_98,37522001210,True,583900000,69636310,653536310,False,1
2672,validator_8,201565113190,True,608600000,23968020,632568020,False,6
2673,validator_1,401431603123,True,1060948001,67789160,1128737161,True,12
2674,validator_85,40748588140,True,436200000,35391520,471591520,False,1
2675,validator_10,193595906110,True,536300000,36144320,572444320,False,6
2676,validator_29,91659500393,True,1059180004,80497660,1139677664,True,2
2677,validator_4,236421134888,True,447140000,172065770,619205770,True,7
2678,validator_51,49845874221,True,997293982,55735990,1053029972,True,1
2679,validator_3,314398480090,True,579200000,9804240,589004240,False,9
2680,validator_27,95247119691,True,1007980004,99047250,1107027254,True,2
2681,validator_68,47044061458,True,632628002,181410530,814038532,True,1
2682,validator_8,202202793630,True,608300000,29380440,637680440,False,6
2683,validator_43,78621903730,True,620210000,35158530,655368530,False,2
2684,validator_37,77854733280,True,476500000,31256800,507756800,False,2
2685,validator_34,78086795000,True,719500000,35674400,755174400,False,2
2686,validator_57,49751218466,True,912434001,82148190,994582191,True,1
2687,validator_15,138139734751,True,861020019,49693340,910713359,True,4
2688,validator_1,402224621693,True,704454000,88564570,793018570,True,12
2689,validator_5,220397799813,True,786359998,119937700,906297698,True,6
2690,validator_38,77814357750,True,804800000,57353900,862153900,False,2
2691,validator_1,402895118900,True,622359997,48137210,670497207,True,12
2692,validator_24,97111152108,True,733940012,105276430,839216442,True,3
2693,validator_15,139131734004,True,844186003,147813250,991999253,True,4
2694,validator_37,78521033230,True,599100000,67199950,666299950,False,2
2695,validator_0,375689314166,True,1089120010,98508090,1187628100,True,11
2696,validator_1,403550951200,True,588820000,67012300,655832300,True,12
2697,validator_20,119312193520,True,586200000,74850050,661050050,False,3
2698,validator_72,37447827010,True,509000000,25754220,534754220,False,1
2699,validator_39,83554786950,True,718600000,48157290,766757290,False,2
2700,validator_3,315129110450,True,697400000,33230360,730630360,False,9
2701,validator_75,42485871530,True,540500000,57140710,597640710,False,1
2702,validator_33,92473096376,True,763351994,86300140,849652134,True,2
2703,validator_39,84120874770,True,526400000,39687820,566087820,False,2
2704,validator_94,41742757470,True,409750000,68167190,477917190,False,1
2705,validator_1,404212476998,True,558537998,102987800,661525798,True,12
2706,validator_14,141691733056,True,1000658006,76662730,1077320736,True,4
2707,validator_78,39226304380,True,706200000,29037930,735237930,False,1
2708,validator_43,79341816880,True,680500000,39413150,719913150,False,2
2709,validator_0,376905768999,True,1109960003,106494830,1216454833,True,11
2710,validator_29,92952624252,True,1216853999,76269860,1293123859,True,2
2711,validator_9,208694249680,True,469500000,73137300,542637300,False,6
2712,validator_6,240580638438,True,927074003,113446030,1040520033,True,7
2713,validator_37,79072522600,True,520900000,30589370,551489370,False,2
2714,validator_24,98447957087,True,1258179999,78624980,1336804979,True,3
2715,validator_54,38260248082,True,912460004,77745050,990205054,True,1
2716,validator_35,82687234680,True,587400000,24665800,612065800,False,2
2717,validator_18,127839111280,True,526700000,45579240,572279240,False,3
2718,validator_67,49719012254,True,663140003,96023580,759163583,True,1
2719,validator_19,123543907870,True,630100000,21989100,652089100,False,3
2720,validator_76,40712679120,True,534000000,45308390,579308390,False,1
2721,validator_23,118275816010,True,620500000,23722420,644222420,False,3
2722,validator_2,331676782060,True,676400000,11931510,688331510,False,10
2723,validator_11,204450232580,True,552400000,26715140,579115140,False,6
2724,validator_16,131764347980,True,1094008006,55627800,1149635806,True,4
2725,validator_23,118861777660,True,560400000,25561650,585961650,False,3
2726,validator_15,140696220621,True,1389233997,175252620,1564486617,True,4
2727,validator_36,81961583770,True,618000000,26020690,644020690,False,2
2728,validator_4,237422593564,True,938789996,62668680,1001458676,True,7
2729,validator_29,93988800703,True,967520011,68656440,1036176451,True,2
2730,validator_6,241400941632,True,719753994,100549200,820303194,True,7
2731,validator_11,205290736930,True,729400000,111104350,840504350,False,6
2732,validator_26,98563399911,True,866986001,110649180,977635181,True,3
2733,validator_94,42361656050,True,589500000,29398580,618898580,False,1
2734,validator_8,202970453520,True,720700000,46959890,767659890,False,6
2735,validator_25,94349275136,True,788879998,27281200,816161198,True,2
2736,validator_5,221562946873,True,1061717990,103429070,1165147060,True,6
2737,validator_16,132833801322,True,1004160002,65293340,1069453342,True,4
2738,validator_4,238589254448,True,1068226004,98434880,1166660884,True,7
2739,validator_67,50786060368,True,984129994,82918120,1067048114,True,1
2740,validator_5,222492199579,True,835166006,94086700,929252706,True,6
2741,validator_1,405398915093,True,1103239995,83198100,1186438095,True,12
2742,validator_31,89830270249,True,975917984,131273090,1107191074,True,2
2743,validator_9,209502265570,True,773700000,34315890,808015890,False,6
2744,validator_14,142482343366,True,736920010,53690300,790610310,True,4
2745,validator_1,406721934588,True,1184914005,138105490,1323019495,True,12
2746,validator_10,194131086560,True,502200000,32980450,535180450,False,6
2747,validator_11,205983902690,True,661100000,32065760,693165760,False,6
2748,validator_68,47798862028,True,658059990,96740580,754800570,True,1
2749,validator_0,377868350309,True,845240000,117341310,962581310,True,11
2750,validator_31,90675089083,True,770150004,74668830,844818834,True,2
2751,validator_95,38118781690,True,510800000,31638800,542438800,False,1
2752,validator_2,332397104910,True,686580000,33742850,720322850,False,10
2753,validator_7,249723417988,True,769163998,170019620,939183618,True,7
2754,validator_93,39239982510,True,610000000,29633010,639633010,False,1
2755,validator_9,209969269250,True,429000000,38003680,467003680,False,6
2756,validator_79,41642789710,True,601300000,26648320,627948320,False,1
2757,validator_26,99603763340,True,949923999,90439430,1040363429,True,3
2758,validator_5,223487292007,True,829850008,165242420,995092428,True,6
2759,validator_6,242367964359,True,872059997,94962730,967022727,True,7
2760,validator_36,82758788900,True,751900000,45305130,797205130,False,2
2761,validator_5,224792084638,True,1171790001,133002630,1304792631,True,7
2762,validator_94,42996940780,True,620200000,15084730,635284730,False,1
2763,validator_1,407635690984,True,844439996,69316400,913756396,True,12
2764,validator_17,136733101536,True,1260494012,69684830,1330178842,True,4
2765,validator_40,83374772330,True,585800000,27843280,613643280,False,2
2766,validator_2,333225856600,True,802700000,26051690,828751690,False,10
2767,validator_11,206656149520,True,640700000,31546830,672246830,False,6
2768,validator_8,203577331860,True,554200000,52678340,606878340,False,6
2769,validator_24,99786457913,True,1282600006,55900820,1338500826,True,3
2770,validator_8,204281091030,True,653100000,50659170,703759170,False,6
2771,validator_15,141951184044,True,1154280003,100683420,1254963423,True,4
2772,validator_11,207303826010,True,604000000,43676490,647676490,False,6
2773,validator_80,38912282250,True,706600000,20200690,726800690,False,1
2774,validator_96,42073202640,True,893800000,84903380,978703380,False,1
2775,validator_83,40941715740,True,486700000,59929230,546629230,False,1
2776,validator_40,83989157520,True,577300000,37085190,614385190,False,2
2777,validator_10,194485850300,True,326400000,28363740,354763740,False,6
2778,validator_24,100547841047,True,688545994,72837140,761383134,True,3
2779,validator_57,50779118287,True,906754001,121145820,1027899821,True,1
2780,validator_55,41121785966,True,898559994,97152160,995712154,True,1
2781,validator_1,408841052112,True,1084839998,120521130,1205361128,True,12
2782,validator_8,205058503050,True,729000000,48412020,777412020,False,6
2783,validator_43,79901626220,True,496000000,63809340,559809340,False,2
2784,validator_5,225941065843,True,1091967995,57013210,1148981205,True,7
2785,validator_26,100650335067,True,962799997,83771730,1046571727,True,3
2786,validator_0,378873062608,True,915643989,89068310,1004712299,True,11
2787,validator_99,37621289800,True,647200000,45382530,692582530,False,1
2788,validator_12,128713238129,True,1129848001,36055920,1165903921,True,4
2789,validator_3,315794402010,True,641000000,24291560,665291560,False,9
2790,validator_8,205683732480,True,590400000,34829430,625229430,False,6
2791,validator_1,409956040145,True,1005780003,109208030,1114988033,True,12
2792,validator_71,42367443398,True,877895982,112144380,990040362,True,1
2793,validator_1,411023678459,True,964029994,103608320,1067638314,True,12
2794,validator_12,129700860129,True,903570000,84052000,987622000,True,4
2795,validator_6,243218315544,True,758238005,92113180,850351185,True,7
2796,validator_23,119515276000,True,632400000,21098340,653498340,False,3
2797,validator_63,45108335976,True,1017355989,92150600,1109506589,True,1
2798,validator_10,195188684670,True,666200000,36634370,702834370,False,6
2799,validator_27,96251275706,True,916160005,87996010,1004156015,True,3
2800,validator_2,333797539820,True,556600000,15083220,571683220,False,10
2801,validator_51,50923529597,True,996799996,80855380,1077655376,True,1
2802,validator_30,93681687366,True,1074510010,179668260,1254178270,True,2
2803,validator_97,40405606920,True,533900000,50260600,584160600,False,1
2804,validator_23,120256435820,True,692300000,48859820,741159820,False,3
2805,validator_90,40888991970,True,474300000,29085460,503385460,False,1
2806,validator_78,39946098500,True,687000000,32794120,719794120,False,1
2807,validator_10,195858314280,True,634500000,35129610,669629610,False,6
2808,validator_24,101415331222,True,784298005,83192170,867490175,True,3
2809,validator_78,40688941280,True,722700000,20142780,742842780,False,1
2810,validator_1,412080468555,True,913451996,143338100,1056790096,True,12
2811,validator_7,251032483979,True,1168359991,140706000,1309065991,True,7
2812,validator_36,83449861670,True,656400000,34672770,691072770,False,2
2813,validator_5,226870763486,True,854100013,75597630,929697643,True,7
2814,validator_91,39922478140,True,593800000,36418310,630218310,False,1
2815,validator_7,252175913914,True,1064669995,78759940,1143429935,True,7
2816,validator_66,49452362109,True,1095744001,102478090,1198222091,True,1
2817,validator_1,413180926945,True,993119990,107338400,1100458390,True,12
2818,validator_80,39503819470,True,550100000,41437220,591537220,False,1
2819,validator_15,143051573206,True,1029126002,71263160,1100389162,True,4
2820,validator_93,40063462560,True,795300000,28180050,823480050,False,1
2821,validator_10,196425539880,True,555600000,11625600,567225600,False,6
2822,validator_8,206505907940,True,789800000,32375460,822175460,False,6
2823,validator_4,239681872939,True,953310011,139308480,1092618491,True,7
2824,validator_10,197106204260,True,656200000,24464380,680664380,False,6
2825,validator_25,95683302810,True,1266286014,67741660,1334027674,True,2
2826,validator_20,119970334660,True,615200000,42941140,658141140,False,3
2827,validator_5,227627782765,True,672489999,84529280,757019279,True,7
2828,validator_1,414157557130,True,922108005,54522180,976630185,True,12
2829,validator_93,40567810040,True,472800000,31547480,504347480,False,1
2830,validator_3,316390668420,True,574500000,21766410,596266410,False,9
2831,validator_14,143726123964,True,1152579998,91200600,1243780598,True,4
2832,validator_42,82745493380,True,582800000,32954120,615754120,False,2
2833,validator_16,133938499700,True,1017205998,87492380,1104698378,True,4
2834,validator_14,144786363557,True,948605993,111633600,1060239593,True,4
2835,validator_2,334360255990,True,519500000,43216170,562716170,False,10
2836,validator_0,379656235497,True,739545989,43626900,783172889,True,11
2837,validator_2,335105364810,True,658500000,86608820,745108820,False,10
2838,validator_0,380825004035,True,1044859988,123908550,1168768538,True,11
2839,validator_96,42775206980,True,661300000,40704340,702004340,False,1
2840,validator_84,38812155570,True,666100000,45309750,711409750,False,1
2841,validator_6,244326226410,True,957320006,150590860,1107910866,True,7
2842,validator_81,40686919150,True,546000000,58953810,604953810,False,1
2843,validator_8,207274736210,True,750000000,18828270,768828270,False,6
2844,validator_4,240653798715,True,877075996,94849780,971925776,True,7
2845,validator_24,102508419952,True,924739990,168348740,1093088730,True,3
2846,validator_3,317072416000,True,648900000,32847580,681747580,False,9
2847,validator_68,48937673114,True,1019899996,118911090,1138811086,True,1
2848,validator_14,146236467055,True,1327909998,122193500,1450103498,True,4
2849,validator_37,79640835720,True,539000000,29313120,568313120,False,2
2850,validator_63,46193760273,True,1000605997,84818300,1085424297,True,1
2851,validator_18,128636609890,True,772900000,24598610,797498610,False,4
2852,validator_0,381696421385,True,801946000,69471350,871417350,True,11
2853,validator_19,124346385190,True,778800000,23677320,802477320,False,3
2854,validator_50,46595571306,True,816854011,68171430,885025441,True,1
2855,validator_61,50368066757,True,1188316015,94988630,1283304645,True,1
2856,validator_9,210518261130,True,495700000,53291880,548991880,False,6
2857,validator_44,47021901559,True,1168298008,87023930,1255321938,True,1
2858,validator_4,241465526319,True,710126004,101601600,811727604,True,7
2859,validator_19,125012693180,True,646600000,19707990,666307990,False,3
2860,validator_10,197799416570,True,645600000,47612310,693212310,False,6
2861,validator_3,317673473520,True,583100000,17957520,601057520,False,9
2862,validator_17,137664826311,True,803259995,128464780,931724775,True,4
2863,validator_5,228777943318,True,1039460003,110700550,1150160553,True,7
2864,validator_13,124591914421,True,1331724001,99638100,1431362101,True,3
2865,validator_35,83453513880,True,722300000,43979200,766279200,False,2
2866,validator_17,138623589392,True,835948001,122815080,958763081,True,4
2867,validator_0,383141337017,True,1327548012,117367620,1444915632,True,11
2868,validator_6,245162237408,True,706461998,129549000,836010998,True,7
2869,validator_81,41393986330,True,684900000,22167180,707067180,False,1
2870,validator_19,125640967570,True,609000000,19274390,628274390,False,3
2871,validator_23,120891523260,True,608700000,26387440,635087440,False,3
2872,validator_42,83544085000,True,752500000,46091620,798591620,False,2
2873,validator_80,40015940480,True,480000000,32121010,512121010,False,1
2874,validator_15,143958463274,True,809879998,97010070,906890068,True,4
2875,validator_8,207949978550,True,663700000,11542340,675242340,False,6
2876,validator_33,93389962039,True,865740003,51125660,916865663,True,2
2877,validator_76,41362978740,True,608100000,42199620,650299620,False,1
2878,validator_95,38806193480,True,622400000,65011790,687411790,False,1
2879,validator_12,130869787566,True,1057700007,111227430,1168927437,True,4
2880,validator_1,415090298327,True,914139997,18601200,932741197,True,12
2881,validator_2,335908064630,True,766000000,36699820,802699820,False,10
2882,validator_1,416182375342,True,985140005,106937010,1092077015,True,13
2883,validator_5,229966751779,True,1134000001,54808460,1188808461,True,7
2884,validator_2,336584526000,True,666400000,10061370,676461370,False,10
2885,validator_38,78448446980,True,600800000,33289230,634089230,False,2
2886,validator_4,242823253252,True,1308686003,49040930,1357726933,True,7
2887,validator_5,230872046566,True,850839997,54454790,905294787,True,7
2888,validator_4,243736279547,True,831139995,81886300,913026295,True,7
2889,validator_4,244646068873,True,839639996,70149330,909789326,True,7
2890,validator_76,42099371080,True,695800000,40592340,736392340,False,1
2891,validator_37,80368098870,True,672200000,55063150,727263150,False,2
2892,validator_46,46174780964,True,876868001,105976130,982844131,True,1
2893,validator_63,46945173496,True,605934003,145479220,751413223,True,1
2894,validator_35,84115210890,True,619000000,42697010,661697010,False,2
2895,validator_1,417605799246,True,1335313994,88109910,1423423904,True,13
2896,validator_82,39032484610,True,597500000,28966010,626466010,False,1
2897,validator_34,78801522930,True,666300000,48427930,714727930,False,2
2898,validator_5,231794019606,True,844220000,77753040,921973040,True,7
2899,validator_4,245404669558,True,639440005,119160680,758600685,True,7
2900,validator_18,129250692430,True,557600000,56482540,614082540,False,4
2901,validator_12,131884618115,True,910010009,104820540,1014830549,True,4
2902,validator_42,84424731200,True,832000000,48646200,880646200,False,2
2903,validator_34,79389940170,True,552360000,36057240,588417240,False,2
2904,validator_0,384021882363,True,785639996,94905350,880545346,True,12
2905,validator_65,44904927703,True,1040780009,64061940,1104841949,True,1
2906,validator_17,139722829559,True,972490007,126750160,1099240167,True,4
2907,validator_7,253563390430,True,1277340006,110136510,1387476516,True,7
2908,validator_99,38255649130,True,592400000,41959330,634359330,False,1
2909,validator_18,129784607190,True,505900000,28014760,533914760,False,4
2910,validator_56,46931402082,True,908645997,115991530,1024637527,True,1
2911,validator_4,246831062332,True,1349013994,77378780,1426392774,True,7
2912,validator_34,79937654810,True,460900000,86814640,547714640,False,2
2913,validator_2,337132028190,True,511700000,35802190,547502190,False,10
2914,validator_11,208001100050,True,680600000,16674040,697274040,False,6
2915,validator_13,125574093283,True,918340002,63838860,982178862,True,3
2916,validator_49,44557161151,True,832627997,61376160,894004157,True,1
2917,validator_4,247922332936,True,984787994,106482610,1091270604,True,7
2918,validator_2,337854615670,True,679900000,42687480,722587480,False,10
2919,validator_15,144858152545,True,860180011,39509260,899689271,True,4
2920,validator_13,126609836384,True,946090001,89653100,1035743101,True,3
2921,validator_11,208565559250,True,523300000,41159200,564459200,False,6
2922,validator_11,209295548070,True,642100000,87888820,729988820,False,6
2923,validator_7,254401767934,True,710840004,127537500,838377504,True,7
2924,validator_72,38159766860,True,686800000,25139850,711939850,False,1
2925,validator_20,120448968330,True,430900000,47733670,478633670,False,3
2926,validator_14,147047939249,True,753580004,57892190,811472194,True,4
2927,validator_14,147911505921,True,755390002,108176670,863566672,True,4
2928,validator_96,43427332900,True,598600000,53525920,652125920,False,1
2929,validator_30,94526967336,True,769687990,75591980,845279970,True,2
2930,validator_59,41822317667,True,930965999,47457940,978423939,True,1
2931,validator_36,84021286130,True,538700000,32724460,571424460,False,2
2932,validator_9,211120045110,True,550800000,50983980,601783980,False,6
2933,validator_1,418729239057,True,1084780001,38659810,1123439811,True,13
2934,validator_15,145741333236,True,788172001,95008690,883180691,True,4
2935,validator_27,97130963579,True,803238003,76449870,879687873,True,3
2936,validator_0,385038530138,True,932939995,83707780,1016647775,True,12
2937,validator_31,91854459543,True,1117440000,61930460,1179370460,True,2
2938,validator_10,198412747720,True,580900000,32431150,613331150,False,6
2939,validator_42,85039463390,True,585100000,29632190,614732190,False,2
2940,validator_6,246277686327,True,991581999,123866920,1115448919,True,7
2941,validator_2,338523285470,True,655700000,12969800,668669800,False,10
2942,validator_80,40618882420,True,587600000,15341940,602941940,False,1
2943,validator_92,37915979600,True,489900000,45319590,535219590,False,1
2944,validator_20,121108568220,True,642200000,17399890,659599890,False,3
2945,validator_12,133110929729,True,1151300004,75011610,1226311614,True,4
2946,validator_53,42117424948,True,1069520009,41184240,1110704249,True,1
2947,validator_3,318240207170,True,553700000,13033650,566733650,False,9
2948,validator_82,39813723630,True,761600000,19639020,781239020,False,1
2949,validator_43,80384030300,True,401600000,80804080,482404080,False,2
2950,validator_17,140609198753,True,805020004,81349190,886369194,True,4
2951,validator_83,41542619510,True,517600000,83303770,600903770,False,1
2952,validator_20,121695552540,True,569500000,17484320,586984320,False,3
2953,validator_28,96811160188,True,931566001,91401530,1022967531,True,3
2954,validator_3,319040070370,True,735000000,64863200,799863200,False,9
2955,validator_1,419694810600,True,865146013,100425530,965571543,True,13
2956,validator_69,41012339438,True,908299997,66316230,974616227,True,1
2957,validator_2,339216484450,True,652100000,41098980,693198980,False,10
2958,validator_28,97621540006,True,647397988,162981830,810379818,True,3
2959,validator_8,208602379080,True,612800000,39600530,652400530,False,6
2960,validator_21,119535779220,True,588900000,32991810,621891810,False,3
2961,validator_11,209982175280,True,656300000,30327210,686627210,False,6
2962,validator_2,340171140360,True,902700000,51955910,954655910,False,10
2963,validator_1,420556470042,True,793760002,67899440,861659442,True,13
2964,validator_8,209152452050,True,515300000,34772970,550072970,False,6
2965,validator_9,211896382950,True,738800000,37537840,776337840,False,6
2966,validator_15,146676682041,True,795470005,139878800,935348805,True,4
2967,validator_62,47272811785,True,1065135994,77180020,1142316014,True,1
2968,validator_25,96649378983,True,858842013,107234160,966076173,True,3
2969,validator_13,127770199694,True,1057293990,103069320,1160363310,True,3
2970,validator_19,126380719400,True,722800000,16951830,739751830,False,3
2971,validator_36,84677702350,True,595400000,61016220,656416220,False,2
2972,validator_89,42279506200,True,608400000,17448260,625848260,False,1
2973,validator_3,319657827080,True,589600000,28156710,617756710,False,9
2974,validator_78,41263998520,True,540700000,34357240,575057240,False,1
2975,validator_1,421548278431,True,926300009,65508380,991808389,True,13
2976,validator_4,249258969724,True,1256059998,80576790,1336636788,True,7
2977,validator_9,212434228740,True,494600000,43245790,537845790,False,6
2978,validator_5,232792559943,True,939365997,59174340,998540337,True,7
2979,validator_31,92956192197,True,1039426004,62306650,1101732654,True,2
2980,validator_1,422436902380,True,783385999,105237950,888623949,True,13
2981,validator_67,51873671867,True,954149979,133461520,1087611499,True,1
2982,validator_12,134273209223,True,1042779994,119499500,1162279494,True,4
2983,validator_65,45685486401,True,714559998,65998700,780558698,True,1
2984,validator_2,340834824300,True,626900000,36783940,663683940,False,10
2985,validator_0,386087832046,True,958034018,91267890,1049301908,True,12
2986,validator_93,41204728750,True,607200000,29718710,636918710,False,1
2987,validator_2,341580661290,True,680900000,64936990,745836990,False,10
2988,validator_0,387069187177,True,941483991,39871140,981355131,True,12
2989,validator_15,147787600004,True,1077586003,33331960,1110917963,True,4
2990,validator_5,233489027145,True,620918002,75549200,696467202,True,7
2991,validator_37,81146594510,True,713600000,64895640,778495640,False,2
2992,validator_17,141647124147,True,910943994,126981400,1037925394,True,4
2993,validator_0,387664116063,True,522560006,72368880,594928886,True,12
2994,validator_60,37669941846,True,1083354010,116011530,1199365540,True,1
2995,validator_19,127062247260,True,640100000,41427860,681527860,False,3
2996,validator_8,209711682380,True,503540000,55690330,559230330,False,6
2997,validator_31,94359947621,True,1338944004,64811420,1403755424,True,2
2998,validator_11,210684498350,True,679200000,23123070,702323070,False,6
2999,validator_6,247626000089,True,1169740002,178573760,1348313762,True,7
3000,validator_96,43880795510,True,422900000,30562610,453462610,False,1
3001,validator_11,211129053890,True,389000000,55555540,444555540,False,6
3002,validator_16,135040313987,True,1013339997,88474290,1101814287,True,4
3003,validator_4,250212126134,True,895000010,58156400,953156410,True,7
3004,validator_79,42178466960,True,504600000,31077250,535677250,False,1
3005,validator_73,42565528660,True,743100000,34348020,777448020,False,1
3006,validator_67,52817896876,True,843535989,100689020,944225009,True,1
3007,validator_11,211822649360,True,585200000,108395470,693595470,False,6
3008,validator_12,135238329052,True,924919989,40199840,965119829,True,4
3009,validator_19,127670154920,True,571840000,36067660,607907660,False,3
3010,validator_77,41096080740,True,516400000,62699550,579099550,False,1
3011,validator_30,95524624743,True,927286007,70371400,997657407,True,2
3012,validator_45,48861591364,True,1025433994,73847070,1099281064,True,1
3013,validator_16,136021733354,True,832340007,149079360,981419367,True,4
3014,validator_34,80602759810,True,635100000,30005000,665105000,False,2
3015,validator_41,90205805330,True,551900000,36492780,588392780,False,2
3016,validator_2,342278555060,True,671600000,26293770,697893770,False,10
3017,validator_9,213012153760,True,554400000,23525020,577925020,False,6
3018,validator_13,128668490884,True,820513990,77777200,898291190,True,4
3019,validator_5,234697509438,True,1174400003,34082290,1208482293,True,7
3020,validator_59,43174406853,True,1254400006,97689180,1352089186,True,1
3021,validator_37,81775978160,True,599800000,29583650,629383650,False,2
3022,validator_15,149182355886,True,1293480002,101275880,1394755882,True,4
3023,validator_9,213720789260,True,670700000,37935500,708635500,False,6
3024,validator_4,251116841714,True,796484000,108231580,904715580,True,7
3025,validator_50,47770216951,True,1141190005,33455640,1174645645,True,1
3026,validator_79,42758350700,True,560300000,19583740,579883740,False,1
3027,validator_30,96475093059,True,884691996,65776320,950468316,True,3
3028,validator_3,320228127080,True,559200000,11100000,570300000,False,10
3029,validator_24,103764548340,True,1106053998,150074390,1256128388,True,3
3030,validator_6,248385767649,True,705700010,54067550,759767560,True,7
3031,validator_72,38731385240,True,501300000,70318380,571618380,False,1
3032,validator_9,214535253740,True,753700000,60764480,814464480,False,6
3033,validator_90,41643857040,True,723600000,31265070,754865070,False,1
3034,validator_0,388555483834,True,804144011,87223760,891367771,True,12
3035,validator_7,255065020115,True,585059991,78192190,663252181,True,7
3036,validator_53,43064058959,True,889673991,56960020,946634011,True,1
3037,validator_23,121601582000,True,654800000,55258740,710058740,False,3
3038,validator_73,43258837490,True,676000000,17308830,693308830,False,1
3039,validator_53,44245314450,True,1084026001,97229490,1181255491,True,1
3040,validator_12,136435387771,True,1073559999,123498720,1197058719,True,4
3041,validator_3,320915554550,True,658200000,29227470,687427470,False,10
3042,validator_35,84815262350,True,679700000,20351460,700051460,False,2
3043,validator_9,215393111810,True,804400000,53458070,857858070,False,6
3044,validator_1,423369587160,True,800260000,132424780,932684780,True,13
3045,validator_92,38590515100,True,654300000,20235500,674535500,False,1
3046,validator_3,321577150740,True,632800000,28796190,661596190,False,10
3047,validator_16,137217250720,True,1140440006,55077360,1195517366,True,4
3048,validator_0,389801921333,True,1205699989,40737510,1246437499,True,12
3049,validator_77,41798927850,True,679900000,22947110,702847110,False,1
3050,validator_50,48682067133,True,787944002,123906180,911850182,True,1
3051,validator_11,212414753820,True,569180000,22924460,592104460,False,6
3052,validator_3,322192334720,True,574100000,41083980,615183980,False,10
3053,validator_43,80925195460,True,506000000,35165160,541165160,False,2
3054,validator_92,39249286040,True,627100000,31670940,658770940,False,1
3055,validator_0,390641874998,True,801400015,38553650,839953665,True,12
3056,validator_5,235729962826,True,894579988,137873400,1032453388,True,7
3057,validator_1,424622366456,True,1165273996,87505300,1252779296,True,13
3058,validator_10,198962530510,True,500060000,49722790,549782790,False,6
3059,validator_2,343150296480,True,822400000,49341420,871741420,False,10
3060,validator_68,49985521492,True,1015335998,32512380,1047848378,True,1
3061,validator_21,120163986570,True,608900000,19307350,628207350,False,3
3062,validator_2,343624196510,True,456800000,17100030,473900030,False,10
3063,validator_27,98155474654,True,930585995,93925080,1024511075,True,3
3064,validator_14,149331909381,True,1330369990,90033470,1420403460,True,4
3065,validator_12,137404908872,True,954787981,14733120,969521101,True,4
3066,validator_1,425686318204,True,956205998,107745750,1063951748,True,13
3067,validator_30,97440489188,True,836879999,128516130,965396129,True,3
3068,validator_18,130433886740,True,598200000,51079550,649279550,False,4
3069,validator_80,41317344950,True,671700000,26762530,698462530,False,1
3070,validator_73,44045764480,True,771300000,15626990,786926990,False,1
3071,validator_11,213049470060,True,578400000,56316240,634716240,False,6
3072,validator_75,43080667550,True,540900000,53896020,594796020,False,1
3073,validator_17,142663323304,True,920239987,95959170,1016199157,True,4
3074,validator_80,41991763420,True,645400000,29018470,674418470,False,1
3075,validator_39,84918091600,True,748100000,49116830,797216830,False,2
3076,validator_3,322931744980,True,686000000,53410260,739410260,False,10
3077,validator_11,213917255820,True,820800000,46985760,867785760,False,6
3078,validator_91,40472306630,True,509370000,40458490,549828490,False,1
3079,validator_18,130993726500,True,514900000,44939760,559839760,False,4
3080,validator_53,45504091424,True,1171139994,87636980,1258776974,True,1
3081,validator_11,214530289510,True,559700000,53333690,613033690,False,6
3082,validator_10,199511452520,True,450500000,98422010,548922010,False,6
3083,validator_0,391896581125,True,1179950007,74756120,1254706127,True,12
3084,validator_53,46964876599,True,1348929995,111855180,1460785175,True,1
3085,validator_36,85101775520,True,407770000,16303170,424073170,False,2
3086,validator_15,150026702381,True,728252005,116094490,844346495,True,4
3087,validator_54,39336982976,True,940180004,136554890,1076734894,True,1
3088,validator_95,39379931490,True,521700000,52038010,573738010,False,1
3089,validator_82,40472288600,True,625910000,32654970,658564970,False,1
3090,validator_57,51669125063,True,802099986,87906790,890006776,True,1
3091,validator_14,150174409767,True,744719996,97780390,842500386,True,4
3092,validator_34,81408505180,True,768900000,36845370,805745370,False,2
3093,validator_27,98839479735,True,615399991,68605090,684005081,True,3
3094,validator_0,393009129071,True,1068139996,44407950,1112547946,True,12
3095,validator_44,48347969283,True,1241680004,84387720,1326067724,True,1
3096,validator_19,128249586260,True,545900000,33531340,579431340,False,4
3097,validator_26,101618001516,True,894747989,72918460,967666449,True,3
3098,validator_8,210433321780,True,672000000,49639400,721639400,False,6
3099,validator_1,426951837845,True,1135620001,129899640,1265519641,True,13
3100,validator_85,41408215100,True,602400000,57226960,659626960,False,1
3101,validator_15,151136649582,True,985912011,124035190,1109947201,True,4
3102,validator_57,52588836865,True,824140002,95571800,919711802,True,1
3103,validator_0,394099521316,True,1010840005,79552240,1090392245,True,12
3104,validator_19,128922699970,True,651300000,21813710,673113710,False,4
3105,validator_25,97821976230,True,1056775997,115821250,1172597247,True,3
3106,validator_13,129670229202,True,937699998,64038320,1001738318,True,4
3107,validator_51,52184738993,True,1082333996,178875400,1261209396,True,1
3108,validator_16,138207641602,True,903499992,86890890,990390882,True,4
3109,validator_0,395034769265,True,837759999,97487950,935247949,True,12
3110,validator_9,216010476890,True,570600000,46765080,617365080,False,6
3111,validator_78,41887091920,True,604000000,19093400,623093400,False,1
3112,validator_2,344231658560,True,577000000,30462050,607462050,False,10
3113,validator_33,94283240228,True,789637999,103640190,893278189,True,2
3114,validator_6,249441027512,True,984560003,70699860,1055259863,True,7
3115,validator_46,47371022906,True,1089828002,106413940,1196241942,True,1
3116,validator_0,395946388241,True,844260006,67358970,911618976,True,12
3117,validator_42,85483257480,True,416680000,27114090,443794090,False,2
3118,validator_6,250413819634,True,903420002,69372120,972792122,True,7
3119,validator_76,42670594370,True,543060000,28163290,571223290,False,1
3120,validator_15,152188978519,True,997584007,54744930,1052328937,True,4
3121,validator_2,344912082880,True,630400000,50024320,680424320,False,10
3122,validator_78,42465574930,True,541200000,37283010,578483010,False,1
3123,validator_5,236834912368,True,978778002,126171540,1104949542,True,7
3124,validator_5,237815834896,True,882239998,98682530,980922528,True,7
3125,validator_87,42188848430,True,545100000,44846040,589946040,False,1
3126,validator_8,211406819290,True,934800000,38697510,973497510,False,6
3127,validator_1,427912986876,True,835504011,125645020,961149031,True,13
3128,validator_58,48353852248,True,943323998,96871000,1040194998,True,1
3129,validator_9,216388835670,True,362200000,16158780,378358780,False,6
3130,validator_49,45335152955,True,657582004,120409800,777991804,True,1
3131,validator_37,82448562380,True,585200000,87384220,672584220,False,2
3132,validator_1,428972540832,True,984824006,74729950,1059553956,True,13
3133,validator_86,39695412210,True,549800000,55290190,605090190,False,1
3134,validator_25,98961426740,True,1049606000,89844510,1139450510,True,3
3135,validator_9,216976645830,True,574800000,13010160,587810160,False,6
3136,validator_40,84613280990,True,610000000,14123470,624123470,False,2
3137,validator_30,98408566366,True,857333998,110743180,968077178,True,3
3138,validator_78,43116102510,True,614600000,35927580,650527580,False,1
3139,validator_11,215400120740,True,748200000,121631230,869831230,False,6
3140,validator_90,42297446810,True,635200000,18389770,653589770,False,1
3141,validator_6,251306654290,True,792160006,100674650,892834656,True,7
3142,validator_7,255905457205,True,718239990,122197100,840437090,True,7
3143,validator_2,345644130890,True,679600000,52448010,732048010,False,10
3144,validator_87,42811239130,True,590700000,31690700,622390700,False,1
3145,validator_8,212059630620,True,600800000,52011330,652811330,False,6
3146,validator_32,90647035046,True,855060010,49648980,904708990,True,2
3147,validator_8,212707357300,True,593200000,54526680,647726680,False,6
3148,validator_18,131733439000,True,721600000,18112500,739712500,False,4
3149,validator_65,46861326162,True,1153433991,22405770,1175839761,True,1
3150,validator_22,114946651720,True,709800000,20031530,729831530,False,3
3151,validator_0,396673855804,True,651034003,76433560,727467563,True,12
3152,validator_14,151285817922,True,1026845985,84562170,1111408155,True,4
3153,validator_3,323592890970,True,604300000,56845990,661145990,False,10
3154,validator_68,50918275630,True,832233998,100520140,932754138,True,1
3155,validator_2,346289159780,True,590770000,54258890,645028890,False,10
3156,validator_31,95085895677,True,594699996,131248060,725948056,True,2
3157,validator_70,45318014828,True,677029998,100215230,777245228,True,1
3158,validator_16,139408005884,True,1137020002,63344280,1200364282,True,4
3159,validator_13,130416121710,True,692360008,53532500,745892508,True,4
3160,validator_8,213182466680,True,425730000,49379380,475109380,False,6
3161,validator_6,252036779702,True,680774012,49351400,730125412,True,7
3162,validator_19,129694856900,True,719300000,52856930,772156930,False,4
3163,validator_30,99281206966,True,752760000,119880600,872640600,True,3
3164,validator_33,95367922565,True,974420007,110262330,1084682337,True,2
3165,validator_4,252113576419,True,872680005,124054700,996734705,True,7
3166,validator_3,324150997080,True,511400000,46706110,558106110,False,10
3167,validator_7,257361176766,True,1361956001,93763560,1455719561,True,8
3168,validator_4,253078460958,True,867525999,97358540,964884539,True,7
3169,validator_84,39379263260,True,553800000,13307690,567107690,False,1
3170,validator_3,324708122730,True,512700000,44425650,557125650,False,10
3171,validator_4,253929584540,True,727839992,123283590,851123582,True,7
3172,validator_76,43164723360,True,477100000,17028990,494128990,False,1
3173,validator_19,130334356780,True,615700000,23799880,639499880,False,4
3174,validator_9,217698979180,True,663200000,59133350,722333350,False,6
3175,validator_3,325407101640,True,669900000,29078910,698978910,False,10
3176,validator_72,39532081770,True,730800000,69896530,800696530,False,1
3177,validator_18,132358753420,True,596800000,28514420,625314420,False,4
3178,validator_4,254675215495,True,672496005,73134950,745630955,True,7
3179,validator_30,100141086395,True,796879999,62999430,859879429,True,3
3180,validator_2,346844933440,True,525700000,30073660,555773660,False,10
3181,validator_4,255514422028,True,747374003,91832530,839206533,True,7
3182,validator_63,48106061304,True,1077079998,83807810,1160887808,True,1
3183,validator_11,215933488790,True,497300000,36068050,533368050,False,6
3184,validator_46,48622181286,True,1162967990,88190390,1251158380,True,1
3185,validator_64,40704526453,True,793600012,32683020,826283032,True,1
3186,validator_37,83272081600,True,782700000,40819220,823519220,False,2
3187,validator_9,218363182280,True,639900000,24303100,664203100,False,6
3188,validator_23,122178808160,True,538800000,38426160,577226160,False,3
3189,validator_10,200144623440,True,602400000,30770920,633170920,False,6
3190,validator_88,41106822270,True,666900000,47932190,714832190,False,1
3191,validator_74,37761524010,True,703100000,13672150,716772150,False,1
3192,validator_19,130767143300,True,386600000,46186520,432786520,False,4
3193,validator_27,99955464710,True,983140015,132844960,1115984975,True,3
3194,validator_0,397501810376,True,781280002,46674570,827954572,True,12
3195,validator_68,52201712855,True,1178633995,104803230,1283437225,True,1
3196,validator_90,42989670000,True,662500000,29723190,692223190,False,1
3197,validator_14,152241295450,True,881859998,73617530,955477528,True,4
3198,validator_52,44674291592,True,936893994,92708420,1029602414,True,1
3199,validator_37,84102868990,True,809300000,21487390,830787390,False,2
3200,validator_1,429637247988,True,568138006,96569150,664707156,True,13
3201,validator_1,430562247131,True,853640003,71359140,924999143,True,13
3202,validator_35,85526447830,True,694900000,16285480,711185480,False,2
3203,validator_0,398320272801,True,650433995,168028430,818462425,True,12
3204,validator_7,258165001438,True,729494002,74330670,803824672,True,8
3205,validator_13,131729097130,True,1153556000,159419420,1312975420,True,4
3206,validator_97,41164573590,True,726500000,32466670,758966670,False,1
3207,validator_11,216583334870,True,566400000,83446080,649846080,False,6
3208,validator_15,153411462218,True,1107817999,114665700,1222483699,True,4
3209,validator_1,431613812433,True,962250002,89315300,1051565302,True,13
3210,validator_75,43796117180,True,676000000,39449630,715449630,False,1
3211,validator_18,132800655950,True,424900000,17002530,441902530,False,4
3212,validator_5,238506620448,True,638859992,51925560,690785552,True,7
3213,validator_1,432806217787,True,1131546004,60859350,1192405354,True,13
3214,validator_58,48985214135,True,591020007,40341880,631361887,True,1
3215,validator_93,41808959850,True,566500000,37731100,604231100,False,1
3216,validator_4,256575577679,True,982239991,78915660,1061155651,True,8
3217,validator_21,120880515360,True,676900000,39628790,716528790,False,3
3218,validator_72,40253450710,True,704100000,17268940,721368940,False,1
3219,validator_54,40284809483,True,880819997,67006510,947826507,True,1
3220,validator_96,44430149600,True,523500000,25854090,549354090,False,1
3221,validator_7,258978177393,True,733020005,80155950,813175955,True,8
3222,validator_32,91842029791,True,1078118005,116876740,1194994745,True,2
3223,validator_30,101207520239,True,985611994,80821850,1066433844,True,3
3224,validator_16,140246421471,True,761200007,77215580,838415587,True,4
3225,validator_10,200909419050,True,706900000,57895610,764795610,False,6
3226,validator_1,433844437849,True,908188002,130032060,1038220062,True,13
3227,validator_42,86049722130,True,523600000,42864650,566464650,False,2
3228,validator_2,347528424180,True,653800000,29690740,683490740,False,10
3229,validator_8,213934637720,True,709600000,42571040,752171040,False,6
3230,validator_3,325940438510,True,487600000,45736870,533336870,False,10
3231,validator_30,102200553044,True,885579995,107452810,993032805,True,3
3232,validator_98,38000068390,True,415100000,62967180,478067180,False,1
3233,validator_28,98697899261,True,987859995,88499260,1076359255,True,3
3234,validator_17,143456782171,True,727899997,65558870,793458867,True,4
3235,validator_8,214783372350,True,797300000,51434630,848734630,False,6
3236,validator_3,326494792280,True,535600000,18753770,554353770,False,10
3237,validator_74,38363640040,True,577600000,24516030,602116030,False,1
3238,validator_7,259760744674,True,677840011,104727270,782567281,True,8
3239,validator_25,99939426166,True,910700006,67299420,977999426,True,3
3240,validator_38,79339663160,True,867300000,23916180,891216180,False,2
3241,validator_80,42549567050,True,510100000,47703630,557803630,False,1
3242,validator_41,90842297740,True,587500000,48992410,636492410,False,2
3243,validator_6,252862053469,True,728200007,97073760,825273767,True,7
3244,validator_10,201512225750,True,578000000,24806700,602806700,False,6
3245,validator_86,40123241240,True,395200000,32629030,427829030,False,1
3246,validator_73,44833985580,True,753200000,35021100,788221100,False,1
3247,validator_0,399254180102,True,899040001,34867300,933907301,True,12
3248,validator_66,50292465837,True,753590008,86513720,840103728,True,1
3249,validator_99,39051199920,True,745000000,50550790,795550790,False,1
3250,validator_22,115545304950,True,573000000,25653230,598653230,False,3
3251,validator_2,348080859870,True,541700000,10735690,552435690,False,10
3252,validator_6,253917607303,True,957380004,98173830,1055553834,True,7
3253,validator_42,86791535800,True,697300000,44513670,741813670,False,2
3254,validator_30,103101521344,True,803300000,97668300,900968300,True,3
3255,validator_23,122864463970,True,645200000,40455810,685655810,False,3
3256,validator_84,40014596640,True,558800000,76533380,635333380,False,1
3257,validator_17,144332424220,True,815899999,59742050,875642049,True,4
3258,validator_20,122163596580,True,428900000,39144040,468044040,False,3
3259,validator_30,104024937118,True,873500004,49915770,923415774,True,3
3260,validator_32,92815828925,True,890146004,83653130,973799134,True,2
3261,validator_78,43788052280,True,619800000,52149770,671949770,False,1
3262,validator_13,132940012302,True,1143894002,67021170,1210915172,True,4
3263,validator_15,154474410485,True,917959997,144988270,1062948267,True,4
3264,validator_1,434937359009,True,1029140010,63781150,1092921160,True,13
3265,validator_32,94110315935,True,1115978010,178509000,1294487010,True,2
3266,validator_19,131567551820,True,745600000,54808520,800408520,False,4
3267,validator_66,51463706769,True,1077864002,93376930,1171240932,True,1
3268,validator_2,348736003220,True,628900000,26243350,655143350,False,10
3269,validator_31,95946699989,True,773416002,87388310,860804312,True,2
3270,validator_2,349344492700,True,553000000,55489480,608489480,False,10
3271,validator_22,116166087940,True,612400000,8382990,620782990,False,3
3272,validator_14,153498508398,True,1192533998,64678950,1257212948,True,4
3273,validator_19,132074181940,True,479600000,27030120,506630120,False,4
3274,validator_1,435873342158,True,798225989,137757160,935983149,True,13
3275,validator_50,49953573715,True,1183936002,87570580,1271506582,True,1
3276,validator_41,91350994180,True,458900000,49796440,508696440,False,2
3277,validator_12,138537412640,True,1022172008,110331760,1132503768,True,4
3278,validator_2,350016978960,True,654600000,17886260,672486260,False,10
3279,validator_29,95181559975,True,1059754002,133005270,1192759272,True,2
3280,validator_30,105225609562,True,1117839994,82832450,1200672444,True,3
3281,validator_5,239845011514,True,1189046006,149345060,1338391066,True,7
3282,validator_90,43575771100,True,541500000,44601100,586101100,False,1
3283,validator_3,327069645700,True,559800000,15053420,574853420,False,10
3284,validator_92,39904702910,True,639500000,15916870,655416870,False,1
3285,validator_1,436995510230,True,977766012,144402060,1122168072,True,13
3286,validator_20,122709638760,True,533310000,12732180,546042180,False,3
3287,validator_1,437965785809,True,925239999,45035580,970275579,True,13
3288,validator_4,257616010335,True,937788006,102644650,1040432656,True,8
3289,validator_38,79934451650,True,550900000,43888490,594788490,False,2
3290,validator_38,80529826820,True,552300000,43075170,595375170,False,2
3291,validator_83,42175856080,True,606600000,26636570,633236570,False,1
3292,validator_99,39590064410,True,506300000,32564490,538864490,False,1
3293,validator_61,51553580058,True,1073528001,111985300,1185513301,True,1
3294,validator_78,44308888280,True,510800000,10036000,520836000,False,1
3295,validator_13,133986014540,True,996140008,49862230,1046002238,True,4
3296,validator_0,400558076613,True,1230459991,73436520,1303896511,True,12
3297,validator_24,104597863614,True,721340004,111975270,833315274,True,3
3298,validator_46,49716301898,True,1031660002,62460610,1094120612,True,1
3299,validator_70,46471103535,True,1077019997,76068710,1153088707,True,1
3300,validator_7,260541688949,True,702399995,78544280,780944275,True,8
3301,validator_1,438806859280,True,756540001,84533470,841073471,True,13
3302,validator_74,39206829650,True,830700000,12489610,843189610,False,1
3303,validator_19,132870150500,True,750100000,45868560,795968560,False,4
3304,validator_0,401679899296,True,1050079983,71742700,1121822683,True,12
3305,validator_13,135062999927,True,967340007,109645380,1076985387,True,4
3306,validator_38,81181376020,True,620900000,30649200,651549200,False,2
3307,validator_1,439732216219,True,837739999,87616940,925356939,True,13
3308,validator_7,261561411723,True,935059994,84662780,1019722774,True,8
3309,validator_18,133393555430,True,548700000,44199480,592899480,False,4
3310,validator_28,99759866532,True,990300001,71667270,1061967271,True,3
3311,validator_21,121544780880,True,611460000,52805520,664265520,False,3
3312,validator_5,240538694407,True,641419993,52262900,693682893,True,7
3313,validator_2,350584937070,True,512300000,55658110,567958110,False,10
3314,validator_0,402904304684,True,1158839988,65565400,1224405388,True,12
3315,validator_2,351097415420,True,473200000,39278350,512478350,False,10
3316,validator_1,440801607854,True,924980005,144411630,1069391635,True,13
3317,validator_11,217404001180,True,803600000,17066310,820666310,False,6
3318,validator_1,441665183839,True,782680005,80895980,863575985,True,13
3319,validator_8,215385672440,True,565200000,37100090,602300090,False,6
3320,validator_2,351830569210,True,696700000,36453790,733153790,False,10
3321,validator_15,155393296309,True,857940004,60945820,918885824,True,4
3322,validator_58,49912780032,True,876148007,51417890,927565897,True,1
3323,validator_63,48930337624,True,724180010,100096310,824276320,True,1
3324,validator_10,201986539450,True,456800000,17513700,474313700,False,6
3325,validator_99,40090378670,True,481700000,18614260,500314260,False,1
3326,validator_3,327737961330,True,603400000,64915630,668315630,False,10
3327,validator_10,202674160180,True,654100000,33520730,687620730,False,6
3328,validator_0,404002439909,True,1043146005,54989220,1098135225,True,12
3329,validator_7,262417574714,True,786514001,69648990,856162991,True,8
3330,validator_50,50861141750,True,828526015,79042020,907568035,True,1
3331,validator_4,258927322347,True,1193020002,118292010,1311312012,True,8
3332,validator_18,134018848700,True,573600000,51693270,625293270,False,4
3333,validator_16,141003626662,True,702640011,54565180,757205191,True,4
3334,validator_86,40949789360,True,780500000,46048120,826548120,False,1
3335,validator_0,404682019721,True,593604002,85975810,679579812,True,12
3336,validator_4,259423319840,True,449459993,46537500,495997493,True,8
3337,validator_58,51108133047,True,1030553985,164799030,1195353015,True,1
3338,validator_1,442645053137,True,907519988,72349310,979869298,True,13
3339,validator_92,40526084560,True,592200000,29181650,621381650,False,1
3340,validator_6,255319975328,True,1326319995,76048030,1402368025,True,7
3341,validator_25,100938339657,True,889779991,109133500,998913491,True,3
3342,validator_5,241545347382,True,878325995,128326980,1006652975,True,7
3343,validator_1,443592416629,True,882460002,64903490,947363492,True,13
3344,validator_50,51608993459,True,670940009,76911700,747851709,True,1
3345,validator_1,444419706893,True,735625994,91664270,827290264,True,13
3346,validator_42,87443037690,True,610600000,40901890,651501890,False,2
3347,validator_11,218116053590,True,676900000,35152410,712052410,False,6
3348,validator_2,352567482870,True,706600000,30313660,736913660,False,11
3349,validator_10,203238333740,True,550200000,13973560,564173560,False,6
3350,validator_13,135821984765,True,673925988,85058850,758984838,True,4
3351,validator_25,101820559564,True,789288007,92931900,882219907,True,3
3352,validator_6,256368706062,True,951960004,96770730,1048730734,True,8
3353,validator_1,445240805457,True,687043994,134054570,821098564,True,13
3354,validator_55,42048884976,True,836214000,90885010,927099010,True,1
3355,validator_13,136617814821,True,705953996,89876060,795830056,True,4
3356,validator_45,49677184268,True,730540014,85052890,815592904,True,1
3357,validator_36,85770833280,True,614000000,55057760,669057760,False,2
3358,validator_40,85383197820,True,732000000,37916830,769916830,False,2
3359,validator_1,446076960024,True,764560007,71594560,836154567,True,13
3360,validator_4,260020410942,True,569496002,27595100,597091102,True,8
3361,validator_3,328473766920,True,659900000,75905590,735805590,False,10
3362,validator_75,44359505350,True,528200000,35188170,563388170,False,1
3363,validator_90,44046773990,True,451800000,19202890,471002890,False,1
3364,validator_14,154533900123,True,908958005,126433720,1035391725,True,4
3365,validator_27,101088918920,True,1045220000,88234210,1133454210,True,3
3366,validator_0,405748215741,True,982760000,83436020,1066196020,True,12
3367,validator_0,406743324276,True,947619995,47488540,995108535,True,12
3368,validator_23,123635258470,True,715700000,55094500,770794500,False,3
3369,validator_85,41863259580,True,411900000,43144480,455044480,False,1
3370,validator_78,45034720880,True,697700000,28132600,725832600,False,1
3371,validator_28,100778961244,True,912729992,106364720,1019094712,True,3
3372,validator_16,141915618060,True,812723988,99267410,911991398,True,4
3373,validator_20,123362779280,True,635700000,17440520,653140520,False,3
3374,validator_84,40634967900,True,563900000,56471260,620371260,False,1
3375,validator_26,102591271331,True,854845995,118423820,973269815,True,3
3376,validator_0,407694551598,True,822852002,128375320,951227322,True,12
3377,validator_6,257438597489,True,1050980007,18911420,1069891427,True,8
3378,validator_12,139597369324,True,969159994,90796690,1059956684,True,4
3379,validator_18,134932988550,True,897400000,16739850,914139850,False,4
3380,validator_3,329142119140,True,649900000,18452220,668352220,False,10
3381,validator_18,135530948920,True,557500000,40460370,597960370,False,4
3382,validator_87,43326373750,True,473600000,41534620,515134620,False,1
3383,validator_5,242549933577,True,903187995,101398200,1004586195,True,7
3384,validator_1,447201451999,True,999659995,124831980,1124491975,True,13
3385,validator_45,50381828342,True,605488004,99156070,704644074,True,1
3386,validator_12,140406486198,True,682065994,127050880,809116874,True,4
3387,validator_8,215915198380,True,480600000,48925940,529525940,False,6
3388,validator_18,136277746730,True,712600000,34197810,746797810,False,4
3389,validator_22,116846734230,True,639600000,41046290,680646290,False,3
3390,validator_11,218866753000,True,691100000,59599410,750699410,False,6
3391,validator_40,86135797830,True,666000000,86600010,752600010,False,2
3392,validator_2,353220323640,True,618800000,34040770,652840770,False,11
3393,validator_1,448191888451,True,939680012,50756440,990436452,True,14
3394,validator_2,353964164690,True,714100000,29741050,743841050,False,11
3395,validator_13,137530156939,True,813940008,98402110,912342118,True,4
3396,validator_11,219450494040,True,553500000,30241040,583741040,False,6
3397,validator_1,449461279233,True,1175388002,94002780,1269390782,True,14
3398,validator_33,96237553877,True,737756012,131875300,869631312,True,3
3399,validator_13,138648207968,True,1008639999,109411030,1118051029,True,4
3400,validator_48,43232373489,True,1179549996,64303310,1243853306,True,1
3401,validator_67,53967436992,True,1059465996,90074120,1149540116,True,1
3402,validator_2,354802496630,True,814900000,23431940,838331940,False,11
3403,validator_76,43639786960,True,460500000,14563600,475063600,False,1
3404,validator_29,96154672807,True,882460012,90652820,973112832,True,3
3405,validator_3,329885826380,True,642600000,101107240,743707240,False,10
3406,validator_37,84787110120,True,641900000,42341130,684241130,False,2
3407,validator_60,38500188631,True,765120005,65126780,830246785,True,1
3408,validator_94,43624098870,True,593800000,33358090,627158090,False,1
3409,validator_6,258433792985,True,905179996,90015500,995195496,True,8
3410,validator_2,355432202420,True,598900000,30805790,629705790,False,11
3411,validator_78,45467645540,True,414700000,18224660,432924660,False,1
3412,validator_9,219009573180,True,623900000,22490900,646390900,False,6
3413,validator_15,156365534977,True,917908008,54330660,972238668,True,4
3414,validator_6,259501166167,True,1024466002,42907180,1067373182,True,8
3415,validator_17,145226638528,True,797222008,96992300,894214308,True,4
3416,validator_9,219507049120,True,473500000,23975940,497475940,False,6
3417,validator_2,356130797360,True,670000000,28594940,698594940,False,11
3418,validator_0,408793451536,True,1038780008,60119930,1098899938,True,12
3419,validator_85,42448520460,True,532100000,53160880,585260880,False,1
3420,validator_15,157412474135,True,964040008,82899150,1046939158,True,4
3421,validator_19,133619019790,True,716100000,32769290,748869290,False,4
3422,validator_51,53097362003,True,842880000,69743010,912623010,True,1
3423,validator_3,330563153320,True,632800000,44526940,677326940,False,10
3424,validator_43,81525818200,True,588100000,12522740,600622740,False,2
3425,validator_17,146116020668,True,788080000,101302140,889382140,True,4
3426,validator_34,82009109970,True,560900000,39704790,600604790,False,2
3427,validator_63,50151359001,True,1122660007,98361370,1221021377,True,1
3428,validator_17,147089906667,True,867205999,106680000,973885999,True,4
3429,validator_2,356573146130,True,420700000,21648770,442348770,False,11
3430,validator_2,357219632220,True,572300000,74186090,646486090,False,11
3431,validator_23,124273124220,True,601000000,36865750,637865750,False,3
3432,validator_0,409851356802,True,957185996,100719270,1057905266,True,12
3433,validator_23,124971423480,True,650600000,47699260,698299260,False,3
3434,validator_23,125568110850,True,555000000,41687370,596687370,False,3
3435,validator_41,91974970950,True,572400000,51576770,623976770,False,2
3436,validator_7,263419014727,True,933990003,67450010,1001440013,True,8
3437,validator_1,450232101218,True,685138005,85683980,770821985,True,14
3438,validator_30,106223157720,True,937548008,60000150,997548158,True,3
3439,validator_83,42828222200,True,627100000,25266120,652366120,False,1
3440,validator_55,42999140759,True,885206013,65049770,950255783,True,1
3441,validator_11,219876489340,True,393900000,32095300,425995300,False,6
3442,validator_0,410735312067,True,732104005,151851260,883955265,True,12
3443,validator_5,244340577300,True,1732554003,58089720,1790643723,True,7
3444,validator_3,331252378450,True,661100000,28125130,689225130,False,10
3445,validator_32,94917709499,True,653015984,154377580,807393564,True,2
3446,validator_29,97161983442,True,870360005,136950630,1007310635,True,3
3447,validator_45,51501015326,True,983186004,136000980,1119186984,True,1
3448,validator_1,451174516894,True,851977996,90437680,942415676,True,14
3449,validator_23,126234590700,True,631300000,35179850,666479850,False,3
3450,validator_30,107075847281,True,794513991,58175570,852689561,True,3
3451,validator_43,82179368700,True,644100000,9450500,653550500,False,2
3452,validator_14,155426322355,True,803279992,89142240,892422232,True,4
3453,validator_83,43327508250,True,475700000,23586050,499286050,False,1
3454,validator_52,45658335575,True,867760003,116283980,984043983,True,1
3455,validator_7,264447387505,True,905581998,122790780,1028372778,True,8
3456,validator_14,156309562230,True,793640005,89599870,883239875,True,4
3457,validator_0,411448239082,True,670580005,42347010,712927015,True,12
3458,validator_99,40535537350,True,402700000,42458680,445158680,False,1
3459,validator_3,331833152610,True,515300000,65474160,580774160,False,10
3460,validator_6,260556769541,True,1008540004,47063370,1055603374,True,8
3461,validator_24,105557302820,True,872109996,87329210,959439206,True,3
3462,validator_5,245602723514,True,1191560004,70586210,1262146214,True,7
3463,validator_77,42399177880,True,559600000,40650030,600250030,False,1
3464,validator_6,261242754862,True,637386001,48599320,685985321,True,8
3465,validator_63,51266571370,True,1078154009,37058360,1115212369,True,1
3466,validator_23,126812220290,True,543400000,34229590,577629590,False,3
3467,validator_3,332511037570,True,642500000,35384960,677884960,False,10
3468,validator_16,142793588155,True,744586005,133384090,877970095,True,4
3469,validator_0,412318493075,True,781333993,88920000,870253993,True,12
3470,validator_50,52985039991,True,1277920012,98126520,1376046532,True,1
3471,validator_12,141788645916,True,1302292008,79867710,1382159718,True,4
3472,validator_93,42419457150,True,590100000,20397300,610497300,False,1
3473,validator_65,48274377538,True,1288580006,124471370,1413051376,True,1
3474,validator_21,122379110060,True,772100000,62229180,834329180,False,3
3475,validator_17,148183358721,True,1006366004,87086050,1093452054,True,4
3476,validator_30,108064180734,True,903160003,85173450,988333453,True,3
3477,validator_35,86242605410,True,649100000,67057580,716157580,False,2
3478,validator_54,41119234078,True,737268005,97156590,834424595,True,1
3479,validator_15,158987425343,True,1458860008,116091200,1574951208,True,4
3480,validator_8,216635283470,True,681600000,38485090,720085090,False,6
3481,validator_7,265718223358,True,1092077993,178757860,1270835853,True,8
3482,validator_2,358002200830,True,743100000,39468610,782568610,False,11
3483,validator_4,260966101467,True,854875995,90814530,945690525,True,8
3484,validator_29,98049824648,True,745020006,142821200,887841206,True,3
3485,validator_10,203871061780,True,595700000,37028040,632728040,False,6
3486,validator_6,262215351734,True,877330002,95266870,972596872,True,8
3487,validator_27,101960821624,True,784939994,86962710,871902704,True,3
3488,validator_8,217386944350,True,690400000,61260880,751660880,False,6
3489,validator_9,220279649120,True,741700000,30900000,772600000,False,6
3490,validator_5,246419706080,True,735220006,81762560,816982566,True,7
3491,validator_4,261906281334,True,847659997,92519870,940179867,True,8
3492,validator_11,220515446300,True,579900000,59056960,638956960,False,6
3493,validator_4,263024855626,True,1014590002,103984290,1118574292,True,8
3494,validator_14,157430194670,True,1052493990,68138450,1120632440,True,4
3495,validator_19,134311715370,True,648600000,44095580,692695580,False,4
3496,validator_1,452191641741,True,965565997,51558850,1017124847,True,14
3497,validator_17,149277163149,True,1012739998,81064430,1093804428,True,4
3498,validator_23,127456775140,True,597400000,47154850,644554850,False,3
3499,validator_16,144069320111,True,1129730006,146001950,1275731956,True,4
3500,validator_18,136821114290,True,462200000,81167560,543367560,False,4
3501,validator_90,44852880660,True,765700000,40406670,806106670,False,1
3502,validator_1,453088608125,True,808756004,88210380,896966384,True,14
3503,validator_31,97120757749,True,1152159990,21897770,1174057760,True,3
3504,validator_7,266957706970,True,1155936012,83547600,1239483612,True,8
3505,validator_58,52040846407,True,910280000,22433360,932713360,True,1
3506,validator_16,144912944258,True,813839987,29784160,843624147,True,4
3507,validator_39,85593141960,True,632100000,42950360,675050360,False,2
3508,validator_2,358574025200,True,501800000,70024370,571824370,False,11
3509,validator_8,217893133630,True,487500000,18689280,506189280,False,6
3510,validator_13,139574772448,True,832666000,93898480,926564480,True,4
3511,validator_44,49420052428,True,988470005,83613140,1072083145,True,1
3512,validator_7,267784867837,True,767485997,59674870,827160867,True,8
3513,validator_19,135120181610,True,769000000,39466240,808466240,False,4
3514,validator_16,146477132918,True,1461169990,103018670,1564188660,True,4
3515,validator_64,41762137864,True,1011080001,46531410,1057611411,True,1
3516,validator_58,53184764703,True,1011533996,132384300,1143918296,True,1
3517,validator_3,333154933960,True,625000000,18896390,643896390,False,10
3518,validator_27,102938266915,True,929000011,48445280,977445291,True,3
3519,validator_4,264082692639,True,940978013,116859000,1057837013,True,8
3520,validator_15,159842327423,True,746898000,108004080,854902080,True,4
3521,validator_18,137354153190,True,497900000,35138900,533038900,False,4
3522,validator_57,53698143331,True,1033158006,76148460,1109306466,True,1
3523,validator_75,45021974090,True,633700000,28768740,662468740,False,1
3524,validator_33,97141639203,True,846479986,57605340,904085326,True,3
3525,validator_25,102944106496,True,1084180002,39366930,1123546932,True,3
3526,validator_1,454264340137,True,1116433992,59298020,1175732012,True,14
3527,validator_32,96007483523,True,1004299994,85474030,1089774024,True,3
3528,validator_4,265209235840,True,1028753991,97789210,1126543201,True,8
3529,validator_22,117230238130,True,368700000,14803900,383503900,False,3
3530,validator_27,104090468807,True,1016372002,135829890,1152201892,True,3
3531,validator_41,92603553010,True,585900000,42682060,628582060,False,2
3532,validator_5,247435409401,True,932830011,82873310,1015703321,True,7
3533,validator_0,413205852067,True,861999992,25359000,887358992,True,12
3534,validator_74,39800322890,True,578500000,14993240,593493240,False,1
3535,validator_7,268645700307,True,752379990,108452480,860832470,True,8
3536,validator_89,43050391510,True,740000000,30885310,770885310,False,1
3537,validator_50,53834906144,True,789340003,60526150,849866153,True,1
3538,validator_31,98340304679,True,1065192000,154354930,1219546930,True,3
3539,validator_5,248384267247,True,889574006,59283840,948857846,True,7
3540,validator_93,43257929550,True,796000000,42472400,838472400,False,1
3541,validator_2,359099353540,True,506400000,18928340,525328340,False,11
3542,validator_7,269955250253,True,1197398006,112151940,1309549946,True,8
3543,validator_34,82640458290,True,600600000,30748320,631348320,False,2
3544,validator_28,101978025788,True,1163179994,35884550,1199064544,True,3
3545,validator_11,221137446790,True,582600000,39400490,622000490,False,6
3546,validator_13,140278960325,True,647159997,57027880,704187877,True,4
3547,validator_1,455423552198,True,1079879991,79332070,1159212061,True,14
3548,validator_74,40286236210,True,476400000,9513320,485913320,False,1
3549,validator_7,270941073956,True,858590003,127233700,985823703,True,8
3550,validator_0,414449240365,True,1133159998,110228300,1243388298,True,12
3551,validator_26,103673815394,True,967627993,114916070,1082544063,True,3
3552,validator_4,266673309399,True,1283699999,180373560,1464073559,True,8
3553,validator_5,249412023579,True,965506002,62250330,1027756332,True,7
3554,validator_1,456374110877,True,843639999,106918680,950558679,True,14
3555,validator_9,220765145490,True,408600000,76896370,485496370,False,6
3556,validator_19,135685153810,True,528500000,36472200,564972200,False,4
3557,validator_26,104660048844,True,894120000,92113450,986233450,True,3
3558,validator_32,97422078957,True,1320606004,93989430,1414595434,True,3
3559,validator_0,415531022082,True,1027659987,54121730,1081781717,True,12
3560,validator_16,147347109657,True,829105999,40870740,869976739,True,4
3561,validator_25,103943666450,True,883260004,116299950,999559954,True,3
3562,validator_54,42169356208,True,932860000,117262130,1050122130,True,1
3563,validator_41,93226994620,True,584000000,39441610,623441610,False,2
3564,validator_5,250277372251,True,776684002,88664670,865348672,True,7
3565,validator_18,137842145760,True,473000000,14992570,487992570,False,4
3566,validator_37,85446680450,True,565000000,94570330,659570330,False,2
3567,validator_23,128315086190,True,804800000,53511050,858311050,False,4
3568,validator_27,104979502409,True,834586002,54447600,889033602,True,3
3569,validator_8,218449872850,True,516300000,40439220,556739220,False,6
3570,validator_57,54818365626,True,1031479995,88742300,1120222295,True,1
3571,validator_36,86459970850,True,624000000,65137570,689137570,False,2
3572,validator_0,416480826536,True,836839994,112964460,949804454,True,13
3573,validator_66,52601349794,True,1078640005,59003020,1137643025,True,1
3574,validator_0,417813360611,True,1258230005,74304070,1332534075,True,13
3575,validator_41,93788153730,True,536400000,24759110,561159110,False,2
3576,validator_33,98406577404,True,1172700011,92238190,1264938201,True,3
3577,validator_10,204529415530,True,583600000,74753750,658353750,False,6
3578,validator_0,418366052907,True,492500006,60192290,552692296,True,13
3579,validator_32,98416403873,True,913125996,81198920,994324916,True,3
3580,validator_33,99174095176,True,652543992,114973780,767517772,True,3
3581,validator_15,160984922893,True,1046295990,96299480,1142595470,True,5
3582,validator_11,221963351010,True,787100000,38804220,825904220,False,6
3583,validator_8,219014085480,True,496200000,68012630,564212630,False,6
3584,validator_17,150195942563,True,849623994,69155420,918779414,True,4
3585,validator_18,138599746170,True,726500000,31100410,757600410,False,4
3586,validator_3,333677458630,True,489500000,33024670,522524670,False,10
3587,validator_5,251386789742,True,1002386011,107031480,1109417491,True,7
3588,validator_25,105116421705,True,1051540015,121215240,1172755255,True,3
3589,validator_13,141456153968,True,1083765993,93427650,1177193643,True,4
3590,validator_53,48180108015,True,1132493996,82737420,1215231416,True,1
3591,validator_17,151019386440,True,747593997,75849880,823443877,True,4
3592,validator_36,87024413150,True,521700000,42742300,564442300,False,2
3593,validator_85,43039807950,True,582700000,8587490,591287490,False,1
3594,validator_5,252393824283,True,950600001,56434540,1007034541,True,7
3595,validator_0,419524288483,True,1093439996,64795580,1158235576,True,13
3596,validator_24,106726201715,True,1050179995,118718900,1168898895,True,3
3597,validator_17,151760265722,True,632480002,108399280,740879282,True,4
3598,validator_32,99400004399,True,904380006,79220520,983600526,True,3
3599,validator_23,128883057390,True,541600000,26371200,567971200,False,4
3600,validator_6,263411421423,True,1086959999,109109690,1196069689,True,8
3601,validator_24,107709118444,True,872559989,110356740,982916729,True,3
3602,validator_49,46468836917,True,1063126002,70557960,1133683962,True,1
3603,validator_15,162011160233,True,966494000,59743340,1026237340,True,5
3604,validator_6,264435988504,True,902054001,122513080,1024567081,True,8
3605,validator_48,44356223275,True,1049947996,73901790,1123849786,True,1
3606,validator_20,123963006400,True,571600000,28627120,600227120,False,3
3607,validator_4,267695314870,True,887460011,134545460,1022005471,True,8
3608,validator_15,162743119788,True,683420005,48539550,731959555,True,5
3609,validator_0,420525188161,True,915699998,85199680,1000899678,True,13
3610,validator_10,205095876410,True,535400000,31060880,566460880,False,6
3611,validator_2,359950355310,True,807000000,44001770,851001770,False,11
3612,validator_1,457301137051,True,825973984,101052190,927026174,True,14
3613,validator_57,56017625267,True,1102129991,97129650,1199259641,True,1
3614,validator_15,163614217276,True,742819998,128277490,871097488,True,5
3615,validator_52,46440463619,True,639478004,142650040,782128044,True,1
3616,validator_24,108695738613,True,902605999,84014170,986620169,True,3
3617,validator_72,40846500840,True,526800000,66250130,593050130,False,1
3618,validator_18,139216165170,True,557800000,58619000,616419000,False,4
3619,validator_23,129583316400,True,655900000,44359010,700259010,False,4
3620,validator_73,45410681070,True,523100000,53595490,576695490,False,1
3621,validator_21,123319222780,True,888400000,51712720,940112720,False,3
3622,validator_6,265185175541,True,669259997,79927040,749187037,True,8
3623,validator_20,124491790990,True,480200000,48584590,528784590,False,3
3624,validator_19,136471007720,True,759100000,26753910,785853910,False,4
3625,validator_58,54496611855,True,1196459992,115387160,1311847152,True,1
3626,validator_33,100146399217,True,846630011,125674030,972304041,True,3
3627,validator_15,164900603616,True,1206740000,79646340,1286386340,True,5
3628,validator_36,87580530460,True,516710000,39407310,556117310,False,2
3629,validator_61,52459858723,True,816442005,89836660,906278665,True,1
3630,validator_22,117911708120,True,647500000,33969990,681469990,False,3
3631,validator_73,46018117850,True,592600000,14836780,607436780,False,1
3632,validator_24,109620895831,True,845961988,79195230,925157218,True,3
3633,validator_11,222690851610,True,688000000,39500600,727500600,False,6
3634,validator_19,137023618420,True,515400000,37210700,552610700,False,4
3635,validator_18,140114782870,True,845100000,53517700,898617700,False,4
3636,validator_1,458424231030,True,987954009,135139970,1123093979,True,14
3637,validator_4,268424575970,True,663360000,65901100,729261100,True,8
3638,validator_2,360751648480,True,750100000,51193170,801293170,False,11
3639,validator_10,205907583300,True,759300000,52406890,811706890,False,6
3640,validator_2,361447901020,True,645400000,50852540,696252540,False,11
3641,validator_50,54543219559,True,630440005,77873410,708313415,True,1
3642,validator_17,153041897602,True,1214200000,67431880,1281631880,True,4
3643,validator_6,266149615613,True,857716002,106724070,964440072,True,8
3644,validator_1,459446625680,True,934580000,87814650,1022394650,True,14
3645,validator_46,51130382787,True,1334440009,79640880,1414080889,True,1
3646,validator_3,334341259460,True,637000000,26800830,663800830,False,10
3647,validator_3,335055755100,True,671200000,43295640,714495640,False,10
3648,validator_70,47743579940,True,1200080005,72396400,1272476405,True,1
3649,validator_12,142635082488,True,720699992,125736580,846436572,True,4
3650,validator_13,142537796972,True,1005420004,76223000,1081643004,True,4
3651,validator_2,362036302540,True,569200000,19201520,588401520,False,11
3652,validator_8,219558738720,True,511500000,33153240,544653240,False,6
3653,validator_68,53601947636,True,1302473991,97760790,1400234781,True,1
3654,validator_0,421447014426,True,799177995,122648270,921826265,True,13
3655,validator_0,422710123774,True,1206943998,56165350,1263109348,True,13
3656,validator_11,223382371960,True,638600000,52920350,691520350,False,6
3657,validator_1,460595665036,True,1050917996,98121360,1149039356,True,14
3658,validator_43,82902776700,True,667800000,55608000,723408000,False,2
3659,validator_5,253320650378,True,831915995,94910100,926826095,True,7
3660,validator_25,106233553717,True,1057534012,59598000,1117132012,True,3
3661,validator_0,423913936998,True,1113430004,90383220,1203813224,True,13
3662,validator_9,221401749880,True,592400000,44204390,636604390,False,6
3663,validator_85,43835828670,True,759100000,36920720,796020720,False,1
3664,validator_39,86133798740,True,466000000,74656780,540656780,False,2
3665,validator_11,223971500020,True,552800000,36328060,589128060,False,6
3666,validator_18,140623922990,True,467800000,41340120,509140120,False,4
3667,validator_11,224644268180,True,631600000,41168160,672768160,False,7
3668,validator_6,267177063253,True,967014000,60433640,1027447640,True,8
3669,validator_24,110556929216,True,869620005,66413380,936033385,True,3
3670,validator_59,44418775622,True,1178773989,65594780,1244368769,True,1
3671,validator_14,158805724282,True,1294977992,80551620,1375529612,True,4
3672,validator_27,106000531377,True,917880008,103148960,1021028968,True,3
3673,validator_12,143850852313,True,1078300005,137469820,1215769825,True,4
3674,validator_11,225184333530,True,506200000,33865350,540065350,False,7
3675,validator_18,141274026360,True,618000000,32103370,650103370,False,4
3676,validator_3,335689399510,True,593500000,40144410,633644410,False,10
3677,validator_89,43881115430,True,788500000,42223920,830723920,False,1
3678,validator_24,111605782908,True,887109992,161743700,1048853692,True,3
3679,validator_44,50488528214,True,1024229996,44245790,1068475786,True,1
3680,validator_94,44297111990,True,626600000,46413120,673013120,False,1
3681,validator_15,165890317501,True,931320005,58393880,989713885,True,5
3682,validator_35,86799917730,True,536000000,21312320,557312320,False,2
3683,validator_6,267991270033,True,721120010,93086770,814206780,True,8
3684,validator_82,41047742500,True,497450000,78003900,575453900,False,1
3685,validator_82,41650666370,True,586300000,16623870,602923870,False,1
3686,validator_15,167252530593,True,1315019992,47193100,1362213092,True,5
3687,validator_85,44480303230,True,576300000,68174560,644474560,False,1
3688,validator_10,206399167640,True,472200000,19384340,491584340,False,6
3689,validator_49,47365037971,True,817100004,79101050,896201054,True,1
3690,validator_16,148254004641,True,848580004,58314980,906894984,True,4
3691,validator_1,461381044686,True,738624000,46755650,785379650,True,14
3692,validator_17,154059620657,True,912380015,105343040,1017723055,True,4
3693,validator_12,144661025842,True,720439999,89733530,810173529,True,4
3694,validator_13,143485900972,True,907196010,40907990,948104000,True,4
3695,validator_1,462597417258,True,1036866002,179506570,1216372572,True,14
3696,validator_4,269584084140,True,1024240000,135268170,1159508170,True,8
3697,validator_76,44340813180,True,658200000,42826220,701026220,False,1
3698,validator_28,102753257895,True,719439997,55792110,775232107,True,3
3699,validator_2,362854674770,True,782500000,35872230,818372230,False,11
3700,validator_18,141882166500,True,564700000,43440140,608140140,False,4
3701,validator_9,221977166680,True,489100000,86316800,575416800,False,6
3702,validator_92,41133907690,True,598200000,9623130,607823130,False,1
3703,validator_78,46100159120,True,602300000,30213580,632513580,False,1
3704,validator_4,270619349545,True,969974005,65291400,1035265405,True,8
3705,validator_50,55712670341,True,1036227992,133222790,1169450782,True,1
3706,validator_6,269167654871,True,1089959988,86424850,1176384838,True,8
3707,validator_24,113148857908,True,1459834000,83241000,1543075000,True,3
3708,validator_85,45212463570,True,717600000,14560340,732160340,False,1
3709,validator_9,222444007430,True,422200000,44640750,466840750,False,6
3710,validator_53,49455392828,True,1109223993,166060820,1275284813,True,1
3711,validator_97,41665080140,True,475800000,24706550,500506550,False,1
3712,validator_36,88334128410,True,742800000,10797950,753597950,False,2
3713,validator_59,45726462988,True,1161560006,146127360,1307687366,True,1
3714,validator_14,159998614856,True,1064066004,128824570,1192890574,True,4
3715,validator_91,41155130930,True,637900000,44924300,682824300,False,1
3716,validator_26,105767927014,True,1011199990,96678180,1107878170,True,3
3717,validator_99,41226485320,True,633500000,57447970,690947970,False,1
3718,validator_28,103940834556,True,1079362001,108214660,1187576661,True,3
3719,validator_3,336255785970,True,528200000,38186460,566386460,False,10
3720,validator_4,271709565162,True,988404007,101811610,1090215617,True,8
3721,validator_33,101101441941,True,813180004,141862720,955042724,True,3
3722,validator_84,41144692190,True,462000000,47724290,509724290,False,1
3723,validator_25,107244221103,True,939112006,71555380,1010667386,True,3
3724,validator_6,270321504023,True,1053553992,100295160,1153849152,True,8
3725,validator_10,207058275510,True,600500000,58607870,659107870,False,6
3726,validator_13,144491751164,True,862278002,143572190,1005850192,True,4
3727,validator_3,337000645140,True,716400000,28459170,744859170,False,10
3728,validator_9,223308565090,True,856400000,8157660,864557660,False,6
3729,validator_25,108284445633,True,951350000,88874530,1040224530,True,3
3730,validator_10,207689654090,True,586500000,44878580,631378580,False,6
3731,validator_5,254624244975,True,1192757997,110836600,1303594597,True,7
3732,validator_12,146049591523,True,1269500011,119065670,1388565681,True,4
3733,validator_17,155018934971,True,876254004,83060310,959314314,True,4
3734,validator_8,220147427070,True,553400000,35288350,588688350,False,6
3735,validator_6,271191534306,True,796206003,73824280,870030283,True,8
3736,validator_88,41777772820,True,651800000,19150550,670950550,False,1
3737,validator_9,223814900030,True,472400000,33934940,506334940,False,6
3738,validator_17,156167307104,True,1063400003,84972130,1148372133,True,4
3739,validator_66,53641298974,True,934153990,105795190,1039949180,True,1
3740,validator_1,463729747591,True,1091100003,41230330,1132330333,True,14
3741,validator_16,149045783206,True,707060005,84718560,791778565,True,4
3742,validator_30,108878564381,True,698170007,116213640,814383647,True,3
3743,validator_2,363575138540,True,680800000,39663770,720463770,False,11
3744,validator_89,44687661810,True,786500000,20046380,806546380,False,1
3745,validator_15,168525944142,True,1175045999,98367550,1273413549,True,5
3746,validator_53,50264401087,True,676173999,132834260,809008259,True,1
3747,validator_16,150247855982,True,1084204006,117868770,1202072776,True,4
3748,validator_26,106747684387,True,938520003,41237370,979757373,True,3
3749,validator_80,43189519460,True,593900000,46052410,639952410,False,1
3750,validator_14,160818554300,True,752765994,67173450,819939444,True,5
3751,validator_91,41857603600,True,644700000,57772670,702472670,False,1
3752,validator_1,464832975461,True,1017100000,86127870,1103227870,True,14
3753,validator_21,123940113210,True,585100000,35790430,620890430,False,3
3754,validator_0,424746494698,True,759417990,73139710,832557700,True,13
3755,validator_2,364059102420,True,464700000,19263880,483963880,False,11
3756,validator_50,56517725290,True,739951999,65102950,805054949,True,1
3757,validator_39,86903657760,True,746300000,23559020,769859020,False,2
3758,validator_31,99374472462,True,996420003,37747780,1034167783,True,3
3759,validator_94,45049115460,True,706200000,45803470,752003470,False,1
3760,validator_30,109738207296,True,763999995,95642920,859642915,True,3
3761,validator_10,208376897280,True,574200000,113043190,687243190,False,6
3762,validator_85,45867350420,True,606100000,48786850,654886850,False,1
3763,validator_57,56713958374,True,555914007,140419100,696333107,True,1
3764,validator_18,142439316680,True,519100000,38050180,557150180,False,4
3765,validator_79,43275833690,True,489700000,27782990,517482990,False,1
3766,validator_31,100548734954,True,1088154022,86108470,1174262492,True,3
3767,validator_6,272388801286,True,1093280000,103986980,1197266980,True,8
3768,validator_99,41947098300,True,675000000,45612980,720612980,False,1
3769,validator_36,89086811660,True,736500000,16183250,752683250,False,2
3770,validator_39,87626060200,True,663300000,59102440,722402440,False,2
3771,validator_95,40042472120,True,634900000,27640630,662540630,False,1
3772,validator_16,151235329261,True,930859999,56613280,987473279,True,4
3773,validator_91,42606813020,True,705800000,43409420,749209420,False,1
3774,validator_96,45115698280,True,640300000,45248680,685548680,False,1
3775,validator_28,105409986610,True,1395639994,73512060,1469152054,True,3
3776,validator_57,57973179906,True,1201046022,58175510,1259221532,True,1
3777,validator_32,100686526091,True,1212619992,73901700,1286521692,True,3
3778,validator_17,157183201431,True,943459997,72434330,1015894327,True,4
3779,validator_20,125085575590,True,508800000,84984600,593784600,False,3
3780,validator_19,137768550350,True,729500000,15431930,744931930,False,4
3781,validator_4,272813598354,True,1015381992,88651200,1104033192,True,8
3782,validator_19,138250351340,True,439660000,42140990,481800990,False,4
3783,validator_6,273555496338,True,1041340012,125355040,1166695052,True,8
3784,validator_2,364725067180,True,605300000,60664760,665964760,False,11
3785,validator_70,48661486606,True,848719996,69186670,917906666,True,1
3786,validator_17,158225689638,True,976877997,65610210,1042488207,True,4
3787,validator_11,225933742080,True,676200000,73208550,749408550,False,7
3788,validator_35,87334785600,True,492600000,42267870,534867870,False,2
3789,validator_98,38678797330,True,663500000,15228940,678728940,False,1
3790,validator_11,226586382880,True,638900000,13740800,652640800,False,7
3791,validator_52,47344601938,True,818339999,85798320,904138319,True,1
3792,validator_0,425837471655,True,1041800017,49176940,1090976957,True,13
3793,validator_98,39163294170,True,464200000,20296840,484496840,False,1
3794,validator_42,88097281670,True,631100000,23143980,654243980,False,2
3795,validator_29,98807975125,True,690940017,67210460,758150477,True,3
3796,validator_13,145318102300,True,764983996,61367140,826351136,True,4
3797,validator_30,110645823040,True,816279994,91335750,907615744,True,3
3798,validator_19,138645242120,True,348800000,46090780,394890780,False,4
3799,validator_21,124384474460,True,433200000,11161250,444361250,False,3
3800,validator_7,271720918020,True,647319994,132524070,779844064,True,8
3801,validator_0,426760857842,True,808206007,115180180,923386187,True,13
3802,validator_18,143142937210,True,667100000,36520530,703620530,False,4
3803,validator_21,125002769600,True,558700000,59595140,618295140,False,3
3804,validator_8,220959113530,True,761200000,50486460,811686460,False,6
3805,validator_87,43948552070,True,584900000,37278320,622178320,False,1
3806,validator_41,94507839630,True,687300000,32385900,719685900,False,2
3807,validator_0,427779579563,True,901530001,117191720,1018721721,True,13
3808,validator_93,44120286580,True,822900000,39457030,862357030,False,1
3809,validator_2,365359532610,True,611100000,23365430,634465430,False,11
3810,validator_60,39592488091,True,1046654000,45645460,1092299460,True,1
3811,validator_7,273103401131,True,1262433001,120050110,1382483111,True,8
3812,validator_7,274051238769,True,928100008,19737630,947837638,True,8
3813,validator_0,428828774672,True,956359999,92835110,1049195109,True,13
3814,validator_4,273812787166,True,926560002,72628810,999188812,True,8
3815,validator_69,41922880381,True,807531993,103008950,910540943,True,1
3816,validator_7,275180689982,True,1028038003,101413210,1129451213,True,8
3817,validator_61,53421609931,True,853519998,108231210,961751208,True,1
3818,validator_1,465585759573,True,663080002,89704110,752784112,True,14
3819,validator_36,89609884630,True,508690000,14382970,523072970,False,2
3820,validator_63,52261630834,True,884321994,110737470,995059464,True,1
3821,validator_59,46491227863,True,709973995,54790880,764764875,True,1
3822,validator_40,86644971770,True,474700000,34473940,509173940,False,2
3823,validator_10,209030231380,True,631400000,21934100,653334100,False,6
3824,validator_23,130264548760,True,662000000,19232360,681232360,False,4
3825,validator_8,221673042550,True,672100000,41829020,713929020,False,6
3826,validator_64,42817145688,True,976345994,78661830,1055007824,True,1
3827,validator_0,429643656491,True,744040009,70841810,814881819,True,13
3828,validator_27,106915682762,True,795894005,119257380,915151385,True,3
3829,validator_99,42583593040,True,568600000,67894740,636494740,False,1
3830,validator_23,130915191460,True,630800000,19842700,650642700,False,4
3831,validator_2,366025963400,True,636800000,29630790,666430790,False,11
3832,validator_56,47977079057,True,896546005,149130970,1045676975,True,1
3833,validator_19,139463097640,True,807300000,10555520,817855520,False,4
3834,validator_29,100020537718,True,1080107993,132454600,1212562593,True,3
3835,validator_0,430467554002,True,758539991,65357520,823897511,True,13
3836,validator_0,431399477964,True,794940012,136983950,931923962,True,13
3837,validator_1,466932674173,True,1225110000,121804600,1346914600,True,14
3838,validator_6,274327683601,True,708817993,63369270,772187263,True,8
3839,validator_27,108009167583,True,980019991,113464830,1093484821,True,3
3840,validator_70,49493389254,True,698028008,133874640,831902648,True,1
3841,validator_2,366864850890,True,801300000,37587490,838887490,False,11
3842,validator_70,50720628483,True,1081459999,145779230,1227239229,True,1
3843,validator_95,40592189040,True,523300000,26416920,549716920,False,1
3844,validator_32,101599071314,True,848993993,63551230,912545223,True,3
3845,validator_6,275057310968,True,666555997,63071370,729627367,True,8
3846,validator_17,159045581976,True,752599998,67292340,819892338,True,4
3847,validator_36,90413462630,True,754200000,49378000,803578000,False,2
3848,validator_77,43181556050,True,729400000,52978170,782378170,False,1
3849,validator_10,209752474980,True,699200000,23043600,722243600,False,6
3850,validator_43,83659137020,True,691900000,64460320,756360320,False,2
3851,validator_93,44775072450,True,640300000,14485870,654785870,False,1
3852,validator_10,210440510450,True,677500000,10535470,688035470,False,6
3853,validator_9,224387172790,True,531900000,40372760,572272760,False,7
3854,validator_26,107677896647,True,797408000,132804260,930212260,True,3
3855,validator_74,40974037790,True,653400000,34401580,687801580,False,1
3856,validator_28,106195305753,True,740236003,45083140,785319143,True,3
3857,validator_25,109331076664,True,1018200011,28431020,1046631031,True,3
3858,validator_93,45350073230,True,526200000,48800780,575000780,False,1
3859,validator_21,125715887570,True,689500000,23617970,713117970,False,3
3860,validator_56,49310524612,True,1232443995,101001560,1333445555,True,1
3861,validator_44,51576193305,True,1019640001,68025090,1087665091,True,1
3862,validator_97,42593558920,True,847900000,80578780,928478780,False,1
3863,validator_2,367507503170,True,628000000,14652280,642652280,False,11
3864,validator_11,227255169830,True,574900000,93886950,668786950,False,7
3865,validator_12,147325927014,True,1210240011,66095480,1276335491,True,4
3866,validator_2,368085276030,True,541800000,35972860,577772860,False,11
3867,validator_63,53345247674,True,967406010,116210830,1083616840,True,1
3868,validator_15,169537100173,True,871034011,140122020,1011156031,True,5
3869,validator_91,43297939270,True,667400000,23726250,691126250,False,1
3870,validator_9,224971064670,True,569100000,14791880,583891880,False,7
3871,validator_9,225669166290,True,671400000,26701620,698101620,False,7
3872,validator_16,152086411392,True,768520001,82562130,851082131,True,4
3873,validator_0,432526883279,True,1074059995,53345320,1127405315,True,13
3874,validator_8,222408417850,True,671000000,64375300,735375300,False,6
3875,validator_33,101709698465,True,563700004,44556520,608256524,True,3
3876,validator_19,139912324480,True,412460000,36766840,449226840,False,4
3877,validator_29,101319077948,True,1255114000,43426230,1298540230,True,3
3878,validator_79,44097319530,True,729600000,91885840,821485840,False,1
3879,validator_42,88777049430,True,663000000,16767760,679767760,False,2
3880,validator_56,50317469603,True,916258001,90686990,1006944991,True,1
3881,validator_0,433580442531,True,945797992,107761260,1053559252,True,13
3882,validator_97,43210189200,True,557600000,59030280,616630280,False,1
3883,validator_39,88237280250,True,592400000,18820050,611220050,False,2
3884,validator_2,368763604770,True,634400000,43928740,678328740,False,11
3885,validator_10,211090119590,True,597700000,51909140,649609140,False,6
3886,validator_18,143629125650,True,439000000,47188440,486188440,False,4
3887,validator_30,111557543743,True,837360003,74360700,911720703,True,3
3888,validator_31,101506630827,True,860564003,97331870,957895873,True,3
3889,validator_8,222973583530,True,515700000,49465680,565165680,False,6
3890,validator_80,43811513390,True,578600000,43393930,621993930,False,1
3891,validator_69,42967319163,True,926037992,118400790,1044438782,True,1
3892,validator_41,95286127070,True,704200000,74087440,778287440,False,2
3893,validator_13,145994971915,True,584039985,92829630,676869615,True,4
3894,validator_12,148492770341,True,1081513997,85329330,1166843327,True,4
3895,validator_15,170342764374,True,699476001,106188200,805664201,True,5
3896,validator_21,126345546110,True,595200000,34458540,629658540,False,3
3897,validator_23,131445994060,True,511200000,19602600,530802600,False,4
3898,validator_63,54359780206,True,915600002,98932530,1014532532,True,1
3899,validator_90,45582607870,True,685900000,43827210,729727210,False,1
3900,validator_29,102138265637,True,757279999,61907690,819187689,True,3
3901,validator_7,276298888946,True,1024513994,93684970,1118198964,True,8
3902,validator_13,147274475847,True,1228060012,51443920,1279503932,True,4
3903,validator_31,102702514293,True,1063943996,131939470,1195883466,True,3
3904,validator_11,228191477440,True,870700000,65607610,936307610,False,7
3905,validator_13,148333812412,True,924279995,135056570,1059336565,True,4
3906,validator_3,337707184310,True,640700000,65839170,706539170,False,10
3907,validator_9,226347180750,True,651700000,26314460,678014460,False,7
3908,validator_7,277209253088,True,836016012,74348130,910364142,True,8
3909,validator_15,171205401842,True,828440008,34197460,862637468,True,5
3910,validator_33,102759166849,True,996300004,53168380,1049468384,True,3
3911,validator_41,96046191530,True,707100000,52964460,760064460,False,3
3912,validator_38,81942825200,True,749800000,11649180,761449180,False,2
3913,validator_72,41452290390,True,592400000,13389550,605789550,False,1
3914,validator_1,467929469219,True,931620006,65175040,996795046,True,14
3915,validator_9,227154719570,True,785400000,22138820,807538820,False,7
3916,validator_12,149822891488,True,1290599997,39521150,1330121147,True,4
3917,validator_64,43746080185,True,821718007,107216490,928934497,True,1
3918,validator_1,468930017391,True,939720002,60828170,1000548172,True,14
3919,validator_47,47310129480,True,813359996,41526710,854886706,True,1
3920,validator_33,103736338190,True,920680001,56491340,977171341,True,3
3921,validator_9,227815458570,True,603400000,57339000,660739000,False,7
3922,validator_40,87282706680,True,606900000,30834910,637734910,False,2
3923,validator_41,96849641780,True,751400000,52050250,803450250,False,3
3924,validator_43,84514783680,True,835500000,20146660,855646660,False,2
3925,validator_6,276002668138,True,874160010,71197160,945357170,True,8
3926,validator_1,469994909414,True,1012074003,52818020,1064892023,True,14
3927,validator_51,53982763805,True,796380002,89021800,885401802,True,1
3928,validator_4,274897841892,True,1019559996,65494730,1085054726,True,8
3929,validator_96,45740586380,True,589700000,35188100,624888100,False,1
3930,validator_62,48115140800,True,731460005,110869010,842329015,True,1
3931,validator_17,159907384909,True,765726003,96076930,861802933,True,4
3932,validator_0,434563566415,True,910886004,72237880,983123884,True,13
3933,validator_61,54731448195,True,1251900004,57938260,1309838264,True,1
3934,validator_9,228523864180,True,657200000,51205610,708405610,False,7
3935,validator_9,229208687970,True,653100000,31723790,684823790,False,7
3936,validator_6,277154797402,True,1082780004,69349260,1152129264,True,8
3937,validator_95,41374923850,True,754500000,28234810,782734810,False,1
3938,validator_7,278521363049,True,1231959991,80149970,1312109961,True,8
3939,validator_34,83316882490,True,654200000,22224200,676424200,False,2
3940,validator_6,278250457532,True,1018074010,77586120,1095660130,True,8
3941,validator_72,41998307420,True,532300000,13717030,546017030,False,1
3942,validator_29,102926373337,True,726896000,61211700,788107700,True,3
3943,validator_57,59134175876,True,1098936000,62059970,1160995970,True,1
3944,validator_0,435338174002,True,694040007,80567580,774607587,True,13
3945,validator_44,52628427110,True,975379995,76853810,1052233805,True,1
3946,validator_1,471124890753,True,1009237999,120743340,1129981339,True,14
3947,validator_5,255697631100,True,1020120005,53266120,1073386125,True,7
3948,validator_52,48228680109,True,815748001,68330170,884078171,True,1
3949,validator_51,55105263780,True,1043259985,79239990,1122499975,True,1
3950,validator_5,256875432657,True,1128109997,49691560,1177801557,True,8
3951,validator_22,118578222060,True,648800000,17713940,666513940,False,3
3952,validator_13,149205451133,True,737051991,134586730,871638721,True,4
3953,validator_36,90979095760,True,522600000,43033130,565633130,False,2
3954,validator_12,150630043552,True,689720004,117432060,807152064,True,4
3955,validator_65,49119678248,True,744360000,100940710,845300710,True,1
3956,validator_9,229848103700,True,627000000,12415730,639415730,False,7
3957,validator_17,160653519018,True,664037989,82096120,746134109,True,5
3958,validator_17,161437051832,True,708045994,75486820,783532814,True,5
3959,validator_9,230647101230,True,769800000,29197530,798997530,False,7
3960,validator_85,46237467330,True,359770000,10346910,370116910,False,1
3961,validator_38,82539322970,True,555700000,40797770,596497770,False,2
3962,validator_13,149990254415,True,661099992,123703290,784803282,True,4
3963,validator_76,45007772990,True,628900000,38059810,666959810,False,1
3964,validator_80,44496103270,True,629500000,55089880,684589880,False,1
3965,validator_11,229028032260,True,785700000,50854820,836554820,False,7
3966,validator_7,279732111629,True,1153926000,56822580,1210748580,True,8
3967,validator_7,281279647353,True,1460440004,87095720,1547535724,True,8
3968,validator_20,125700064500,True,566300000,48188910,614488910,False,3
3969,validator_3,338222449430,True,502100000,13165120,515265120,False,10
3970,validator_5,257773188872,True,804965995,92790220,897756215,True,8
3971,validator_15,172392314507,True,1103678005,83234660,1186912665,True,5
3972,validator_10,211700373690,True,577300000,32954100,610254100,False,6
3973,validator_80,45091924370,True,546300000,49521100,595821100,False,1
3974,validator_27,109200512294,True,1092088001,99256710,1191344711,True,3
3975,validator_15,173280248898,True,815862011,72072380,887934391,True,5
3976,validator_5,258570325141,True,730260009,66876260,797136269,True,8
3977,validator_23,132020430170,True,539440000,34996110,574436110,False,4
3978,validator_1,472086552919,True,888254006,73408160,961662166,True,14
3979,validator_43,85029227550,True,459200000,55243870,514443870,False,2
3980,validator_16,152949225748,True,805919996,56894360,862814356,True,4
3981,validator_38,83115378010,True,492100000,83955040,576055040,False,2
3982,validator_17,162538054562,True,1028860000,72142730,1101002730,True,5
3983,validator_0,436324391393,True,904348001,81869390,986217391,True,13
3984,validator_99,43309756270,True,713300000,12863230,726163230,False,1
3985,validator_13,150989328221,True,866619996,132453810,999073806,True,4
3986,validator_6,279268329556,True,935647994,82224030,1017872024,True,8
3987,validator_8,223562341250,True,541400000,47357720,588757720,False,6
3988,validator_12,151449547293,True,725710001,93793740,819503741,True,4
3989,validator_18,144496307670,True,822200000,44982020,867182020,False,4
3990,validator_76,45597543710,True,555300000,34470720,589770720,False,1
3991,validator_12,152314636564,True,805250001,59839270,865089271,True,4
3992,validator_29,104061259201,True,999360004,135525860,1134885864,True,3
3993,validator_19,140565425810,True,638500000,14601330,653101330,False,4
3994,validator_21,126963998260,True,599900000,18552150,618452150,False,3
3995,validator_75,45710411790,True,636000000,52437700,688437700,False,1
3996,validator_11,229575446960,True,512560000,34854700,547414700,False,7
3997,validator_26,108731790319,True,1025560002,28333670,1053893672,True,3
3998,validator_27,110518660052,True,1170973998,147173760,1318147758,True,3
3999,validator_9,231268856110,True,572800000,48954880,621754880,False,7
4000,validator_18,145138552530,True,607100000,35144860,642244860,False,4
4001,validator_26,109663896841,True,818283992,113822530,932106522,True,3
4002,validator_39,88907682790,True,627100000,43302540,670402540,False,2
4003,validator_32,102278173254,True,594540000,84561940,679101940,True,3
4004,validator_11,230285536130,True,650600000,59489170,710089170,False,7
4005,validator_76,46351042960,True,719000000,34499250,753499250,False,1
4006,validator_0,437479597879,True,1087040006,68166480,1155206486,True,13
4007,validator_41,97424798160,True,560600000,14556380,575156380,False,3
4008,validator_18,145676331850,True,502800000,34979320,537779320,False,4
4009,validator_2,369396596360,True,593600000,39391590,632991590,False,11
4010,validator_3,338826645800,True,559600000,44596370,604196370,False,10
4011,validator_5,259415327294,True,678609993,166392160,845002153,True,8
4012,validator_77,43737195220,True,529000000,26639170,555639170,False,1
4013,validator_96,46511174580,True,736400000,34188200,770588200,False,1
4014,validator_89,45256829400,True,473400000,95767590,569167590,False,1
4015,validator_26,110542072691,True,812368000,65807850,878175850,True,3
4016,validator_15,174176628993,True,801289995,95090100,896380095,True,5
4017,validator_21,127712315910,True,674900000,73417650,748317650,False,3
4018,validator_89,45797296280,True,495700000,44766880,540466880,False,1
4019,validator_4,276224208865,True,1210463993,115902980,1326366973,True,8
4020,validator_11,230824491420,True,488800000,50155290,538955290,False,7
4021,validator_3,339485285460,True,607600000,51039660,658639660,False,10
4022,validator_71,43690651168,True,1268619990,54587780,1323207770,True,1
4023,validator_40,87759392440,True,456400000,20285760,476685760,False,2
4024,validator_0,438739776905,True,1187279986,72899040,1260179026,True,13
4025,validator_25,110369953293,True,946279999,92596630,1038876629,True,3
4026,validator_0,439616500979,True,775235994,101488080,876724074,True,13
4027,validator_6,280476580850,True,1119819994,88431300,1208251294,True,8
4028,validator_2,370017235430,True,582300000,38339070,620639070,False,11
4029,validator_5,260249861618,True,757399994,77134330,834534324,True,8
4030,validator_86,41579627190,True,584900000,44937830,629837830,False,1
4031,validator_13,152306406120,True,1209165989,107911910,1317077899,True,4
4032,validator_79,44640926160,True,526900000,16706630,543606630,False,1
4033,validator_25,111083408681,True,602443998,111011390,713455388,True,3
4034,validator_39,89501300230,True,518270000,75347440,593617440,False,2
4035,validator_34,83883048480,True,553300000,12865990,566165990,False,2
4036,validator_64,45037127411,True,1193568006,97479220,1291047226,True,1
4037,validator_23,132678960050,True,644100000,14429880,658529880,False,4
4038,validator_25,112285209530,True,1041213999,160586850,1201800849,True,3
4039,validator_82,42299793850,True,603100000,46027480,649127480,False,1
4040,validator_85,47005751090,True,695000000,73283760,768283760,False,1
4041,validator_18,146224179750,True,526300000,21547900,547847900,False,4
4042,validator_31,103521303520,True,766820007,51969220,818789227,True,3
4043,validator_96,47189274070,True,666600000,11499490,678099490,False,1
4044,validator_2,370583676710,True,527900000,38541280,566441280,False,11
4045,validator_0,441223977548,True,1499160009,108316560,1607476569,True,13
4046,validator_13,153111059662,True,720586002,84067540,804653542,True,4
4047,validator_75,46332951770,True,583200000,39339980,622539980,False,1
4048,validator_27,111491933985,True,906108003,67165930,973273933,True,3
4049,validator_46,51892722216,True,680819999,81519430,762339429,True,1
4050,validator_2,371033571470,True,435500000,14394760,449894760,False,11
4051,validator_95,42039246950,True,637100000,27223100,664323100,False,1
4052,validator_11,231508608650,True,653400000,30717230,684117230,False,7
4053,validator_4,277306615363,True,1018159988,64246510,1082406498,True,8
4054,validator_30,112817499151,True,1196259998,63695410,1259955408,True,3
4055,validator_1,473000484090,True,828659991,85271180,913931171,True,14
4056,validator_28,107307453009,True,988806006,123341250,1112147256,True,3
4057,validator_27,112756551992,True,1162568007,102050000,1264618007,True,3
4058,validator_11,232089530770,True,536800000,44122120,580922120,False,7
4059,validator_1,473930792237,True,863100007,67208140,930308147,True,14
4060,validator_5,261320896997,True,1024700009,46335370,1071035379,True,8
4061,validator_9,231950028590,True,654200000,26972480,681172480,False,7
4062,validator_80,45636296300,True,524000000,20371930,544371930,False,1
4063,validator_1,475046290323,True,1045859986,69638100,1115498086,True,14
4064,validator_22,119180509120,True,541100000,61187060,602287060,False,3
4065,validator_39,90202790220,True,630200000,71289990,701489990,False,2
4066,validator_1,476110700916,True,1001099993,63310600,1064410593,True,14
4067,validator_2,371457945680,True,396400000,27974210,424374210,False,11
4068,validator_41,98038172530,True,575800000,37574370,613374370,False,3
4069,validator_94,45617038610,True,537500000,30423150,567923150,False,1
4070,validator_7,282348067790,True,945719997,122700440,1068420437,True,8
4071,validator_19,141235018450,True,636300000,33292640,669592640,False,4
4072,validator_18,146818338590,True,575800000,18358840,594158840,False,4
4073,validator_36,91651625250,True,653900000,18629490,672529490,False,2
4074,validator_22,119784090330,True,540500000,63081210,603581210,False,3
4075,validator_9,232777881520,True,742900000,84952930,827852930,False,7
4076,validator_77,44406043480,True,633600000,35248260,668848260,False,1
4077,validator_16,153720769495,True,661479997,110063750,771543747,True,4
4078,validator_17,164161375313,True,1552180001,71140750,1623320751,True,5
4079,validator_2,372176294000,True,642400000,75948320,718348320,False,11
4080,validator_15,175373271586,True,1031894003,164748590,1196642593,True,5
4081,validator_6,281793548161,True,1198260011,118707300,1316967311,True,8
4082,validator_5,262401180562,True,983006005,97277560,1080283565,True,8
4083,validator_0,442351055389,True,1027982001,99095840,1127077841,True,13
4084,validator_10,212360941340,True,644400000,16167650,660567650,False,6
4085,validator_64,46182086340,True,1002457999,142500930,1144958929,True,1
4086,validator_0,443332781810,True,876874001,104852420,981726421,True,13
4087,validator_2,372897403750,True,690700000,30409750,721109750,False,11
4088,validator_11,232843914700,True,699600000,54783930,754383930,False,7
4089,validator_4,278107613713,True,736620010,64378340,800998350,True,8
4090,validator_38,83638930900,True,514100000,9452890,523552890,False,2
4091,validator_45,52332803126,True,755640000,76147800,831787800,True,1
4092,validator_54,42960777921,True,652185993,139235720,791421713,True,1
4093,validator_72,42766242410,True,731500000,36434990,767934990,False,1
4094,validator_68,54436302474,True,716175998,118178840,834354838,True,1
4095,validator_14,162140173492,True,1187304002,134315190,1321619192,True,5
4096,validator_41,98780061930,True,656900000,84989400,741889400,False,3
4097,validator_10,212886182160,True,505800000,19440820,525240820,False,6
4098,validator_7,283321606269,True,856905999,116632480,973538479,True,8
4099,validator_97,43789495260,True,535150000,44156060,579306060,False,1
4100,validator_93,46076972850,True,654400000,72499620,726899620,False,1
4101,validator_1,477198532104,True,1027349998,60481190,1087831188,True,14
4102,validator_8,224098120450,True,452600000,83179200,535779200,False,7
4103,validator_33,104505914370,True,679628000,89948180,769576180,True,3
4104,validator_8,224995682420,True,857200000,40361970,897561970,False,7
4105,validator_24,114068271757,True,867199999,52213850,919413849,True,3
4106,validator_6,283155871932,True,1270200011,92123760,1362323771,True,8
4107,validator_22,120428113350,True,626800000,17223020,644023020,False,3
4108,validator_1,478414036045,True,1149088001,66415940,1215503941,True,14
4109,validator_65,50069112482,True,830573994,118860240,949434234,True,1
4110,validator_93,46865928350,True,743800000,45155500,788955500,False,1
4111,validator_97,44418532900,True,607300000,21737640,629037640,False,1
4112,validator_7,284306166624,True,915904015,68656340,984560355,True,8
4113,validator_24,115243433444,True,1095320007,79841680,1175161687,True,3
4114,validator_2,373600930390,True,684200000,19326640,703526640,False,11
4115,validator_16,154653950448,True,888115993,45064960,933180953,True,4
4116,validator_14,163054925699,True,802195997,112556210,914752207,True,5
4117,validator_34,84457047750,True,513800000,60199270,573999270,False,2
4118,validator_63,55208866133,True,764719997,84365930,849085927,True,1
4119,validator_3,340084975980,True,535800000,63890520,599690520,False,10
4120,validator_43,85540751580,True,462600000,48924030,511524030,False,2
4121,validator_98,39839405800,True,640800000,35311630,676111630,False,1
4122,validator_25,113727085528,True,1304563988,137312010,1441875998,True,3
4123,validator_2,374282761450,True,615500000,66331060,681831060,False,11
4124,validator_8,225899475940,True,826500000,77293520,903793520,False,7
4125,validator_30,114051847647,True,1178780006,55568490,1234348496,True,3
4126,validator_39,90716397980,True,487500000,26107760,513607760,False,2
4127,validator_14,163926961032,True,795639993,76395340,872035333,True,5
4128,validator_1,479433118753,True,929959998,89122710,1019082708,True,14
4129,validator_25,114989512712,True,1201780004,60647180,1262427184,True,3
4130,validator_0,444540854214,True,1058019994,150052410,1208072404,True,13
4131,validator_45,53555714450,True,1125559994,97351330,1222911324,True,1
4132,validator_7,285385530304,True,927142000,152221680,1079363680,True,8
4133,validator_15,176476856868,True,999514002,104071280,1103585282,True,5
4134,validator_19,141763057860,True,508300000,19739410,528039410,False,4
4135,validator_68,55386464592,True,918240008,31922110,950162118,True,1
4136,validator_6,284266873525,True,1016420003,94581590,1111001593,True,8
4137,validator_1,480482351283,True,952679990,96552540,1049232530,True,15
4138,validator_9,233451663430,True,620400000,53381910,673781910,False,7
4139,validator_81,42050993500,True,617900000,39107170,657007170,False,1
4140,validator_88,42448339260,True,602100000,68466440,670566440,False,1
4141,validator_65,51035143930,True,866985998,99045450,966031448,True,1
4142,validator_1,481333321934,True,757299991,93670660,850970651,True,15
4143,validator_75,47051388210,True,637200000,81236440,718436440,False,1
4144,validator_17,165362714252,True,1109183999,92154940,1201338939,True,5
4145,validator_7,286667302637,True,1194780013,86992320,1281772333,True,8
4146,validator_1,482027989622,True,660839998,33827690,694667688,True,15
4147,validator_0,445607687307,True,967320003,99513090,1066833093,True,13
4148,validator_11,233503085260,True,611100000,48070560,659170560,False,7
4149,validator_65,52202204154,True,1123239994,43820230,1167060224,True,1
4150,validator_27,113621220826,True,783245994,81422840,864668834,True,3
4151,validator_15,177214982083,True,697939995,40185220,738125215,True,5
4152,validator_0,446530384049,True,870940002,51756740,922696742,True,13
4153,validator_34,85035090680,True,525300000,52742930,578042930,False,2
4154,validator_13,154411693393,True,1227137991,73495740,1300633731,True,4
4155,validator_4,279330430469,True,1111551996,111264760,1222816756,True,8
4156,validator_29,104702755245,True,553546004,87950040,641496044,True,3
4157,validator_97,44983016740,True,530700000,33783840,564483840,False,1
4158,validator_6,285455295361,True,1109834006,78587830,1188421836,True,8
4159,validator_1,482944131986,True,782650004,133492360,916142364,True,15
4160,validator_3,340645628790,True,497800000,62852810,560652810,False,10
4161,validator_90,46224162120,True,599800000,41754250,641554250,False,1
4162,validator_2,375075302080,True,756700000,35840630,792540630,False,11
4163,validator_36,92246033450,True,506000000,88408200,594408200,False,2
4164,validator_6,286218066285,True,721074014,41696910,762770924,True,8
4165,validator_46,52744906588,True,729266012,122918360,852184372,True,1
4166,validator_27,114705487191,True,1005220005,79046360,1084266365,True,3
4167,validator_24,116442858864,True,1139300000,60125420,1199425420,True,3
4168,validator_82,42845428080,True,532000000,13634230,545634230,False,1
4169,validator_7,287568798051,True,859679994,41815420,901495414,True,8
4170,validator_20,126368215070,True,628700000,39450570,668150570,False,3
4171,validator_96,47854476670,True,650500000,14702600,665202600,False,1
4172,validator_5,263505768227,True,968885995,135701670,1104587665,True,8
4173,validator_64,47132875552,True,882165992,68623220,950789212,True,1
4174,validator_3,341347728170,True,676400000,25699380,702099380,False,10
4175,validator_19,142293972320,True,474100000,56814460,530914460,False,4
4176,validator_15,178247357137,True,922680004,109695050,1032375054,True,5
4177,validator_58,55486713976,True,901620001,88482120,990102121,True,1
4178,validator_3,341830716620,True,432100000,50888450,482988450,False,10
4179,validator_17,166175215627,True,685317995,127183380,812501375,True,5
4180,validator_3,342598078310,True,753900000,13461690,767361690,False,10
4181,validator_22,121186348230,True,726400000,31834880,758234880,False,3
4182,validator_14,164846082958,True,863847996,55273930,919121926,True,5
4183,validator_3,343430110270,True,781800000,50231960,832031960,False,10
4184,validator_11,234114737590,True,595100000,16552330,611652330,False,7
4185,validator_9,234071748590,True,588400000,31685160,620085160,False,7
4186,validator_3,344066220040,True,598500000,37609770,636109770,False,10
4187,validator_13,155104350520,True,573950007,118707120,692657127,True,4
4188,validator_5,264296961417,True,720730000,70463190,791193190,True,8
4189,validator_4,280264448276,True,880060007,53957800,934017807,True,8
4190,validator_94,46117119800,True,465800000,34281190,500081190,False,1
4191,validator_26,111433777114,True,779179993,112524430,891704423,True,3
4192,validator_6,287199694150,True,844480005,137147860,981627865,True,8
4193,validator_23,133257792080,True,547500000,31332030,578832030,False,4
4194,validator_90,46786510790,True,528500000,33848670,562348670,False,1
4195,validator_1,483712047419,True,666459993,101455440,767915433,True,15
4196,validator_9,234760567640,True,640100000,48719050,688819050,False,7
4197,validator_8,226492242940,True,546700000,46067000,592767000,False,7
4198,validator_9,235229874520,True,418700000,50606880,469306880,False,7
4199,validator_20,127088723330,True,684300000,36208260,720508260,False,3
4200,validator_89,46229979660,True,408590000,24093380,432683380,False,1
4201,validator_36,92904230340,True,639200000,18996890,658196890,False,2
4202,validator_40,88424061940,True,624400000,40269500,664669500,False,2
4203,validator_56,51097887162,True,693707999,86709560,780417559,True,1
4204,validator_14,165790106235,True,849959997,94063280,944023277,True,5
4205,validator_38,84315830430,True,642300000,34599530,676899530,False,2
4206,validator_47,48396720479,True,1003283999,83307000,1086590999,True,1
4207,validator_78,46833740020,True,690600000,42980900,733580900,False,1
4208,validator_96,48477775740,True,534500000,88799070,623299070,False,1
4209,validator_16,155481217430,True,745693992,81572990,827266982,True,4
4210,validator_12,153460729443,True,1093386009,52706870,1146092879,True,4
4211,validator_13,156288898890,True,1096620000,87928370,1184548370,True,4
4212,validator_21,128265410650,True,527400000,25694740,553094740,False,4
4213,validator_1,484348821181,True,589250002,47523760,636773762,True,15
4214,validator_81,42899672660,True,753500000,95179160,848679160,False,1
4215,validator_22,121845645310,True,633300000,25997080,659297080,False,3
4216,validator_91,43888826500,True,546200000,44687230,590887230,False,1
4217,validator_12,154374890430,True,815339987,98821000,914160987,True,4
4218,validator_85,47711470900,True,668200000,37519810,705719810,False,1
4219,validator_1,485438236068,True,973222007,116192880,1089414887,True,15
4220,validator_30,115000309651,True,893580004,54882000,948462004,True,3
4221,validator_2,375618920970,True,531800000,11818890,543618890,False,11
4222,validator_7,289073511236,True,1399793995,104919190,1504713185,True,9
4223,validator_99,43735571390,True,415200000,10615120,425815120,False,1
4224,validator_74,41496763670,True,505600000,17125880,522725880,False,1
4225,validator_10,213584908840,True,637640000,61086680,698726680,False,6
4226,validator_35,87875271440,True,515300000,25185840,540485840,False,2
4227,validator_26,112725200500,True,1204195996,87227390,1291423386,True,3
4228,validator_87,44528018030,True,565600000,13865960,579465960,False,1
4229,validator_4,281278130877,True,965624001,48058600,1013682601,True,8
4230,validator_82,43565558040,True,681200000,38929960,720129960,False,1
4231,validator_0,447311074521,True,689654002,91036470,780690472,True,13
4232,validator_42,89433959060,True,618500000,38409630,656909630,False,2
4233,validator_48,45389916918,True,949180003,84513640,1033693643,True,1
4234,validator_10,214157746620,True,546100000,26737780,572837780,False,6
4235,validator_85,48247406280,True,441900000,94035380,535935380,False,1
4236,validator_9,235737204020,True,476300000,31029500,507329500,False,7
4237,validator_68,56561972191,True,1093525999,81981600,1175507599,True,1
4238,validator_20,127818401250,True,696700000,32977920,729677920,False,3
4239,validator_13,157227610378,True,852109998,86601490,938711488,True,4
4240,validator_5,265434624500,True,1036793993,100869090,1137663083,True,8
4241,validator_15,179394723973,True,1066400006,80966830,1147366836,True,5
4242,validator_45,54541261790,True,928006000,57541340,985547340,True,1
4243,validator_11,234655790450,True,471100000,69952860,541052860,False,7
4244,validator_22,122556655710,True,690500000,20510400,711010400,False,3
4245,validator_12,155743830486,True,1299973996,68966060,1368940056,True,4
4246,validator_15,180495250863,True,1046720010,53806880,1100526890,True,5
4247,validator_18,147415908320,True,543700000,53869730,597569730,False,4
4248,validator_47,49418392799,True,920940000,100732320,1021672320,True,1
4249,validator_6,287796073804,True,530599984,65779670,596379654,True,8
4250,validator_35,88568872570,True,671900000,21701130,693601130,False,2
4251,validator_33,105273517167,True,665777997,101824800,767602797,True,3
4252,validator_39,91308622790,True,575100000,17124810,592224810,False,2
4253,validator_6,288929406923,True,970339999,162993120,1133333119,True,9
4254,validator_35,89427070210,True,830800000,27397640,858197640,False,2
4255,validator_85,48966647560,True,646900000,72341280,719241280,False,1
4256,validator_47,50075023048,True,627119999,29510250,656630249,True,1
4257,validator_12,156541871947,True,671888001,126153460,798041461,True,4
4258,validator_4,282220751040,True,862074003,80546160,942620163,True,8
4259,validator_95,42686051730,True,627600000,19204780,646804780,False,1
4260,validator_33,106281176605,True,873594008,134065430,1007659438,True,3
4261,validator_7,290175546454,True,994320008,107715210,1102035218,True,9
4262,validator_18,147884199630,True,443000000,25291310,468291310,False,4
4263,validator_19,142936136820,True,582800000,59364500,642164500,False,4
4264,validator_31,104714224797,True,1103079997,89841280,1192921277,True,3
4265,validator_40,89191621920,True,718200000,49359980,767559980,False,2
4266,validator_69,43664674755,True,632856002,64499590,697355592,True,1
4267,validator_33,107264971339,True,900140004,83654730,983794734,True,3
4268,validator_3,344733637440,True,632500000,34917400,667417400,False,10
4269,validator_1,486428408181,True,931940003,58232110,990172113,True,15
4270,validator_9,236612731430,True,824700000,50827410,875527410,False,7
4271,validator_10,214838514240,True,667600000,13167620,680767620,False,6
4272,validator_17,167251198103,True,964805996,111176480,1075982476,True,5
4273,validator_14,167015882820,True,1089238005,136538580,1225776585,True,5
4274,validator_81,43584936080,True,636700000,48563420,685263420,False,1
4275,validator_8,227399491080,True,842500000,64748140,907248140,False,7
4276,validator_1,487363152991,True,884056000,50688810,934744810,True,15
4277,validator_16,156442013438,True,876840008,83956000,960796008,True,4
4278,validator_21,129127620120,True,851800000,10409470,862209470,False,4
4279,validator_48,46314870931,True,832973993,91980020,924954013,True,1
4280,validator_10,215517071990,True,655500000,23057750,678557750,False,6
4281,validator_5,266497351893,True,985840003,76887390,1062727393,True,8
4282,validator_72,43344525410,True,563000000,15283000,578283000,False,1
4283,validator_84,41876599230,True,678700000,53207040,731907040,False,1
4284,validator_43,86128262270,True,534300000,53210690,587510690,False,2
4285,validator_0,448235030165,True,867199994,56755650,923955644,True,14
4286,validator_29,105706342969,True,940208004,63379720,1003587724,True,3
4287,validator_70,51663374646,True,896300003,46446160,942746163,True,1
4288,validator_24,117376739615,True,879789991,54090760,933880751,True,3
4289,validator_71,44821246199,True,1046509991,84085040,1130595031,True,1
4290,validator_52,49097545737,True,773793998,95071630,868865628,True,1
4291,validator_66,54858294844,True,1093360000,123635870,1216995870,True,1
4292,validator_51,56272052809,True,1110158019,56631010,1166789029,True,1
4293,validator_42,89969639100,True,478900000,56780040,535680040,False,2
4294,validator_87,45299205800,True,712600000,58587770,771187770,False,1
4295,validator_2,376393317440,True,744500000,29896470,774396470,False,11
4296,validator_31,105593510059,True,785772002,93513260,879285262,True,3
4297,validator_81,44347170880,True,727500000,34734800,762234800,False,1
4298,validator_33,108159767258,True,827200009,67595910,894795919,True,3
4299,validator_6,290199008624,True,1207340001,62261700,1269601701,True,9
4300,validator_3,345376667520,True,604400000,38630080,643030080,False,10
4301,validator_24,118653984109,True,1230060004,47184490,1277244494,True,3
4302,validator_58,56533579780,True,969774004,77091800,1046865804,True,1
4303,validator_22,123367095640,True,777900000,32539930,810439930,False,3
4304,validator_2,376999961510,True,595300000,11344070,606644070,False,11
4305,validator_37,86084505340,True,625700000,12124890,637824890,False,2
4306,validator_7,291266558213,True,1015510009,75501750,1091011759,True,9
4307,validator_66,55809336380,True,861834006,89207530,951041536,True,1
4308,validator_0,449465587157,True,1091394002,139162990,1230556992,True,14
4309,validator_9,237243715880,True,593900000,37084450,630984450,False,7
4310,validator_1,488422595214,True,986720003,72722220,1059442223,True,15
4311,validator_4,283114481391,True,847080001,46650350,893730351,True,8
4312,validator_2,377553522760,True,534300000,19261250,553561250,False,11
4313,validator_43,86783246260,True,638700000,16283990,654983990,False,2
4314,validator_10,216211807740,True,646400000,48335750,694735750,False,6
4315,validator_1,489387083684,True,877560000,86928470,964488470,True,15
4316,validator_0,450729090418,True,1043040001,220463260,1263503261,True,14
4317,validator_8,227777186620,True,360000000,17695540,377695540,False,7
4318,validator_16,157349191985,True,841239997,65938550,907178547,True,4
4319,validator_7,292041795005,True,732333992,42902800,775236792,True,9
4320,validator_82,44236843750,True,659800000,11485710,671285710,False,1
4321,validator_21,129749963270,True,575500000,46843150,622343150,False,4
4322,validator_57,60290981329,True,1105840003,50965450,1156805453,True,1
4323,validator_10,216873823960,True,623400000,38616220,662016220,False,6
4324,validator_1,490391017582,True,910813998,93119900,1003933898,True,15
4325,validator_1,491584433778,True,1032035996,161380200,1193416196,True,15
4326,validator_7,292916636738,True,783899993,90941740,874841733,True,9
4327,validator_33,109609870567,True,1375278009,74825300,1450103309,True,3
4328,validator_7,293719635694,True,675180016,127818940,802998956,True,9
4329,validator_3,346064540050,True,642900000,44972530,687872530,False,10
4330,validator_2,378185838060,True,542800000,89515300,632315300,False,11
4331,validator_2,378708026890,True,463000000,59188830,522188830,False,11
4332,validator_5,267313571801,True,761956008,54263900,816219908,True,8
4333,validator_14,167934035757,True,805189997,112962940,918152937,True,5
4334,validator_19,143611077350,True,640500000,34440530,674940530,False,4
4335,validator_3,346652529760,True,544100000,43889710,587989710,False,10
4336,validator_38,84858852030,True,495800000,47221600,543021600,False,2
4337,validator_4,284094316976,True,910588005,69247580,979835585,True,8
4338,validator_14,168771424560,True,721305993,116082810,837388803,True,5
4339,validator_5,268409538221,True,1053259990,42706430,1095966420,True,8
4340,validator_36,93490328960,True,541100000,44998620,586098620,False,2
4341,validator_33,110344351922,True,675339995,59141360,734481355,True,3
4342,validator_7,295012950326,True,1201140002,92174630,1293314632,True,9
4343,validator_17,168535504383,True,1190460000,93846280,1284306280,True,5
4344,validator_97,45536399350,True,534400000,18982610,553382610,False,1
4345,validator_33,111382497648,True,1023860006,14285720,1038145726,True,3
4346,validator_0,451907207242,True,1132180004,45936820,1178116824,True,14
4347,validator_42,90703063430,True,710100000,23324330,733424330,False,2
4348,validator_30,115766937830,True,680472009,86156170,766628179,True,3
4349,validator_50,57756692023,True,1136913993,102052740,1238966733,True,1
4350,validator_26,113672794130,True,899600000,47993630,947593630,True,3
4351,validator_13,157958007027,True,693980009,36416640,730396649,True,4
4352,validator_38,85514098280,True,608900000,46346250,655246250,False,2
4353,validator_53,51728266327,True,1297128000,166737240,1463865240,True,1
4354,validator_2,379311430690,True,506800000,96603800,603403800,False,11
4355,validator_1,492554111229,True,862258001,107419450,969677451,True,15
4356,validator_37,86779617620,True,647000000,48112280,695112280,False,2
4357,validator_31,106653823489,True,1002440000,57873430,1060313430,True,3
4358,validator_0,452816044986,True,799500004,109337740,908837744,True,14
4359,validator_8,228618301590,True,820900000,20214970,841114970,False,7
4360,validator_54,44246695588,True,1245406007,40511660,1285917667,True,1
4361,validator_42,91361292390,True,635800000,22428960,658228960,False,2
4362,validator_3,347182284860,True,496600000,33155100,529755100,False,10
4363,validator_10,217555040400,True,630800000,50416440,681216440,False,6
4364,validator_6,291288579810,True,939067996,150503190,1089571186,True,9
4365,validator_5,269706621545,True,1130540004,166543320,1297083324,True,8
4366,validator_23,133983133660,True,709700000,15641580,725341580,False,4
4367,validator_87,46020405750,True,632900000,88299950,721199950,False,1
4368,validator_53,52613312705,True,791796018,93250360,885046378,True,1
4369,validator_15,181422669703,True,893626000,33792840,927418840,True,5
4370,validator_59,47485914544,True,961954001,32732680,994686681,True,1
4371,validator_91,44397665110,True,471700000,37138610,508838610,False,1
4372,validator_2,380048724800,True,723100000,14194110,737294110,False,11
4373,validator_1,493860910099,True,1222239990,84558880,1306798870,True,15
4374,validator_15,182607746375,True,1088980002,96096670,1185076672,True,5
4375,validator_90,47468757080,True,613800000,68446290,682246290,False,1
4376,validator_4,285424235036,True,1253193990,76724070,1329918060,True,8
4377,validator_18,148517788330,True,618700000,14888700,633588700,False,4
4378,validator_68,57948373286,True,1253639995,132761100,1386401095,True,1
4379,validator_9,237846641180,True,578500000,24425300,602925300,False,7
4380,validator_62,49416377083,True,1119614003,181622280,1301236283,True,1
4381,validator_29,106647281690,True,834146001,106792720,940938721,True,3
4382,validator_0,453915516897,True,983480011,115991900,1099471911,True,14
4383,validator_2,380593439560,True,536770000,7944760,544714760,False,11
4384,validator_4,286254782578,True,723120012,107427530,830547542,True,8
4385,validator_87,46485524680,True,435600000,29518930,465118930,False,1
4386,validator_11,235426339370,True,749900000,20648920,770548920,False,7
4387,validator_17,169773370309,True,1096727996,141137930,1237865926,True,5
4388,validator_33,112043284375,True,584520007,76266720,660786727,True,3
4389,validator_19,144182361230,True,533900000,37383880,571283880,False,4
4390,validator_9,238452955730,True,541900000,64414550,606314550,False,7
4391,validator_70,52952340975,True,1230464009,58502320,1288966329,True,1
4392,validator_10,217928489420,True,355820000,17629020,373449020,False,6
4393,validator_18,149044847720,True,509300000,17759390,527059390,False,4
4394,validator_42,92067848460,True,674900000,31656070,706556070,False,2
4395,validator_14,169665347038,True,782596008,111326470,893922478,True,5
4396,validator_8,229424175460,True,787600000,18273870,805873870,False,7
4397,validator_21,130308603920,True,527900000,30740650,558640650,False,4
4398,validator_17,170739770384,True,847579995,118820080,966400075,True,5
4399,validator_17,171688539100,True,845380006,103388710,948768716,True,5
4400,validator_66,56771655611,True,825160011,137159220,962319231,True,1
4401,validator_85,49586732310,True,561000000,59084750,620084750,False,1
4402,validator_18,149725756530,True,620800000,60108810,680908810,False,4
4403,validator_17,172734958359,True,981099999,65319260,1046419259,True,5
4404,validator_0,455197674437,True,1169420000,112737540,1282157540,True,14
4405,validator_52,50000984609,True,794843992,108594880,903438872,True,1
4406,validator_32,103293490479,True,938960005,76357220,1015317225,True,3
4407,validator_41,99418356520,True,601300000,36994590,638294590,False,3
4408,validator_40,89909972460,True,672900000,45450540,718350540,False,2
4409,validator_10,218658533560,True,689000000,41044140,730044140,False,6
4410,validator_85,50365363430,True,764100000,14531120,778631120,False,1
4411,validator_83,43973300520,True,594400000,51392270,645792270,False,1
4412,validator_0,456105086968,True,768240001,139172530,907412531,True,14
4413,validator_24,119418344034,True,701209995,63149930,764359925,True,3
4414,validator_91,44878562360,True,452200000,28697250,480897250,False,1
4415,validator_3,347764533970,True,551200000,31049110,582249110,False,10
4416,validator_1,494654164123,True,716780004,76474020,793254024,True,15
4417,validator_3,348284452270,True,492000000,27918300,519918300,False,10
4418,validator_22,124250640480,True,858900000,24644840,883544840,False,3
4419,validator_89,46819693690,True,533100000,56614030,589714030,False,1
4420,validator_0,457108498714,True,910399996,93011750,1003411746,True,14
4421,validator_2,381190975500,True,569070000,28465940,597535940,False,11
4422,validator_7,296075103463,True,987393997,74759140,1062153137,True,9
4423,validator_19,144770452740,True,568100000,19991510,588091510,False,4
4424,validator_14,170672749372,True,903628014,103774320,1007402334,True,5
4425,validator_72,43992802220,True,593100000,55176810,648276810,False,1
4426,validator_25,116059735694,True,920594002,149628980,1070222982,True,3
4427,validator_51,57269803280,True,890453991,107296480,997750471,True,1
4428,validator_11,236164802730,True,701500000,36963360,738463360,False,7
4429,validator_58,57303813785,True,672446005,97788000,770234005,True,1
4430,validator_24,120604889440,True,1084459996,102085410,1186545406,True,3
4431,validator_69,44813952117,True,996834002,152443360,1149277362,True,1
4432,validator_5,270545398443,True,711879998,126896900,838776898,True,8
4433,validator_39,91895607670,True,564200000,22784880,586984880,False,2
4434,validator_45,55672512810,True,1053840000,77411020,1131251020,True,1
4435,validator_18,150207937790,True,442500000,39681260,482181260,False,4
4436,validator_14,171556301011,True,790839999,92711640,883551639,True,5
4437,validator_45,56647276125,True,877459995,97303320,974763315,True,1
4438,validator_10,219292314100,True,598600000,35180540,633780540,False,6
4439,validator_0,458255949682,True,1078613998,68836970,1147450968,True,14
4440,validator_90,48102120570,True,602800000,30563490,633363490,False,1
4441,validator_9,239276427340,True,776000000,47471610,823471610,False,7
4442,validator_11,236808061860,True,597900000,45359130,643259130,False,7
4443,validator_23,134606265740,True,594000000,29132080,623132080,False,4
4444,validator_29,107444986269,True,687737999,109966580,797704579,True,3
4445,validator_1,495945982973,True,1152630010,139188840,1291818850,True,15
4446,validator_29,108247956418,True,703739999,99230150,802970149,True,3
4447,validator_5,271656481810,True,1049954007,61129360,1111083367,True,8
4448,validator_32,104175738680,True,816900001,65348200,882248201,True,3
4449,validator_8,230041809810,True,582700000,34934350,617634350,False,7
4450,validator_14,172485875324,True,754373993,175200320,929574313,True,5
4451,validator_79,45180789450,True,480500000,59363290,539863290,False,1
4452,validator_52,51092951462,True,950920003,141046850,1091966853,True,1
4453,validator_42,92731940300,True,645700000,18391840,664091840,False,2
4454,validator_22,124802733590,True,534300000,17793110,552093110,False,3
4455,validator_20,128573535600,True,717000000,38134350,755134350,False,4
4456,validator_4,287198521598,True,858400000,85339020,943739020,True,8
4457,validator_0,459526036660,True,1174285998,95800980,1270086978,True,14
4458,validator_2,381818842990,True,598900000,28967490,627867490,False,11
4459,validator_0,460804494592,True,1191228002,87229930,1278457932,True,14
4460,validator_5,272929494543,True,1169759993,103252740,1273012733,True,8
4461,validator_18,150821527340,True,580500000,33089550,613589550,False,4
4462,validator_42,93281199560,True,487800000,61459260,549259260,False,2
4463,validator_23,135144133740,True,499700000,38168000,537868000,False,4
4464,validator_41,100085109360,True,645700000,21052840,666752840,False,3
4465,validator_28,108385809421,True,1072400002,5956410,1078356412,True,3
4466,validator_34,85905850660,True,817400000,53359980,870759980,False,2
4467,validator_10,219970640050,True,640300000,38025950,678325950,False,6
4468,validator_23,135896883270,True,708200000,44549530,752749530,False,4
4469,validator_23,136531548530,True,595100000,39565260,634665260,False,4
4470,validator_87,47106424250,True,595800000,25099570,620899570,False,1
4471,validator_31,107605573502,True,893313993,58436020,951750013,True,3
4472,validator_6,292128030106,True,787406006,52044290,839450296,True,9
4473,validator_6,293163032436,True,812229990,222772340,1035002330,True,9
4474,validator_1,497140894456,True,1125483993,69427490,1194911483,True,15
4475,validator_13,158892020430,True,809500013,124513390,934013403,True,4
4476,validator_37,87541756000,True,743600000,18538380,762138380,False,2
4477,validator_42,93853096130,True,560100000,11796570,571896570,False,2
4478,validator_0,462032083267,True,1162160005,65428670,1227588675,True,14
4479,validator_32,105348957976,True,1049135986,124083310,1173219296,True,3
4480,validator_8,230674392570,True,602300000,30282760,632582760,False,7
4481,validator_0,463000361655,True,890219998,78058390,968278388,True,14
4482,validator_9,239722035600,True,431500000,14108260,445608260,False,7
4483,validator_5,273802499478,True,828799995,44204940,873004935,True,8
4484,validator_4,288175519573,True,899894005,77103970,976997975,True,9
4485,validator_18,151336714000,True,491500000,23686660,515186660,False,4
4486,validator_22,125473782500,True,627500000,43548910,671048910,False,3
4487,validator_23,137283323730,True,732400000,19375200,751775200,False,4
4488,validator_27,115906078929,True,1095319998,105271740,1200591738,True,3
4489,validator_18,151923666460,True,518800000,68152460,586952460,False,4
4490,validator_16,158789950163,True,1386766008,53992170,1440758178,True,4
4491,validator_41,100772738520,True,650700000,36929160,687629160,False,3
4492,validator_6,294016499130,True,793220004,60246690,853466694,True,9
4493,validator_8,231196581200,True,427070000,95118630,522188630,False,7
4494,validator_47,51616857648,True,1392934000,148900600,1541834600,True,1
4495,validator_2,382583293160,True,721300000,43150170,764450170,False,11
4496,validator_5,274958363115,True,1041518007,114345630,1155863637,True,8
4497,validator_10,220625285670,True,627300000,27345620,654645620,False,6
4498,validator_17,173743521734,True,927540025,81023350,1008563375,True,5
4499,validator_29,109397637969,True,1033340001,116341550,1149681551,True,3
4500,validator_2,383482098020,True,830900000,67904860,898804860,False,11
4501,validator_8,231807301140,True,583600000,27119940,610719940,False,7
4502,validator_2,384134275630,True,616500000,35677610,652177610,False,12
4503,validator_19,145518424640,True,699700000,48271900,747971900,False,4
4504,validator_8,232468122490,True,618400000,42421350,660821350,False,7
4505,validator_1,498270486440,True,1016879994,112711990,1129591984,True,15
4506,validator_9,240387155570,True,644100000,21019970,665119970,False,7
4507,validator_48,47324568969,True,914497998,95200040,1009698038,True,1
4508,validator_16,159920900206,True,1022290003,108660040,1130950043,True,4
4509,validator_38,86186379290,True,641700000,30581010,672281010,False,2
4510,validator_28,109021780734,True,584523993,51447320,635971313,True,3
4511,validator_19,146144824140,True,586700000,39699500,626399500,False,4
4512,validator_22,126115348240,True,608900000,32665740,641565740,False,3
4513,validator_14,173474535030,True,880260006,108399700,988659706,True,5
4514,validator_0,464161600927,True,1060900002,100339270,1161239272,True,14
4515,validator_0,464930176894,True,697765997,70809970,768575967,True,14
4516,validator_8,233211130520,True,669700000,73308030,743008030,False,7
4517,validator_12,157481110406,True,882123999,57114460,939238459,True,4
4518,validator_8,234126434160,True,851500000,63803640,915303640,False,7
4519,validator_4,289303906579,True,1053360006,75027000,1128387006,True,9
4520,validator_9,241263308480,True,841600000,34552910,876152910,False,7
4521,validator_4,290189758438,True,776015999,109835860,885851859,True,9
4522,validator_2,384702501350,True,514000000,54225720,568225720,False,12
4523,validator_1,499689384798,True,1332919998,85978360,1418898358,True,15
4524,validator_15,183934495504,True,1193079989,133669140,1326749129,True,5
4525,validator_0,465815376147,True,736258003,148941250,885199253,True,14
4526,validator_10,221266948340,True,573400000,68262670,641662670,False,6
4527,validator_3,349076899210,True,752200000,40246940,792446940,False,10
4528,validator_58,58418633904,True,1050095999,64724120,1114820119,True,1
4529,validator_1,501059044999,True,1271200001,98460200,1369660201,True,15
4530,validator_10,221940411940,True,628600000,44863600,673463600,False,6
4531,validator_7,297044892925,True,785779982,184009480,969789462,True,9
4532,validator_23,137707777940,True,395100000,29354210,424454210,False,4
4533,validator_13,159866425865,True,915340005,59065430,974405435,True,4
4534,validator_1,501852780571,True,706440002,87295570,793735572,True,15
4535,validator_23,138272490780,True,524900000,39812840,564712840,False,4
4536,validator_20,129331295980,True,701300000,56460380,757760380,False,4
4537,validator_4,291432844515,True,1056248017,186838060,1243086077,True,9
4538,validator_24,121663121288,True,989119998,69111850,1058231848,True,3
4539,validator_31,108965067810,True,1259996008,99498300,1359494308,True,3
4540,validator_4,292190528355,True,683480000,74203840,757683840,True,9
4541,validator_12,158518399475,True,1011579999,25709070,1037289069,True,4
4542,validator_77,44906418800,True,471300000,29075320,500375320,False,1
4543,validator_0,466806913534,True,914496007,77041380,991537387,True,14
4544,validator_46,53684097995,True,815879997,123311410,939191407,True,1
4545,validator_18,152553843260,True,570300000,59876800,630176800,False,4
4546,validator_1,502597873330,True,651160009,93932750,745092759,True,15
4547,validator_41,101411263240,True,599600000,38924720,638524720,False,3
4548,validator_61,55947813643,True,1020693998,195671450,1216365448,True,1
4549,validator_96,49044973250,True,520900000,46297510,567197510,False,1
4550,validator_33,113128353505,True,979050000,106019130,1085069130,True,3
4551,validator_16,160954027901,True,891259995,141867700,1033127695,True,5
4552,validator_56,52411681904,True,1205899992,107894750,1313794742,True,1
4553,validator_31,109966485507,True,936629997,64787700,1001417697,True,3
4554,validator_6,295293464355,True,1245159995,31805230,1276965225,True,9
4555,validator_17,174403960764,True,612240000,48199030,660439030,True,5
4556,validator_67,54928343897,True,913959995,46946910,960906905,True,1
4557,validator_3,349747697470,True,614900000,55898260,670798260,False,10
4558,validator_7,297899921899,True,771099994,83928980,855028974,True,9
4559,validator_4,293336908446,True,1091199991,55180100,1146380091,True,9
4560,validator_90,48826869180,True,714300000,10448610,724748610,False,1
4561,validator_23,139064052880,True,747800000,43762100,791562100,False,4
4562,validator_3,350406365810,True,640100000,18568340,658668340,False,10
4563,validator_35,90108961990,True,629000000,52891780,681891780,False,2
4564,validator_63,56219315404,True,941420011,69029260,1010449271,True,1
4565,validator_17,175406857182,True,877809998,125086420,1002896418,True,5
4566,validator_45,57488235713,True,760061998,80897590,840959588,True,1
4567,validator_17,176266142632,True,707246000,152039450,859285450,True,5
4568,validator_1,503678107568,True,989119998,91114240,1080234238,True,15
4569,validator_2,385419586730,True,659200000,57885380,717085380,False,12
4570,validator_2,386151127330,True,665700000,65840600,731540600,False,12
4571,validator_1,505088467578,True,1346520000,63840010,1410360010,True,15
4572,validator_8,234671580320,True,526100000,19046160,545146160,False,7
4573,validator_21,131113430650,True,725200000,79626730,804826730,False,4
4574,validator_5,276193355112,True,1133325997,101666000,1234991997,True,8
4575,validator_1,505904699135,True,734780007,81451550,816231557,True,15
4576,validator_62,50557834349,True,956215996,185241270,1141457266,True,1
4577,validator_29,110281056416,True,828377997,55040450,883418447,True,3
4578,validator_29,111097662940,True,784600004,32006520,816606524,True,3
4579,validator_27,116792785328,True,779895999,106810400,886706399,True,3
4580,validator_63,56926432125,True,641720001,65396720,707116721,True,1
4581,validator_69,45940424677,True,1073100000,53372560,1126472560,True,1
4582,validator_27,117791648725,True,953599997,45263400,998863397,True,3
4583,validator_7,298743959799,True,753302000,90735900,844037900,True,9
4584,validator_7,299536568171,True,764586002,28022370,792608372,True,9
4585,validator_1,506931501625,True,904980000,121822490,1026802490,True,15
4586,validator_26,114521565316,True,782776006,65995180,848771186,True,3
4587,validator_30,116689698130,True,805859990,116900310,922760300,True,3
4588,validator_51,58357876217,True,957870007,130202930,1088072937,True,1
4589,validator_34,86535148330,True,606600000,22697670,629297670,False,2
4590,validator_11,237477617250,True,617400000,52155390,669555390,False,7
4591,validator_22,126900398930,True,772200000,12850690,785050690,False,3
4592,validator_0,468016298832,True,1130680008,78705290,1209385298,True,14
4593,validator_6,296382179861,True,1015842006,72873500,1088715506,True,9
4594,validator_27,118872073583,True,1020880008,59544850,1080424858,True,3
4595,validator_2,386903493740,True,724300000,28066410,752366410,False,12
4596,validator_19,146825799110,True,633200000,47774970,680974970,False,4
4597,validator_26,115404989553,True,829300007,54124230,883424237,True,3
4598,validator_4,294275523725,True,841733999,96881280,938615279,True,9
4599,validator_33,113879435115,True,649269990,101811620,751081610,True,3
4600,validator_10,222711401790,True,736700000,34289850,770989850,False,6
4601,validator_41,102080017640,True,607300000,61454400,668754400,False,3
4602,validator_29,112580661350,True,1419620000,63378410,1482998410,True,3
4603,validator_10,223223978380,True,471970000,40606590,512576590,False,6
4604,validator_99,44241562500,True,473100000,32891110,505991110,False,1
4605,validator_5,277520055537,True,1217934005,108766420,1326700425,True,8
4606,validator_4,295341706755,True,1001380000,64803030,1066183030,True,9
4607,validator_36,93977018940,True,454700000,31989980,486689980,False,2
4608,validator_8,235402102050,True,681600000,48921730,730521730,False,7
4609,validator_26,116341773038,True,878854015,57929470,936783485,True,3
4610,validator_1,507866374904,True,884468009,50405270,934873279,True,15
4611,validator_63,57628284413,True,664199988,37652300,701852288,True,1
4612,validator_75,47793993260,True,696000000,46605050,742605050,False,1
4613,validator_2,387450941230,True,482700000,64747490,547447490,False,12
4614,validator_22,127569018610,True,622400000,46219680,668619680,False,3
4615,validator_7,300392690668,True,812160007,43962490,856122497,True,9
4616,validator_6,297435111927,True,930622006,122310060,1052932066,True,9
4617,validator_0,468948263482,True,827794010,104170640,931964650,True,14
4618,validator_35,90690646160,True,552700000,28984170,581684170,False,2
4619,validator_34,86891110270,True,305200000,50761940,355961940,False,2
4620,validator_4,296786696555,True,1322500000,122489800,1444989800,True,9
4621,validator_14,174752046756,True,1213819996,63691730,1277511726,True,5
4622,validator_2,388022717130,True,546400000,25375900,571775900,False,12
4623,validator_12,159723704976,True,1114563981,90741520,1205305501,True,4
4624,validator_18,153193034360,True,629100000,10091100,639191100,False,4
4625,validator_0,470162288425,True,1096232003,117792940,1214024943,True,14
4626,validator_17,176965027994,True,627658002,71227360,698885362,True,5
4627,validator_7,301195389003,True,758113985,44584350,802698335,True,9
4628,validator_0,471511606346,True,1238220001,111097920,1349317921,True,14
4629,validator_70,53804563234,True,780543989,71678270,852222259,True,1
4630,validator_96,49762661200,True,671000000,46687950,717687950,False,1
4631,validator_3,351122407210,True,641300000,74741400,716041400,False,10
4632,validator_8,236034665880,True,582800000,49763830,632563830,False,7
4633,validator_0,472349409281,True,788500005,49302930,837802935,True,14
4634,validator_25,116797221838,True,682300004,55186140,737486144,True,3
4635,validator_10,223791496360,True,531000000,36517980,567517980,False,6
4636,validator_4,297820970004,True,945410009,88863440,1034273449,True,9
4637,validator_40,90671736310,True,706400000,55363850,761763850,False,2
4638,validator_4,298792316214,True,909280000,62066210,971346210,True,9
4639,validator_0,473415405966,True,977458005,88538680,1065996685,True,14
4640,validator_5,278840601340,True,1203284003,117261800,1320545803,True,8
4641,validator_10,224465173150,True,621300000,52376790,673676790,False,7
4642,validator_3,352090058890,True,899500000,68151680,967651680,False,11
4643,validator_2,388610134110,True,556100000,31316980,587416980,False,12
4644,validator_51,59227958354,True,778300017,91782120,870082137,True,1
4645,validator_99,44790997300,True,479600000,69834800,549434800,False,1
4646,validator_6,298466404974,True,932017997,99275050,1031293047,True,9
4647,validator_22,128209023440,True,616590000,23414830,640004830,False,4
4648,validator_15,184631463567,True,575058003,121910060,696968063,True,5
4649,validator_41,102744088410,True,571300000,92770770,664070770,False,3
4650,validator_56,53436441772,True,923719998,101039870,1024759868,True,1
4651,validator_10,225048184500,True,565100000,17911350,583011350,False,7
4652,validator_4,299983185973,True,1099479999,91389760,1190869759,True,9
4653,validator_30,117772692593,True,996944003,86050460,1082994463,True,3
4654,validator_86,42232652880,True,586500000,66525690,653025690,False,1
4655,validator_16,161788836112,True,770000011,64808200,834808211,True,5
4656,validator_27,119679835325,True,775460012,32301730,807761742,True,3
4657,validator_2,389338849580,True,681000000,47715470,728715470,False,12
4658,validator_6,299357536150,True,853060006,38071170,891131176,True,9
4659,validator_22,128858034450,True,607400000,41611010,649011010,False,4
4660,validator_14,175872613680,True,1046020004,74546920,1120566924,True,5
4661,validator_34,87520360210,True,593000000,36249940,629249940,False,2
4662,validator_11,238089043810,True,536600000,74826560,611426560,False,7
4663,validator_19,147488847410,True,628070000,34978300,663048300,False,4
4664,validator_36,94579590170,True,553900000,48671230,602571230,False,2
4665,validator_17,178055856250,True,926639996,164188260,1090828256,True,5
4666,validator_2,390221965860,True,852600000,30516280,883116280,False,12
4667,validator_42,94332518260,True,446550000,32872130,479422130,False,2
4668,validator_3,352785419530,True,651400000,43960640,695360640,False,11
4669,validator_0,474103193952,True,612169986,75618000,687787986,True,14
4670,validator_39,92360557360,True,412000000,52949690,464949690,False,2
4671,validator_73,46833719480,True,779600000,36001630,815601630,False,1
4672,validator_1,508446690573,True,521804009,58511660,580315669,True,15
4673,validator_1,509616824844,True,1080480001,89654270,1170134271,True,15
4674,validator_2,390809355950,True,542800000,44590090,587390090,False,12
4675,validator_4,301042788666,True,948594003,111008690,1059602693,True,9
4676,validator_30,118754653841,True,839911998,142049250,981961248,True,3
4677,validator_8,236729885400,True,663100000,32119520,695219520,False,7
4678,validator_4,301838496958,True,690836002,104872290,795708292,True,9
4679,validator_78,47417920790,True,565000000,19180770,584180770,False,1
4680,validator_4,302735255465,True,808059997,88698510,896758507,True,9
4681,validator_99,45759117620,True,916200000,51920320,968120320,False,1
4682,validator_0,475285035026,True,1099619994,82221080,1181841074,True,14
4683,validator_50,58587909218,True,637793995,193423200,831217195,True,1
4684,validator_91,45677063200,True,728700000,69800840,798500840,False,1
4685,validator_10,225715181940,True,633500000,33497440,666997440,False,7
4686,validator_29,113451269191,True,809365991,61241850,870607841,True,3
4687,validator_20,130029184990,True,675700000,22189010,697889010,False,4
4688,validator_33,114909493551,True,916540006,113518430,1030058436,True,3
4689,validator_8,237347456400,True,584700000,32871000,617571000,False,7
4690,validator_29,114853642870,True,1262973999,139399680,1402373679,True,3
4691,validator_28,110175332445,True,957532001,196019710,1153551711,True,3
4692,validator_79,45932401180,True,722700000,28911730,751611730,False,1
4693,validator_47,52590144044,True,863299996,109986400,973286396,True,1
4694,validator_32,106326016158,True,933500002,43558180,977058182,True,3
4695,validator_11,238680108210,True,538000000,53064400,591064400,False,7
4696,validator_2,391591817150,True,714600000,67861200,782461200,False,12
4697,validator_19,148205203420,True,660500000,55856010,716356010,False,4
4698,validator_32,107137786846,True,702279998,109490690,811770688,True,3
4699,validator_3,353660557200,True,836000000,39137670,875137670,False,11
4700,validator_10,226419053250,True,629600000,74271310,703871310,False,7
4701,validator_7,302262542436,True,1023346003,43807430,1067153433,True,9
4702,validator_4,303920810184,True,1070480009,115074710,1185554719,True,9
4703,validator_21,131775683220,True,611400000,50852570,662252570,False,4
4704,validator_99,46403920210,True,591800000,53002590,644802590,False,1
4705,validator_67,55914728656,True,908159989,78224770,986384759,True,1
4706,validator_11,239228382810,True,467100000,81174600,548274600,False,7
4707,validator_19,148824264520,True,610600000,8461100,619061100,False,4
4708,validator_10,227264699300,True,786500000,59146050,845646050,False,7
4709,validator_6,300239857046,True,852776006,29544890,882320896,True,9
4710,validator_27,120729285547,True,881123992,168326230,1049450222,True,3
4711,validator_3,354245381400,True,561500000,23324200,584824200,False,11
4712,validator_74,42024603820,True,492800000,35040150,527840150,False,1
4713,validator_3,354832767000,True,532600000,54785600,587385600,False,11
4714,validator_76,47015944900,True,649700000,15201940,664901940,False,1
4715,validator_10,227994168280,True,667900000,61568980,729468980,False,7
4716,validator_33,115815539257,True,831414006,74631700,906045706,True,3
4717,validator_83,44650080140,True,636400000,40379620,676779620,False,1
4718,validator_68,58559360118,True,529980002,81006830,610986832,True,1
4719,validator_21,132425093580,True,633500000,15910360,649410360,False,4
4720,validator_66,57839743562,True,947220011,120867940,1068087951,True,1
4721,validator_4,304869277522,True,865406008,83061330,948467338,True,9
4722,validator_28,111404806817,True,1094235992,135238380,1229474372,True,3
4723,validator_1,511028054140,True,1373379996,37849300,1411229296,True,15
4724,validator_56,54454735601,True,929050009,89243820,1018293829,True,1
4725,validator_78,47883278530,True,440800000,24557740,465357740,False,1
4726,validator_24,122745225825,True,976519997,105584540,1082104537,True,3
4727,validator_2,392001952340,True,362200000,47935190,410135190,False,12
4728,validator_69,47040492743,True,940317996,159750070,1100068066,True,1
4729,validator_21,133030656570,True,585600000,19962990,605562990,False,4
4730,validator_81,45138903990,True,726600000,65133110,791733110,False,1
4731,validator_28,112306911191,True,852179994,49924380,902104374,True,3
4732,validator_1,512167789157,True,1089385997,50349020,1139735017,True,16
4733,validator_29,116255160937,True,1310639997,90878070,1401518067,True,3
4734,validator_54,45353442007,True,1007860009,98886410,1106746419,True,1
4735,validator_16,162899783791,True,1057659989,53287690,1110947679,True,5
4736,validator_97,46271984880,True,724700000,10885530,735585530,False,1
4737,validator_33,117189167370,True,1209668003,163960110,1373628113,True,3
4738,validator_22,129432060310,True,497000000,77025860,574025860,False,4
4739,validator_22,129937414590,True,472200000,33154280,505354280,False,4
4740,validator_23,139729693340,True,632900000,32740460,665640460,False,4
4741,validator_11,239911536010,True,635500000,47653200,683153200,False,7
4742,validator_36,95293688340,True,652000000,62098170,714098170,False,2
4743,validator_39,93014909960,True,602700000,51652600,654352600,False,2
4744,validator_1,513494962057,True,1232820000,94352900,1327172900,True,16
4745,validator_66,58884042015,True,938546003,105752450,1044298453,True,1
4746,validator_43,87507870820,True,701500000,23124560,724624560,False,2
4747,validator_5,279643489491,True,754740001,48148150,802888151,True,8
4748,validator_3,355602736130,True,756800000,13169130,769969130,False,11
4749,validator_38,86804454380,True,577900000,40175090,618075090,False,2
4750,validator_32,108404787960,True,1196706004,70295110,1267001114,True,3
4751,validator_8,237911269530,True,504200000,59613130,563813130,False,7
4752,validator_43,88124244360,True,583700000,32673540,616373540,False,2
4753,validator_71,45547849512,True,605634003,120969310,726603313,True,1
4754,validator_6,300988619537,True,639839991,108922500,748762491,True,9
4755,validator_29,117310413196,True,932479999,122772260,1055252259,True,3
4756,validator_7,303030309473,True,675277997,92489040,767767037,True,9
4757,validator_10,228662019880,True,595900000,71951600,667851600,False,7
4758,validator_2,392689977610,True,641900000,46125270,688025270,False,12
4759,validator_8,238570539490,True,623570000,35699960,659269960,False,7
4760,validator_51,60067937070,True,764519996,75458720,839978716,True,1
4761,validator_69,48085025975,True,986325992,58207240,1044533232,True,1
4762,validator_74,42832825370,True,780400000,27821550,808221550,False,1
4763,validator_29,118893905689,True,1488379993,95112500,1583492493,True,3
4764,validator_1,514995184150,True,1362739993,137482100,1500222093,True,16
4765,validator_96,50408999710,True,603400000,42938510,646338510,False,1
4766,validator_63,58546476486,True,871500003,46692070,918192073,True,1
4767,validator_32,109145870334,True,671060004,70022370,741082374,True,3
4768,validator_11,240511561260,True,567200000,32825250,600025250,False,7
4769,validator_10,229295738980,True,565400000,68319100,633719100,False,7
4770,validator_3,356147617510,True,513400000,31481380,544881380,False,11
4771,validator_22,130560423640,True,543400000,79609050,623009050,False,4
4772,validator_7,304185497214,True,1030900001,124287740,1155187741,True,9
4773,validator_20,130653826530,True,576400000,48241540,624641540,False,4
4774,validator_4,305683761554,True,697519992,116964040,814484032,True,9
4775,validator_20,131400897940,True,732000000,15071410,747071410,False,4
4776,validator_11,241270609980,True,708400000,50648720,759048720,False,7
4777,validator_20,132048043090,True,605000000,42145150,647145150,False,4
4778,validator_17,179164569624,True,1031020004,77693370,1108713374,True,5
4779,validator_10,230094654770,True,755100000,43815790,798915790,False,7
4780,validator_21,133606678400,True,553000000,23021830,576021830,False,4
4781,validator_88,43283991710,True,799900000,35752450,835652450,False,1
4782,validator_14,176972741743,True,1002247993,97880070,1100128063,True,5
4783,validator_26,117215248782,True,735793994,137681750,873475744,True,3
4784,validator_5,280846463422,True,1163701991,39271940,1202973931,True,8
4785,validator_23,140463851510,True,693800000,40358170,734158170,False,4
4786,validator_15,185555129736,True,879699999,43966170,923666169,True,5
4787,validator_8,239118331660,True,511300000,36492170,547792170,False,7
4788,validator_1,515995615477,True,911179997,89251330,1000431327,True,16
4789,validator_8,239789855730,True,620100000,51424070,671524070,False,7
4790,validator_12,160685769416,True,828002010,134062430,962064440,True,5
4791,validator_42,95036727590,True,667200000,37009330,704209330,False,2
4792,validator_18,153861112610,True,631800000,36278250,668078250,False,4
4793,validator_36,95903374920,True,572500000,37186580,609686580,False,2
4794,validator_0,476079062565,True,754579999,39447540,794027539,True,14
4795,validator_79,46675083980,True,696900000,45782800,742682800,False,1
4796,validator_23,141159591080,True,670200000,25539570,695739570,False,4
4797,validator_52,51966206587,True,812919995,60335130,873255125,True,1
4798,validator_40,91441341770,True,722000000,47605460,769605460,False,2
4799,validator_5,282159870607,True,1232906005,80501180,1313407185,True,8
4800,validator_99,47028447130,True,595200000,29326920,624526920,False,1
4801,validator_12,161448171094,True,692739998,69661680,762401678,True,5
4802,validator_7,305134833713,True,892520009,56816490,949336499,True,9
4803,validator_25,117789270851,True,933766003,58283010,992049013,True,3
4804,validator_4,306965074824,True,1183226000,98087270,1281313270,True,9
4805,validator_7,305982174011,True,727498018,119842280,847340298,True,9
4806,validator_10,230649243140,True,505900000,48688370,554588370,False,7
4807,validator_0,477041304825,True,868470000,93772260,962242260,True,14
4808,validator_2,393451647610,True,711700000,49970000,761670000,False,12
4809,validator_0,478113129527,True,926390002,145434700,1071824702,True,14
4810,validator_74,43609739730,True,740600000,36314360,776914360,False,1
4811,validator_27,121746334220,True,908706013,108342660,1017048673,True,3
4812,validator_16,163980619301,True,987335990,93499520,1080835510,True,5
4813,validator_34,87987348740,True,410000000,56988530,466988530,False,2
4814,validator_77,45464099640,True,547300000,10380840,557680840,False,1
4815,validator_27,122616755430,True,805740000,64681210,870421210,True,3
4816,validator_25,118801986733,True,951908002,60807880,1012715882,True,3
4817,validator_37,88163879670,True,597900000,24223670,622123670,False,2
4818,validator_12,162379953425,True,830349991,101432340,931782331,True,5
4819,validator_13,161012716651,True,1058035986,88254800,1146290786,True,5
4820,validator_1,516890430611,True,806385994,88429140,894815134,True,16
4821,validator_9,242051449160,True,721900000,66240680,788140680,False,7
4822,validator_24,123940291327,True,1095934002,99131500,1195065502,True,3
4823,validator_2,393972833260,True,509600000,11585650,521185650,False,12
4824,validator_3,356856202090,True,648600000,59984580,708584580,False,11
4825,validator_44,53984387021,True,1301180001,54779910,1355959911,True,1
4826,validator_19,149493350040,True,585200000,83885520,669085520,False,4
4827,validator_0,479046152423,True,845540006,87482890,933022896,True,14
4828,validator_36,96488922930,True,567700000,17848010,585548010,False,3
4829,validator_69,49179359952,True,1012606007,81727970,1094333977,True,1
4830,validator_41,103353229420,True,571000000,38141010,609141010,False,3
4831,validator_7,307002244926,True,863761995,156308920,1020070915,True,9
4832,validator_24,125028552346,True,958145999,130115020,1088261019,True,3
4833,validator_0,479957889504,True,759666011,152071070,911737081,True,14
4834,validator_55,44015502224,True,967220005,49141460,1016361465,True,1
4835,validator_5,283199816707,True,925352010,114594090,1039946100,True,8
4836,validator_71,46466770024,True,828586002,90334510,918920512,True,1
4837,validator_30,119789968047,True,986170006,49144200,1035314206,True,3
4838,validator_0,480905880915,True,857706001,90285410,947991411,True,15
4839,validator_31,111177441060,True,1151199993,59755560,1210955553,True,3
4840,validator_95,43277981200,True,561900000,30029470,591929470,False,1
4841,validator_21,134107008230,True,451400000,48929830,500329830,False,4
4842,validator_97,46817277940,True,524000000,21293060,545293060,False,1
4843,validator_32,109966575240,True,764274006,56430900,820704906,True,3
4844,validator_10,231435953330,True,757300000,29410190,786710190,False,7
4845,validator_1,517884477489,True,920748008,73298870,994046878,True,16
4846,validator_71,47138000938,True,587450004,83780910,671230914,True,1
4847,validator_37,88907995700,True,690000000,54116030,744116030,False,2
4848,validator_4,307985642271,True,928207997,92359450,1020567447,True,9
4849,validator_0,481732717533,True,767579988,59256630,826836618,True,15
4850,validator_66,59847223349,True,908259994,54921340,963181334,True,1
4851,validator_20,132571931510,True,457300000,66588420,523888420,False,4
4852,validator_60,40519407793,True,849300012,77619690,926919702,True,1
4853,validator_56,55121743597,True,615800016,51207980,667007996,True,1
4854,validator_41,104001572350,True,616100000,32242930,648342930,False,3
4855,validator_5,284422236110,True,1106188003,116231400,1222419403,True,8
4856,validator_3,357427930050,True,553610000,18117960,571727960,False,11
4857,validator_28,113401698492,True,955044001,139743300,1094787301,True,3
4858,validator_0,483510750104,True,1719400001,58632570,1778032571,True,15
4859,validator_1,519135533325,True,1126479996,124575840,1251055836,True,16
4860,validator_2,394682669100,True,647200000,62635840,709835840,False,12
4861,validator_0,484502413792,True,945505988,46157700,991663688,True,15
4862,validator_8,240428112970,True,592500000,45757240,638257240,False,7
4863,validator_41,104581229620,True,494500000,85157270,579657270,False,3
4864,validator_4,309114777124,True,1100339993,28794860,1129134853,True,9
4865,validator_79,47299571670,True,578100000,46387690,624487690,False,1
4866,validator_4,309792233885,True,583626001,93830760,677456761,True,9
4867,validator_10,231833775010,True,364100000,33721680,397821680,False,7
4868,validator_19,150320901180,True,807700000,19851140,827551140,False,4
4869,validator_94,46927775290,True,776300000,34355490,810655490,False,1
4870,validator_30,120633177082,True,738060005,105149030,843209035,True,3
4871,validator_8,241083487580,True,596600000,58774610,655374610,False,7
4872,validator_2,395402976930,True,693200000,27107830,720307830,False,12
4873,validator_12,163467253862,True,1009023987,78276450,1087300437,True,5
4874,validator_50,59855606150,True,1168200002,99496930,1267696932,True,1
4875,validator_16,165427298945,True,1388760004,57919640,1446679644,True,5
4876,validator_20,133170651490,True,557300000,41419980,598719980,False,4
4877,validator_41,105169221940,True,524200000,63792320,587992320,False,3
4878,validator_0,484998312135,True,459574003,36324340,495898343,True,15
4879,validator_25,119779190387,True,892720004,84483650,977203654,True,3
4880,validator_12,164473755313,True,954340001,52161450,1006501451,True,5
4881,validator_32,110766754330,True,693757990,106421100,800179090,True,3
4882,validator_28,114345142688,True,865860006,77584190,943444196,True,3
4883,validator_0,486100281818,True,976580003,125389680,1101969683,True,15
4884,validator_61,57054118393,True,1057236010,49068740,1106304750,True,1
4885,validator_7,308226267753,True,1180440007,43582820,1224022827,True,9
4886,validator_85,51074801370,True,656600000,52837940,709437940,False,1
4887,validator_39,93648766040,True,613700000,20156080,633856080,False,2
4888,validator_5,285885450409,True,1362725999,100488300,1463214299,True,8
4889,validator_17,180476270623,True,1267060009,44640990,1311700999,True,5
4890,validator_12,165297154069,True,741079996,82318760,823398756,True,5
4891,validator_5,286837515761,True,855916002,96149350,952065352,True,8
4892,validator_5,287754692715,True,776632014,140544940,917176954,True,8
4893,validator_8,241648604400,True,530900000,34216820,565116820,False,7
4894,validator_1,520186105686,True,1006339991,44232370,1050572361,True,16
4895,validator_8,242425852920,True,738100000,39148520,777248520,False,7
4896,validator_51,60873070752,True,679176002,125957680,805133682,True,1
4897,validator_32,111550796557,True,686619997,97422230,784042227,True,3
4898,validator_4,311060476701,True,1252040006,16202810,1268242816,True,9
4899,validator_17,181544661556,True,985459993,82930940,1068390933,True,5
4900,validator_12,166173057403,True,804819994,71083340,875903334,True,5
4901,validator_19,151035740480,True,695400000,19439300,714839300,False,4
4902,validator_12,167254320395,True,965349992,115913000,1081262992,True,5
4903,validator_31,112174301719,True,898437999,98422660,996860659,True,3
4904,validator_41,105566733750,True,387000000,10511810,397511810,False,3
4905,validator_36,97100941140,True,572800000,39218210,612018210,False,3
4906,validator_18,154295954830,True,370000000,64842220,434842220,False,4
4907,validator_92,41755606730,True,576700000,44999040,621699040,False,1
4908,validator_21,134790327880,True,634900000,48419650,683319650,False,4
4909,validator_92,42489762830,True,684600000,49556100,734156100,False,1
4910,validator_17,182613649584,True,1015694018,53294010,1068988028,True,5
4911,validator_37,89531687050,True,576600000,47091350,623691350,False,2
4912,validator_28,115194550324,True,749986016,99421620,849407636,True,3
4913,validator_20,133809742730,True,588300000,50791240,639091240,False,4
4914,validator_97,47509273130,True,646500000,45495190,691995190,False,1
4915,validator_89,47395361900,True,543200000,32468210,575668210,False,1
4916,validator_38,87511224160,True,669600000,37169780,706769780,False,2
4917,validator_0,487057091394,True,760674006,196135570,956809576,True,15
4918,validator_0,488184690844,True,1012420020,115179430,1127599450,True,15
4919,validator_27,123512219889,True,807326009,88138450,895464459,True,3
4920,validator_6,301854521315,True,832985998,32915780,865901778,True,9
4921,validator_20,134424637560,True,566600000,48294830,614894830,False,4
4922,validator_2,396091983560,True,634500000,54506630,689006630,False,12
4923,validator_88,43892731320,True,554400000,54339610,608739610,False,1
4924,validator_0,489277861988,True,989737994,103433150,1093171144,True,15
4925,validator_3,358005962600,True,511900000,66132550,578032550,False,11
4926,validator_1,521245513051,True,971516005,87891360,1059407365,True,16
4927,validator_7,309241930677,True,958387994,57274930,1015662924,True,9
4928,validator_42,95684625160,True,598800000,49097570,647897570,False,2
4929,validator_63,59591651159,True,974740003,70434670,1045174673,True,1
4930,validator_32,112629897592,True,1018419995,60681040,1079101035,True,3
4931,validator_3,358739338390,True,679800000,53575790,733375790,False,11
4932,validator_2,396742882800,True,610100000,40799240,650899240,False,12
4933,validator_50,60846999913,True,903300003,88093760,991393763,True,1
4934,validator_9,242678056210,True,584000000,42607050,626607050,False,7
4935,validator_9,243440898210,True,740300000,22542000,762842000,False,7
4936,validator_2,397444398790,True,675800000,25715990,701515990,False,12
4937,validator_9,244267131140,True,809400000,16832930,826232930,False,7
4938,validator_62,51513696382,True,879673993,76188040,955862033,True,1
4939,validator_24,125754047436,True,640154000,85341090,725495090,True,3
4940,validator_6,302930588842,True,972086007,103981520,1076067527,True,9
4941,validator_12,168490873329,True,1116060004,120492930,1236552934,True,5
4942,validator_0,490261383724,True,878419996,105101740,983521736,True,15
4943,validator_2,398047251010,True,585900000,16952220,602852220,False,12
4944,validator_0,491424788308,True,1064340004,99064580,1163404584,True,15
4945,validator_0,492295205668,True,781206000,89211360,870417360,True,15
4946,validator_19,151641032750,True,585800000,19492270,605292270,False,4
4947,validator_2,398806365750,True,725700000,33414740,759114740,False,12
4948,validator_40,92058700250,True,535500000,81858480,617358480,False,2
4949,validator_85,51687871690,True,602100000,10970320,613070320,False,1
4950,validator_21,135339762720,True,525700000,23734840,549434840,False,4
4951,validator_34,88588375120,True,559900000,41126380,601026380,False,2
4952,validator_8,243044973320,True,568600000,50520400,619120400,False,7
4953,validator_26,118193584429,True,924050007,54285640,978335647,True,3
4954,validator_32,113799421032,True,999378000,170145440,1169523440,True,3
4955,validator_67,56971819471,True,993839995,63250820,1057090815,True,1
4956,validator_55,45062300093,True,937279999,109517870,1046797869,True,1
4957,validator_9,244937879060,True,629300000,41447920,670747920,False,7
4958,validator_55,46156730240,True,1000823997,93606150,1094430147,True,1
4959,validator_86,43049063740,True,781300000,35110860,816410860,False,1
4960,validator_61,58371316202,True,1236809999,80387810,1317197809,True,1
4961,validator_57,61318880229,True,960200020,67698880,1027898900,True,1
4962,validator_1,522567705264,True,1203539983,118652230,1322192213,True,16
4963,validator_72,44581327270,True,555200000,33325050,588525050,False,1
4964,validator_11,241929488670,True,623700000,35178690,658878690,False,7
4965,validator_2,399450346610,True,628900000,15080860,643980860,False,12
4966,validator_15,186661561155,True,994497999,111933420,1106431419,True,5
4967,validator_38,88085510700,True,516900000,57386540,574286540,False,2
4968,validator_36,97771233960,True,616000000,54292820,670292820,False,3
4969,validator_73,47277262450,True,389350000,54192970,443542970,False,1
4970,validator_26,119386651230,True,1100419991,92646810,1193066801,True,3
4971,validator_23,141821858210,True,616700000,45567130,662267130,False,4
4972,validator_7,310193393015,True,892619988,58842350,951462338,True,9
4973,validator_60,41666780787,True,1026113984,121259010,1147372994,True,1
4974,validator_11,242543869640,True,583000000,31380970,614380970,False,7
4975,validator_96,51004566930,True,567200000,28367220,595567220,False,1
4976,validator_78,48646125930,True,737700000,25147400,762847400,False,1
4977,validator_1,523447195804,True,805579990,73910550,879490540,True,16
4978,validator_89,48027894170,True,605400000,27132270,632532270,False,1
4979,validator_24,126629129981,True,770613995,104468550,875082545,True,3
4980,validator_17,183509449161,True,783090007,112709570,895799577,True,5
4981,validator_38,88591164050,True,476100000,29553350,505653350,False,2
4982,validator_40,92718162820,True,613200000,46262570,659462570,False,2
4983,validator_9,245540117530,True,585400000,16838470,602238470,False,7
4984,validator_0,493300856038,True,947240010,58410360,1005650370,True,15
4985,validator_68,59504325193,True,824710005,120255070,944965075,True,1
4986,validator_16,166596891512,True,1071059987,98532580,1169592567,True,5
4987,validator_22,131373189760,True,774200000,38566120,812766120,False,4
4988,validator_16,167331354876,True,669980004,64483360,734463364,True,5
4989,validator_49,48422822586,True,946639995,111144620,1057784615,True,1
4990,validator_39,94158552300,True,471500000,38286260,509786260,False,2
4991,validator_30,121768066427,True,1041959995,92929350,1134889345,True,3
4992,validator_2,400045751510,True,561300000,34104900,595404900,False,12
4993,validator_63,60620756458,True,817235999,211869300,1029105299,True,1
4994,validator_17,184611553746,True,1008540005,93564580,1102104585,True,5
4995,validator_7,311251577309,True,929481994,128702300,1058184294,True,9
4996,validator_67,57952719757,True,778610006,202290280,980900286,True,1
4997,validator_82,45018855120,True,733000000,49011370,782011370,False,1
4998,validator_79,47981010870,True,634480000,46959200,681439200,False,1
4999,validator_9,246210518840,True,618600000,51801310,670401310,False,7
5000,validator_39,94808714520,True,620500000,29662220,650162220,False,2
5001,validator_33,118549688439,True,1251083999,109437070,1360521069,True,3
5002,validator_0,494249452526,True,876279998,72316490,948596488,True,15
5003,validator_15,187394761166,True,643294011,89906000,733200011,True,5
5004,validator_87,47731597200,True,572100000,53072950,625172950,False,1
5005,validator_54,46608601125,True,1184820008,70339110,1255159118,True,1
5006,validator_4,311894003913,True,771204002,62323210,833527212,True,9
5007,validator_11,243012044190,True,425900000,42274550,468174550,False,7
5008,validator_1,524682664630,True,1138374006,97094820,1235468826,True,16
5009,validator_63,61587214784,True,873666006,92792320,966458326,True,1
5010,validator_24,127556378508,True,905340007,21908520,927248527,True,3
5011,validator_39,95330575920,True,501000000,20861400,521861400,False,2
5012,validator_4,312874018127,True,938120004,41894210,980014214,True,9
5013,validator_7,312065212642,True,716819993,96815340,813635333,True,9
5014,validator_7,312952528040,True,752725998,134589400,887315398,True,9
5015,validator_42,96309509590,True,593600000,31284430,624884430,False,3
5016,validator_4,314211090185,True,1234791998,102280060,1337072058,True,9
5017,validator_97,48188955390,True,628100000,51582260,679682260,False,1
5018,validator_62,52346358307,True,746445995,86215930,832661925,True,1
5019,validator_11,243538831520,True,485600000,41187330,526787330,False,7
5020,validator_16,168345955777,True,970226011,44374890,1014600901,True,5
5021,validator_90,49492552410,True,624300000,41383230,665683230,False,1
5022,validator_25,120309957123,True,443000006,87766730,530766736,True,3
5023,validator_27,124843542460,True,1245314001,86008570,1331322571,True,3
5024,validator_26,120613563067,True,1094235997,132675840,1226911837,True,3
5025,validator_1,525396701895,True,650601995,63435270,714037265,True,16
5026,validator_12,169912417922,True,1322419993,99124600,1421544593,True,5
5027,validator_0,495293129939,True,995000003,48677410,1043677413,True,15
5028,validator_22,131981117080,True,531300000,76627320,607927320,False,4
5029,validator_7,314045716340,True,1008599990,84588310,1093188300,True,9
5030,validator_14,177924101649,True,860619996,90739910,951359906,True,5
5031,validator_32,114976712116,True,1011872004,165419080,1177291084,True,3
5032,validator_40,93529416160,True,772000000,39253340,811253340,False,2
5033,validator_3,359465575490,True,672400000,53837100,726237100,False,11
5034,validator_9,246696062140,True,445570000,39973300,485543300,False,7
5035,validator_54,47605726925,True,889044000,108081800,997125800,True,1
5036,validator_67,58677110050,True,613510003,110880290,724390293,True,1
5037,validator_19,152555436740,True,842500000,71903990,914403990,False,4
5038,validator_12,170840557699,True,811386007,116753770,928139777,True,5
5039,validator_23,142633734470,True,782700000,29176260,811876260,False,4
5040,validator_31,113405465054,True,1125299995,105863340,1231163335,True,3
5041,validator_59,48491083742,True,959780008,45389190,1005169198,True,1
5042,validator_1,526353287989,True,782940004,173646090,956586094,True,16
5043,validator_6,303761818323,True,747240011,83989470,831229481,True,9
5044,validator_34,89138878290,True,501800000,48703170,550503170,False,2
5045,validator_29,119817162703,True,808146004,115111010,923257014,True,3
5046,validator_12,171643924977,True,757860008,45507270,803367278,True,5
5047,validator_0,496000751077,True,637660008,69961130,707621138,True,15
5048,validator_9,247185901380,True,472000000,17839240,489839240,False,7
5049,validator_49,49483254463,True,916329997,144101880,1060431877,True,1
5050,validator_1,527276485588,True,886679999,36517600,923197599,True,16
5051,validator_2,400628050000,True,561000000,21298490,582298490,False,12
5052,validator_1,528344940358,True,977516000,90938770,1068454770,True,16
5053,validator_2,401332058890,True,639200000,64808890,704008890,False,12
5054,validator_75,48268349980,True,454200000,20156720,474356720,False,1
5055,validator_3,360070830050,True,577500000,27754560,605254560,False,11
5056,validator_20,134863179860,True,414830000,23712300,438542300,False,4
5057,validator_10,232422663650,True,550000000,38888640,588888640,False,7
5058,validator_8,243740458060,True,645200000,50284740,695484740,False,7
5059,validator_50,62088138099,True,1171540006,69598180,1241138186,True,1
5060,validator_0,496947052739,True,877399992,68901670,946301662,True,15
5061,validator_2,402006705350,True,595000000,79646460,674646460,False,12
5062,validator_31,114649817425,True,1095820001,148532370,1244352371,True,3
5063,validator_3,360580844020,True,482400000,27613970,510013970,False,11
5064,validator_11,244096429520,True,530200000,27398000,557598000,False,7
5065,validator_1,529365343585,True,895183997,125219230,1020403227,True,16
5066,validator_52,52905510320,True,834304003,104999730,939303733,True,1
5067,validator_2,402530030900,True,512100000,11225550,523325550,False,12
5068,validator_99,47551492190,True,471800000,51245060,523045060,False,1
5069,validator_22,132544370820,True,539000000,24253740,563253740,False,4
5070,validator_66,61006622813,True,1110257994,49141470,1159399464,True,1
5071,validator_27,126358675507,True,1370938007,144195040,1515133047,True,3
5072,validator_19,153058922950,True,457700000,45786210,503486210,False,4
5073,validator_76,47633358080,True,579700000,37713180,617413180,False,1
5074,validator_0,497952293165,True,924220006,81020420,1005240426,True,15
5075,validator_23,143171615110,True,516500000,21380640,537880640,False,4
5076,validator_7,314863547203,True,778440003,39390860,817830863,True,9
5077,validator_28,116217738008,True,935419994,87767690,1023187684,True,3
5078,validator_0,498907176729,True,833240014,121643550,954883564,True,15
5079,validator_1,530603535866,True,1124106001,114086280,1238192281,True,16
5080,validator_19,153800551990,True,717600000,24029040,741629040,False,4
5081,validator_6,304731188869,True,862365996,107004550,969370546,True,9
5082,validator_5,288830623339,True,1031000014,44930610,1075930624,True,9
5083,validator_33,119696890142,True,1045808003,101393700,1147201703,True,3
5084,validator_8,244249065400,True,493200000,15407340,508607340,False,7
5085,validator_49,50359263421,True,798646008,77362950,876008958,True,1
5086,validator_32,115629517985,True,504815999,147989870,652805869,True,3
5087,validator_16,169574820213,True,1077227996,151636440,1228864436,True,5
5088,validator_20,135582265020,True,658100000,60985160,719085160,False,4
5089,validator_1,531765791433,True,1096279997,65975570,1162255567,True,16
5090,validator_2,403053154610,True,492900000,30223710,523123710,False,12
5091,validator_24,128764668492,True,1074443994,133845990,1208289984,True,4
5092,validator_3,361062688990,True,453200000,28644970,481844970,False,11
5093,validator_11,244791424680,True,663400000,31595160,694995160,False,7
5094,validator_2,403667485860,True,596300000,18031250,614331250,False,12
5095,validator_1,532612299537,True,775080004,71428100,846508104,True,16
5096,validator_28,117049092515,True,743099997,88254510,831354507,True,3
5097,validator_1,533499954292,True,755795995,131858760,887654755,True,16
5098,validator_16,170724920846,True,1080260003,69840630,1150100633,True,5
5099,validator_24,129939467870,True,1091554008,83245370,1174799378,True,4
5100,validator_3,361705272140,True,623100000,19483150,642583150,False,11
5101,validator_7,315905732507,True,960034004,82151300,1042185304,True,9
5102,validator_7,317010513351,True,945125994,159654850,1104780844,True,9
5103,validator_14,179108787157,True,1129586008,55099500,1184685508,True,5
5104,validator_31,115597955640,True,889520005,58618210,948138215,True,3
5105,validator_0,499815140684,True,826120005,81843950,907963955,True,15
5106,validator_41,106343954900,True,726700000,50521150,777221150,False,3
5107,validator_21,136015293790,True,613170000,62361070,675531070,False,4
5108,validator_5,289822594298,True,858634009,133336950,991970959,True,9
5109,validator_70,54678506217,True,740208013,133734970,873942983,True,1
5110,validator_43,88885239740,True,725100000,35895380,760995380,False,2
5111,validator_15,188587312231,True,1063629995,128921070,1192551065,True,5
5112,validator_1,534486025379,True,858444007,127627080,986071087,True,16
5113,validator_5,290974060814,True,1075179996,76286520,1151466516,True,9
5114,validator_33,120864331891,True,1057513989,109927760,1167441749,True,3
5115,validator_20,136354721410,True,741000000,31456390,772456390,False,4
5116,validator_12,172633695635,True,881753988,108016670,989770658,True,5
5117,validator_16,172024018056,True,1147000010,152097200,1299097210,True,5
5118,validator_96,51638817110,True,617300000,16950180,634250180,False,1
5119,validator_0,500707777681,True,814463997,78173000,892636997,True,15
5120,validator_23,143924824030,True,735200000,18008920,753208920,False,4
5121,validator_35,91282682730,True,537400000,54636570,592036570,False,2
5122,validator_8,244851886940,True,574400000,28421540,602821540,False,7
5123,validator_4,315229118617,True,896886002,121142430,1018028432,True,9
5124,validator_69,49901405326,True,590146004,131899370,722045374,True,1
5125,validator_23,144590675290,True,599600000,66251260,665851260,False,4
5126,validator_32,116763034234,True,1050600009,82916240,1133516249,True,3
5127,validator_34,89843438560,True,657500000,47060270,704560270,False,2
5128,validator_2,404268236740,True,578200000,22550880,600750880,False,12
5129,validator_0,501730972021,True,942139980,81054360,1023194340,True,15
5130,validator_82,45593613920,True,503500000,71258800,574758800,False,1
5131,validator_24,130815977775,True,775199995,101309910,876509905,True,4
5132,validator_6,305642332487,True,795525988,115617630,911143618,True,9
5133,validator_11,245404019970,True,599600000,12995290,612595290,False,7
5134,validator_59,49256398470,True,708020008,57294720,765314728,True,1
5135,validator_59,50590045415,True,1214960005,118686940,1333646945,True,1
5136,validator_21,136722548780,True,675200000,32054990,707254990,False,4
5137,validator_87,48342440380,True,571700000,39143180,610843180,False,1
5138,validator_25,121641717458,True,1184069995,147690340,1331760335,True,3
5139,validator_23,145335217970,True,683200000,61342680,744542680,False,4
5140,validator_9,247812874310,True,601800000,25172930,626972930,False,7
5141,validator_20,137001415660,True,633600000,13094250,646694250,False,4
5142,validator_1,535435494521,True,844244002,105225140,949469142,True,16
5143,validator_13,161640959784,True,548000013,80243120,628243133,True,5
5144,validator_2,405101620610,True,765200000,68183870,833383870,False,12
5145,validator_2,405774750900,True,588100000,85030290,673130290,False,12
5146,validator_66,62077099896,True,1011980003,58497080,1070477083,True,1
5147,validator_35,91871720310,True,528300000,60737580,589037580,False,2
5148,validator_70,55785875495,True,1032335998,75033280,1107369278,True,1
5149,validator_40,94234848720,True,685400000,20032560,705432560,False,2
5150,validator_5,292184751543,True,1168579999,42110730,1210690729,True,9
5151,validator_0,502582332363,True,829080002,22280340,851360342,True,15
5152,validator_23,145987512490,True,624200000,28094520,652294520,False,4
5153,validator_10,233009207350,True,558600000,27943700,586543700,False,7
5154,validator_90,50269216820,True,704400000,72264410,776664410,False,1
5155,validator_4,316073789151,True,752800004,91870530,844670534,True,9
5156,validator_29,120877464206,True,917250013,143051490,1060301503,True,3
5157,validator_16,173066488706,True,906979990,135490660,1042470650,True,5
5158,validator_12,173890663810,True,1161853995,95114180,1256968175,True,5
5159,validator_15,189657219029,True,980439998,89466800,1069906798,True,5
5160,validator_22,133153862180,True,532000000,77491360,609491360,False,4
5161,validator_54,49021977786,True,1322640001,93610860,1416250861,True,1
5162,validator_5,293306495357,True,1014473994,107269820,1121743814,True,9
5163,validator_4,317230244850,True,1050685989,105769710,1156455699,True,9
5164,validator_1,536433576981,True,921919990,76162470,998082460,True,16
5165,validator_16,173914401765,True,669931989,177981070,847913059,True,5
5166,validator_52,54101884350,True,1132360000,64014030,1196374030,True,1
5167,validator_86,43679447300,True,556600000,73783560,630383560,False,1
5168,validator_6,306760827614,True,1037140007,81355120,1118495127,True,9
5169,validator_6,307601023625,True,740279991,99916020,840196011,True,9
5170,validator_14,179946130688,True,726038001,111305530,837343531,True,5
5171,validator_4,318297182588,True,951798008,115139730,1066937738,True,9
5172,validator_4,319158709712,True,749538004,111989120,861527124,True,9
5173,validator_1,537201307256,True,678679995,89050280,767730275,True,16
5174,validator_0,503679852755,True,994556002,102964390,1097520392,True,15
5175,validator_15,190628200062,True,896673993,74307040,970981033,True,5
5176,validator_1,538472267712,True,1169248006,101712450,1270960456,True,16
5177,validator_15,191495517978,True,729339996,137977920,867317916,True,5
5178,validator_19,154393666460,True,496000000,97114470,593114470,False,4
5179,validator_82,46185888570,True,556900000,35374650,592274650,False,1
5180,validator_49,51717195460,True,1257905999,100026040,1357932039,True,1
5181,validator_43,89553566360,True,604000000,64326620,668326620,False,2
5182,validator_23,146708626340,True,694100000,27013850,721113850,False,4
5183,validator_49,52351223055,True,565165985,68861610,634027595,True,1
5184,validator_41,107140612530,True,784600000,12057630,796657630,False,3
5185,validator_2,406400626680,True,593900000,31975780,625875780,False,12
5186,validator_12,175151548625,True,1035574015,225310800,1260884815,True,5
5187,validator_0,504715985091,True,901900016,134232320,1036132336,True,15
5188,validator_1,539491461045,True,959199993,59993340,1019193333,True,16
5189,validator_11,245944260440,True,497200000,43040470,540240470,False,7
5190,validator_2,406940459050,True,462400000,77432370,539832370,False,12
5191,validator_11,246654464030,True,700600000,9603590,710203590,False,7
5192,validator_1,540469295614,True,844753999,133080570,977834569,True,16
5193,validator_57,62685505246,True,1252500007,114125010,1366625017,True,1
5194,validator_20,137348990730,True,327400000,20175070,347575070,False,4
5195,validator_10,233697153490,True,651300000,36646140,687946140,False,7
5196,validator_6,308835054740,True,1162041985,71989130,1234031115,True,9
5197,validator_18,154905208790,True,563000000,46253960,609253960,False,4
5198,validator_28,118027799325,True,868800010,109906800,978706810,True,3
5199,validator_85,52217194360,True,511270000,18052670,529322670,False,1
5200,validator_17,185611828174,True,877899998,122374430,1000274428,True,5
5201,validator_5,294347336290,True,903168003,137672930,1040840933,True,9
5202,validator_65,53477424112,True,1120053998,155165960,1275219958,True,1
5203,validator_12,176619534721,True,1401606006,66380090,1467986096,True,5
5204,validator_19,154984186270,True,530600000,59919810,590519810,False,4
5205,validator_1,541446533982,True,913749998,63488370,977238368,True,16
5206,validator_70,57257445192,True,1322235997,149333700,1471569697,True,1
5207,validator_4,320323488042,True,1058493990,106284340,1164778330,True,10
5208,validator_27,127655213984,True,1191429997,105108480,1296538477,True,3
5209,validator_14,180868604119,True,822594001,99879430,922473431,True,5
5210,validator_2,407391733290,True,438500000,12774240,451274240,False,12
5211,validator_9,248432367240,True,611800000,7692930,619492930,False,7
5212,validator_78,49054879930,True,385200000,23554000,408754000,False,1
5213,validator_5,295127993357,True,699679987,80977080,780657067,True,9
5214,validator_13,162553361786,True,804788002,107614000,912402002,True,5
5215,validator_3,362346873360,True,609300000,32301220,641601220,False,11
5216,validator_1,542534166737,True,951880005,135752750,1087632755,True,16
5217,validator_54,49706657693,True,541679997,142999910,684679907,True,1
5218,validator_72,45171709930,True,546600000,43782660,590382660,False,1
5219,validator_2,408134662490,True,665900000,77029200,742929200,False,12
5220,validator_41,107764870650,True,603500000,20758120,624258120,False,3
5221,validator_13,163575718138,True,979120002,43236350,1022356352,True,5
5222,validator_21,137290714430,True,512680000,55485650,568165650,False,4
5223,validator_76,48410198560,True,757900000,18940480,776840480,False,1
5224,validator_4,321177631552,True,740925990,113217520,854143510,True,10
5225,validator_69,50507231703,True,571040007,34786370,605826377,True,1
5226,validator_3,362953407700,True,577000000,29534340,606534340,False,11
5227,validator_0,505767603435,True,1000740004,50878340,1051618344,True,15
5228,validator_4,322224514514,True,964346002,82536960,1046882962,True,10
5229,validator_21,137971001270,True,605800000,74486840,680286840,False,4
5230,validator_21,138768624820,True,758400000,39223550,797623550,False,4
5231,validator_13,164315818957,True,584968009,155132810,740100819,True,5
5232,validator_2,408558855790,True,393900000,30293300,424193300,False,12
5233,validator_12,177507260649,True,862680008,25045920,887725928,True,5
5234,validator_26,121364305470,True,648389993,102352410,750742403,True,3
5235,validator_1,543368680699,True,783915992,50597970,834513962,True,16
5236,validator_13,165184090034,True,817105997,51165080,868271077,True,5
5237,validator_7,318213533539,True,1109059998,93960190,1203020188,True,9
5238,validator_3,363533776230,True,547600000,32768530,580368530,False,11
5239,validator_4,323856818017,True,1506197993,126105510,1632303503,True,10
5240,validator_8,245365601860,True,480500000,33214920,513714920,False,7
5241,validator_60,42740129003,True,1012699996,60648220,1073348216,True,1
5242,validator_42,96788054760,True,458900000,19645170,478545170,False,3
5243,validator_49,53262867791,True,794860006,116784730,911644736,True,1
5244,validator_13,166493763777,True,1240796003,68877740,1309673743,True,5
5245,validator_11,247277828920,True,600000000,23364890,623364890,False,7
5246,validator_24,131794407818,True,917540003,60890040,978430043,True,4
5247,validator_2,409197554780,True,608600000,30098990,638698990,False,12
5248,validator_3,364146833920,True,558300000,54757690,613057690,False,11
5249,validator_38,89252363740,True,583000000,78199690,661199690,False,2
5250,validator_26,122318396635,True,885839995,68251170,954091165,True,3
5251,validator_1,544202012134,True,691394005,141937430,833331435,True,17
5252,validator_27,128480294078,True,779739994,45340100,825080094,True,4
5253,validator_24,133171044472,True,1247479984,129156670,1376636654,True,4
5254,validator_81,45916956600,True,739300000,38752610,778052610,False,1
5255,validator_22,133972575610,True,781600000,37113430,818713430,False,4
5256,validator_31,116665255561,True,929022001,138277920,1067299921,True,3
5257,validator_27,129579559521,True,1044700003,54565440,1099265443,True,4
5258,validator_4,325158158391,True,1230602004,70738370,1301340374,True,10
5259,validator_40,94785729170,True,514400000,36480450,550880450,False,2
5260,validator_0,507080536682,True,1240385997,72547250,1312933247,True,15
5261,validator_37,90154222230,True,598800000,23735180,622535180,False,2
5262,validator_0,508298401037,True,1106899995,110964360,1217864355,True,15
5263,validator_8,246000893890,True,595400000,39892030,635292030,False,7
5264,validator_11,247925051670,True,619800000,27422750,647222750,False,7
5265,validator_17,186790675267,True,1096684003,82163090,1178847093,True,5
5266,validator_0,508998098513,True,599580016,100117460,699697476,True,15
5267,validator_2,409829555810,True,577800000,54201030,632001030,False,12
5268,validator_82,46798455750,True,562000000,50567180,612567180,False,1
5269,validator_6,310051153138,True,1137359998,78738400,1216098398,True,9
5270,validator_6,311289417443,True,1090957995,147306310,1238264305,True,9
5271,validator_20,138209108100,True,819300000,40817370,860117370,False,4
5272,validator_22,134613487020,True,605900000,35011410,640911410,False,4
5273,validator_28,119007886151,True,855380006,124706820,980086826,True,3
5274,validator_9,248946907710,True,498100000,16440470,514540470,False,7
5275,validator_23,147431651710,True,636200000,86825370,723025370,False,4
5276,validator_4,326544382808,True,1284019997,102204420,1386224417,True,10
5277,validator_4,328142937265,True,1525074007,73480450,1598554457,True,10
5278,validator_14,182059724453,True,1034580004,156540330,1191120334,True,5
5279,validator_0,509954670709,True,914699996,41872200,956572196,True,15
5280,validator_87,49042348920,True,665700000,34208540,699908540,False,1
5281,validator_9,249454853580,True,474700000,33245870,507945870,False,7
5282,validator_2,410458894820,True,568400000,60939010,629339010,False,12
5283,validator_8,246678059330,True,623200000,53965440,677165440,False,7
5284,validator_27,130349897430,True,680409989,89927920,770337909,True,4
5285,validator_33,121827291265,True,893879994,69079380,962959374,True,3
5286,validator_10,234313455000,True,599400000,16901510,616301510,False,7
5287,validator_2,411077746080,True,593900000,24951260,618851260,False,12
5288,validator_97,48940204600,True,737400000,13849210,751249210,False,1
5289,validator_55,46972600345,True,695028005,120842100,815870105,True,1
5290,validator_1,545477901695,True,1164746001,111143560,1275889561,True,17
5291,validator_92,43255363470,True,742600000,23000640,765600640,False,1
5292,validator_41,108663356240,True,818800000,79685590,898485590,False,3
5293,validator_21,139290419140,True,490700000,31094320,521794320,False,4
5294,validator_13,167498587899,True,896240002,108584120,1004824122,True,5
5295,validator_7,319044023323,True,706619994,123869790,830489784,True,9
5296,validator_90,51080859060,True,780100000,31542240,811642240,False,1
5297,validator_62,53183597768,True,786940011,50299450,837239461,True,1
5298,validator_0,511240272138,True,1155394009,130207420,1285601429,True,15
5299,validator_5,296151210806,True,904673999,118543450,1023217449,True,9
5300,validator_0,512217401793,True,831819995,145309660,977129655,True,16
5301,validator_64,48236385525,True,1018920003,84589970,1103509973,True,1
5302,validator_5,297476076076,True,1257360000,67505270,1324865270,True,9
5303,validator_65,54502685268,True,959879996,65381160,1025261156,True,1
5304,validator_76,49187965200,True,736200000,41566640,777766640,False,1
5305,validator_7,319947760611,True,777926008,125811280,903737288,True,9
5306,validator_98,40555732430,True,647900000,68426630,716326630,False,1
5307,validator_0,513062720087,True,733122004,112196290,845318294,True,16
5308,validator_0,513909338934,True,758819997,87798850,846618847,True,16
5309,validator_33,122857815648,True,930958003,99566380,1030524383,True,3
5310,validator_90,51779362950,True,658000000,40503890,698503890,False,1
5311,validator_26,123297033763,True,896539998,82097130,978637128,True,3
5312,validator_70,58220088446,True,825633994,137009260,962643254,True,1
5313,validator_1,546722395815,True,1147420010,97074110,1244494120,True,17
5314,validator_68,60396771873,True,800625990,91820690,892446680,True,1
5315,validator_11,248471288220,True,509500000,36736550,546236550,False,7
5316,validator_34,90324929830,True,406600000,74891270,481491270,False,2
5317,validator_3,364605374890,True,439500000,19040970,458540970,False,11
5318,validator_28,120390852055,True,1275103994,107861910,1382965904,True,3
5319,validator_1,547672667834,True,843995999,106276020,950272019,True,17
5320,validator_6,312234734827,True,922687994,22629390,945317384,True,9
5321,validator_16,174868490663,True,877140008,76948890,954088898,True,5
5322,validator_3,365224717780,True,518800000,100542890,619342890,False,11
5323,validator_10,234974755130,True,625000000,36300130,661300130,False,7
5324,validator_7,320947225394,True,876247993,123216790,999464783,True,10
5325,validator_24,134167438733,True,917303991,79090270,996394261,True,4
5326,validator_27,131432795673,True,986946003,95952240,1082898243,True,4
5327,validator_65,55465754615,True,857733997,105335350,963069347,True,1
5328,validator_23,148108289260,True,650600000,26037550,676637550,False,4
5329,validator_14,183146935816,True,994667983,92543380,1087211363,True,5
5330,validator_38,89838350040,True,574900000,11086300,585986300,False,2
5331,validator_4,329202678129,True,956944004,102796860,1059740864,True,10
5332,validator_15,192777651502,True,1228025994,54107530,1282133524,True,6
5333,validator_6,313232665883,True,898883996,99047060,997931056,True,9
5334,validator_26,124130778136,True,717473993,116270380,833744373,True,3
5335,validator_39,95795126210,True,451500000,13050290,464550290,False,2
5336,validator_16,176120427800,True,1127013997,124923140,1251937137,True,5
5337,validator_15,193895846698,True,1026860006,91335190,1118195196,True,6
5338,validator_5,298826087424,True,1209653998,140357350,1350011348,True,9
5339,validator_2,411735009060,True,634400000,22862980,657262980,False,12
5340,validator_19,155845571930,True,816000000,45385660,861385660,False,4
5341,validator_36,98336559920,True,508500000,56825960,565325960,False,3
5342,validator_79,48835214410,True,826100000,28103540,854203540,False,1
5343,validator_19,156694097670,True,746900000,101625740,848525740,False,4
5344,validator_4,330257576978,True,1035999999,18898850,1054898849,True,10
5345,validator_14,184179751646,True,952520000,80295830,1032815830,True,5
5346,validator_2,412436612650,True,644300000,57303590,701603590,False,12
5347,validator_14,185216625578,True,909708002,127165930,1036873932,True,5
5348,validator_1,548937262872,True,1192979988,71615050,1264595038,True,17
5349,validator_18,155570529500,True,622100000,43220710,665320710,False,4
5350,validator_66,63129564100,True,966920004,85544200,1052464204,True,1
5351,validator_77,46052798370,True,555800000,32898730,588698730,False,1
5352,validator_31,117606336046,True,859186005,81894480,941080485,True,3
5353,validator_33,123845166865,True,925220017,62131200,987351217,True,3
5354,validator_1,550067327068,True,1079280006,50784190,1130064196,True,17
5355,validator_22,135169199910,True,513800000,41912890,555712890,False,4
5356,validator_29,121702187177,True,781620001,43102970,824722971,True,3
5357,validator_2,413220942200,True,681500000,102829550,784329550,False,12
5358,validator_12,178565081219,True,1020024000,37796570,1057820570,True,5
5359,validator_10,235747041920,True,720600000,51686790,772286790,False,7
5360,validator_42,97375998470,True,557300000,30643710,587943710,False,3
5361,validator_7,321686073078,True,642800014,96047670,738847684,True,10
5362,validator_69,51518137550,True,868039997,142865850,1010905847,True,1
5363,validator_17,187651447570,True,786859993,73912310,860772303,True,5
5364,validator_49,54146650885,True,786802004,96981090,883783094,True,1
5365,validator_0,514952865210,True,951459996,92066280,1043526276,True,16
5366,validator_3,365829319400,True,558300000,46301620,604601620,False,11
5367,validator_32,117646308104,True,808266000,75007870,883273870,True,3
5368,validator_17,188771916295,True,995784005,124684720,1120468725,True,5
5369,validator_3,366499803740,True,634100000,36384340,670484340,False,11
5370,validator_34,90947543240,True,606000000,16613410,622613410,False,2
5371,validator_82,47392798720,True,577400000,16942970,594342970,False,1
5372,validator_0,516101964003,True,1088384003,60714790,1149098793,True,16
5373,validator_51,61728026637,True,715243995,139711890,854955885,True,1
5374,validator_7,322665749023,True,923000005,56675940,979675945,True,10
5375,validator_39,96414421840,True,566700000,52595630,619295630,False,3
5376,validator_26,125082014038,True,822840002,128395900,951235902,True,3
5377,validator_9,250217790830,True,712900000,50037250,762937250,False,7
5378,validator_21,140105492720,True,779400000,35673580,815073580,False,4
5379,validator_65,56239782958,True,695766013,78262330,774028343,True,1
5380,validator_0,517009316090,True,779620007,127732080,907352087,True,16
5381,validator_19,157330130070,True,606700000,29332400,636032400,False,4
5382,validator_6,314335651451,True,972784008,130201560,1102985568,True,9
5383,validator_6,315416390571,True,1008266000,72473120,1080739120,True,9
5384,validator_0,517951793146,True,846219996,96257060,942477056,True,16
5385,validator_6,316491554245,True,916160014,159003660,1075163674,True,9
5386,validator_37,90593964710,True,400370000,39372480,439742480,False,2
5387,validator_14,186271209387,True,1010820009,43763800,1054583809,True,5
5388,validator_6,317523874432,True,881663997,150656190,1032320187,True,9
5389,validator_0,519007209263,True,965680007,89736110,1055416117,True,16
5390,validator_0,519830511010,True,705691997,117609750,823301747,True,16
5391,validator_40,95476616330,True,624200000,66687160,690887160,False,2
5392,validator_94,47604021440,True,618900000,57346150,676246150,False,1
5393,validator_0,520777616338,True,843572008,103533320,947105328,True,16
5394,validator_1,550975566786,True,774719998,133519720,908239718,True,17
5395,validator_5,299951673577,True,928154003,197432150,1125586153,True,9
5396,validator_7,324181355085,True,1415480002,100126060,1515606062,True,10
5397,validator_59,51642825605,True,861239990,191540200,1052780190,True,1
5398,validator_11,249245078800,True,674900000,98890580,773790580,False,7
5399,validator_43,90015402660,True,427600000,34236300,461836300,False,2
5400,validator_0,522083320398,True,1205774000,99930060,1305704060,True,16
5401,validator_91,46355747610,True,635000000,43684410,678684410,False,1
5402,validator_33,124663639835,True,754924000,63548970,818472970,True,3
5403,validator_9,250790022530,True,493200000,79031700,572231700,False,7
5404,validator_3,367087953820,True,563000000,25150080,588150080,False,11
5405,validator_8,247190369450,True,474770000,37540120,512310120,False,7
5406,validator_10,236481905960,True,727300000,7564040,734864040,False,7
5407,validator_0,522762140928,True,636120000,42700530,678820530,True,16
5408,validator_79,49431424440,True,563000000,33210030,596210030,False,1
5409,validator_0,523600931355,True,786085987,52704440,838790427,True,16
5410,validator_17,189597777541,True,709454006,116407240,825861246,True,5
5411,validator_12,179541116207,True,876753998,99280990,976034988,True,5
5412,validator_21,140759666970,True,608400000,45774250,654174250,False,4
5413,validator_59,52398645738,True,663913993,91906140,755820133,True,1
5414,validator_6,318583709131,True,993000009,66834690,1059834699,True,9
5415,validator_14,187154129856,True,831445989,51474480,882920469,True,5
5416,validator_3,367808616870,True,603800000,116863050,720663050,False,11
5417,validator_46,54636216579,True,870259984,81858600,952118584,True,1
5418,validator_90,52350699570,True,513900000,57436620,571336620,False,1
5419,validator_18,156306009830,True,700200000,35280330,735480330,False,4
5420,validator_8,247746715320,True,511000000,45345870,556345870,False,7
5421,validator_1,552088462244,True,1018266008,94629450,1112895458,True,17
5422,validator_32,118967023665,True,1185517991,135197570,1320715561,True,3
5423,validator_14,187954014683,True,712040007,87844820,799884827,True,5
5424,validator_17,190702553153,True,1028460012,76315600,1104775612,True,5
5425,validator_0,524543661746,True,892700001,50030390,942730391,True,16
5426,validator_3,368483264210,True,645800000,28847340,674647340,False,11
5427,validator_4,331172812871,True,832199993,83035900,915235893,True,10
5428,validator_31,118699639736,True,1014279990,79023700,1093303690,True,3
5429,validator_32,119995822397,True,979906002,48892730,1028798732,True,3
5430,validator_36,99093147360,True,722100000,34487440,756587440,False,3
5431,validator_3,369084230920,True,521300000,79666710,600966710,False,11
5432,validator_2,413888981670,True,643800000,24239470,668039470,False,12
5433,validator_74,44221093680,True,585400000,25953950,611353950,False,1
5434,validator_43,90589717060,True,545900000,28414400,574314400,False,2
5435,validator_3,369836121690,True,691440000,60450770,751890770,False,11
5436,validator_68,61376729006,True,934759993,45197140,979957133,True,1
5437,validator_4,332212893767,True,967287996,72792900,1040080896,True,10
5438,validator_32,121279586092,True,1222120005,61643690,1283763695,True,3
5439,validator_28,121158807037,True,692229992,75724990,767954982,True,3
5440,validator_11,249802771660,True,510100000,47592860,557692860,False,7
5441,validator_67,59631771875,True,879699995,74961830,954661825,True,1
5442,validator_25,122406990663,True,657843995,107429210,765273205,True,3
5443,validator_41,109320943600,True,638600000,18987360,657587360,False,3
5444,validator_39,96876103640,True,444500000,17181800,461681800,False,3
5445,validator_34,91511527850,True,532200000,31784610,563984610,False,2
5446,validator_52,54945148842,True,789754002,53510490,843264492,True,1
5447,validator_24,135381870393,True,1113500010,100931650,1214431660,True,4
5448,validator_33,125434636306,True,696940001,74056470,770996471,True,3
5449,validator_60,43865064739,True,1089323996,35611740,1124935736,True,1
5450,validator_16,177160343684,True,983480014,56435870,1039915884,True,5
5451,validator_16,178208754580,True,961389996,87020900,1048410896,True,5
5452,validator_41,110050865070,True,704900000,25021470,729921470,False,3
5453,validator_80,46282951870,True,628500000,18155570,646655570,False,1
5454,validator_14,189081998970,True,1098719997,29264290,1127984287,True,5
5455,validator_2,414599633410,True,670800000,39851740,710651740,False,12
5456,validator_9,251400225890,True,578800000,31403360,610203360,False,7
5457,validator_19,158079121610,True,701500000,47491540,748991540,False,4
5458,validator_11,250405020730,True,589700000,12549070,602249070,False,7
5459,validator_1,553274922627,True,1049354003,137106380,1186460383,True,17
5460,validator_39,97778788020,True,822200000,80484380,902684380,False,3
5461,validator_3,370551700740,True,652000000,63579050,715579050,False,11
5462,validator_4,333041864703,True,733202006,95768930,828970936,True,10
5463,validator_42,98006469180,True,562560000,67910710,630470710,False,3
5464,validator_57,63807513411,True,1015556005,106452160,1122008165,True,1
5465,validator_14,190249020673,True,1099940003,67081700,1167021703,True,5
5466,validator_0,525459115937,True,832756001,82698190,915454191,True,16
5467,validator_8,248436541600,True,653500000,36326280,689826280,False,7
5468,validator_0,526404512251,True,863676004,81720310,945396314,True,16
5469,validator_16,179300162156,True,1074140006,17267570,1091407576,True,5
5470,validator_85,52968639760,True,718400000,33045400,751445400,False,1
5471,validator_1,554354019666,True,998599999,80497040,1079097039,True,17
5472,validator_0,527294189577,True,842580006,47097320,889677326,True,16
5473,validator_92,43994006670,True,707000000,31643200,738643200,False,1
5474,validator_10,237246110250,True,669300000,94904290,764204290,False,7
5475,validator_8,248904054340,True,425100000,42412740,467512740,False,7
5476,validator_6,319538683188,True,882079997,72894060,954974057,True,9
5477,validator_1,555306628132,True,889400006,63208460,952608466,True,17
5478,validator_9,252015244040,True,582000000,33018150,615018150,False,7
5479,validator_37,91259598180,True,643500000,22133470,665633470,False,2
5480,validator_41,110797286870,True,676100000,70321800,746421800,False,3
5481,validator_5,301388417833,True,1338613996,98130260,1436744256,True,9
5482,validator_10,237752793900,True,466800000,39883650,506683650,False,7
5483,validator_45,58591664437,True,1038583994,64844730,1103428724,True,1
5484,validator_6,320683888502,True,1040060004,105145310,1145205314,True,10
5485,validator_93,47602106710,True,725400000,10778360,736178360,False,1
5486,validator_21,141576299990,True,777800000,38833020,816633020,False,4
5487,validator_10,238299353980,True,476100000,70460080,546560080,False,7
5488,validator_6,321421463023,True,683560011,54014510,737574521,True,10
5489,validator_2,415079839030,True,442700000,37505620,480205620,False,12
5490,validator_99,48158194070,True,563900000,42801880,606701880,False,1
5491,validator_40,96055661820,True,532200000,46845490,579045490,False,3
5492,validator_86,44344262510,True,622100000,42715210,664815210,False,1
5493,validator_2,415693337450,True,561500000,51998420,613498420,False,12
5494,validator_15,194901599572,True,911679994,94072880,1005752874,True,6
5495,validator_41,111316420210,True,467400000,51733340,519133340,False,3
5496,validator_2,416383629760,True,627900000,62392310,690292310,False,13
5497,validator_36,99662783480,True,507700000,61936120,569636120,False,3
5498,validator_25,123820837863,True,1333760000,80087200,1413847200,True,3
5499,validator_10,238890927210,True,556500000,35073230,591573230,False,7
5500,validator_0,528904201425,True,1507080008,102931840,1610011848,True,16
5501,validator_99,48795039560,True,617700000,19145490,636845490,False,1
5502,validator_28,122283569986,True,1042333999,82428950,1124762949,True,3
5503,validator_31,119529226702,True,733660006,95926960,829586966,True,3
5504,validator_33,126965531887,True,1496159991,34735590,1530895581,True,3
5505,validator_11,251041798300,True,590200000,46577570,636777570,False,7
5506,validator_4,334137884558,True,1048739995,47279860,1096019855,True,10
5507,validator_10,239455419270,True,518600000,45892060,564492060,False,7
5508,validator_5,302468893156,True,972391993,108083330,1080475323,True,9
5509,validator_2,417025447000,True,619800000,22017240,641817240,False,13
5510,validator_32,122470203605,True,1123159993,67457520,1190617513,True,3
5511,validator_82,48079509120,True,670200000,16510400,686710400,False,1
5512,validator_2,417648107940,True,591500000,31160940,622660940,False,13
5513,validator_25,124527419914,True,661480001,45102050,706582051,True,3
5514,validator_18,156984032850,True,639500000,38523020,678023020,False,4
5515,validator_8,249526132350,True,589900000,32178010,622078010,False,7
5516,validator_9,252656585430,True,596510000,44831390,641341390,False,7
5517,validator_6,322636775948,True,1090014005,125298920,1215312925,True,10
5518,validator_6,323682981125,True,956290007,89915170,1046205177,True,10
5519,validator_22,135770435940,True,556000000,45236030,601236030,False,4
5520,validator_2,418174420350,True,484300000,42012410,526312410,False,13
5521,validator_3,371117612980,True,546700000,19212240,565912240,False,11
5522,validator_3,371920184280,True,722300000,80271300,802571300,False,11
5523,validator_9,253308027200,True,593900000,57541770,651441770,False,7
5524,validator_45,59225671269,True,571543992,62462840,634006832,True,1
5525,validator_3,372657705060,True,689400000,48120780,737520780,False,11
5526,validator_87,49498368740,True,426600000,29419820,456019820,False,1
5527,validator_3,373171261150,True,503000000,10556090,513556090,False,11
5528,validator_8,250021291280,True,464500000,30658930,495158930,False,7
5529,validator_62,54665823024,True,1405859996,76365260,1482225256,True,1
5530,validator_1,556558003933,True,1178018001,73357800,1251375801,True,17
5531,validator_5,303713172405,True,1096782009,147497240,1244279249,True,9
5532,validator_0,530215071458,True,1231760013,79110020,1310870033,True,16
5533,validator_25,125782770120,True,1194860006,60490200,1255350206,True,3
5534,validator_13,168683817642,True,1157179993,28049750,1185229743,True,5
5535,validator_0,531406278269,True,1079720011,111486800,1191206811,True,16
5536,validator_44,54836023956,True,757574005,94062930,851636935,True,1
5537,validator_27,132380963810,True,850340007,97828130,948168137,True,4
5538,validator_30,122530897170,True,735554003,27276740,762830743,True,3
5539,validator_10,240194546000,True,721500000,17626730,739126730,False,7
5540,validator_11,251681637110,True,585200000,54638810,639838810,False,7
5541,validator_43,91180840960,True,560000000,31123900,591123900,False,2
5542,validator_33,127999021108,True,960843991,72645230,1033489221,True,3
5543,validator_37,91836382950,True,551500000,25284770,576784770,False,2
5544,validator_18,157472835050,True,472100000,16702200,488802200,False,4
5545,validator_40,96684588450,True,583600000,45326630,628926630,False,3
5546,validator_51,63072640526,True,1276579999,68033890,1344613889,True,1
5547,validator_85,53737990220,True,734200000,35150460,769350460,False,1
5548,validator_47,53687892805,True,960696001,137052760,1097748761,True,1
5549,validator_3,373636923260,True,414210000,51452110,465662110,False,11
5550,validator_22,136610990150,True,821600000,18954210,840554210,False,4
5551,validator_10,240749620320,True,516900000,38174320,555074320,False,7
5552,validator_94,48225135630,True,604500000,16614190,621114190,False,1
5553,validator_86,44988114030,True,588800000,55051520,643851520,False,1
5554,validator_85,54437297040,True,665700000,33606820,699306820,False,1
5555,validator_4,335013325844,True,790909996,84531290,875441286,True,10
5556,validator_27,133120698919,True,665040009,74695100,739735109,True,4
5557,validator_56,56130799921,True,964379994,44676330,1009056324,True,1
5558,validator_25,126688436590,True,759680000,145986470,905666470,True,3
5559,validator_17,191462037526,True,575153993,184330380,759484373,True,5
5560,validator_66,64016358266,True,816807996,69986170,886794166,True,2
5561,validator_70,59645781515,True,1369319999,56373070,1425693069,True,1
5562,validator_41,111913205880,True,557700000,39085670,596785670,False,3
5563,validator_50,63023899345,True,813659996,122101250,935761246,True,1
5564,validator_18,158053436380,True,539900000,40701330,580601330,False,4
5565,validator_76,49782218210,True,556100000,38153010,594253010,False,1
5566,validator_37,92572579110,True,683800000,52396160,736196160,False,2
5567,validator_10,241473050490,True,648800000,74630170,723430170,False,7
5568,validator_36,100370209970,True,684000000,23426490,707426490,False,3
5569,validator_0,532930226005,True,1383600006,140347730,1523947736,True,16
5570,validator_16,180387777123,True,1020249987,67364980,1087614967,True,5
5571,validator_15,195774846954,True,786541982,86705400,873247382,True,6
5572,validator_15,196505709802,True,633133998,97728850,730862848,True,6
5573,validator_2,418995442790,True,753400000,67622440,821022440,False,13
5574,validator_0,533966662492,True,915486007,120950480,1036436487,True,16
5575,validator_21,142091455200,True,486300000,28855210,515155210,False,4
5576,validator_4,336001048718,True,903588004,84134870,987722874,True,10
5577,validator_35,92474971290,True,584500000,18750980,603250980,False,2
5578,validator_43,91968481230,True,749300000,38340270,787640270,False,2
5579,validator_11,252234605870,True,514700000,38268760,552968760,False,7
5580,validator_0,534763745490,True,736040008,61042990,797082998,True,16
5581,validator_43,92427061450,True,435500000,23080220,458580220,False,2
5582,validator_54,50860844214,True,1032844001,121342520,1154186521,True,1
5583,validator_92,44764348620,True,706700000,63641950,770341950,False,1
5584,validator_13,169738438192,True,971045990,83574560,1054620550,True,5
5585,validator_7,324925527114,True,673109989,71062040,744172029,True,10
5586,validator_0,535756640515,True,886119995,106775030,992895025,True,16
5587,validator_66,65128653501,True,1068480005,43815230,1112295235,True,2
5588,validator_70,60843228136,True,1028608001,168838620,1197446621,True,1
5589,validator_17,192505976092,True,968440006,75498560,1043938566,True,6
5590,validator_6,324668916883,True,920839998,65095760,985935758,True,10
5591,validator_20,138844363990,True,597200000,38055890,635255890,False,4
5592,validator_60,45381070329,True,1390954000,125051590,1516005590,True,1
5593,validator_85,55120048430,True,644600000,38151390,682751390,False,1
5594,validator_16,181150171933,True,716240000,46154810,762394810,True,5
5595,validator_45,60233054311,True,911480002,95903040,1007383042,True,1
5596,validator_14,191702607172,True,1359199999,94386500,1453586499,True,5
5597,validator_22,137192008920,True,504500000,76518770,581018770,False,4
5598,validator_73,47937287740,True,651000000,9025290,660025290,False,1
5599,validator_0,537081454241,True,1236580006,88233720,1324813726,True,16
5600,validator_56,57072967189,True,909699998,32467270,942167268,True,1
5601,validator_37,93213080540,True,627000000,13501430,640501430,False,2
5602,validator_28,123108090250,True,696428004,128092260,824520264,True,3
5603,validator_3,374228870110,True,570000000,21946850,591946850,False,11
5604,validator_5,305043860337,True,1284640002,46047930,1330687932,True,9
5605,validator_25,127509546570,True,742820000,78289980,821109980,True,3
5606,validator_13,170585099031,True,764893999,81766840,846660839,True,5
5607,validator_2,419623667440,True,594200000,34024650,628224650,False,13
5608,validator_21,142607367190,True,495900000,20011990,515911990,False,4
5609,validator_2,420375141980,True,719300000,32174540,751474540,False,13
5610,validator_1,557630517444,True,972398001,100115510,1072513511,True,17
5611,validator_95,43725544330,True,427600000,19963130,447563130,False,1
5612,validator_40,97294908930,True,582600000,27720480,610320480,False,3
5613,validator_45,61176950201,True,834839990,109055900,943895890,True,1
5614,validator_4,337126887992,True,1026800004,99039270,1125839274,True,10
5615,validator_20,139565562810,True,649800000,71398820,721198820,False,4
5616,validator_11,253090231210,True,824700000,30925340,855625340,False,7
5617,validator_45,62138722124,True,904539993,57231930,961771923,True,1
5618,validator_0,538170874333,True,936440002,152980090,1089420092,True,16
5619,validator_82,48669474240,True,546900000,43065120,589965120,False,1
5620,validator_1,558817651565,True,1117019991,70114130,1187134121,True,17
5621,validator_42,98634338390,True,543000000,84869210,627869210,False,3
5622,validator_33,128738540169,True,691599991,47919070,739519061,True,4
5623,validator_2,421109343530,True,726400000,7801550,734201550,False,13
5624,validator_47,54684966187,True,902660002,94413380,997073382,True,1
5625,validator_15,197528744619,True,882698017,140336800,1023034817,True,6
5626,validator_76,50559111970,True,760900000,15993760,776893760,False,1
5627,validator_14,192776904903,True,963114011,111183720,1074297731,True,6
5628,validator_8,250636711360,True,581950000,33470080,615420080,False,7
5629,validator_85,55671697260,True,538700000,12948830,551648830,False,1
5630,validator_6,325618443151,True,906059998,43466270,949526268,True,10
5631,validator_6,326816098241,True,1104868000,92787090,1197655090,True,10
5632,validator_41,112471180760,True,497600000,60374880,557974880,False,3
5633,validator_92,45739694230,True,906300000,69045610,975345610,False,1
5634,validator_38,90658385730,True,757700000,62335690,820035690,False,2
5635,validator_16,182286996720,True,1018159997,118664790,1136824787,True,5
5636,validator_20,140441935930,True,857200000,19173120,876373120,False,4
5637,validator_7,326077637776,True,1109260002,42850660,1152110662,True,10
5638,validator_16,183443665301,True,1040766001,115902580,1156668581,True,5
5639,validator_5,306024947924,True,882099987,98987600,981087587,True,9
5640,validator_4,338019857956,True,784544004,108425960,892969964,True,10
5641,validator_0,539179019632,True,916080009,92065290,1008145299,True,16
5642,validator_25,128782111923,True,1173459993,99105360,1272565353,True,4
5643,validator_9,254074014470,True,747300000,18687270,765987270,False,7
5644,validator_36,100992920110,True,590600000,32110140,622710140,False,3
5645,validator_25,129771986195,True,925060012,64814260,989874272,True,4
5646,validator_3,375113053370,True,807900000,76283260,884183260,False,11
5647,validator_45,63032747848,True,820279994,73745730,894025724,True,1
5648,validator_4,338972398208,True,855819992,96720260,952540252,True,10
5649,validator_5,307151952004,True,993802000,133202080,1127004080,True,9
5650,validator_13,171554883306,True,896307985,73476290,969784275,True,5
5651,validator_26,126031641022,True,840000004,109626980,949626984,True,3
5652,validator_59,53201600545,True,688710007,114244800,802954807,True,1
5653,validator_9,254627002530,True,533400000,19588060,552988060,False,7
5654,validator_0,540243456546,True,979129994,85306920,1064436914,True,16
5655,validator_0,541382765096,True,1092846010,46462540,1139308550,True,16
5656,validator_20,141154106540,True,676700000,35470610,712170610,False,4
5657,validator_83,45256696410,True,575900000,30716270,606616270,False,1
5658,validator_37,93815506040,True,584200000,18225500,602425500,False,2
5659,validator_39,98353036140,True,537700000,36548120,574248120,False,3
5660,validator_3,375652735900,True,477000000,62682530,539682530,False,11
5661,validator_30,123448410637,True,796600007,120913460,917513467,True,3
5662,validator_16,184542288205,True,1020607994,78014910,1098622904,True,5
5663,validator_17,193396196413,True,819120001,71100320,890220321,True,6
5664,validator_16,185430661382,True,800659997,87713180,888373177,True,5
5665,validator_10,242039348360,True,495000000,71297870,566297870,False,7
5666,validator_41,112978878390,True,473100000,34597630,507697630,False,3
5667,validator_69,52423965160,True,820900000,84927610,905827610,True,1
5668,validator_4,339970904449,True,918777991,79728250,998506241,True,10
5669,validator_18,158752092440,True,668900000,29756060,698656060,False,4
5670,validator_1,560045343071,True,1132420016,95271490,1227691506,True,17
5671,validator_0,542113408329,True,682066003,48577230,730643233,True,16
5672,validator_23,148866399390,True,699000000,59110130,758110130,False,4
5673,validator_25,130958673050,True,1066724005,119962850,1186686855,True,4
5674,validator_3,376351913730,True,609100000,90077830,699177830,False,11
5675,validator_0,543106706173,True,921899994,71397850,993297844,True,16
5676,validator_10,242569774850,True,487700000,42726490,530426490,False,7
5677,validator_22,137761850790,True,528600000,41241870,569841870,False,4
5678,validator_29,122862280653,True,1055879996,104213480,1160093476,True,3
5679,validator_61,59573977452,True,1119552010,83109240,1202661250,True,1
5680,validator_1,560930039339,True,809537998,75158270,884696268,True,17
5681,validator_86,45776678190,True,707100000,81464160,788564160,False,1
5682,validator_13,172440041080,True,846959984,38197790,885157774,True,5
5683,validator_63,62547012549,True,893035995,66761770,959797765,True,1
5684,validator_53,53816776220,True,1163868005,39595510,1203463515,True,1
5685,validator_14,193888551024,True,1055140001,56506120,1111646121,True,6
5686,validator_11,253646039290,True,500800000,55008080,555808080,False,7
5687,validator_21,143197540140,True,524700000,65472950,590172950,False,4
5688,validator_3,376897074220,True,533100000,12060490,545160490,False,11
5689,validator_8,251195666710,True,521000000,37955350,558955350,False,7
5690,validator_7,326864935378,True,713834002,73463600,787297602,True,10
5691,validator_0,544178055547,True,999239994,72109380,1071349374,True,17
5692,validator_1,562234833429,True,1137174000,167620090,1304794090,True,17
5693,validator_85,56310136860,True,626800000,11639600,638439600,False,1
5694,validator_2,421687167940,True,545400000,32424410,577824410,False,13
5695,validator_0,545164752469,True,830346002,156350920,986696922,True,17
5696,validator_1,563102033919,True,818219990,48980500,867200490,True,17
5697,validator_72,45730158010,True,518100000,40348080,558448080,False,1
5698,validator_7,327866561844,True,921390006,80236460,1001626466,True,10
5699,validator_19,158879504160,True,754300000,46082550,800382550,False,4
5700,validator_6,327831017974,True,941307993,73611740,1014919733,True,10
5701,validator_1,564051185697,True,834833998,114317780,949151778,True,17
5702,validator_83,45980620720,True,684700000,39224310,723924310,False,1
5703,validator_20,141620756650,True,448200000,18450110,466650110,False,4
5704,validator_23,149600370130,True,707800000,26170740,733970740,False,4
5705,validator_37,94682999340,True,832800000,34693300,867493300,False,2
5706,validator_7,328589555979,True,657400005,65594130,722994135,True,10
5707,validator_64,49184639900,True,864166005,84088370,948254375,True,1
5708,validator_7,329520550570,True,890179991,40814600,930994591,True,10
5709,validator_9,255209287400,True,540400000,41884870,582284870,False,7
5710,validator_22,138352035880,True,549600000,40585090,590185090,False,4
5711,validator_1,564907284401,True,737019994,119078710,856098704,True,17
5712,validator_4,340909576594,True,876180005,62492140,938672145,True,10
5713,validator_24,136523143305,True,1029540002,111732910,1141272912,True,4
5714,validator_41,113725293590,True,708400000,38015200,746415200,False,3
5715,validator_15,198590213885,True,974939996,86529270,1061469266,True,6
5716,validator_4,342185682714,True,1179739990,96366130,1276106120,True,10
5717,validator_6,329121514133,True,1191899999,98596160,1290496159,True,10
5718,validator_29,123939476026,True,933111993,144083380,1077195373,True,3
5719,validator_3,377680209330,True,768700000,14435110,783135110,False,11
5720,validator_35,93092071730,True,566100000,51000440,617100440,False,2
5721,validator_10,243192141080,True,593000000,29366230,622366230,False,7
5722,validator_26,127024325022,True,881380000,111304000,992684000,True,3
5723,validator_25,131755532797,True,704860007,91999740,796859747,True,4
5724,validator_17,194513742126,True,1034320003,83225710,1117545713,True,6
5725,validator_12,181085374443,True,1435485996,108772240,1544258236,True,5
5726,validator_5,308084435174,True,812446010,120037160,932483170,True,9
5727,validator_14,195010688052,True,992636008,129501020,1122137028,True,6
5728,validator_40,97947612360,True,584300000,68403430,652703430,False,3
5729,validator_80,47100940530,True,774000000,43988660,817988660,False,1
5730,validator_2,422475197520,True,767500000,20529580,788029580,False,13
5731,validator_15,199797770368,True,1077380003,130176480,1207556483,True,6
5732,validator_10,243648383420,True,435200000,21042340,456242340,False,7
5733,validator_18,159355875620,True,535400000,68383180,603783180,False,4
5734,validator_5,309176639430,True,1015314016,76890240,1092204256,True,9
5735,validator_0,546494774720,True,1249646001,80376250,1330022251,True,17
5736,validator_94,49169242040,True,904400000,39706410,944106410,False,1
5737,validator_63,63476984371,True,845112002,84859820,929971822,True,1
5738,validator_9,255705453620,True,453900000,42266220,496166220,False,7
5739,validator_86,46279893080,True,482800000,20414890,503214890,False,1
5740,validator_0,547645628520,True,1041880000,108973800,1150853800,True,17
5741,validator_8,251948568430,True,728400000,24501720,752901720,False,7
5742,validator_79,50093256650,True,629700000,32132210,661832210,False,1
5743,validator_28,124337839889,True,1162026009,67723630,1229749639,True,3
5744,validator_4,343458429467,True,1184745993,88000760,1272746753,True,10
5745,validator_41,114614783020,True,846300000,43189430,889489430,False,3
5746,validator_53,54644800253,True,718304003,109720030,828024033,True,1
5747,validator_6,330344547821,True,1142179988,80853700,1223033688,True,10
5748,validator_27,134046256254,True,865278005,60279330,925557335,True,4
5749,validator_80,47673718490,True,524100000,48677960,572777960,False,1
5750,validator_8,252593587890,True,626300000,18719460,645019460,False,7
5751,validator_2,423029229070,True,500100000,53931550,554031550,False,13
5752,validator_9,256427512790,True,649300000,72759170,722059170,False,8
5753,validator_5,310048562119,True,763025989,108896700,871922689,True,9
5754,validator_7,330516295999,True,963073989,32671440,995745429,True,10
5755,validator_0,548844763020,True,1102480000,96654500,1199134500,True,17
5756,validator_5,311082671542,True,984140003,49969420,1034109423,True,9
5757,validator_19,159460589060,True,539000000,42084900,581084900,False,4
5758,validator_5,312366774698,True,1202835996,81267160,1284103156,True,9
5759,validator_11,254264287990,True,589600000,28648700,618248700,False,7
5760,validator_66,66259481663,True,1037744002,93084160,1130828162,True,2
5761,validator_66,67209067343,True,858059990,91525690,949585680,True,2
5762,validator_62,55881980092,True,1108859998,107297070,1216157068,True,1
5763,validator_93,48080503590,True,434800000,43596880,478396880,False,1
5764,validator_0,549956095264,True,990628004,120704240,1111332244,True,17
5765,validator_0,550976259583,True,811413999,208750320,1020164319,True,17
5766,validator_8,253192660730,True,572800000,26272840,599072840,False,7
5767,validator_68,62524631393,True,957688007,190214380,1147902387,True,1
5768,validator_32,123711593766,True,1094989991,146400170,1241390161,True,3
5769,validator_9,257232637480,True,763100000,42024690,805124690,False,8
5770,validator_18,159843323020,True,469800000,17647400,487447400,False,4
5771,validator_27,134839697364,True,736105990,57335120,793441110,True,4
5772,validator_74,44839304120,True,590400000,27810440,618210440,False,1
5773,validator_28,125575506758,True,1189974009,47692860,1237666869,True,3
5774,validator_0,551946816520,True,899359997,71196940,970556937,True,17
5775,validator_60,46131901882,True,704988003,45843550,750831553,True,1
5776,validator_5,313573198333,True,1011608015,194815620,1206423635,True,9
5777,validator_30,124530912860,True,967296003,115206220,1082502223,True,3
5778,validator_21,143830649900,True,590300000,42809760,633109760,False,4
5779,validator_1,566006340271,True,999575990,99479880,1099055870,True,17
5780,validator_8,253740275440,True,502800000,44814710,547614710,False,7
5781,validator_18,160497470550,True,604500000,49647530,654147530,False,5
5782,validator_9,257894189060,True,642100000,19451580,661551580,False,8
5783,validator_0,552898837262,True,830400012,121620730,952020742,True,17
5784,validator_8,254607263480,True,805400000,61588040,866988040,False,7
5785,validator_13,173597467305,True,1044619995,112806230,1157426225,True,5
5786,validator_6,331172328941,True,738520000,89261120,827781120,True,10
5787,validator_51,64291592769,True,1158199993,60752250,1218952243,True,2
5788,validator_21,144460019090,True,586000000,43369190,629369190,False,4
5789,validator_33,130112072345,True,1282800006,90732170,1373532176,True,4
5790,validator_93,48735596580,True,628300000,26792990,655092990,False,1
5791,validator_1,567125485790,True,1001497989,117647530,1119145519,True,17
5792,validator_10,244148450810,True,480000000,20067390,500067390,False,7
5793,validator_38,91089843560,True,391200000,40257830,431457830,False,2
5794,validator_20,142246944060,True,590100000,36087410,626187410,False,4
5795,validator_2,423684682880,True,630900000,24553810,655453810,False,13
5796,validator_26,128097778000,True,1002398008,71054970,1073452978,True,4
5797,validator_22,138990168500,True,592900000,45232620,638132620,False,4
5798,validator_7,331989648730,True,1318120001,155232730,1473352731,True,10
5799,validator_29,124917681261,True,854184005,124021230,978205235,True,3
5800,validator_17,195122357386,True,558720010,49895250,608615260,True,6
5801,validator_17,195950141257,True,742571991,85211880,827783871,True,6
5802,validator_41,115226578100,True,578600000,33195080,611795080,False,3
5803,validator_14,196293633694,True,1233049992,49895650,1282945642,True,6
5804,validator_5,314571466973,True,941273990,56994650,998268640,True,9
5805,validator_37,95281951730,True,568900000,30052390,598952390,False,2
5806,validator_10,245039890250,True,824900000,66539440,891439440,False,7
5807,validator_26,129361144029,True,1125653999,137712030,1263366029,True,4
5808,validator_51,65241718028,True,842159999,107965260,950125259,True,2
5809,validator_99,49654673540,True,800200000,59433980,859633980,False,1
5810,validator_8,255251140970,True,624200000,19677490,643877490,False,7
5811,validator_8,255863598000,True,557300000,55157030,612457030,False,7
5812,validator_29,126039755793,True,1002707992,119366540,1122074532,True,3
5813,validator_19,160051122750,True,544100000,46433690,590533690,False,5
5814,validator_21,144947905730,True,473300000,14586640,487886640,False,4
5815,validator_3,378334488580,True,617100000,37179250,654279250,False,11
5816,validator_6,332109911586,True,860156005,77426640,937582645,True,10
5817,validator_1,568046387614,True,812499984,108401840,920901824,True,17
5818,validator_14,197576578644,True,1206738000,76206950,1282944950,True,6
5819,validator_14,198601913946,True,967119992,58215310,1025335302,True,6
5820,validator_15,200894633585,True,1001639987,95223230,1096863217,True,6
5821,validator_1,569297387798,True,1123067994,127932190,1251000184,True,17
5822,validator_23,150311173200,True,687600000,23203070,710803070,False,4
5823,validator_14,199869549791,True,1165220015,102415830,1267635845,True,6
5824,validator_40,98778110090,True,784400000,46097730,830497730,False,3
5825,validator_99,50174149470,True,484600000,34875930,519475930,False,1
5826,validator_10,245617557800,True,553900000,23767550,577667550,False,7
5827,validator_6,333054890555,True,829266019,115712950,944978969,True,10
5828,validator_3,379081910760,True,717100000,30322180,747422180,False,11
5829,validator_92,46304126990,True,525600000,38832760,564432760,False,1
5830,validator_5,315301420591,True,670631998,59321620,729953618,True,9
5831,validator_77,46513127580,True,423200000,37129210,460329210,False,1
5832,validator_30,125310621096,True,715079996,64628240,779708236,True,3
5833,validator_8,256474819190,True,559600000,51621190,611221190,False,8
5834,validator_0,553949190942,True,941286010,109067670,1050353680,True,17
5835,validator_1,570571213294,True,1158923996,114901500,1273825496,True,17
5836,validator_24,137268234956,True,641294001,103797650,745091651,True,4
5837,validator_35,93704011670,True,577300000,34639940,611939940,False,2
5838,validator_14,200841871483,True,893260002,79061690,972321692,True,6
5839,validator_25,132683810360,True,870880003,57397560,928277563,True,4
5840,validator_0,554892946622,True,893818000,49937680,943755680,True,17
5841,validator_5,316330218539,True,946766008,82031940,1028797948,True,9
5842,validator_9,258462664010,True,553500000,14974950,568474950,False,8
5843,validator_3,379614093670,True,509500000,22682910,532182910,False,11
5844,validator_17,197116808210,True,989693993,176972960,1166666953,True,6
5845,validator_66,68248099657,True,935899994,103132320,1039032314,True,2
5846,validator_10,246102046380,True,456500000,27988580,484488580,False,7
5847,validator_53,55872613279,True,1179853986,47959040,1227813026,True,1
5848,validator_16,186252283056,True,667673994,153947680,821621674,True,5
5849,validator_15,201801064281,True,817452006,88978690,906430696,True,6
5850,validator_0,555845960792,True,852646010,100368160,953014170,True,17
5851,validator_5,317381034876,True,946255997,104560340,1050816337,True,9
5852,validator_28,126451276458,True,819873990,55895710,875769700,True,3
5853,validator_11,254850546530,True,542500000,43758540,586258540,False,7
5854,validator_33,131124491970,True,884135995,128283630,1012419625,True,4
5855,validator_43,93145186450,True,663300000,54825000,718125000,False,2
5856,validator_0,556909154249,True,1019899997,43293460,1063193457,True,17
5857,validator_23,150974742340,True,645300000,18269140,663569140,False,4
5858,validator_79,50633003640,True,507800000,31946990,539746990,False,1
5859,validator_79,51354812330,True,678400000,43408690,721808690,False,1
5860,validator_1,571516480421,True,889089997,56177130,945267127,True,17
5861,validator_7,332978001168,True,957746008,30606430,988352438,True,10
5862,validator_5,318500588642,True,1051179996,68373770,1119553766,True,9
5863,validator_55,47954396588,True,878579993,103216250,981796243,True,1
5864,validator_29,127264703384,True,1138820001,86127590,1224947591,True,3
5865,validator_24,137989919452,True,578369996,143314500,721684496,True,4
5866,validator_6,334547740229,True,1415214004,77635670,1492849674,True,10
5867,validator_48,48751797569,True,1324680000,102548600,1427228600,True,1
5868,validator_0,558215814596,True,1231879997,74780350,1306660347,True,17
5869,validator_9,258944425930,True,460270000,21491920,481761920,False,8
5870,validator_54,52098781128,True,1199640014,38296900,1237936914,True,1
5871,validator_5,319619991604,True,1062630002,56772960,1119402962,True,9
5872,validator_8,257079293130,True,587900000,16573940,604473940,False,8
5873,validator_26,130285052362,True,843699993,80208340,923908333,True,4
5874,validator_0,559172954041,True,846679985,110459460,957139445,True,17
5875,validator_77,47066778550,True,459500000,94150970,553650970,False,1
5876,validator_39,99220077030,True,851600000,15440890,867040890,False,3
5877,validator_18,161283376450,True,744200000,41705900,785905900,False,5
5878,validator_0,560119921546,True,858479995,88487510,946967505,True,17
5879,validator_3,380223490690,True,573100000,36297020,609397020,False,11
5880,validator_4,344358700882,True,826380005,73891410,900271415,True,10
5881,validator_22,139388525900,True,388200000,10157400,398357400,False,4
5882,validator_85,56795857730,True,459000000,26720870,485720870,False,1
5883,validator_2,424245339090,True,517500000,43156210,560656210,False,13
5884,validator_70,61871948248,True,990499992,38220120,1028720112,True,1
5885,validator_44,55750163516,True,806460000,107679560,914139560,True,1
5886,validator_96,52414862540,True,724000000,52045430,776045430,False,1
5887,validator_69,53343533098,True,770614008,148953930,919567938,True,1
5888,validator_24,138787208951,True,781799999,15489500,797289499,True,4
5889,validator_5,320298316431,True,608048007,70276820,678324827,True,10
5890,validator_9,259435566400,True,434400000,56740470,491140470,False,8
5891,validator_35,94262135530,True,511900000,46223860,558123860,False,2
5892,validator_83,46769555590,True,748900000,40034870,788934870,False,1
5893,validator_30,126359506552,True,953099996,95785460,1048885456,True,3
5894,validator_6,335364818751,True,670634002,146444520,817078522,True,10
5895,validator_14,201751061304,True,813994001,95195820,909189821,True,6
5896,validator_18,161996724410,True,604000000,109347960,713347960,False,5
5897,validator_23,151617248240,True,598700000,43805900,642505900,False,4
5898,validator_3,380888216080,True,640700000,24025390,664725390,False,11
5899,validator_4,345300755647,True,889180005,52874760,942054765,True,10
5900,validator_82,49338017310,True,651100000,17443070,668543070,False,1
5901,validator_7,333571283679,True,438939991,154342520,593282511,True,10
5902,validator_4,346445661487,True,1067340000,77565840,1144905840,True,10
5903,validator_16,187481661424,True,1180695998,48682370,1229378368,True,5
5904,validator_21,145655533150,True,673300000,34327420,707627420,False,4
5905,validator_16,188648135296,True,951178002,215295870,1166473872,True,5
5906,validator_39,100056617900,True,761000000,75540870,836540870,False,3
5907,validator_5,321274033451,True,889628000,86089020,975717020,True,10
5908,validator_24,139715140597,True,857379986,70551660,927931646,True,4
5909,validator_77,47824783690,True,722400000,35605140,758005140,False,1
5910,validator_21,146168650680,True,463300000,49817530,513117530,False,4
5911,validator_23,152062533820,True,416800000,28485580,445285580,False,4
5912,validator_48,49775162663,True,951048004,72317090,1023365094,True,1
5913,validator_40,99387614670,True,568300000,41204580,609504580,False,3
5914,validator_19,160834341220,True,749100000,34118470,783218470,False,5
5915,validator_47,55638642363,True,849448006,104228170,953676176,True,1
5916,validator_8,257787062420,True,675700000,32069290,707769290,False,8
5917,validator_8,258647302500,True,823500000,36740080,860240080,False,8
5918,validator_39,100867931140,True,796500000,14813240,811313240,False,3
5919,validator_75,48882516450,True,588000000,26166470,614166470,False,1
5920,validator_37,96133972870,True,777500000,74521140,852021140,False,3
5921,validator_15,202988724457,True,1149999996,37660180,1187660176,True,6
5922,validator_18,162544334300,True,497500000,50109890,547609890,False,5
5923,validator_52,56037270025,True,998140003,93981180,1092121183,True,1
5924,validator_7,334472072116,True,818600007,82188430,900788437,True,10
5925,validator_19,161491043090,True,622200000,34501870,656701870,False,5
5926,validator_27,136002190716,True,1108934002,53559350,1162493352,True,4
5927,validator_99,50662737570,True,465300000,23288100,488588100,False,1
5928,validator_91,47067223900,True,670480000,40996290,711476290,False,1
5929,validator_24,140900427402,True,1079366005,105920800,1185286805,True,4
5930,validator_3,381525478980,True,615900000,21362900,637262900,False,11
5931,validator_9,260026987130,True,537400000,54020730,591420730,False,8
5932,validator_2,424777263640,True,462000000,69924550,531924550,False,13
5933,validator_23,152664613360,True,577600000,24479540,602079540,False,4
5934,validator_0,560955839842,True,735019986,100898310,835918296,True,17
5935,validator_42,99249335130,True,575800000,39196740,614996740,False,3
5936,validator_2,425267596000,True,437100000,53232360,490332360,False,13
5937,validator_1,572696351884,True,1089820003,90051460,1179871463,True,17
5938,validator_68,63355348132,True,771939989,58776750,830716739,True,1
5939,validator_40,99960363450,True,535200000,37548780,572748780,False,3
5940,validator_57,64494148439,True,607680008,78955020,686635028,True,2
5941,validator_50,64071107311,True,996079996,51127970,1047207966,True,2
5942,validator_38,91963045980,True,794600000,78602420,873202420,False,2
5943,validator_11,255633871140,True,750300000,33024610,783324610,False,7
5944,validator_79,52048651410,True,634100000,59739080,693839080,False,1
5945,validator_18,163147571620,True,578300000,24937320,603237320,False,5
5946,validator_97,49522743810,True,555000000,27539210,582539210,False,1
5947,validator_3,382161326550,True,590500000,45347570,635847570,False,11
5948,validator_16,189660688980,True,938120004,74433680,1012553684,True,5
5949,validator_33,132240683102,True,1005860002,110331130,1116191132,True,4
5950,validator_37,96809225160,True,594400000,80852290,675252290,False,3
5951,validator_6,336058533072,True,628700001,65014320,693714321,True,10
5952,validator_9,260628912620,True,564800000,37125490,601925490,False,8
5953,validator_1,574047593191,True,1187200007,164041300,1351241307,True,17
5954,validator_2,425996952200,True,689900000,39456200,729356200,False,13
5955,validator_16,190499847962,True,827500002,11658980,839158982,True,5
5956,validator_41,115906744730,True,647400000,32766630,680166630,False,3
5957,validator_58,59318593898,True,856283994,43676000,899959994,True,1
5958,validator_0,561869030899,True,817080007,96111050,913191057,True,17
5959,validator_0,562584409496,True,603440007,111938590,715378597,True,17
5960,validator_17,197999048154,True,740466004,141773940,882239944,True,6
5961,validator_2,426661489010,True,634100000,30436810,664536810,False,13
5962,validator_68,64462988942,True,969896000,137744810,1107640810,True,2
5963,validator_9,261249391040,True,608000000,12478420,620478420,False,8
5964,validator_3,382712298990,True,510000000,40972440,550972440,False,11
5965,validator_18,163887239790,True,704600000,35068170,739668170,False,5
5966,validator_8,259108164120,True,451600000,9261620,460861620,False,8
5967,validator_4,347446859832,True,837236005,163962340,1001198345,True,10
5968,validator_1,575049267543,True,929658002,72016350,1001674352,True,17
5969,validator_32,124515755067,True,770620001,33541300,804161301,True,3
5970,validator_25,133778417648,True,1020985998,73621290,1094607288,True,4
5971,validator_20,142855259520,True,588700000,19615460,608315460,False,4
5972,validator_6,337210714587,True,1088178005,64003510,1152181515,True,10
5973,validator_1,576247244067,True,1089953994,108022530,1197976524,True,18
5974,validator_3,383296833610,True,464200000,120334620,584534620,False,11
5975,validator_0,563824307303,True,1150339997,89557810,1239897807,True,17
5976,validator_2,427431803840,True,711000000,59314830,770314830,False,13
5977,validator_1,577216325058,True,873844001,95236990,969080991,True,18
5978,validator_16,191611002263,True,1024569991,86584310,1111154301,True,5
5979,validator_51,66199992037,True,883113999,75160010,958274009,True,2
5980,validator_24,142293390334,True,1286449992,106512940,1392962932,True,4
5981,validator_7,335498211336,True,938718010,87421210,1026139220,True,10
5982,validator_82,50068187890,True,669600000,60570580,730170580,False,1
5983,validator_0,564854684263,True,931860010,98516950,1030376960,True,17
5984,validator_20,143339329250,True,459900000,24169730,484069730,False,4
5985,validator_13,174348840621,True,655280006,96093310,751373316,True,5
5986,validator_37,97373968800,True,505500000,59243640,564743640,False,3
5987,validator_7,336273865576,True,693184000,82470240,775654240,True,10
5988,validator_34,92104429980,True,574800000,18102130,592902130,False,2
5989,validator_22,140157468080,True,743800000,25142180,768942180,False,4
5990,validator_10,246580304080,True,459600000,18657700,478257700,False,7
5991,validator_16,192565661474,True,886503991,68155220,954659211,True,6
5992,validator_2,428036529840,True,574200000,30526000,604726000,False,13
5993,validator_22,140830062850,True,606300000,66294770,672594770,False,4
5994,validator_15,203779345096,True,676459999,114160640,790620639,True,6
5995,validator_18,164606211390,True,654800000,64171600,718971600,False,5
5996,validator_58,60368353065,True,958459987,91299180,1049759167,True,1
5997,validator_14,202757622799,True,915015995,91545500,1006561495,True,6
5998,validator_12,182243992972,True,1140079999,18538530,1158618529,True,5
5999,validator_7,337354551025,True,946269999,134415450,1080685449,True,10
6000,validator_1,578357073188,True,1080659990,60088140,1140748130,True,18
6001,validator_51,67309854022,True,1052900005,56961980,1109861985,True,2
6002,validator_2,428639739030,True,568900000,34309190,603209190,False,13
6003,validator_11,256322548560,True,607300000,81377420,688677420,False,8
6004,validator_18,165246727160,True,606100000,34415770,640515770,False,5
6005,validator_15,204471014324,True,604369998,87299230,691669228,True,6
6006,validator_59,54509548242,True,1237459997,70487700,1307947697,True,1
6007,validator_26,131384674908,True,1061820006,37802540,1099622546,True,4
6008,validator_3,384075261360,True,718100000,60327750,778427750,False,12
6009,validator_71,48197519891,True,996040003,63478950,1059518953,True,1
6010,validator_73,48429268130,True,470100000,21880390,491980390,False,1
6011,validator_6,338161226491,True,843405994,107105910,950511904,True,10
6012,validator_84,42504014980,True,553400000,74015750,627415750,False,1
6013,validator_65,57190105366,True,847480018,102842390,950322408,True,1
6014,validator_17,199291814657,True,1178490003,114276500,1292766503,True,6
6015,validator_1,579268324365,True,769924007,141327170,911251177,True,18
6016,validator_9,261800704760,True,540500000,10813720,551313720,False,8
6017,validator_30,127270571784,True,798394002,112671230,911065232,True,3
6018,validator_38,92477344030,True,503800000,10498050,514298050,False,2
6019,validator_30,128482642686,True,1113019992,99050910,1212070902,True,4
6020,validator_94,50020409130,True,838400000,12767090,851167090,False,1
6021,validator_19,162042468680,True,529500000,21925590,551425590,False,5
6022,validator_71,49738994051,True,1420414010,121060150,1541474160,True,1
6023,validator_1,580563907570,True,1182359995,113223210,1295583205,True,18
6024,validator_25,134486473416,True,626540008,81515760,708055768,True,4
6025,validator_22,141461460680,True,607000000,24397830,631397830,False,4
6026,validator_1,581812484628,True,1139566008,109011050,1248577058,True,18
6027,validator_27,137134532428,True,1059940002,72401710,1132341712,True,4
6028,validator_6,339199477249,True,914689998,123560760,1038250758,True,10
6029,validator_74,45327275560,True,465900000,22071440,487971440,False,1
6030,validator_5,322354962010,True,977119999,103808560,1080928559,True,10
6031,validator_33,132996696553,True,683258001,72755450,756013451,True,4
6032,validator_13,175622441079,True,1178227998,95372460,1273600458,True,5
6033,validator_8,259835403260,True,688200000,39039140,727239140,False,8
6034,validator_1,582730975960,True,859349992,59141340,918491332,True,18
6035,validator_10,247210460960,True,584300000,45856880,630156880,False,7
6036,validator_10,247859030120,True,621700000,26869160,648569160,False,7
6037,validator_21,146721794400,True,541300000,11843720,553143720,False,4
6038,validator_46,55887218802,True,1182620003,68382220,1251002223,True,1
6039,validator_16,193645294305,True,1009618001,70014830,1079632831,True,6
6040,validator_14,203800824600,True,932394001,110807800,1043201801,True,6
6041,validator_14,204922777080,True,1063240000,58712480,1121952480,True,6
6042,validator_43,93933341810,True,758500000,29655360,788155360,False,2
6043,validator_3,384655738950,True,566500000,13977590,580477590,False,12
6044,validator_33,134302972583,True,1249470010,56806020,1306276030,True,4
6045,validator_24,143119268408,True,710579994,115298080,825878074,True,4
6046,validator_2,429412561230,True,713300000,59522200,772822200,False,13
6047,validator_20,144006449890,True,612000000,55120640,667120640,False,4
6048,validator_1,583788350018,True,912109998,145264060,1057374058,True,18
6049,validator_23,153302453680,True,590000000,47840320,637840320,False,4
6050,validator_3,385478450290,True,784000000,38711340,822711340,False,12
6051,validator_18,165673252000,True,393580000,32944840,426524840,False,5
6052,validator_3,386073105080,True,562900000,31754790,594654790,False,12
6053,validator_14,205913680367,True,862649997,128253290,990903287,True,6
6054,validator_73,49154509420,True,664200000,61041290,725241290,False,1
6055,validator_35,95134341440,True,855400000,16805910,872205910,False,2
6056,validator_2,430034164490,True,610800000,10803260,621603260,False,13
6057,validator_0,565510455451,True,589719988,66051200,655771188,True,17
6058,validator_14,206662289788,True,686560001,62049420,748609421,True,6
6059,validator_82,50726231510,True,619300000,38743620,658043620,False,1
6060,validator_0,566423184932,True,869260001,43469480,912729481,True,17
6061,validator_39,101558201150,True,622800000,67470010,690270010,False,3
6062,validator_61,60482133847,True,829315995,78840400,908156395,True,1
6063,validator_7,338503917939,True,1028780004,120586910,1149366914,True,10
6064,validator_13,176355019536,True,670940007,61638450,732578457,True,5
6065,validator_54,52991794203,True,825496005,67517070,893013075,True,1
6066,validator_42,99887920140,True,604700000,33885010,638585010,False,3
6067,validator_25,135831532062,True,1264619996,80438650,1345058646,True,4
6068,validator_52,57114045041,True,927759996,149015020,1076775016,True,1
6069,validator_13,177168043282,True,718278006,94745740,813023746,True,5
6070,validator_2,430611320100,True,512500000,64655610,577155610,False,13
6071,validator_3,386740628170,True,651000000,16523090,667523090,False,12
6072,validator_11,256938385830,True,602600000,13237270,615837270,False,8
6073,validator_3,387240561750,True,487400000,12533580,499933580,False,12
6074,validator_47,56560036902,True,847313999,74080540,921394539,True,1
6075,validator_15,205253244205,True,680760001,101469880,782229881,True,6
6076,validator_29,128381512036,True,1021479992,95328660,1116808652,True,4
6077,validator_2,431342495280,True,695600000,35575180,731175180,False,13
6078,validator_33,135269709661,True,891779998,74957080,966737078,True,4
6079,validator_1,584784849035,True,935719997,60779020,996499017,True,18
6080,validator_11,257637776320,True,654400000,44990490,699390490,False,8
6081,validator_25,136536522846,True,580054004,124936780,704990784,True,4
6082,validator_1,585788553007,True,936319992,67383980,1003703972,True,18
6083,validator_6,340141111564,True,896299995,45334320,941634315,True,10
6084,validator_33,136421722167,True,1026700006,125312500,1152012506,True,4
6085,validator_33,137156685156,True,616199999,118762990,734962989,True,4
6086,validator_14,207595407067,True,815719989,117397290,933117279,True,6
6087,validator_27,138348242764,True,1142799996,70910340,1213710336,True,4
6088,validator_26,132448902924,True,1004108006,60120010,1064228016,True,4
6089,validator_75,49417642380,True,505400000,29725930,535125930,False,1
6090,validator_0,567579913005,True,1066316003,90412070,1156728073,True,17
6091,validator_13,178067745000,True,806447988,93253730,899701718,True,5
6092,validator_10,248546082050,True,652900000,34151930,687051930,False,7
6093,validator_33,138363045287,True,1092760001,113600130,1206360131,True,4
6094,validator_10,248990322260,True,425400000,18840210,444240210,False,7
6095,validator_1,586666121691,True,774902004,102666680,877568684,True,18
6096,validator_54,54209152178,True,1150140005,67217970,1217357975,True,1
6097,validator_18,166222866010,True,525200000,24414010,549614010,False,5
6098,validator_30,129338489905,True,829239999,26607220,855847219,True,4
6099,validator_34,92945514750,True,793700000,47384770,841084770,False,2
6100,validator_31,120640164524,True,1000939992,109997830,1110937822,True,3
6101,validator_51,68206558453,True,882200001,14504430,896704431,True,2
6102,validator_19,162789121240,True,691600000,55052560,746652560,False,5
6103,validator_3,387955313840,True,616700000,98052090,714752090,False,12
6104,validator_19,163458550900,True,590700000,78729660,669429660,False,5
6105,validator_5,323511721661,True,1052382001,104377650,1156759651,True,10
6106,validator_62,56906059461,True,921935999,102143370,1024079369,True,1
6107,validator_9,262812830240,True,964900000,47225480,1012125480,False,8
6108,validator_76,51149278120,True,543400000,46766150,590166150,False,1
6109,validator_1,587728873928,True,924500007,138252230,1062752237,True,18
6110,validator_16,194831054883,True,1130220008,55540570,1185760578,True,6
6111,validator_80,48162351960,True,431100000,57533470,488633470,False,1
6112,validator_11,258280837170,True,579800000,63260850,643060850,False,8
6113,validator_15,206056534664,True,650617989,152672470,803290459,True,6
6114,validator_50,64844763633,True,692190012,81466310,773656322,True,2
6115,validator_0,568199695080,True,524048005,95734070,619782075,True,17
6116,validator_26,133700277170,True,1181439996,69934250,1251374246,True,4
6117,validator_4,348700866667,True,1154736005,99270830,1254006835,True,10
6118,validator_9,263432681540,True,589900000,29951300,619851300,False,8
6119,validator_2,431958539680,True,563800000,52244400,616044400,False,13
6120,validator_46,57003792763,True,1022202001,94371960,1116573961,True,1
6121,validator_6,340766699925,True,539420011,86168350,625588361,True,10
6122,validator_66,68873295975,True,565019998,60176320,625196318,True,2
6123,validator_1,589073472916,True,1286980008,57618980,1344598988,True,18
6124,validator_25,137314441818,True,652379992,125538980,777918972,True,4
6125,validator_22,141925444840,True,435600000,28384160,463984160,False,4
6126,validator_22,142666605810,True,631200000,109960970,741160970,False,4
6127,validator_8,260374638310,True,510700000,28535050,539235050,False,8
6128,validator_17,200261822283,True,890070006,79937620,970007626,True,6
6129,validator_10,249711021860,True,679100000,41599600,720699600,False,7
6130,validator_14,208669782946,True,994899999,79475880,1074375879,True,6
6131,validator_5,324405250563,True,842639992,50888910,893528902,True,10
6132,validator_36,101595146500,True,547700000,54526390,602226390,False,3
6133,validator_1,590355466831,True,1157119995,124873920,1281993915,True,18
6134,validator_6,341731167090,True,887596005,76871160,964467165,True,10
6135,validator_71,50791268748,True,988722007,63552690,1052274697,True,1
6136,validator_3,388609322020,True,625100000,28908180,654008180,False,12
6137,validator_80,48801890690,True,622600000,16938730,639538730,False,1
6138,validator_0,569246318003,True,976619993,70002930,1046622923,True,17
6139,validator_80,49465431350,True,636100000,27440660,663540660,False,1
6140,validator_13,179002113570,True,824250010,110118560,934368570,True,5
6141,validator_37,97905903240,True,506600000,25334440,531934440,False,3
6142,validator_0,570466273619,True,1175925986,44029630,1219955616,True,17
6143,validator_19,164062800500,True,586400000,17849600,604249600,False,5
6144,validator_26,134579354478,True,810877998,68199310,879077308,True,4
6145,validator_19,164685673700,True,607380000,15493200,622873200,False,5
6146,validator_9,264004166900,True,547000000,24485360,571485360,False,8
6147,validator_2,432644901580,True,633700000,52661900,686361900,False,13
6148,validator_12,183312912817,True,965108005,103811840,1068919845,True,5
6149,validator_86,46968299180,True,650600000,37806100,688406100,False,1
6150,validator_7,339201597850,True,658540011,39139900,697679911,True,10
6151,validator_35,95822406630,True,633600000,54465190,688065190,False,2
6152,validator_15,206969828500,True,807360006,105933830,913293836,True,6
6153,validator_4,349489769313,True,699139996,89762650,788902646,True,10
6154,validator_93,49372532830,True,602900000,34036250,636936250,False,1
6155,validator_13,179957498980,True,873210000,82175410,955385410,True,5
6156,validator_7,340305802002,True,1005577992,98626160,1104204152,True,10
6157,validator_0,572010877766,True,1425804007,118800140,1544604147,True,17
6158,validator_16,196084654117,True,1211834004,41765230,1253599234,True,6
6159,validator_18,166888411060,True,617400000,48145050,665545050,False,5
6160,validator_30,130447808671,True,1045500006,63818760,1109318766,True,4
6161,validator_40,100748875070,True,766900000,21611620,788511620,False,3
6162,validator_0,572970673016,True,891592000,68203250,959795250,True,17
6163,validator_16,196875494761,True,722855994,67984650,790840644,True,6
6164,validator_30,131369909682,True,848423991,73677020,922101011,True,4
6165,validator_91,47686535680,True,545600000,73711780,619311780,False,1
6166,validator_67,60442215242,True,739460007,70983360,810443367,True,1
6167,validator_73,49857571040,True,663900000,39161620,703061620,False,1
6168,validator_22,143416905040,True,731000000,19299230,750299230,False,4
6169,validator_40,101411929420,True,618100000,44954350,663054350,False,3
6170,validator_49,55059952945,True,847554010,65748050,913302060,True,1
6171,validator_42,100675608950,True,749800000,37888810,787688810,False,3
6172,validator_9,264613400610,True,588600000,20633710,609233710,False,8
6173,validator_24,144444632593,True,1224129995,101234190,1325364185,True,4
6174,validator_87,50021686010,True,514900000,8417270,523317270,False,1
6175,validator_30,132230782521,True,788699999,72172840,860872839,True,4
6176,validator_19,165223274500,True,508500000,29100800,537600800,False,5
6177,validator_43,94636885750,True,657500000,46043940,703543940,False,2
6178,validator_6,342729833926,True,934700006,63966830,998666836,True,10
6179,validator_24,145531377328,True,1048740005,38004730,1086744735,True,4
6180,validator_1,591648621345,True,1172854004,120300510,1293154514,True,18
6181,validator_27,139355555338,True,917039994,90272580,1007312574,True,4
6182,validator_32,125702320044,True,1136919997,49644980,1186564977,True,3
6183,validator_18,167690382350,True,776900000,25071290,801971290,False,5
6184,validator_7,341343861811,True,975054019,63005790,1038059809,True,10
6185,validator_46,58188163487,True,1100827994,83542730,1184370724,True,1
6186,validator_33,139462353470,True,965960013,133348170,1099308183,True,4
6187,validator_15,208020392638,True,935905998,114658140,1050564138,True,6
6188,validator_33,140737101536,True,1225168006,49580060,1274748066,True,4
6189,validator_3,389157652900,True,510600000,37730880,548330880,False,12
6190,validator_10,250342079430,True,557600000,73457570,631057570,False,7
6191,validator_1,592561319026,True,802212001,110485680,912697681,True,18
6192,validator_16,197887700043,True,940440002,71765280,1012205282,True,6
6193,validator_6,343682318425,True,875200009,77284490,952484499,True,10
6194,validator_60,47542441386,True,1327659994,82879510,1410539504,True,1
6195,validator_6,344763993549,True,1000780014,80895110,1081675124,True,10
6196,validator_19,165948835040,True,685100000,40460540,725560540,False,5
6197,validator_51,68967337995,True,668956002,91823540,760779542,True,2
6198,validator_0,574260573375,True,1192596009,97304350,1289900359,True,17
6199,validator_7,342318899688,True,932759997,42277880,975037877,True,10
6200,validator_5,325226628365,True,712540002,108837800,821377802,True,10
6201,validator_6,345989607719,True,1157880010,67734160,1225614170,True,10
6202,validator_33,142087164198,True,1265680002,84382660,1350062662,True,4
6203,validator_2,433254217410,True,541000000,68315830,609315830,False,13
6204,validator_0,575378118677,True,1005800002,111745300,1117545302,True,17
6205,validator_8,261065135340,True,667200000,23297030,690497030,False,8
6206,validator_1,593558340334,True,911059998,85961310,997021308,True,18
6207,validator_96,53182194270,True,750500000,16831730,767331730,False,1
6208,validator_2,433848008910,True,527400000,66391500,593791500,False,13
6209,validator_4,350614088045,True,1086900002,37418730,1124318732,True,10
6210,validator_35,96454737490,True,578100000,54230860,632330860,False,3
6211,validator_12,184259116386,True,897985999,48217570,946203569,True,5
6212,validator_50,65815603746,True,883149993,87690120,970840113,True,2
6213,validator_10,250976462100,True,603200000,31182670,634382670,False,7
6214,validator_23,153983557090,True,638200000,42903410,681103410,False,4
6215,validator_28,127554696432,True,1032040004,71379970,1103419974,True,3
6216,validator_42,101291496660,True,516200000,99687710,615887710,False,3
6217,validator_59,55354446471,True,790659999,54238230,844898229,True,1
6218,validator_72,46321487050,True,520700000,70629040,591329040,False,1
6219,validator_97,50094978490,True,517300000,54934680,572234680,False,1
6220,validator_14,209731367746,True,936880000,124704800,1061584800,True,6
6221,validator_3,390047302970,True,810600000,79050070,889650070,False,12
6222,validator_15,209471635642,True,1416729994,34513010,1451243004,True,6
6223,validator_37,98462581580,True,541100000,15578340,556678340,False,3
6224,validator_23,154639917710,True,580700000,75660620,656360620,False,4
6225,validator_36,102444335240,True,766900000,82288740,849188740,False,3
6226,validator_11,258981604480,True,664100000,36667310,700767310,False,8
6227,validator_25,138149892999,True,764090011,71361170,835451181,True,4
6228,validator_6,346979407847,True,867339998,122460130,989800128,True,10
6229,validator_7,343282046279,True,875760001,87386590,963146591,True,10
6230,validator_23,155184527130,True,511590000,33019420,544609420,False,4
6231,validator_1,594433139449,True,809839995,64959120,874799115,True,18
6232,validator_42,101994952910,True,638000000,65456250,703456250,False,3
6233,validator_16,198665218476,True,722060003,55458430,777518433,True,6
6234,validator_96,53902325160,True,705500000,14630890,720130890,False,1
6235,validator_22,144095736910,True,618600000,60231870,678831870,False,4
6236,validator_77,48403887470,True,531000000,48103780,579103780,False,1
6237,validator_17,201303347740,True,947085997,94439460,1041525457,True,6
6238,validator_24,146311673751,True,688800003,91496420,780296423,True,4
6239,validator_94,50597762360,True,541400000,35953230,577353230,False,1
6240,validator_6,348105483599,True,1052010002,74065750,1126075752,True,10
6241,validator_25,139171110544,True,981019995,40197550,1021217545,True,4
6242,validator_2,434408819000,True,544900000,15910090,560810090,False,13
6243,validator_6,348915867005,True,720554006,89829400,810383406,True,10
6244,validator_26,135245581903,True,590639995,75587430,666227425,True,4
6245,validator_25,140063518949,True,779579995,112828410,892408405,True,4
6246,validator_73,50463079320,True,585000000,20508280,605508280,False,1
6247,validator_7,344875475868,True,1482809999,110619590,1593429589,True,10
6248,validator_39,102339615420,True,734500000,46914270,781414270,False,3
6249,validator_66,69916635346,True,977379991,65959380,1043339371,True,2
6250,validator_4,351794137821,True,1079839996,100209780,1180049776,True,10
6251,validator_15,210586577951,True,1013677999,101264310,1114942309,True,6
6252,validator_57,65156014364,True,601439995,60425930,661865925,True,2
6253,validator_7,345986144642,True,954960004,155708770,1110668774,True,10
6254,validator_3,390716750260,True,611300000,58147290,669447290,False,12
6255,validator_67,61394043627,True,782139995,169688390,951828385,True,1
6256,validator_15,211585754083,True,914566012,84610120,999176132,True,6
6257,validator_6,350018789143,True,1028979998,73942140,1102922138,True,10
6258,validator_12,185645403380,True,1275600004,110686990,1386286994,True,5
6259,validator_6,350763257805,True,691199992,53268670,744468662,True,10
6260,validator_3,391484822370,True,712500000,55572110,768072110,False,12
6261,validator_0,576667163594,True,1186945997,102098920,1289044917,True,18
6262,validator_1,595428320792,True,894760003,100421340,995181343,True,18
6263,validator_17,202494284668,True,1068937998,121998930,1190936928,True,6
6264,validator_17,203385931673,True,841946005,49701000,891647005,True,6
6265,validator_0,577748253547,True,926519993,154569960,1081089953,True,18
6266,validator_3,392256803390,True,753500000,18481020,771981020,False,12
6267,validator_0,578469300344,True,663857987,57188810,721046797,True,18
6268,validator_0,579548801397,True,1018080003,61421050,1079501053,True,18
6269,validator_57,66233943375,True,985435991,92493020,1077929011,True,2
6270,validator_16,199666424361,True,925474005,75731880,1001205885,True,6
6271,validator_56,58122964822,True,972746003,77251630,1049997633,True,1
6272,validator_4,353120654493,True,1221634002,104882670,1326516672,True,11
6273,validator_1,596589736534,True,1037620002,123795740,1161415742,True,18
6274,validator_18,168271332610,True,550700000,30250260,580950260,False,5
6275,validator_10,251485680630,True,470100000,39118530,509218530,False,7
6276,validator_38,93108975150,True,608000000,23631120,631631120,False,2
6277,validator_57,67126957993,True,808259998,84754620,893014618,True,2
6278,validator_15,212460116090,True,784780007,89582000,874362007,True,6
6279,validator_0,580638223291,True,1024219994,65201900,1089421894,True,18
6280,validator_6,351662338710,True,831106005,67974900,899080905,True,10
6281,validator_21,147382041520,True,643600000,16647120,660247120,False,4
6282,validator_40,102217004030,True,782700000,22374610,805074610,False,3
6283,validator_30,132882575186,True,585840015,65952650,651792665,True,4
6284,validator_33,143607005308,True,1453932000,65909110,1519841110,True,4
6285,validator_2,434977517830,True,555900000,12798830,568698830,False,13
6286,validator_50,66678687348,True,810106002,52977600,863083602,True,2
6287,validator_32,126619688494,True,845040010,72328440,917368450,True,3
6288,validator_97,50854682200,True,744600000,15103710,759703710,False,1
6289,validator_40,102912220280,True,637600000,57616250,695216250,False,3
6290,validator_6,352817336910,True,1033394000,121604200,1154998200,True,11
6291,validator_18,168956279360,True,652900000,32046750,684946750,False,5
6292,validator_0,581700014395,True,984940014,76851090,1061791104,True,18
6293,validator_1,597622730602,True,948400008,84594060,1032994068,True,18
6294,validator_7,346993763339,True,925079997,82538700,1007618697,True,10
6295,validator_9,265198859610,True,558700000,26759000,585459000,False,8
6296,validator_32,127780935691,True,1084103997,77143200,1161247197,True,3
6297,validator_99,51319323140,True,622300000,34285570,656585570,False,1
6298,validator_33,144513119725,True,848160017,57954400,906114417,True,4
6299,validator_66,70656078035,True,693420009,46022680,739442689,True,2
6300,validator_14,210534458014,True,636080008,167010260,803090268,True,6
6301,validator_92,46933855110,True,561400000,68328120,629728120,False,1
6302,validator_40,103703717600,True,740500000,50997320,791497320,False,3
6303,validator_24,147298970224,True,940366003,46930470,987296473,True,4
6304,validator_46,58761194902,True,472174005,100857410,573031415,True,1
6305,validator_8,261623038720,True,525900000,32003380,557903380,False,8
6306,validator_39,103028848940,True,633600000,55633520,689233520,False,3
6307,validator_0,582643616166,True,850010001,93591770,943601771,True,18
6308,validator_22,144814164370,True,640900000,77527460,718427460,False,4
6309,validator_2,435731983280,True,711700000,42765450,754465450,False,13
6310,validator_16,200586099948,True,879240017,40435570,919675587,True,6
6311,validator_7,348264920703,True,1222839994,48317370,1271157364,True,10
6312,validator_18,169755972740,True,754100000,45593380,799693380,False,5
6313,validator_25,140853422348,True,701903999,87999400,789903399,True,4
6314,validator_5,326378601602,True,1057599987,94373250,1151973237,True,10
6315,validator_45,63813973558,True,701579990,79645720,781225710,True,1
6316,validator_7,349329393420,True,989733997,74738720,1064472717,True,10
6317,validator_22,145471067870,True,622300000,34603500,656903500,False,4
6318,validator_3,392817085050,True,534200000,26081660,560281660,False,12
6319,validator_7,350204780699,True,803657999,71729280,875387279,True,10
6320,validator_63,64434057909,True,892307988,64765550,957073538,True,2
6321,validator_8,262289513050,True,625500000,40974330,666474330,False,8
6322,validator_10,252048953390,True,551100000,12172760,563272760,False,7
6323,validator_2,436360647390,True,614900000,13764110,628664110,False,13
6324,validator_26,136122959893,True,801479990,75898000,877377990,True,4
6325,validator_26,137058463974,True,893014001,42490080,935504081,True,4
6326,validator_33,145173047986,True,590500001,69428260,659928261,True,4
6327,validator_2,437016214970,True,591500000,64067580,655567580,False,13
6328,validator_0,583715821563,True,1056699997,15505400,1072205397,True,18
6329,validator_27,139991762241,True,526688003,109518900,636206903,True,4
6330,validator_0,585010802132,True,1150580009,144400560,1294980569,True,18
6331,validator_86,47561706650,True,562300000,31107470,593407470,False,1
6332,validator_19,166537486770,True,564900000,23751730,588651730,False,5
6333,validator_29,129513723365,True,997855999,134355330,1132211329,True,4
6334,validator_12,186523670619,True,795539999,82727240,878267239,True,5
6335,validator_3,393402031650,True,547400000,37546600,584946600,False,12
6336,validator_25,141901421815,True,955250007,92749460,1047999467,True,4
6337,validator_0,585974667769,True,849460007,114405630,963865637,True,18
6338,validator_50,68192872830,True,1437920012,76265470,1514185482,True,2
6339,validator_3,394086329500,True,629500000,54797850,684297850,False,12
6340,validator_23,155690520480,True,482000000,23993350,505993350,False,4
6341,validator_22,145921039270,True,399800000,50171400,449971400,False,4
6342,validator_12,187725409793,True,1050547994,151191180,1201739174,True,5
6343,validator_99,52136658140,True,760200000,57135000,817335000,False,1
6344,validator_12,188909139094,True,1072700001,111029300,1183729301,True,5
6345,validator_41,116823911700,True,889000000,28166970,917166970,False,3
6346,validator_66,71784998637,True,1029874002,99046600,1128920602,True,2
6347,validator_8,262868183810,True,552500000,26170760,578670760,False,8
6348,validator_6,354276834179,True,1368158009,91339260,1459497269,True,11
6349,validator_50,69182233457,True,840700007,148660620,989360627,True,2
6350,validator_32,128783598127,True,938159996,64502440,1002662436,True,4
6351,validator_3,394802803130,True,687600000,28873630,716473630,False,12
6352,validator_21,148041974860,True,638600000,21333340,659933340,False,4
6353,validator_17,204448182702,True,978119999,84131030,1062251029,True,6
6354,validator_82,51352969060,True,597100000,29637550,626737550,False,1
6355,validator_49,55714263018,True,565220003,89090070,654310073,True,1
6356,validator_27,141110671722,True,1024764011,94145470,1118909481,True,4
6357,validator_12,189806975764,True,803390000,94446670,897836670,True,5
6358,validator_24,148530683248,True,1143026004,88687020,1231713024,True,4
6359,validator_30,134228793603,True,1285700007,60518410,1346218417,True,4
6360,validator_4,354368849335,True,1153338002,94856840,1248194842,True,11
6361,validator_74,45958406780,True,604000000,27131220,631131220,False,1
6362,validator_29,130327875251,True,690039986,124111900,814151886,True,4
6363,validator_84,43189445950,True,632500000,52930970,685430970,False,1
6364,validator_6,355246999213,True,927707994,42457040,970165034,True,11
6365,validator_26,138076907564,True,920620010,97823580,1018443590,True,4
6366,validator_15,213260398323,True,754149983,46132250,800282233,True,6
6367,validator_26,139062240068,True,895414004,89918500,985332504,True,4
6368,validator_45,64810984278,True,932609990,64400730,997010720,True,2
6369,validator_18,170333369930,True,559800000,17597190,577397190,False,5
6370,validator_19,167234645360,True,663700000,33458590,697158590,False,5
6371,validator_16,201575413646,True,921193998,68119700,989313698,True,6
6372,validator_18,171049157070,True,691800000,23987140,715787140,False,5
6373,validator_0,586978009073,True,926280004,77061300,1003341304,True,18
6374,validator_3,395388459140,True,528000000,57656010,585656010,False,12
6375,validator_0,587826413143,True,755798000,92606070,848404070,True,18
6376,validator_35,96987606400,True,461140000,71728910,532868910,False,3
6377,validator_71,51509036140,True,673426002,44341390,717767392,True,1
6378,validator_87,50624923220,True,495500000,107737210,603237210,False,1
6379,validator_16,202560423222,True,909163996,75845580,985009576,True,6
6380,validator_17,205419935535,True,859134013,112618820,971752833,True,6
6381,validator_9,265931718750,True,642700000,90159140,732859140,False,8
6382,validator_8,263413712400,True,530200000,15328590,545528590,False,8
6383,validator_5,327438966216,True,982720014,77644600,1060364614,True,10
6384,validator_77,49088922050,True,667900000,17134580,685034580,False,1
6385,validator_97,51541447210,True,670700000,16065010,686765010,False,1
6386,validator_46,59699138216,True,816312014,121631300,937943314,True,1
6387,validator_30,135179871189,True,903900006,47177580,951077586,True,4
6388,validator_11,259540798070,True,514200000,44993590,559193590,False,8
6389,validator_19,167791655090,True,521000000,36009730,557009730,False,5
6390,validator_4,355290603122,True,822570007,99183780,921753787,True,11
6391,validator_33,145957371376,True,727700010,56623380,784323390,True,4
6392,validator_24,149568443449,True,958799991,78960210,1037760201,True,4
6393,validator_0,588703886509,True,831849996,45623370,877473366,True,18
6394,validator_1,598790689196,True,1096585994,71372600,1167958594,True,18
6395,validator_15,214466049432,True,1129319999,76331110,1205651109,True,6
6396,validator_24,150453377755,True,773018006,111916300,884934306,True,4
6397,validator_3,396056054610,True,619500000,48095470,667595470,False,12
6398,validator_9,266512806750,True,539300000,41788000,581088000,False,8
6399,validator_5,328392062189,True,806579993,146515980,953095973,True,10
6400,validator_78,49664254240,True,517600000,91774310,609374310,False,1
6401,validator_16,203654509281,True,977465999,116620060,1094086059,True,6
6402,validator_8,263857485090,True,411800000,31972690,443772690,False,8
6403,validator_9,266958843450,True,417370000,28666700,446036700,False,8
6404,validator_0,589516767301,True,767336002,45544790,812880792,True,18
6405,validator_10,252819778620,True,718400000,52425230,770825230,False,7
6406,validator_6,356328266949,True,961000006,120267730,1081267736,True,11
6407,validator_0,590835614507,True,1247146006,71701200,1318847206,True,18
6408,validator_91,48333736490,True,621100000,26100810,647200810,False,1
6409,validator_32,129469899833,True,610060006,76241700,686301706,True,4
6410,validator_29,131367985683,True,897640002,142470430,1040110432,True,4
6411,validator_6,357569112035,True,1162679996,78165090,1240845086,True,11
6412,validator_19,168393235110,True,587400000,14180020,601580020,False,5
6413,validator_0,591874342266,True,895684009,143043750,1038727759,True,18
6414,validator_0,593183178860,True,1194933994,113902600,1308836594,True,18
6415,validator_9,267667575640,True,687400000,21332190,708732190,False,8
6416,validator_19,169209425330,True,766900000,49290220,816190220,False,5
6417,validator_9,268398349080,True,677200000,53573440,730773440,False,8
6418,validator_27,142003210001,True,769380009,123158270,892538279,True,4
6419,validator_40,104320592220,True,562200000,54674620,616874620,False,3
6420,validator_24,151653135055,True,1088519990,111237310,1199757300,True,4
6421,validator_12,190634257877,True,781854003,45428110,827282113,True,5
6422,validator_3,396789262980,True,690100000,43108370,733208370,False,12
6423,validator_26,140338268423,True,1196226015,79802340,1276028355,True,4
6424,validator_51,70111469432,True,1065967997,78163440,1144131437,True,2
6425,validator_10,253351137400,True,489000000,42358780,531358780,False,7
6426,validator_1,599648267099,True,835200003,22377900,857577903,True,18
6427,validator_30,136001030478,True,747719999,73439290,821159289,True,4
6428,validator_6,358344731196,True,683795991,91823170,775619161,True,11
6429,validator_77,49655375870,True,535400000,31053820,566453820,False,1
6430,validator_16,204586347766,True,838596005,93242480,931838485,True,6
6431,validator_37,99038521990,True,546400000,29540410,575940410,False,3
6432,validator_34,93550768150,True,587300000,17953400,605253400,False,2
6433,validator_13,181157561674,True,1137575984,62486710,1200062694,True,5
6434,validator_8,264494107160,True,577800000,58822070,636622070,False,8
6435,validator_20,144575781220,True,510600000,58731330,569331330,False,4
6436,validator_2,437688887920,True,619800000,52872950,672672950,False,13
6437,validator_1,600800786168,True,1008364009,144155060,1152519069,True,18
6438,validator_87,51140583560,True,449600000,66060340,515660340,False,1
6439,validator_4,356222736730,True,866451988,65681620,932133608,True,11
6440,validator_35,97553313600,True,540300000,25407200,565707200,False,3
6441,validator_83,47338543890,True,532300000,36688300,568988300,False,1
6442,validator_45,65526162240,True,566176002,149001960,715177962,True,2
6443,validator_10,253951296690,True,576800000,23359290,600159290,False,7
6444,validator_15,215609064169,True,944370007,198644730,1143014737,True,6
6445,validator_2,438297337940,True,587800000,20650020,608450020,False,13
6446,validator_39,103676827700,True,592500000,55478760,647978760,False,3
6447,validator_10,254500168400,True,508900000,39971710,548871710,False,7
6448,validator_25,142996740391,True,1012815996,82502580,1095318576,True,4
6449,validator_10,255211178470,True,662500000,48510070,711010070,False,7
6450,validator_22,146551592400,True,609300000,21253130,630553130,False,4
6451,validator_58,61574936866,True,1113146001,93437800,1206583801,True,1
6452,validator_4,357355018949,True,1036997999,95284220,1132282219,True,11
6453,validator_6,359719036907,True,1235816001,138489710,1374305711,True,11
6454,validator_36,103065731340,True,587900000,33496100,621396100,False,3
6455,validator_20,145366742460,True,772100000,18861240,790961240,False,4
6456,validator_10,255745374720,True,457700000,76496250,534196250,False,7
6457,validator_11,260125256430,True,560700000,23758360,584458360,False,8
6458,validator_40,105176143550,True,820100000,35451330,855551330,False,3
6459,validator_8,264955835710,True,426100000,35628550,461728550,False,8
6460,validator_0,594461573433,True,1219480003,58914570,1278394573,True,18
6461,validator_50,70221534715,True,894804018,144497240,1039301258,True,2
6462,validator_1,601872099457,True,998999989,72313300,1071313289,True,18
6463,validator_92,47568770310,True,594800000,40115200,634915200,False,1
6464,validator_7,351284829847,True,994259998,85789150,1080049148,True,10
6465,validator_21,148786083700,True,682300000,61808840,744108840,False,4
6466,validator_15,216867222401,True,1171479992,86678240,1258158232,True,6
6467,validator_16,205266118805,True,595379999,84391040,679771039,True,6
6468,validator_14,211393210209,True,743228005,115524190,858752195,True,6
6469,validator_21,149267184680,True,438200000,42900980,481100980,False,4
6470,validator_0,595810088923,True,1132889990,215625500,1348515490,True,18
6471,validator_10,256157138730,True,379500000,32264010,411764010,False,8
6472,validator_5,329200060314,True,673991995,134006130,807998125,True,10
6473,validator_26,141001942158,True,601021995,62651740,663673735,True,4
6474,validator_14,212152939192,True,602330003,157398980,759728983,True,6
6475,validator_66,72613495200,True,742584003,85912560,828496563,True,2
6476,validator_15,217819649787,True,792964006,159463380,952427386,True,6
6477,validator_14,213075815531,True,843419999,79456340,922876339,True,6
6478,validator_23,156142464930,True,443200000,8744450,451944450,False,4
6479,validator_29,132674706014,True,1194140001,112580330,1306720331,True,4
6480,validator_30,136993436274,True,894603996,97801800,992405796,True,4
6481,validator_21,149925362230,True,606400000,51777550,658177550,False,4
6482,validator_57,67998464917,True,821540004,49966920,871506924,True,2
6483,validator_29,133794002450,True,1004599996,114696440,1119296436,True,4
6484,validator_24,152396200804,True,619219999,123845750,743065749,True,4
6485,validator_16,206344292625,True,981732000,96441820,1078173820,True,6
6486,validator_3,397550926720,True,707000000,54663740,761663740,False,12
6487,validator_69,54377290931,True,974619993,59137840,1033757833,True,1
6488,validator_28,128597181355,True,885265993,157218930,1042484923,True,4
6489,validator_13,182194389911,True,926840007,109988230,1036828237,True,5
6490,validator_16,207162017919,True,743929994,73795300,817725294,True,6
6491,validator_13,183006716674,True,770813993,41512770,812326763,True,5
6492,validator_31,121923777458,True,1157688004,125924930,1283612934,True,3
6493,validator_13,184154897891,True,1091759997,56421220,1148181217,True,5
6494,validator_9,268857770630,True,417200000,42221550,459421550,False,8
6495,validator_5,330016569491,True,690659997,125849180,816509177,True,10
6496,validator_21,150500394290,True,521500000,53532060,575032060,False,4
6497,validator_4,358413496850,True,974000001,84477900,1058477901,True,11
6498,validator_6,360694664473,True,852214006,123413560,975627566,True,11
6499,validator_21,151132902900,True,600700000,31808610,632508610,False,4
6500,validator_27,143203580966,True,1098881995,101488970,1200370965,True,4
6501,validator_1,603124010310,True,1188604003,63306850,1251910853,True,18
6502,validator_1,604214934792,True,1016480002,74444480,1090924482,True,18
6503,validator_45,66558885974,True,934999994,97723740,1032723734,True,2
6504,validator_43,95066929380,True,364910000,65133630,430043630,False,2
6505,validator_6,361903852475,True,1107626002,101562000,1209188002,True,11
6506,validator_9,269441063640,True,542000000,41293010,583293010,False,8
6507,validator_18,171763426410,True,656000000,58269340,714269340,False,5
6508,validator_3,398026977670,True,445600000,30450950,476050950,False,12
6509,validator_12,191415692918,True,677399991,104035050,781435041,True,5
6510,validator_94,51232677470,True,594300000,40615110,634915110,False,1
6511,validator_11,260639346220,True,499700000,14389790,514089790,False,8
6512,validator_0,596584812664,True,685680011,89043730,774723741,True,18
6513,validator_14,214099486566,True,973660005,50011030,1023671035,True,6
6514,validator_5,330771038763,True,647812002,106657270,754469272,True,10
6515,validator_5,331721288163,True,867166000,83083400,950249400,True,10
6516,validator_12,192334505723,True,868819985,49992820,918812805,True,6
6517,validator_15,218671302398,True,734568001,117084610,851652611,True,6
6518,validator_6,362870002945,True,883599990,82550480,966150470,True,11
6519,validator_5,332522046093,True,754308000,46449930,800757930,True,10
6520,validator_45,67619902674,True,938039990,122976710,1061016700,True,2
6521,validator_12,193644005867,True,1250980004,58520140,1309500144,True,6
6522,validator_62,57996684235,True,989573994,101050780,1090624774,True,1
6523,validator_34,94293515220,True,709300000,33447070,742747070,False,2
6524,validator_37,99672385760,True,566600000,67263770,633863770,False,3
6525,validator_7,352151791205,True,772019998,94941360,866961358,True,11
6526,validator_10,256955848410,True,737200000,61509680,798709680,False,8
6527,validator_76,51888706880,True,680900000,58528760,739428760,False,1
6528,validator_1,605157209453,True,905080001,37194660,942274661,True,18
6529,validator_2,439020521590,True,678800000,44383650,723183650,False,13
6530,validator_12,194457936174,True,678571997,135358310,813930307,True,6
6531,validator_15,219635815389,True,882600001,81912990,964512991,True,6
6532,validator_20,146445976860,True,1027100000,52134400,1079234400,False,4
6533,validator_28,129644435133,True,998160008,49093770,1047253778,True,4
6534,validator_3,398867454920,True,779000000,61477250,840477250,False,12
6535,validator_1,606520735130,True,1295380007,68145670,1363525677,True,18
6536,validator_65,58194605360,True,903904014,100595980,1004499994,True,1
6537,validator_4,359399860794,True,849398004,136965940,986363944,True,11
6538,validator_1,607384797495,True,783698005,80364360,864062365,True,18
6539,validator_6,363932673932,True,947360007,115310980,1062670987,True,11
6540,validator_4,360384188159,True,869399985,114927380,984327365,True,11
6541,validator_97,52244777470,True,692100000,11230260,703330260,False,1
6542,validator_2,439763750050,True,705100000,38128460,743228460,False,13
6543,validator_17,206558332034,True,1048093989,90302510,1138396499,True,6
6544,validator_15,220473030686,True,771019997,66195300,837215297,True,6
6545,validator_74,46516139650,True,543100000,14632870,557732870,False,1
6546,validator_7,353266914411,True,958029996,157093210,1115123206,True,11
6547,validator_28,130765610962,True,1011945989,109229840,1121175829,True,4
6548,validator_10,257517940220,True,512500000,49591810,562091810,False,8
6549,validator_33,147308129635,True,1176219999,174538260,1350758259,True,4
6550,validator_8,265602769750,True,620300000,26634040,646934040,False,8
6551,validator_6,365056398032,True,1073759990,49964110,1123724100,True,11
6552,validator_80,50022630270,True,529200000,27998920,557198920,False,1
6553,validator_27,144339219002,True,1104539996,31098040,1135638036,True,4
6554,validator_2,440453694480,True,656700000,33244430,689944430,False,13
6555,validator_30,137971768883,True,872514009,105818600,978332609,True,4
6556,validator_0,597674927611,True,953037997,137076950,1090114947,True,18
6557,validator_72,46976472500,True,646200000,8785450,654985450,False,1
6558,validator_5,333732558033,True,1152520000,57991940,1210511940,True,10
6559,validator_3,399456242930,True,551100000,37688010,588788010,False,12
6560,validator_11,261509155970,True,829300000,40509750,869809750,False,8
6561,validator_1,608392425782,True,924059997,83568290,1007628287,True,19
6562,validator_26,141783649507,True,685979999,95727350,781707349,True,4
6563,validator_17,207634516761,True,996959997,79224730,1076184727,True,6
6564,validator_3,400219914200,True,711400000,52271270,763671270,False,12
6565,validator_85,57316202060,True,496900000,23444330,520344330,False,1
6566,validator_3,400885790020,True,646570000,19305820,665875820,False,12
6567,validator_16,208419789713,True,1177119994,80651800,1257771794,True,6
6568,validator_14,215167594685,True,956518009,111590110,1068108119,True,6
6569,validator_7,354343094154,True,1036160003,40019740,1076179743,True,11
6570,validator_28,131975632636,True,1143353994,66667680,1210021674,True,4
6571,validator_1,609048283662,True,603276010,52581870,655857880,True,19
6572,validator_58,62255144424,True,624559998,55647560,680207558,True,1
6573,validator_18,172308433150,True,487100000,57906740,545006740,False,5
6574,validator_0,598721257540,True,974739999,71589930,1046329929,True,18
6575,validator_16,209754889980,True,1230039997,105060270,1335100267,True,6
6576,validator_18,173030421970,True,696400000,25588820,721988820,False,5
6577,validator_19,169858876610,True,615800000,33651280,649451280,False,5
6578,validator_3,401543350860,True,613900000,43660840,657560840,False,12
6579,validator_9,270160024950,True,694700000,24261310,718961310,False,8
6580,validator_2,441135193410,True,599800000,81698930,681498930,False,13
6581,validator_98,41362695020,True,772200000,34762590,806962590,False,1
6582,validator_76,52564024180,True,629200000,46117300,675317300,False,1
6583,validator_29,134599514937,True,734825997,70686490,805512487,True,4
6584,validator_7,355660703259,True,1247775995,69833110,1317609105,True,11
6585,validator_33,148251776614,True,851257999,92388980,943646979,True,4
6586,validator_6,366432855807,True,1266840005,109617770,1376457775,True,11
6587,validator_9,270582653910,True,410300000,12328960,422628960,False,8
6588,validator_29,135403066070,True,715657993,87893140,803551133,True,4
6589,validator_14,215972833193,True,732880008,72358500,805238508,True,6
6590,validator_14,217032910699,True,967100006,92977500,1060077506,True,6
6591,validator_49,56628569263,True,835998005,78308240,914306245,True,1
6592,validator_0,600064846363,True,1214679993,128908830,1343588823,True,18
6593,validator_0,600716498805,True,594419992,57232450,651652442,True,18
6594,validator_6,367311660678,True,798400001,80404870,878804871,True,11
6595,validator_8,266180359940,True,518600000,58990190,577590190,False,8
6596,validator_27,145627698476,True,1257884004,30595470,1288479474,True,4
6597,validator_6,368494796514,True,1118260006,64875830,1183135836,True,11
6598,validator_13,185001972391,True,743100000,103974500,847074500,True,5
6599,validator_45,68503355996,True,815999992,67453330,883453322,True,2
6600,validator_84,43979098930,True,765200000,24452980,789652980,False,1
6601,validator_5,334403634221,True,584765988,86310200,671076188,True,10
6602,validator_5,335406288523,True,892620002,110034300,1002654302,True,10
6603,validator_1,610309454694,True,1120564012,140607020,1261171032,True,19
6604,validator_6,369820249769,True,1228779995,96673260,1325453255,True,11
6605,validator_4,361253635962,True,765300003,104147800,869447803,True,11
6606,validator_57,69064465099,True,949207992,116792190,1066000182,True,2
6607,validator_13,185832704709,True,740346008,90386310,830732318,True,5
6608,validator_39,104223991260,True,508400000,38763560,547163560,False,3
6609,validator_28,133004485349,True,920640003,108212710,1028852713,True,4
6610,validator_0,602011905436,True,1163920001,131486630,1295406631,True,18
6611,validator_1,611216613227,True,854140003,53018530,907158533,True,19
6612,validator_5,336740473217,True,1275519994,58664700,1334184694,True,10
6613,validator_4,362391958013,True,1026564001,111758050,1138322051,True,11
6614,validator_70,62795839776,True,867213998,56677530,923891528,True,1
6615,validator_15,221636060170,True,1077399994,85629490,1163029484,True,6
6616,validator_61,61825004260,True,1268120003,74750410,1342870413,True,1
6617,validator_73,51274164180,True,781900000,29184860,811084860,False,1
6618,validator_39,104777127150,True,502600000,50535890,553135890,False,3
6619,validator_0,603302298235,True,1203159989,87232810,1290392799,True,18
6620,validator_95,44359840920,True,594000000,40296590,634296590,False,1
6621,validator_93,49950445910,True,545900000,32013080,577913080,False,1
6622,validator_62,58951454434,True,890199999,64570200,954770199,True,1
6623,validator_31,123200001680,True,1125160012,151064210,1276224222,True,3
6624,validator_3,402170824560,True,577300000,50173700,627473700,False,12
6625,validator_54,55222636985,True,983140007,30344800,1013484807,True,1
6626,validator_19,170482661620,True,588000000,35785010,623785010,False,5
6627,validator_15,222692563451,True,1000380001,56123280,1056503281,True,6
6628,validator_1,612268004664,True,1014220007,37171430,1051391437,True,19
6629,validator_1,612988806037,True,657013993,63787380,720801373,True,19
6630,validator_32,130485340183,True,904299990,111140360,1015440350,True,4
6631,validator_24,153541432336,True,1031694002,113537530,1145231532,True,4
6632,validator_43,95742867510,True,638800000,37138130,675938130,False,2
6633,validator_75,50353120140,True,880300000,55177760,935477760,False,1
6634,validator_2,441811634490,True,650200000,26241080,676441080,False,13
6635,validator_5,337858056590,True,974124003,143459370,1117583373,True,10
6636,validator_8,266883871910,True,663000000,40511970,703511970,False,8
6637,validator_23,156716230470,True,527100000,46665540,573765540,False,4
6638,validator_14,218131859097,True,1017379998,81568400,1098948398,True,6
6639,validator_14,219000563542,True,812797995,55906450,868704445,True,6
6640,validator_1,614128464197,True,1097760000,41898160,1139658160,True,19
6641,validator_0,604328309529,True,902984004,123027290,1026011294,True,18
6642,validator_51,71092528110,True,901760008,79298670,981058678,True,2
6643,validator_17,208472237335,True,731656004,106064570,837720574,True,6
6644,validator_21,151826633470,True,659400000,34330570,693730570,False,4
6645,validator_20,147204984790,True,736700000,22307930,759007930,False,4
6646,validator_5,339185091966,True,1235480006,91555370,1327035376,True,10
6647,validator_82,51838089920,True,424890000,60230860,485120860,False,1
6648,validator_7,356411489895,True,716600006,34186630,750786636,True,11
6649,validator_11,262067894490,True,542100000,16638520,558738520,False,8
6650,validator_96,54864062000,True,935900000,25836840,961736840,False,1
6651,validator_22,147090369780,True,500000000,38777380,538777380,False,4
6652,validator_2,442476167630,True,615100000,49433140,664533140,False,13
6653,validator_21,152470890540,True,598300000,45957070,644257070,False,4
6654,validator_3,402890161610,True,695900000,23437050,719337050,False,12
6655,validator_72,47630401990,True,602600000,51329490,653929490,False,1
6656,validator_2,442942201600,True,421800000,44233970,466033970,False,13
6657,validator_10,258218858920,True,657900000,43018700,700918700,False,8
6658,validator_6,370645224806,True,776699997,48275040,824975037,True,11
6659,validator_13,186825994645,True,900784006,92505930,993289936,True,5
6660,validator_7,357715796542,True,1190500007,113806640,1304306647,True,11
6661,validator_32,132102015503,True,1563359990,53315330,1616675320,True,4
6662,validator_1,615196190598,True,992800001,74926400,1067726401,True,19
6663,validator_6,371693220400,True,972139994,75855600,1047995594,True,11
6664,validator_26,142828128160,True,889233993,155244660,1044478653,True,4
6665,validator_4,363520835116,True,1089706003,39171100,1128877103,True,11
6666,validator_32,132786203464,True,609540001,74647960,684187961,True,4
6667,validator_29,136147408065,True,666433995,77908000,744341995,True,4
6668,validator_4,364692179450,True,1058991994,112352340,1171344334,True,11
6669,validator_62,59612798567,True,555112003,106232130,661344133,True,1
6670,validator_20,147789556050,True,543800000,40771260,584571260,False,4
6671,validator_18,173796752680,True,700900000,65430710,766330710,False,5
6672,validator_16,210756814728,True,906260008,95664740,1001924748,True,6
6673,validator_3,403387423860,True,465400000,31862250,497262250,False,12
6674,validator_76,53464413820,True,858200000,42189640,900389640,False,1
6675,validator_81,46630075830,True,667000000,46119230,713119230,False,1
6676,validator_76,53967800500,True,479800000,23586680,503386680,False,1
6677,validator_52,58264035216,True,1080205995,69784180,1149990175,True,1
6678,validator_7,358564180297,True,736960005,111423750,848383755,True,11
6679,validator_5,340039272667,True,791860001,62320700,854180701,True,10
6680,validator_19,171068282450,True,543700000,41920830,585620830,False,5
6681,validator_23,157264507930,True,488100000,60177460,548277460,False,4
6682,validator_3,404104806400,True,695600000,21782540,717382540,False,12
6683,validator_32,134020193303,True,1094944009,139045830,1233989839,True,4
6684,validator_8,267571490820,True,664200000,23418910,687618910,False,8
6685,validator_7,359599184146,True,859175999,175827850,1035003849,True,11
6686,validator_77,50339304000,True,636600000,47328130,683928130,False,1
6687,validator_66,73487148014,True,755919994,117732820,873652814,True,2
6688,validator_29,137353766763,True,1129049998,77308700,1206358698,True,4
6689,validator_32,135006393806,True,882782003,103418500,986200503,True,4
6690,validator_1,615964374459,True,702430001,65753860,768183861,True,19
6691,validator_17,209744536987,True,1209938012,62361640,1272299652,True,6
6692,validator_2,443505603940,True,524600000,38802340,563402340,False,13
6693,validator_2,444062275490,True,535200000,21471550,556671550,False,13
6694,validator_7,360823465582,True,1182400006,41881430,1224281436,True,11
6695,validator_57,70422969532,True,1252593993,105910440,1358504433,True,2
6696,validator_9,271174478330,True,551500000,40324420,591824420,False,8
6697,validator_18,174481244070,True,612800000,71691390,684491390,False,5
6698,validator_10,258902315230,True,640900000,42556310,683456310,False,8
6699,validator_36,103561707330,True,445600000,50375990,495975990,False,3
6700,validator_19,171741062820,True,623500000,49280370,672780370,False,5
6701,validator_12,195267902634,True,683964000,126002460,809966460,True,6
6702,validator_19,172577093180,True,758600000,77430360,836030360,False,5
6703,validator_2,444582307140,True,504500000,15531650,520031650,False,13
6704,validator_25,144245867009,True,1159779998,89346620,1249126618,True,4
6705,validator_33,149541123812,True,1216640018,72707180,1289347198,True,4
6706,validator_4,365839905757,True,1015797997,131928310,1147726307,True,11
6707,validator_45,69649441135,True,1027499999,118585140,1146085139,True,2
6708,validator_95,44920282670,True,540800000,19641750,560441750,False,1
6709,validator_79,52665359410,True,571200000,45508000,616708000,False,1
6710,validator_6,372710805619,True,894599999,122985220,1017585219,True,11
6711,validator_80,50655803110,True,588600000,44572840,633172840,False,1
6712,validator_70,63955023473,True,1119119997,40063700,1159183697,True,1
6713,validator_8,268344449080,True,714400000,58558260,772958260,False,8
6714,validator_3,404672934810,True,535400000,32728410,568128410,False,12
6715,validator_10,259470890300,True,500800000,67775070,568575070,False,8
6716,validator_18,175113023850,True,599500000,32279780,631779780,False,5
6717,validator_9,271678259170,True,455800000,47980840,503780840,False,8
6718,validator_1,616916679775,True,842699996,109605320,952305316,True,19
6719,validator_2,445384783010,True,747600000,54875870,802475870,False,13
6720,validator_9,272397955250,True,689700000,29996080,719696080,False,8
6721,validator_5,341091229294,True,951679997,100276630,1051956627,True,10
6722,validator_8,268956535120,True,576960000,35126040,612086040,False,8
6723,validator_9,273068320000,True,643300000,27064750,670364750,False,8
6724,validator_57,71885974710,True,1346959998,116045180,1463005178,True,2
6725,validator_97,52908486710,True,622100000,41609240,663709240,False,1
6726,validator_0,605441658460,True,988142001,125206930,1113348931,True,18
6727,validator_24,154369379717,True,743413991,84533390,827947381,True,4
6728,validator_36,104344691540,True,743700000,39284210,782984210,False,3
6729,validator_1,617896135840,True,935660015,43796050,979456065,True,19
6730,validator_30,138760460462,True,705159999,83531580,788691579,True,4
6731,validator_81,47372248870,True,657200000,84973040,742173040,False,1
6732,validator_13,187673819356,True,742866001,104958710,847824711,True,5
6733,validator_6,373873225188,True,1059259999,103159570,1162419569,True,11
6734,validator_18,176215234450,True,1057900000,44310600,1102210600,False,5
6735,validator_1,618899967850,True,873465990,130366020,1003832010,True,19
6736,validator_32,136073657812,True,911563996,155700010,1067264006,True,4
6737,validator_12,196367276334,True,1023634000,75739700,1099373700,True,6
6738,validator_13,188957699250,True,1143707994,140171900,1283879894,True,5
6739,validator_83,48012867550,True,613900000,60423660,674323660,False,1
6740,validator_3,405492120680,True,761700000,57485870,819185870,False,12
6741,validator_7,361885426663,True,996654001,65307080,1061961081,True,11
6742,validator_11,262891446030,True,756200000,67351540,823551540,False,8
6743,validator_9,273879365200,True,773700000,37345200,811045200,False,8
6744,validator_57,73002379731,True,1073100001,43305020,1116405021,True,2
6745,validator_33,150730390116,True,1043715984,145550320,1189266304,True,4
6746,validator_11,263569780270,True,597100000,81234240,678334240,False,8
6747,validator_17,210803302534,True,1006371997,52393550,1058765547,True,6
6748,validator_73,51870176960,True,568600000,27412780,596012780,False,1
6749,validator_35,98164032980,True,575700000,35019380,610719380,False,3
6750,validator_8,269789560260,True,795600000,37425140,833025140,False,8
6751,validator_24,155105128318,True,652456001,83292600,735748601,True,4
6752,validator_0,606336791519,True,799133999,95999060,895133059,True,18
6753,validator_9,274465943620,True,572600000,13978420,586578420,False,8
6754,validator_65,59320554108,True,1049079998,76868750,1125948748,True,1
6755,validator_20,148435266110,True,600900000,44810060,645710060,False,4
6756,validator_57,74015353231,True,921280000,91693500,1012973500,True,2
6757,validator_27,146676728069,True,912636003,136393590,1049029593,True,4
6758,validator_0,607247219952,True,808100003,102328430,910428433,True,18
6759,validator_20,149116849580,True,606000000,75583470,681583470,False,4
6760,validator_12,197034301232,True,575639998,91384900,667024898,True,6
6761,validator_9,275167804740,True,668300000,33561120,701861120,False,8
6762,validator_6,374564336504,True,628499996,62611320,691111316,True,11
6763,validator_1,620003735658,True,998587988,105179820,1103767808,True,19
6764,validator_24,156157844125,True,934900007,117815800,1052715807,True,4
6765,validator_1,621099805533,True,1047560005,48509870,1096069875,True,19
6766,validator_31,123988345211,True,737655991,50687540,788343531,True,3
6767,validator_63,65362107885,True,859163996,68885980,928049976,True,2
6768,validator_0,608192157966,True,886119994,58818020,944938014,True,19
6769,validator_0,609220458537,True,927160011,101140560,1028300571,True,19
6770,validator_72,48121719860,True,472800000,18517870,491317870,False,1
6771,validator_11,264225191760,True,628300000,27111490,655411490,False,8
6772,validator_52,59086803331,True,637520005,185248110,822768115,True,1
6773,validator_5,342126401011,True,981584007,53587710,1035171717,True,10
6774,validator_32,137259623587,True,1033113995,152851780,1185965775,True,4
6775,validator_10,260067930460,True,557500000,39540160,597040160,False,8
6776,validator_0,609954037987,True,644160000,89419450,733579450,True,19
6777,validator_58,63233463896,True,854299992,124019480,978319472,True,1
6778,validator_32,138280727146,True,887180019,133923540,1021103559,True,4
6779,validator_15,223494251678,True,739967997,61720230,801688227,True,6
6780,validator_1,622035204071,True,801755998,133642540,935398538,True,19
6781,validator_2,446117019600,True,691300000,40936590,732236590,False,13
6782,validator_2,446779868760,True,623800000,39049160,662849160,False,13
6783,validator_8,270640244010,True,785200000,65483750,850683750,False,8
6784,validator_19,173234497970,True,616600000,40804790,657404790,False,5
6785,validator_40,105935186370,True,682200000,76842820,759042820,False,3
6786,validator_34,94772664650,True,451000000,28149430,479149430,False,2
6787,validator_31,125075474803,True,981663992,105465600,1087129592,True,3
6788,validator_50,71650151346,True,1365507991,63108640,1428616631,True,2
6789,validator_17,211876490173,True,950019999,123167640,1073187639,True,6
6790,validator_44,56910714146,True,1063546000,97004630,1160550630,True,1
6791,validator_33,151628434986,True,793840000,104204870,898044870,True,4
6792,validator_18,176810918670,True,573800000,21884220,595684220,False,5
6793,validator_1,623028999351,True,938100000,55695280,993795280,True,19
6794,validator_7,362520386970,True,575868007,59092300,634960307,True,11
6795,validator_40,106464041930,True,490500000,38355560,528855560,False,3
6796,validator_50,72384719206,True,624819990,109747870,734567860,True,2
6797,validator_37,100235659060,True,530900000,32373300,563273300,False,3
6798,validator_4,366432493730,True,552400003,40187970,592587973,True,11
6799,validator_18,177466669630,True,586800000,68950960,655750960,False,5
6800,validator_4,367472220562,True,869499992,170226840,1039726832,True,11
6801,validator_3,406106362290,True,583800000,30441610,614241610,False,12
6802,validator_12,197985998107,True,870419995,81276880,951696875,True,6
6803,validator_24,157217738868,True,934562003,125332740,1059894743,True,4
6804,validator_0,611307819337,True,1247000000,106781350,1353781350,True,19
6805,validator_78,50301505030,True,567300000,69950790,637250790,False,1
6806,validator_97,53537075020,True,604300000,24288310,628588310,False,1
6807,validator_11,264948331230,True,656000000,67139470,723139470,False,8
6808,validator_8,271164462340,True,497900000,26318330,524218330,False,8
6809,validator_26,143728470976,True,814302006,86040810,900342816,True,4
6810,validator_2,447515696980,True,691300000,44528220,735828220,False,13
6811,validator_11,265653291890,True,680070000,24890660,704960660,False,8
6812,validator_4,368288136730,True,789079998,26836170,815916168,True,11
6813,validator_32,139262784404,True,788617998,193439260,982057258,True,4
6814,validator_48,50764288961,True,846680008,142446290,989126298,True,1
6815,validator_57,75149700199,True,1010429988,123916980,1134346968,True,2
6816,validator_0,612710632299,True,1283319992,119492970,1402812962,True,19
6817,validator_37,101006210390,True,730600000,39951330,770551330,False,3
6818,validator_1,624070620670,True,997483989,44137330,1041621319,True,19
6819,validator_30,139722603702,True,898819990,63323250,962143240,True,4
6820,validator_15,224579709668,True,971750000,113707990,1085457990,True,7
6821,validator_95,45515816010,True,542700000,52833340,595533340,False,1
6822,validator_15,225610343082,True,926019994,104613420,1030633414,True,7
6823,validator_50,73386055808,True,916623992,84712610,1001336602,True,2
6824,validator_8,271896666730,True,683000000,49204390,732204390,False,8
6825,validator_3,406791391690,True,662000000,23029400,685029400,False,12
6826,validator_6,375674799897,True,994442003,116021390,1110463393,True,11
6827,validator_26,145030071278,True,1175639992,125960310,1301600302,True,4
6828,validator_32,140132721368,True,792557994,77378970,869936964,True,4
6829,validator_14,219801576760,True,667033998,133979220,801013218,True,6
6830,validator_28,133936795363,True,841459994,90850020,932310014,True,4
6831,validator_16,211814921556,True,1005597998,52508830,1058106828,True,6
6832,validator_11,266311400210,True,617500000,40608320,658108320,False,8
6833,validator_25,145213362074,True,869788005,97707060,967495065,True,4
6834,validator_43,96323648650,True,537300000,43481140,580781140,False,3
6835,validator_11,267265045280,True,892300000,61345070,953645070,False,8
6836,validator_75,50768403080,True,359400000,55882940,415282940,False,1
6837,validator_18,178243586600,True,708500000,68416970,776916970,False,5
6838,validator_53,57122807887,True,1178577998,71616610,1250194608,True,1
6839,validator_27,147624338476,True,819050007,128560400,947610407,True,4
6840,validator_32,141044757726,True,853819998,58216360,912036358,True,4
6841,validator_0,613530274415,True,702546006,117096110,819642116,True,19
6842,validator_32,142013772218,True,943019992,25994500,969014492,True,4
6843,validator_29,138654183730,True,1212185997,88230970,1300416967,True,4
6844,validator_1,625230810798,True,1015702008,144488120,1160190128,True,19
6845,validator_14,220750556610,True,814700010,134279840,948979850,True,6
6846,validator_1,626318787768,True,1004039990,83936980,1087976970,True,19
6847,validator_3,407590793360,True,737800000,61601670,799401670,False,12
6848,validator_19,173943901320,True,695000000,14403350,709403350,False,5
6849,validator_8,272799759000,True,860300000,42792270,903092270,False,8
6850,validator_3,408176954020,True,525100000,61060660,586160660,False,12
6851,validator_78,50864524340,True,539900000,23119310,563019310,False,1
6852,validator_81,47916598570,True,455400000,88949700,544349700,False,1
6853,validator_86,48228929690,True,623300000,43923040,667223040,False,1
6854,validator_3,408736027370,True,515400000,43673350,559073350,False,12
6855,validator_63,66356061535,True,938506010,55447640,993953650,True,2
6856,validator_7,363510245100,True,885298000,104560130,989858130,True,11
6857,validator_6,376535467584,True,748519987,112147700,860667687,True,11
6858,validator_1,627291018761,True,944095993,28135000,972230993,True,19
6859,validator_19,174608001200,True,624100000,39999880,664099880,False,5
6860,validator_1,628255699854,True,874400003,90281090,964681093,True,19
6861,validator_31,126045211683,True,805652010,164084870,969736880,True,3
6862,validator_13,189909911855,True,887479995,64732610,952212605,True,5
6863,validator_9,275911295440,True,709800000,33690700,743490700,False,8
6864,validator_8,273461876120,True,633200000,28917120,662117120,False,8
6865,validator_1,629840700418,True,1473720014,111280550,1585000564,True,19
6866,validator_26,146084407345,True,956391997,97944070,1054336067,True,4
6867,validator_32,143027184466,True,970379988,43032260,1013412248,True,4
6868,validator_29,139532655680,True,769807990,108663960,878471950,True,4
6869,validator_9,276718663450,True,752900000,54468010,807368010,False,8
6870,validator_72,48738188180,True,574700000,41768320,616468320,False,1
6871,validator_68,65399468671,True,809029999,127449730,936479729,True,2
6872,validator_50,74396158893,True,938619995,71483090,1010103085,True,2
6873,validator_86,48808477780,True,566300000,13248090,579548090,False,1
6874,validator_8,273998192830,True,520000000,16316710,536316710,False,8
6875,validator_28,134673453476,True,657825993,78832120,736658113,True,4
6876,validator_84,44764378370,True,725100000,60179440,785279440,False,1
6877,validator_13,190766892701,True,766301996,90678850,856980846,True,5
6878,validator_50,75408448182,True,955177999,57111290,1012289289,True,2
6879,validator_0,614748362479,True,1128860004,89228060,1218088064,True,19
6880,validator_11,267995428170,True,688600000,41782890,730382890,False,8
6881,validator_12,199029357901,True,1000699994,42659800,1043359794,True,6
6882,validator_58,64228542755,True,895060009,100018850,995078859,True,2
6883,validator_8,274401137120,True,381400000,21544290,402944290,False,8
6884,validator_20,149843000660,True,699800000,26351080,726151080,False,4
6885,validator_44,58077839332,True,1031394006,135731180,1167125186,True,1
6886,validator_11,268712033660,True,682800000,33805490,716605490,False,8
6887,validator_41,117625901340,True,749000000,52989640,801989640,False,3
6888,validator_0,615837976779,True,999250010,90364290,1089614300,True,19
6889,validator_10,260617661910,True,516830000,32901450,549731450,False,8
6890,validator_40,107128079770,True,646300000,17737840,664037840,False,3
6891,validator_63,67534500546,True,1099720001,78719010,1178439011,True,2
6892,validator_6,377132460947,True,463958003,133035360,596993363,True,11
6893,validator_1,630763060352,True,847920004,74439930,922359934,True,19
6894,validator_87,51817928410,True,666900000,10444850,677344850,False,1
6895,validator_2,448030407840,True,490400000,24310860,514710860,False,14
6896,validator_1,632334205591,True,1461849989,109295250,1571145239,True,19
6897,validator_1,633516053337,True,1091355996,90491750,1181847746,True,19
6898,validator_1,634478279845,True,902559998,59666510,962226508,True,19
6899,validator_65,60262194929,True,800526001,141114820,941640821,True,1
6900,validator_29,140344201119,True,692596009,118949430,811545439,True,4
6901,validator_16,212584772977,True,698003991,71847430,769851421,True,6
6902,validator_1,635451861411,True,833375996,140205570,973581566,True,19
6903,validator_42,102570830470,True,540200000,35677560,575877560,False,3
6904,validator_29,141200207705,True,765619996,90386590,856006586,True,4
6905,validator_35,98708064830,True,508100000,35931850,544031850,False,3
6906,validator_46,60957175261,True,1158993995,99043050,1258037045,True,1
6907,validator_12,200012206737,True,935620006,47228830,982848836,True,6
6908,validator_3,409208846660,True,462000000,10819290,472819290,False,12
6909,validator_29,142331753266,True,1003998011,127547550,1131545561,True,4
6910,validator_32,144542145257,True,1429620001,85340790,1514960791,True,4
6911,validator_7,364111625923,True,473620003,127760820,601380823,True,11
6912,validator_1,636848040361,True,1339280010,56898940,1396178950,True,19
6913,validator_7,365241049723,True,970470000,158953800,1129423800,True,11
6914,validator_83,48529430810,True,476480000,40083260,516563260,False,1
6915,validator_2,448718968500,True,652200000,36360660,688560660,False,14
6916,validator_34,95445644840,True,630700000,42280190,672980190,False,2
6917,validator_57,76152374848,True,894668009,108006640,1002674649,True,2
6918,validator_5,343229059270,True,987709989,114948270,1102658259,True,10
6919,validator_10,261369513390,True,733600000,18251480,751851480,False,8
6920,validator_58,65410976295,True,1095184010,87249530,1182433540,True,2
6921,validator_42,103258314520,True,612200000,75284050,687484050,False,3
6922,validator_4,369297904557,True,836223997,173543830,1009767827,True,11
6923,validator_30,140883898206,True,1099620004,61674500,1161294504,True,4
6924,validator_59,56275501745,True,797000004,124055270,921055274,True,1
6925,validator_71,52606403798,True,1039194008,58173650,1097367658,True,1
6926,validator_6,378518082298,True,1290604001,95017350,1385621351,True,11
6927,validator_6,379854026976,True,1258744008,77200670,1335944678,True,11
6928,validator_85,58024339060,True,693100000,15037000,708137000,False,1
6929,validator_1,637812833763,True,861154002,103639400,964793402,True,19
6930,validator_0,616670143064,True,760779995,71386290,832166285,True,19
6931,validator_3,409910513250,True,607400000,94266590,701666590,False,12
6932,validator_2,449190766070,True,454200000,17597570,471797570,False,14
6933,validator_7,366093872962,True,792677989,60145250,852823239,True,11
6934,validator_0,617551275791,True,726179997,154952730,881132727,True,19
6935,validator_9,277311714590,True,559700000,33351140,593051140,False,8
6936,validator_6,380740728274,True,787359998,99341300,886701298,True,11
6937,validator_3,410437901710,True,470400000,56988460,527388460,False,12
6938,validator_6,381902408672,True,1034634008,127046390,1161680398,True,11
6939,validator_7,367264357449,True,1040159997,130324490,1170484487,True,11
6940,validator_13,191818362853,True,980140012,71330140,1051470152,True,5
6941,validator_43,96974317810,True,603600000,47069160,650669160,False,3
6942,validator_15,226721563132,True,1036186000,75034050,1111220050,True,7
6943,validator_37,101585326260,True,565500000,13615870,579115870,False,3
6944,validator_88,44673129010,True,761900000,18497690,780397690,False,1
6945,validator_1,638861456118,True,952707995,95914360,1048622355,True,19
6946,validator_49,57140870589,True,439537996,72763330,512301326,True,1
6947,validator_5,344243719788,True,955679998,58980520,1014660518,True,10
6948,validator_45,71085219345,True,1321280000,114498210,1435778210,True,2
6949,validator_32,145238523373,True,601529996,94848120,696378116,True,4
6950,validator_2,449936093390,True,712200000,33127320,745327320,False,14
6951,validator_70,65077736983,True,1018617990,104095520,1122713510,True,2
6952,validator_73,52430115740,True,545000000,14938780,559938780,False,1
6953,validator_24,158153853054,True,849687996,86426190,936114186,True,4
6954,validator_21,153103121980,True,583300000,48931440,632231440,False,4
6955,validator_72,49500156470,True,732900000,29068290,761968290,False,1
6956,validator_6,383214770551,True,1266621999,45739880,1312361879,True,11
6957,validator_22,147834885260,True,697900000,46615480,744515480,False,4
6958,validator_1,640048401735,True,1126360007,60585610,1186945617,True,20
6959,validator_16,213438885516,True,770265989,83846550,854112539,True,6
6960,validator_33,152712328179,True,971794003,112099190,1083893193,True,4
6961,validator_22,148219276500,True,365870000,18521240,384391240,False,4
6962,validator_33,153692488730,True,890652001,89508550,980160551,True,4
6963,validator_17,212855692559,True,883273996,95928390,979202386,True,6
6964,validator_91,49012088670,True,635400000,42952180,678352180,False,1
6965,validator_22,148767070510,True,479350000,68444010,547794010,False,4
6966,validator_57,77337194259,True,1096200011,88619400,1184819411,True,2
6967,validator_46,61950802873,True,872645992,120981620,993627612,True,1
6968,validator_74,47104660610,True,543300000,45220960,588520960,False,1
6969,validator_13,192865482895,True,945640002,101480040,1047120042,True,6
6970,validator_11,269283540630,True,509600000,61906970,571506970,False,8
6971,validator_39,105482501890,True,685000000,20374740,705374740,False,3
6972,validator_70,66137168110,True,969259997,90171130,1059431127,True,2
6973,validator_3,411064348160,True,586400000,40046450,626446450,False,12
6974,validator_2,450490107260,True,514600000,39413870,554013870,False,14
6975,validator_29,143571895723,True,1149745997,90396460,1240142457,True,4
6976,validator_14,222156951927,True,1348839997,57555320,1406395317,True,6
6977,validator_21,153708913390,True,584370000,21421410,605791410,False,4
6978,validator_91,49717778820,True,677200000,28490150,705690150,False,1
6979,validator_40,107819984900,True,610800000,81105130,691905130,False,3
6980,validator_15,227919131261,True,1078503999,119064130,1197568129,True,7
6981,validator_8,275031095410,True,585400000,44558290,629958290,False,8
6982,validator_69,55384039718,True,852839997,153908790,1006748787,True,1
6983,validator_40,108528851960,True,659600000,49267060,708867060,False,3
6984,validator_7,368087926660,True,709002011,114567200,823569211,True,11
6985,validator_24,158973707109,True,697680005,122174050,819854055,True,4
6986,validator_3,411620608930,True,490300000,65960770,556260770,False,12
6987,validator_12,200804788682,True,712275995,80305950,792581945,True,6
6988,validator_9,278005697200,True,639500000,54482610,693982610,False,8
6989,validator_8,275809942080,True,751500000,27346670,778846670,False,8
6990,validator_57,78318010280,True,917340001,63476020,980816021,True,2
6991,validator_85,58632090250,True,568400000,39351190,607751190,False,1
6992,validator_69,56095593127,True,684390009,27163400,711553409,True,1
6993,validator_51,72212514558,True,1052380008,67606440,1119986448,True,2
6994,validator_16,214925696669,True,1348240003,138571150,1486811153,True,6
6995,validator_4,369997619866,True,570539999,129175310,699715309,True,11
6996,validator_1,641341160629,True,1214053984,78704910,1292758894,True,20
6997,validator_1,642459792618,True,1011707999,106923990,1118631989,True,20
6998,validator_14,223267908971,True,968846004,142111040,1110957044,True,6
6999,validator_9,278569599900,True,500900000,63002700,563902700,False,8
7000,validator_7,368915390539,True,750925989,76537890,827463879,True,11
7001,validator_92,48188376060,True,543100000,76505750,619605750,False,1
7002,validator_0,618513364258,True,837100007,124988460,962088467,True,19
7003,validator_21,154366275470,True,563100000,94262080,657362080,False,4
7004,validator_8,276392024750,True,519400000,62682670,582082670,False,8
7005,validator_6,384168831177,True,875836006,78224620,954060626,True,12
7006,validator_13,193846882085,True,928240000,53159190,981399190,True,6
7007,validator_14,224410864743,True,1064468002,78487770,1142955772,True,7
7008,validator_20,150369724080,True,508800000,17923420,526723420,False,4
7009,validator_36,104732908020,True,370600000,17616480,388216480,False,3
7010,validator_10,261918532360,True,535500000,13518970,549018970,False,8
7011,validator_2,451232318680,True,661800000,80411420,742211420,False,14
7012,validator_8,277011072340,True,608800000,10247590,619047590,False,8
7013,validator_3,412374025180,True,702100000,51316250,753416250,False,12
7014,validator_12,201535761549,True,599258007,131714860,730972867,True,6
7015,validator_0,619583720282,True,960840004,109516020,1070356024,True,19
7016,validator_79,53242366510,True,548400000,28607100,577007100,False,1
7017,validator_3,413327303640,True,892200000,61078460,953278460,False,12
7018,validator_27,148501931181,True,845173995,32418710,877592705,True,4
7019,validator_0,620503896050,True,839447998,80727770,920175768,True,19
7020,validator_37,102276913250,True,651400000,40186990,691586990,False,3
7021,validator_66,74732995087,True,1153939993,91907080,1245847073,True,2
7022,validator_19,175138436340,True,505500000,24935140,530435140,False,5
7023,validator_9,279284014810,True,689900000,24514910,714414910,False,8
7024,validator_32,146251965669,True,881149996,132292300,1013442296,True,4
7025,validator_81,48633905610,True,673700000,43607040,717307040,False,1
7026,validator_15,229008127479,True,999413998,89582220,1088996218,True,7
7027,validator_16,216131868121,True,1150425992,55745460,1206171452,True,6
7028,validator_12,202917093086,True,1273519997,107811540,1381331537,True,6
7029,validator_6,385321142432,True,992067995,160243260,1152311255,True,12
7030,validator_8,277587713640,True,553200000,23441300,576641300,False,8
7031,validator_10,262700118560,True,766800000,14786200,781586200,False,8
7032,validator_41,118236582380,True,597400000,13281040,610681040,False,3
7033,validator_10,263346218370,True,621000000,25099810,646099810,False,8
7034,validator_4,371105395943,True,1037620007,70156070,1107776077,True,11
7035,validator_31,127111160729,True,964559996,101389050,1065949046,True,3
7036,validator_31,127843034089,True,637044000,94829360,731873360,True,3
7037,validator_3,413885315030,True,514800000,43211390,558011390,False,12
7038,validator_2,451772102810,True,485900000,53884130,539784130,False,14
7039,validator_32,147391607267,True,1091485998,48155600,1139641598,True,4
7040,validator_64,50327512780,True,1022640000,120232880,1142872880,True,1
7041,validator_85,59092979970,True,390000000,70889720,460889720,False,1
7042,validator_39,106235604030,True,712400000,40702140,753102140,False,3
7043,validator_41,118782079100,True,488300000,57196720,545496720,False,3
7044,validator_20,150933576540,True,511500000,52352460,563852460,False,4
7045,validator_75,51435637690,True,597800000,69434610,667234610,False,1
7046,validator_1,643736792319,True,1183520001,93479700,1276999701,True,20
7047,validator_37,102877734450,True,551900000,48921200,600821200,False,3
7048,validator_15,229935353852,True,906599993,20626380,927226373,True,7
7049,validator_95,45921063150,True,390900000,14347140,405247140,False,1
7050,validator_51,72851858667,True,531879999,107464110,639344109,True,2
7051,validator_78,51360085990,True,448400000,47161650,495561650,False,1
7052,validator_34,96241153650,True,746600000,48908810,795508810,False,3
7053,validator_17,213807777288,True,840875999,111208730,952084729,True,6
7054,validator_8,278184525850,True,548300000,48512210,596812210,False,8
7055,validator_41,119350173410,True,530200000,37894310,568094310,False,3
7056,validator_9,279789233570,True,494200000,11018760,505218760,False,8
7057,validator_22,149270192070,True,470400000,32721560,503121560,False,4
7058,validator_38,93662394940,True,508500000,44919790,553419790,False,2
7059,validator_3,414461328720,True,550200000,25813690,576013690,False,12
7060,validator_9,280555954760,True,700200000,66521190,766721190,False,8
7061,validator_0,621561177643,True,1007277993,50003600,1057281593,True,19
7062,validator_14,225320004732,True,795999999,113139990,909139989,True,7
7063,validator_1,644581249122,True,781960003,62496800,844456803,True,20
7064,validator_54,56186702329,True,883400014,80665330,964065344,True,1
7065,validator_2,452440792130,True,604550000,64139320,668689320,False,14
7066,validator_2,452849812490,True,369700000,39320360,409020360,False,14
7067,validator_2,453396064830,True,518900000,27352340,546252340,False,14
7068,validator_12,203887734484,True,842327998,128313400,970641398,True,6
7069,validator_1,645654894744,True,1021420002,52225620,1073645622,True,20
7070,validator_94,51890660280,True,617900000,40082810,657982810,False,1
7071,validator_10,263943165280,True,573200000,23746910,596946910,False,8
7072,validator_11,269957526720,True,644300000,29686090,673986090,False,8
7073,validator_11,270542351980,True,538600000,46225260,584825260,False,8
7074,validator_1,646782010341,True,1022759997,104355600,1127115597,True,20
7075,validator_49,57955193723,True,767396004,46927130,814323134,True,1
7076,validator_10,264707404770,True,719100000,45139490,764239490,False,8
7077,validator_17,214526946070,True,610820002,108348780,719168782,True,6
7078,validator_0,622187546937,True,551300004,75069290,626369294,True,19
7079,validator_4,372164696238,True,987993985,71306310,1059300295,True,11
7080,validator_0,623407269332,True,1162726005,56996390,1219722395,True,19
7081,validator_16,216999782687,True,771540006,96374560,867914566,True,6
7082,validator_34,96801900370,True,507600000,53146720,560746720,False,3
7083,validator_6,386411941519,True,1022540007,68259080,1090799087,True,12
7084,validator_6,387659237103,True,1146920004,100375580,1247295584,True,12
7085,validator_68,66391910617,True,919300006,73141940,992441946,True,2
7086,validator_16,218124162292,True,986731995,137647610,1124379605,True,6
7087,validator_18,179019992400,True,734300000,42105800,776405800,False,5
7088,validator_3,415246430200,True,716100000,69001480,785101480,False,12
7089,validator_61,62495185857,True,611991997,58189600,670181597,True,1
7090,validator_6,388682154418,True,930965995,91951320,1022917315,True,12
7091,validator_1,647641053773,True,832066002,26977430,859043432,True,20
7092,validator_2,454007749870,True,579200000,32485040,611685040,False,14
7093,validator_0,624463774309,True,873539997,182964980,1056504977,True,19
7094,validator_57,79256996788,True,886439998,52546510,938986508,True,2
7095,validator_8,278798740840,True,576600000,37614990,614214990,False,8
7096,validator_17,215928176032,True,1314560002,86669960,1401229962,True,6
7097,validator_3,415895918230,True,622900000,26588030,649488030,False,12
7098,validator_1,648616770522,True,932319999,43396750,975716749,True,20
7099,validator_11,271343853440,True,764300000,37201460,801501460,False,8
7100,validator_25,146109970044,True,844600000,52007970,896607970,True,4
7101,validator_3,416666461510,True,737500000,33043280,770543280,False,13
7102,validator_5,344961112845,True,598084007,119309050,717393057,True,10
7103,validator_56,58950315632,True,719320010,108030800,827350810,True,1
7104,validator_94,52474480240,True,549700000,34119960,583819960,False,1
7105,validator_4,373367488531,True,1138725993,64066300,1202792293,True,11
7106,validator_20,151457806610,True,479400000,44830070,524230070,False,4
7107,validator_18,179662349580,True,616800000,25557180,642357180,False,5
7108,validator_91,50584917990,True,810900000,56239170,867139170,False,1
7109,validator_5,346092380665,True,1074467990,56799830,1131267820,True,10
7110,validator_72,50005702150,True,476600000,28945680,505545680,False,1
7111,validator_3,417256085210,True,538300000,51323700,589623700,False,13
7112,validator_25,146933476433,True,756860009,66646380,823506389,True,4
7113,validator_35,99299818110,True,558900000,32853280,591753280,False,3
7114,validator_68,67346591270,True,847080013,107600640,954680653,True,2
7115,validator_14,226695196002,True,1266161990,109029280,1375191270,True,7
7116,validator_6,389674098937,True,903045999,88898520,991944519,True,12
7117,validator_28,135632447994,True,831347998,127646520,958994518,True,4
7118,validator_43,97825961410,True,802500000,49143600,851643600,False,3
7119,validator_6,390903551048,True,1113215991,116236120,1229452111,True,12
7120,validator_23,157835516420,True,540800000,30208490,571008490,False,4
7121,validator_6,391725196205,True,748803997,72841160,821645157,True,12
7122,validator_4,374416833516,True,924920005,124424980,1049344985,True,11
7123,validator_73,52910979480,True,457600000,23263740,480863740,False,1
7124,validator_27,149497455840,True,872003989,123520670,995524659,True,4
7125,validator_57,80498682730,True,1163012012,78673930,1241685942,True,2
7126,validator_31,128746804047,True,764659998,139109960,903769958,True,4
7127,validator_68,68253809992,True,808020002,99198720,907218722,True,2
7128,validator_39,106816087830,True,534000000,46483800,580483800,False,3
7129,validator_37,103557922100,True,611800000,68387650,680187650,False,3
7130,validator_60,48696247309,True,1051560003,102245920,1153805923,True,1
7131,validator_32,148626063954,True,1145430007,89026680,1234456687,True,4
7132,validator_2,454712854530,True,656500000,48604660,705104660,False,14
7133,validator_36,105373472300,True,600100000,40464280,640564280,False,3
7134,validator_45,71894068095,True,728387990,80460760,808848750,True,2
7135,validator_76,54646835220,True,634700000,44334720,679034720,False,1
7136,validator_24,159843548771,True,744813992,125027670,869841662,True,4
7137,validator_6,392800891601,True,1042840006,32855390,1075695396,True,12
7138,validator_5,347060896383,True,896400008,72115710,968515718,True,10
7139,validator_18,180164343670,True,466300000,35694090,501994090,False,5
7140,validator_12,204698782213,True,753199989,57847740,811047729,True,6
7141,validator_3,417777693710,True,502300000,19308500,521608500,False,13
7142,validator_26,147224464269,True,1043031994,97024930,1140056924,True,4
7143,validator_92,48767034970,True,528800000,49858910,578658910,False,1
7144,validator_5,347741613492,True,574833999,105883110,680717109,True,10
7145,validator_13,194885875678,True,901346003,137647590,1038993593,True,6
7146,validator_3,418478327630,True,683400000,17233920,700633920,False,13
7147,validator_83,49157477290,True,612200000,15846480,628046480,False,1
7148,validator_12,205800149261,True,1026305998,75061050,1101367048,True,6
7149,validator_37,104072120280,True,481500000,32698180,514198180,False,3
7150,validator_11,272024460050,True,591200000,89406610,680606610,False,8
7151,validator_93,50601619190,True,569300000,81873280,651173280,False,1
7152,validator_2,455280929090,True,523100000,44974560,568074560,False,14
7153,validator_99,52632996520,True,477500000,18838380,496338380,False,1
7154,validator_36,105908126970,True,507200000,27454670,534654670,False,3
7155,validator_10,265371605990,True,609800000,54401220,664201220,False,8
7156,validator_0,625486462954,True,947980005,74708640,1022688645,True,19
7157,validator_16,219346865572,True,1076416000,146287280,1222703280,True,6
7158,validator_15,231173292661,True,1119067999,118870810,1237938809,True,7
7159,validator_15,232343408252,True,1066016011,104099580,1170115591,True,7
7160,validator_28,136570293555,True,872288001,65557560,937845561,True,4
7161,validator_18,180862912620,True,633300000,65268950,698568950,False,5
7162,validator_5,348609896309,True,787825997,80456820,868282817,True,10
7163,validator_43,98479218900,True,599100000,54157490,653257490,False,3
7164,validator_17,216990715843,True,970944001,91595810,1062539811,True,6
7165,validator_16,220342974382,True,862208000,133900810,996108810,True,6
7166,validator_3,418986081660,True,496700000,11054030,507754030,False,13
7167,validator_3,419832334020,True,811200000,35052360,846252360,False,13
7168,validator_58,66552443415,True,1095695990,45771130,1141467120,True,2
7169,validator_39,107394264680,True,552400000,25776850,578176850,False,3
7170,validator_30,141765656261,True,805399995,76358060,881758055,True,4
7171,validator_10,266093813280,True,695500000,26707290,722207290,False,8
7172,validator_16,221458918681,True,1055075999,60868300,1115944299,True,6
7173,validator_84,45389631770,True,560200000,65053400,625253400,False,1
7174,validator_6,394100250449,True,1252159998,47198850,1299358848,True,12
7175,validator_63,68532336683,True,949080007,48756130,997836137,True,2
7176,validator_2,455838022880,True,534640000,22453790,557093790,False,14
7177,validator_34,97483033900,True,637600000,43533530,681133530,False,3
7178,validator_14,227701208260,True,888619998,117392260,1006012258,True,7
7179,validator_10,266700344600,True,541000000,65531320,606531320,False,8
7180,validator_29,144940004669,True,1299780006,68328940,1368108946,True,4
7181,validator_2,456361427290,True,457900000,65504410,523404410,False,14
7182,validator_37,104668640920,True,537200000,59320640,596520640,False,3
7183,validator_18,181522523380,True,616500000,43110760,659610760,False,5
7184,validator_14,228804959644,True,970473994,133277390,1103751384,True,7
7185,validator_73,53503847920,True,524700000,68168440,592868440,False,1
7186,validator_19,175656578600,True,500600000,17542260,518142260,False,5
7187,validator_14,229854608744,True,946440000,103209100,1049649100,True,7
7188,validator_4,375376155388,True,870568002,88753870,959321872,True,11
7189,validator_29,145890127392,True,825170003,124952720,950122723,True,4
7190,validator_77,50939850070,True,567700000,32846070,600546070,False,1
7191,validator_21,155179003910,True,764000000,48728440,812728440,False,4
7192,validator_30,142696691829,True,820949988,110085580,931035568,True,4
7193,validator_8,279466377130,True,638400000,29236290,667636290,False,8
7194,validator_74,47662145690,True,496100000,61385080,557485080,False,1
7195,validator_30,143901467330,True,1159478001,45297500,1204775501,True,4
7196,validator_3,420540334420,True,665200000,42800400,708000400,False,13
7197,validator_3,421040925690,True,425700000,74891270,500591270,False,13
7198,validator_15,233522857363,True,1077087991,102361120,1179449111,True,7
7199,validator_19,176277333600,True,587600000,33155000,620755000,False,5
7200,validator_9,281045413350,True,463900000,25558590,489458590,False,8
7201,validator_1,649763093108,True,1055339996,90982590,1146322586,True,20
7202,validator_5,349343920935,True,642253996,91770630,734024626,True,10
7203,validator_92,49489678390,True,667200000,55443420,722643420,False,1
7204,validator_2,456923690640,True,541700000,20563350,562263350,False,14
7205,validator_65,61370558720,True,1025584001,82779790,1108363791,True,1
7206,validator_1,651041512381,True,1227259993,51159280,1278419273,True,20
7207,validator_7,369713961880,True,712320001,86251340,798571341,True,11
7208,validator_27,150555955390,True,970180010,88319540,1058499550,True,4
7209,validator_14,230867561318,True,933020004,79932570,1012952574,True,7
7210,validator_8,280035416920,True,547700000,21339790,569039790,False,8
7211,validator_63,69755976394,True,1108124001,115515710,1223639711,True,2
7212,validator_0,626499353212,True,908499998,104390260,1012890258,True,19
7213,validator_93,51152262860,True,493900000,56743670,550643670,False,1
7214,validator_19,176920488530,True,618000000,25154930,643154930,False,5
7215,validator_94,53083610400,True,549200000,59930160,609130160,False,1
7216,validator_4,376272558739,True,814260001,82143350,896403351,True,11
7217,validator_40,109188407250,True,615500000,44055290,659555290,False,3
7218,validator_24,161088057993,True,1172846012,71663210,1244509222,True,5
7219,validator_3,421649725900,True,563300000,45500210,608800210,False,13
7220,validator_39,107950335780,True,526100000,29971100,556071100,False,3
7221,validator_80,51428687700,True,730800000,42084590,772884590,False,1
7222,validator_27,151384050417,True,740013997,88081030,828095027,True,4
7223,validator_46,62880807176,True,752498003,177506300,930004303,True,1
7224,validator_0,627430644360,True,876407998,54883150,931291148,True,19
7225,validator_38,94245147170,True,502100000,80652230,582752230,False,2
7226,validator_10,267314971370,True,569400000,45226770,614626770,False,8
7227,validator_1,651896804213,True,741298002,113993830,855291832,True,20
7228,validator_60,49692932488,True,905019999,91665180,996685179,True,1
7229,validator_1,652765834785,True,774706002,94324570,869030572,True,20
7230,validator_27,152219472323,True,718629996,116791910,835421906,True,4
7231,validator_1,653993056217,True,1143718002,83503430,1227221432,True,20
7232,validator_1,655135092956,True,1049245999,92790740,1142036739,True,20
7233,validator_6,395268519620,True,1095390001,72879170,1168269171,True,12
7234,validator_99,53397503380,True,703400000,61106860,764506860,False,1
7235,validator_36,106556421270,True,611100000,37194300,648294300,False,3
7236,validator_8,280655287430,True,587700000,32170510,619870510,False,8
7237,validator_18,182308096450,True,733500000,52073070,785573070,False,5
7238,validator_72,50649315880,True,585600000,58013730,643613730,False,1
7239,validator_37,105269973080,True,573400000,27932160,601332160,False,3
7240,validator_16,222420176814,True,858138013,103120120,961258133,True,6
7241,validator_0,628506092717,True,1020817997,54630360,1075448357,True,19
7242,validator_12,206946631658,True,985995997,160486400,1146482397,True,6
7243,validator_48,51982198963,True,1194159992,23750010,1217910002,True,1
7244,validator_2,457662799880,True,698800000,40309240,739109240,False,14
7245,validator_6,396655816241,True,1319120001,68176620,1387296621,True,12
7246,validator_9,281625259170,True,565200000,14645820,579845820,False,8
7247,validator_0,629690618251,True,1060496004,124029530,1184525534,True,19
7248,validator_7,370699752121,True,894479991,91310250,985790241,True,11
7249,validator_1,656188209606,True,938994010,114122640,1053116650,True,20
7250,validator_24,162103025870,True,953360007,61607870,1014967877,True,5
7251,validator_69,57364786728,True,1180640001,88553600,1269193601,True,1
7252,validator_7,371799577243,True,982013992,117811130,1099825122,True,11
7253,validator_15,234594235091,True,975593998,95783730,1071377728,True,7
7254,validator_36,107056084680,True,492700000,6963410,499663410,False,3
7255,validator_60,50602614057,True,892195999,17485570,909681569,True,1
7256,validator_34,98138475050,True,619700000,35741150,655441150,False,3
7257,validator_5,350315747741,True,904867996,66958810,971826806,True,10
7258,validator_32,149845626042,True,1162925998,56636090,1219562088,True,4
7259,validator_25,148164435714,True,1120940011,110019270,1230959281,True,4
7260,validator_58,67666134918,True,982424003,131267500,1113691503,True,2
7261,validator_14,231908687837,True,927967999,113158520,1041126519,True,7
7262,validator_1,657219737134,True,961240008,70287520,1031527528,True,20
7263,validator_9,282432012650,True,777300000,29453480,806753480,False,8
7264,validator_51,73764421993,True,794179996,118383330,912563326,True,2
7265,validator_73,54211218130,True,686500000,20870210,707370210,False,1
7266,validator_25,149466058599,True,1201120005,100502880,1301622885,True,4
7267,validator_0,630705534070,True,863425999,151489820,1014915819,True,19
7268,validator_41,119948317770,True,544500000,53644360,598144360,False,3
7269,validator_12,207622420850,True,608776002,67013190,675789192,True,6
7270,validator_1,658317297228,True,1026067994,71492100,1097560094,True,20
7271,validator_22,149780331360,True,457700000,52439290,510139290,False,4
7272,validator_42,103654381550,True,375700000,20367030,396067030,False,3
7273,validator_9,282958415820,True,490500000,35903170,526403170,False,8
7274,validator_8,281421863770,True,743000000,23576340,766576340,False,8
7275,validator_17,217974613113,True,839800000,144097270,983897270,True,6
7276,validator_3,422320243960,True,657700000,12818060,670518060,False,13
7277,validator_9,283612421970,True,609200000,44806150,654006150,False,8
7278,validator_93,51875556950,True,640700000,82594090,723294090,False,1
7279,validator_3,423009825570,True,641700000,47881610,689581610,False,13
7280,validator_54,57314171390,True,1028600001,98869060,1127469061,True,1
7281,validator_79,53744656570,True,480200000,22090060,502290060,False,1
7282,validator_8,282083480330,True,626500000,35116560,661616560,False,8
7283,validator_5,351452196279,True,1003537998,132910540,1136448538,True,10
7284,validator_18,183147212140,True,813200000,25915690,839115690,False,5
7285,validator_10,267795732130,True,443900000,36860760,480760760,False,8
7286,validator_2,458326373250,True,620200000,43373370,663573370,False,14
7287,validator_6,397495708556,True,811699995,28192320,839892315,True,12
7288,validator_1,659191786462,True,781294004,93195230,874489234,True,20
7289,validator_30,144698930341,True,735404001,62059010,797463011,True,4
7290,validator_13,195653165797,True,688419999,78870120,767290119,True,6
7291,validator_26,148235375777,True,941044008,69867500,1010911508,True,4
7292,validator_1,660358214995,True,1096280003,70148530,1166428533,True,20
7293,validator_6,398704031934,True,1176123998,32199380,1208323378,True,12
7294,validator_13,196858162889,True,1153000002,51997090,1204997092,True,6
7295,validator_51,74880838084,True,1064206001,52210090,1116416091,True,2
7296,validator_26,149196865256,True,893809999,67679480,961489479,True,4
7297,validator_6,399907775953,True,1132199989,71544030,1203744019,True,12
7298,validator_28,137631914249,True,984066014,77554680,1061620694,True,4
7299,validator_7,372606730210,True,693445997,113706970,807152967,True,11
7300,validator_61,63416663362,True,841060005,80417500,921477505,True,1
7301,validator_9,284202925750,True,561470000,29033780,590503780,False,8
7302,validator_75,51868601110,True,378100000,54863420,432963420,False,1
7303,validator_70,67421688970,True,1220580000,63940860,1284520860,True,2
7304,validator_98,42051209570,True,661000000,27514550,688514550,False,1
7305,validator_15,235590415185,True,869947994,126232100,996180094,True,7
7306,validator_2,459179778090,True,789000000,64404840,853404840,False,14
7307,validator_26,150583830086,True,1313265990,73698840,1386964830,True,4
7308,validator_23,158371279940,True,502800000,32963520,535763520,False,4
7309,validator_6,400974642256,True,975683993,91182310,1066866303,True,12
7310,validator_19,177445406510,True,480100000,44817980,524917980,False,5
7311,validator_5,352764224015,True,1202259996,109767740,1312027736,True,11
7312,validator_51,76427101497,True,1430080013,116183400,1546263413,True,2
7313,validator_0,631808947124,True,1005596004,97817050,1103413054,True,19
7314,validator_11,272862810270,True,798800000,39550220,838350220,False,8
7315,validator_3,423837171970,True,775600000,51746400,827346400,False,13
7316,validator_24,163102657359,True,921033999,78597490,999631489,True,5
7317,validator_35,99901416460,True,590600000,10998350,601598350,False,3
7318,validator_71,53649879002,True,911476004,131999200,1043475204,True,1
7319,validator_70,68388371689,True,878680009,88002710,966682719,True,2
7320,validator_20,152154394430,True,607200000,89387820,696587820,False,4
7321,validator_59,56997022888,True,608038003,113483140,721521143,True,1
7322,validator_55,49204387184,True,1136151996,113838600,1249990596,True,1
7323,validator_4,377281741828,True,931840009,77343080,1009183089,True,11
7324,validator_5,353736725152,True,873019997,99481140,972501137,True,11
7325,validator_64,51281038777,True,855726007,97799990,953525997,True,1
7326,validator_20,152819854610,True,654000000,11460180,665460180,False,4
7327,validator_34,98783064940,True,604000000,40589890,644589890,False,3
7328,validator_6,402042383288,True,994005992,73735040,1067741032,True,12
7329,validator_65,62131912917,True,685454007,75900190,761354197,True,1
7330,validator_3,424609442260,True,745100000,27170290,772270290,False,13
7331,validator_34,99500215470,True,676500000,40650530,717150530,False,3
7332,validator_14,233371530127,True,1334060000,128782290,1462842290,True,7
7333,validator_1,661448165588,True,995580003,94370590,1089950593,True,20
7334,validator_1,662479291862,True,938502004,92624270,1031126274,True,20
7335,validator_25,150412627336,True,858202007,88366730,946568737,True,4
7336,validator_14,234306610809,True,851060002,84020680,935080682,True,7
7337,validator_0,632604645913,True,709259989,86438800,795698789,True,19
7338,validator_7,373404120200,True,774400000,22989990,797389990,True,11
7339,validator_16,223265226369,True,785634005,59415550,845049555,True,6
7340,validator_3,425290134680,True,624500000,56192420,680692420,False,13
7341,validator_22,150474670140,True,649600000,44738780,694338780,False,4
7342,validator_10,268332563730,True,497200000,39631600,536831600,False,8
7343,validator_2,459787633780,True,576400000,31455690,607855690,False,14
7344,validator_1,663538002269,True,955359997,103350410,1058710407,True,20
7345,validator_49,59382592001,True,1357080008,70318270,1427398278,True,1
7346,validator_5,354806259804,True,991180002,78354650,1069534652,True,11
7347,validator_18,183800837430,True,592100000,61525290,653625290,False,5
7348,validator_14,235163987189,True,756900000,100476380,857376380,True,7
7349,validator_27,153042265878,True,742934005,79859550,822793555,True,4
7350,validator_35,100640194500,True,676900000,61878040,738778040,False,3
7351,validator_37,106015126460,True,703500000,41653380,745153380,False,3
7352,validator_13,197850242407,True,923786008,68293510,992079518,True,6
7353,validator_14,236069596881,True,826477992,79131700,905609692,True,7
7354,validator_63,70702364856,True,830099992,116288470,946388462,True,2
7355,validator_28,138560335261,True,860325992,68095020,928421012,True,4
7356,validator_34,100313113570,True,761500000,51398100,812898100,False,3
7357,validator_63,71808846956,True,998680000,107802100,1106482100,True,2
7358,validator_12,208662762729,True,944207999,96133880,1040341879,True,6
7359,validator_2,460624609250,True,816900000,20075470,836975470,False,14
7360,validator_0,633712152006,True,1023640013,83866080,1107506093,True,19
7361,validator_9,284770639200,True,523300000,44413450,567713450,False,8
7362,validator_4,378246644025,True,889434007,75468190,964902197,True,11
7363,validator_29,146796609528,True,815445996,91036140,906482136,True,4
7364,validator_7,374473283733,True,926695993,142467540,1069163533,True,11
7365,validator_2,461536734530,True,884140000,27985280,912125280,False,14
7366,validator_1,664597464614,True,939356005,120106340,1059462345,True,20
7367,validator_78,52025939000,True,621700000,44153010,665853010,False,1
7368,validator_63,72712031002,True,863473986,39710060,903184046,True,2
7369,validator_5,356044709363,True,1160206009,78243550,1238449559,True,11
7370,validator_27,154187577453,True,951311995,193999580,1145311575,True,4
7371,validator_21,155804135150,True,575400000,49731240,625131240,False,4
7372,validator_2,462296344920,True,713100000,46510390,759610390,False,14
7373,validator_3,425953893780,True,587800000,75959100,663759100,False,13
7374,validator_63,73840648813,True,1035179991,93437820,1128617811,True,2
7375,validator_10,269046649310,True,681400000,32685580,714085580,False,8
7376,validator_14,237061560590,True,904355989,87607720,991963709,True,7
7377,validator_15,236676431094,True,1031539999,54475910,1086015909,True,7
7378,validator_28,139720937691,True,1118684000,41918430,1160602430,True,4
7379,validator_75,52492218390,True,581300000,42317280,623617280,False,1
7380,validator_9,285334610950,True,552300000,11671750,563971750,False,8
7381,validator_21,156350813640,True,527300000,19378490,546678490,False,4
7382,validator_9,285876141330,True,530700000,10830380,541530380,False,8
7383,validator_1,665591966118,True,866198004,128303500,994501504,True,20
7384,validator_34,101064399430,True,682300000,68985860,751285860,False,3
7385,validator_5,356998904716,True,862879993,91315360,954195353,True,11
7386,validator_78,52453471580,True,380000000,47532580,427532580,False,1
7387,validator_5,357651456291,True,568780015,83771560,652551575,True,11
7388,validator_97,54170431310,True,614300000,19056290,633356290,False,1
7389,validator_24,163715056334,True,551790005,60608970,612398975,True,5
7390,validator_80,52081279140,True,619500000,33091440,652591440,False,1
7391,validator_50,76456758735,True,935905993,112404560,1048310553,True,2
7392,validator_2,462819477810,True,462200000,60932890,523132890,False,14
7393,validator_21,156911000240,True,519700000,40486600,560186600,False,4
7394,validator_16,224447325922,True,1103135993,78963560,1182099553,True,7
7395,validator_22,151117175870,True,587800000,54705730,642505730,False,4
7396,validator_72,51124573830,True,446800000,28457950,475257950,False,1
7397,validator_98,42713039470,True,631400000,30429900,661829900,False,1
7398,validator_80,52737682990,True,631200000,25203850,656403850,False,1
7399,validator_3,426779981590,True,808400000,17687810,826087810,False,13
7400,validator_2,463436488220,True,587000000,30010410,617010410,False,14
7401,validator_6,403044189884,True,910538006,91268590,1001806596,True,12
7402,validator_0,634810023752,True,961519986,136351760,1097871746,True,19
7403,validator_12,209598965267,True,841380008,94822530,936202538,True,6
7404,validator_18,184335066930,True,483200000,51029500,534229500,False,5
7405,validator_6,404210625340,True,1119759996,46675460,1166435456,True,12
7406,validator_38,95133655950,True,870000000,18508780,888508780,False,2
7407,validator_12,211109788632,True,1403559995,107263370,1510823365,True,6
7408,validator_4,379167297508,True,856900003,63753480,920653483,True,11
7409,validator_3,427367729660,True,575800000,11948070,587748070,False,13
7410,validator_6,405488283308,True,1147055998,130601970,1277657968,True,12
7411,validator_13,199030613503,True,1057040006,123331090,1180371096,True,6
7412,validator_66,75813731389,True,960974002,119762300,1080736302,True,2
7413,validator_16,225305594586,True,738678004,119590660,858268664,True,7
7414,validator_89,48800489100,True,732300000,40294930,772594930,False,1
7415,validator_80,53366462620,True,614500000,14279630,628779630,False,1
7416,validator_5,358777953785,True,1042639994,83857500,1126497494,True,11
7417,validator_12,212001078457,True,755688005,135601820,891289825,True,6
7418,validator_8,282800825440,True,689300000,28045110,717345110,False,8
7419,validator_13,199964627390,True,803993997,130019890,934013887,True,6
7420,validator_7,375687570490,True,1108467997,105818760,1214286757,True,11
7421,validator_0,635628694663,True,723760001,94910910,818670911,True,19
7422,validator_0,636332286805,True,663794002,39798140,703592142,True,19
7423,validator_17,218804763005,True,741280002,88869890,830149892,True,6
7424,validator_15,237817049201,True,1028400007,112218100,1140618107,True,7
7425,validator_1,666514670686,True,789601998,133102570,922704568,True,20
7426,validator_2,464086710020,True,612300000,37921800,650221800,False,14
7427,validator_23,159156368970,True,745700000,39389030,785089030,False,4
7428,validator_25,151604527339,True,1082360003,109540000,1191900003,True,4
7429,validator_62,60651268083,True,968525996,69943520,1038469516,True,1
7430,validator_70,69645393778,True,1115778009,141244080,1257022089,True,2
7431,validator_0,637329557579,True,882985994,114284780,997270774,True,19
7432,validator_49,60160597026,True,718999995,59005030,778005025,True,1
7433,validator_32,150455340042,True,553760000,55954000,609714000,True,4
7434,validator_73,54788747100,True,546000000,31528970,577528970,False,1
7435,validator_58,69017136663,True,1264109985,86891760,1351001745,True,2
7436,validator_7,376582171260,True,774160010,120440760,894600770,True,11
7437,validator_7,377411408754,True,742879994,86357500,829237494,True,11
7438,validator_12,212811759000,True,729660003,81020540,810680543,True,6
7439,validator_99,53971596250,True,550900000,23192870,574092870,False,1
7440,validator_2,464808472140,True,687200000,34562120,721762120,False,14
7441,validator_3,428116582910,True,676200000,72653250,748853250,False,13
7442,validator_32,151871914523,True,1344450001,72124480,1416574481,True,4
7443,validator_7,378636360779,True,1148500005,76452020,1224952025,True,11
7444,validator_77,51440791780,True,480900000,20041710,500941710,False,1
7445,validator_1,667354149183,True,769961997,69516500,839478497,True,20
7446,validator_15,238794889518,True,937540007,40300310,977840317,True,7
7447,validator_36,107786577740,True,694300000,36193060,730493060,False,3
7448,validator_97,54799313000,True,565000000,63881690,628881690,False,1
7449,validator_3,428842032720,True,642700000,82749810,725449810,False,13
7450,validator_27,155385308761,True,1134138008,63593300,1197731308,True,4
7451,validator_79,54318020740,True,512400000,60964170,573364170,False,1
7452,validator_5,359739778023,True,896533998,65290240,961824238,True,11
7453,validator_3,429387091330,True,533700000,11358610,545058610,False,13
7454,validator_2,465517118740,True,688400000,20246600,708646600,False,14
7455,validator_23,159892514280,True,704700000,31445310,736145310,False,4
7456,validator_13,200688999386,True,685099996,39272000,724371996,True,6
7457,validator_7,379729120541,True,1024134002,68625760,1092759762,True,11
7458,validator_37,106701811440,True,661400000,25284980,686684980,False,3
7459,validator_37,107332748020,True,603900000,27036580,630936580,False,3
7460,validator_86,49361978830,True,484400000,69101050,553501050,False,1
7461,validator_6,406386016365,True,836248007,61485050,897733057,True,12
7462,validator_8,283352622340,True,531100000,20696900,551796900,False,8
7463,validator_46,64101508741,True,1116279995,104421570,1220701565,True,2
7464,validator_82,52564024210,True,676600000,49334290,725934290,False,1
7465,validator_2,466264156550,True,684100000,62937810,747037810,False,14
7466,validator_70,70865347125,True,1066789997,153163350,1219953347,True,2
7467,validator_0,638810531477,True,1416495998,64477900,1480973898,True,19
7468,validator_72,51749177030,True,572900000,51703200,624603200,False,1
7469,validator_80,53849669200,True,443100000,40106580,483206580,False,1
7470,validator_27,156326839257,True,829473996,112056500,941530496,True,4
7471,validator_7,381110750081,True,1283360000,98269540,1381629540,True,11
7472,validator_36,108494006110,True,667000000,40428370,707428370,False,3
7473,validator_31,129618782864,True,777139997,94838820,871978817,True,4
7474,validator_40,109739762340,True,529300000,22055090,551355090,False,3
7475,validator_15,239731771815,True,849457987,87424310,936882297,True,7
7476,validator_17,219767194877,True,814284002,148147870,962431872,True,6
7477,validator_50,77338576208,True,819500003,62317470,881817473,True,2
7478,validator_7,382009647174,True,769620003,129277090,898897093,True,11
7479,validator_34,101799911840,True,673700000,61812410,735512410,False,3
7480,validator_5,360540813961,True,712939998,88095940,801035938,True,11
7481,validator_0,640004726886,True,1119637999,74557410,1194195409,True,20
7482,validator_32,152879285776,True,842046003,165325250,1007371253,True,4
7483,validator_22,151561420360,True,415800000,28444490,444244490,False,4
7484,validator_2,466908203880,True,594300000,49747330,644047330,False,14
7485,validator_22,152209460400,True,626900000,21140040,648040040,False,4
7486,validator_73,55396620620,True,558100000,49773520,607873520,False,1
7487,validator_1,668170628256,True,691034003,125445070,816479073,True,20
7488,validator_2,467557554080,True,609300000,40050200,649350200,False,14
7489,validator_43,99174259320,True,677700000,17340420,695040420,False,3
7490,validator_31,130299840534,True,601859990,79197680,681057670,True,4
7491,validator_43,99854294810,True,662600000,17435490,680035490,False,3
7492,validator_5,361622279272,True,945538001,135927310,1081465311,True,11
7493,validator_22,152938885580,True,696300000,33125180,729425180,False,4
7494,validator_2,467951401780,True,378100000,15747700,393847700,False,14
7495,validator_32,153558100816,True,603340010,75475030,678815040,True,4
7496,validator_30,145610725378,True,828099997,83695040,911795037,True,4
7497,validator_0,641141108941,True,1004275985,132106070,1136382055,True,20
7498,validator_60,51656349787,True,955704000,98031730,1053735730,True,1
7499,validator_32,154376774037,True,700767991,117905230,818673221,True,4
7500,validator_14,237923294359,True,788839989,72893780,861733769,True,7
7501,validator_2,468693814780,True,700400000,42013000,742413000,False,14
7502,validator_93,52457275650,True,534850000,46868700,581718700,False,1
7503,validator_53,58066740234,True,902220007,41712340,943932347,True,1
7504,validator_4,380526123984,True,1259870006,98956470,1358826476,True,11
7505,validator_43,100524096780,True,633300000,36501970,669801970,False,3
7506,validator_1,668835059060,True,589620004,74810800,664430804,True,20
7507,validator_4,381424322779,True,808304005,89894790,898198795,True,11
7508,validator_3,429929034800,True,493100000,48843470,541943470,False,13
7509,validator_0,642230902175,True,1028839994,60953240,1089793234,True,20
7510,validator_97,55634219050,True,817700000,17206050,834906050,False,1
7511,validator_8,283925653290,True,557400000,15630950,573030950,False,8
7512,validator_3,430631876900,True,670100000,32742100,702842100,False,13
7513,validator_33,154650883502,True,857606012,100788760,958394772,True,4
7514,validator_34,102388474250,True,550500000,38062410,588562410,False,3
7515,validator_34,102865946350,True,422400000,55072100,477472100,False,3
7516,validator_42,104066004240,True,396700000,14922690,411622690,False,3
7517,validator_12,213875163067,True,1016219997,47184070,1063404067,True,6
7518,validator_6,407344181799,True,904420004,53745430,958165434,True,12
7519,validator_28,140695382976,True,892072005,82373280,974445285,True,4
7520,validator_70,71716403059,True,813359994,37695940,851055934,True,2
7521,validator_23,160500115580,True,562400000,45201300,607601300,False,5
7522,validator_23,161202987120,True,621600000,81271540,702871540,False,5
7523,validator_48,53111929420,True,1014180007,115550450,1129730457,True,1
7524,validator_59,57998961027,True,897739999,104198140,1001938139,True,1
7525,validator_2,469255595740,True,539100000,22680960,561780960,False,14
7526,validator_0,643215868063,True,955039988,29925900,984965888,True,20
7527,validator_80,54505006260,True,642300000,13037060,655337060,False,1
7528,validator_57,81377208160,True,812160000,66365430,878525430,True,2
7529,validator_12,214564648515,True,602118008,87367440,689485448,True,6
7530,validator_17,220739416306,True,886220019,86001410,972221429,True,6
7531,validator_27,157414954885,True,1024419998,63695630,1088115628,True,4
7532,validator_14,238928935975,True,976659996,28981620,1005641616,True,7
7533,validator_4,382179357103,True,696248004,58786320,755034324,True,11
7534,validator_11,273488842950,True,601400000,24632680,626032680,False,8
7535,validator_28,141823712283,True,1065139987,63189320,1128329307,True,4
7536,validator_12,215404364756,True,673660001,166056240,839716241,True,6
7537,validator_23,161907759710,True,615800000,88972590,704772590,False,5
7538,validator_97,56344977060,True,697000000,13758010,710758010,False,1
7539,validator_6,407988242499,True,537330010,106730690,644060700,True,12
7540,validator_5,362457437594,True,770558002,64600320,835158322,True,11
7541,validator_6,408929230165,True,895956006,45031660,940987666,True,12
7542,validator_17,221772017535,True,960507989,72093240,1032601229,True,6
7543,validator_25,152521569494,True,823545995,93496160,917042155,True,4
7544,validator_2,469801731130,True,498000000,48135390,546135390,False,14
7545,validator_23,162516563560,True,576500000,32303850,608803850,False,5
7546,validator_3,431159253330,True,517300000,10076430,527376430,False,13
7547,validator_1,670048910827,True,1076919997,136931770,1213851767,True,20
7548,validator_10,269523113380,True,414300000,62164070,476464070,False,8
7549,validator_2,470712575830,True,891100000,19744700,910844700,False,14
7550,validator_48,54309355512,True,1126868002,70558090,1197426092,True,1
7551,validator_40,110376410590,True,577800000,58848250,636648250,False,3
7552,validator_12,216182252483,True,651489997,126397730,777887727,True,6
7553,validator_75,52999081020,True,485900000,20962630,506862630,False,1
7554,validator_2,471281285200,True,504780000,63929370,568709370,False,14
7555,validator_17,222916690463,True,1034168008,110504920,1144672928,True,6
7556,validator_14,239856616187,True,872585992,55094220,927680212,True,7
7557,validator_26,151532334875,True,851839989,96664800,948504789,True,4
7558,validator_0,644233937009,True,891386006,126682940,1018068946,True,20
7559,validator_19,178008367160,True,505200000,57760650,562960650,False,5
7560,validator_15,241050178271,True,1203059996,115346460,1318406456,True,7
7561,validator_1,670826957972,True,675913995,102133150,778047145,True,20
7562,validator_6,409833297101,True,765314006,138752930,904066936,True,12
7563,validator_57,82441587142,True,1009443992,54934990,1064378982,True,2
7564,validator_20,153288775300,True,444700000,24220690,468920690,False,4
7565,validator_13,201533845652,True,767267996,77578270,844846266,True,6
7566,validator_19,178753166560,True,694300000,50499400,744799400,False,5
7567,validator_3,431968218970,True,781800000,27165640,808965640,False,13
7568,validator_44,58952045299,True,796239997,77965970,874205967,True,1
7569,validator_52,60027808917,True,870880006,70125580,941005586,True,1
7570,validator_58,70105935468,True,989348005,99450800,1088798805,True,2
7571,validator_12,217196125994,True,932116001,81757510,1013873511,True,6
7572,validator_8,284645306610,True,694800000,24853320,719653320,False,8
7573,validator_33,155913805540,True,1180921998,82000040,1262922038,True,4
7574,validator_4,382981064109,True,720775996,80931010,801707006,True,11
7575,validator_69,58063291492,True,572940004,125564760,698504764,True,1
7576,validator_22,153869038170,True,876000000,54152590,930152590,False,4
7577,validator_30,146810580843,True,1134420005,65435460,1199855465,True,4
7578,validator_6,410671553240,True,769413999,68842140,838256139,True,12
7579,validator_2,471920921650,True,573700000,65936450,639636450,False,14
7580,validator_81,49403291770,True,691600000,77786160,769386160,False,1
7581,validator_0,645211980592,True,833549983,144493600,978043583,True,20
7582,validator_40,111032453510,True,613900000,42142920,656042920,False,3
7583,validator_0,645828584897,True,487933995,128670310,616604305,True,20
7584,validator_15,242064925864,True,943920003,70827590,1014747593,True,7
7585,validator_39,108661395340,True,693900000,17159560,711059560,False,3
7586,validator_21,157452385230,True,479900000,61484990,541384990,False,4
7587,validator_0,647175746245,True,1277357998,69803350,1347161348,True,20
7588,validator_10,270286910440,True,739400000,24397060,763797060,False,8
7589,validator_4,384062277632,True,993296003,87917520,1081213523,True,12
7590,validator_6,411665463451,True,854838001,139072210,993910211,True,12
7591,validator_12,218383710390,True,1099444006,88140390,1187584396,True,6
7592,validator_12,219273638966,True,812199996,77728580,889928576,True,6
7593,validator_10,270913328420,True,582900000,43517980,626417980,False,8
7594,validator_16,226040163095,True,665160009,69408500,734568509,True,7
7595,validator_10,271497763550,True,549300000,35135130,584435130,False,8
7596,validator_39,109224207700,True,499100000,63712360,562812360,False,3
7597,validator_4,384890595845,True,719579993,108738220,828318213,True,12
7598,validator_1,671665970318,True,771679996,67332350,839012346,True,20
7599,validator_8,285363037430,True,692300000,25430820,717730820,False,8
7600,validator_7,383354971896,True,1254439992,90884730,1345324722,True,11
7601,validator_0,648213017967,True,945247992,92023730,1037271722,True,20
7602,validator_1,672528514491,True,754407983,108136190,862544173,True,21
7603,validator_4,385675627315,True,712639990,72391480,785031470,True,12
7604,validator_35,101302944430,True,628570000,34179930,662749930,False,3
7605,validator_10,272136734170,True,562800000,76170620,638970620,False,8
7606,validator_49,61355994255,True,1088358009,107039220,1195397229,True,1
7607,validator_19,179350049360,True,552100000,44782800,596882800,False,5
7608,validator_0,649328982138,True,1057820011,58144160,1115964171,True,20
7609,validator_8,286104242350,True,721100000,20104920,741204920,False,8
7610,validator_19,180073690030,True,671100000,52540670,723640670,False,5
7611,validator_10,272835479820,True,653000000,45745650,698745650,False,8
7612,validator_14,241355734818,True,1353676001,145442630,1499118631,True,7
7613,validator_4,386429539608,True,680737993,73174300,753912293,True,12
7614,validator_36,109029145320,True,491200000,43939210,535139210,False,3
7615,validator_50,78338852653,True,831970005,168306440,1000276445,True,2
7616,validator_2,472483056380,True,547200000,14934730,562134730,False,14
7617,validator_42,104567797080,True,489600000,12192840,501792840,False,3
7618,validator_2,473011467340,True,494000000,34410960,528410960,False,14
7619,validator_15,243061993808,True,922508004,74559940,997067944,True,7
7620,validator_13,202460413473,True,841699991,84867830,926567821,True,6
7621,validator_10,273426333810,True,537400000,53453990,590853990,False,8
7622,validator_0,650524882579,True,1058300011,137600430,1195900441,True,20
7623,validator_54,58448443068,True,1010259998,124011680,1134271678,True,1
7624,validator_11,274047507910,True,516200000,42464960,558664960,False,8
7625,validator_26,152492049660,True,846595995,113118790,959714785,True,4
7626,validator_46,65189133969,True,985385988,102239240,1087625228,True,2
7627,validator_71,54760429208,True,1014455996,96094210,1110550206,True,1
7628,validator_1,673368997831,True,760819990,79663350,840483340,True,21
7629,validator_71,55426464858,True,594941990,71093660,666035650,True,1
7630,validator_6,412595408664,True,850414003,79531210,929945213,True,12
7631,validator_24,164845493718,True,1053428004,77009380,1130437384,True,5
7632,validator_45,72938550917,True,967828002,76654820,1044482822,True,2
7633,validator_0,651249726801,True,662520002,62324220,724844222,True,20
7634,validator_1,674371145057,True,956873986,45273240,1002147226,True,21
7635,validator_63,74618357846,True,727195993,50513040,777709033,True,2
7636,validator_3,432435577420,True,449000000,18358450,467358450,False,13
7637,validator_59,58701769772,True,627153995,75654750,702808745,True,1
7638,validator_7,384322359665,True,861066009,106321760,967387769,True,12
7639,validator_46,66202178941,True,925260002,87784970,1013044972,True,2
7640,validator_5,363453436631,True,864124007,131875030,995999037,True,11
7641,validator_4,387608553325,True,1089139997,89873720,1179013717,True,12
7642,validator_1,675532695374,True,1088305987,73244330,1161550317,True,21
7643,validator_1,676269541976,True,663980002,72866600,736846602,True,21
7644,validator_6,413502678186,True,798514002,108755520,907269522,True,12
7645,validator_2,473790972670,True,723400000,56105330,779505330,False,14
7646,validator_30,147736351307,True,846045994,79724470,925770464,True,4
7647,validator_10,274243559470,True,769800000,47425660,817225660,False,8
7648,validator_7,385196994996,True,808452011,66183320,874635331,True,12
7649,validator_4,388701446145,True,950360000,142532820,1092892820,True,12
7650,validator_21,158134901680,True,664400000,18116450,682516450,False,4
7651,validator_12,220312626711,True,1001619995,37367750,1038987745,True,6
7652,validator_31,131055221236,True,670260002,85120700,755380702,True,4
7653,validator_48,55209957219,True,766979997,133621710,900601707,True,1
7654,validator_10,274992319750,True,710000000,38760280,748760280,False,8
7655,validator_11,274644775880,True,560700000,36567970,597267970,False,8
7656,validator_1,677389301661,True,1021556005,98203680,1119759685,True,21
7657,validator_39,109615131720,True,370000000,20924020,390924020,False,3
7658,validator_36,109759719270,True,679100000,51473950,730573950,False,3
7659,validator_2,474495013030,True,662500000,41540360,704040360,False,14
7660,validator_4,389595867799,True,755735994,138685660,894421654,True,12
7661,validator_12,221347672598,True,954640007,80405880,1035045887,True,6
7662,validator_4,390889628469,True,1160184000,133576670,1293760670,True,12
7663,validator_14,242298882730,True,865579992,77567920,943147912,True,7
7664,validator_8,286930515830,True,743800000,82473480,826273480,False,8
7665,validator_10,275492397040,True,471400000,28677290,500077290,False,8
7666,validator_2,475220154950,True,670600000,54541920,725141920,False,14
7667,validator_2,475804015220,True,542700000,41160270,583860270,False,14
7668,validator_58,71161935924,True,932199996,123800460,1056000456,True,2
7669,validator_1,678239257980,True,729385999,120570320,849956319,True,21
7670,validator_26,153385416036,True,742013996,151352380,893366376,True,4
7671,validator_59,59604240412,True,818760000,83710640,902470640,True,1
7672,validator_41,120614440370,True,537500000,128622600,666122600,False,3
7673,validator_21,158866838370,True,686400000,45536690,731936690,False,4
7674,validator_16,227111208993,True,1021991998,49053900,1071045898,True,7
7675,validator_14,243506840918,True,1082811998,125146190,1207958188,True,7
7676,validator_7,386039084604,True,736640008,105449600,842089608,True,12
7677,validator_98,43404680890,True,628200000,63441420,691641420,False,1
7678,validator_5,364438138249,True,916700008,68001610,984701618,True,11
7679,validator_13,203535705527,True,1017620004,57672050,1075292054,True,6
7680,validator_4,392085005579,True,1096340000,99037110,1195377110,True,12
7681,validator_1,679944993481,True,1599000001,106735500,1705735501,True,21
7682,validator_88,45311847420,True,577600000,61118410,638718410,False,1
7683,validator_15,244010179772,True,815100004,133085960,948185964,True,7
7684,validator_43,100953654280,True,421100000,8457500,429557500,False,3
7685,validator_0,652104199819,True,731019998,123453020,854473018,True,20
7686,validator_11,275161312390,True,488400000,28136510,516536510,False,8
7687,validator_90,52970297160,True,574400000,45197590,619597590,False,1
7688,validator_3,433047987740,True,570200000,42210320,612410320,False,13
7689,validator_0,653273222052,True,1106779993,62242240,1169022233,True,20
7690,validator_3,433549929080,True,456400000,45541340,501941340,False,13
7691,validator_7,386972113531,True,792979987,140048940,933028927,True,12
7692,validator_92,50157352640,True,654000000,13674250,667674250,False,1
7693,validator_4,393032148404,True,895039985,52102840,947142825,True,12
7694,validator_4,393944203602,True,800848008,111207190,912055198,True,12
7695,validator_52,60955428146,True,873699999,53919230,927619229,True,1
7696,validator_21,159460171070,True,560500000,32832700,593332700,False,4
7697,validator_11,275725153150,True,529600000,34240760,563840760,False,8
7698,validator_4,395116584814,True,1059960002,112421210,1172381212,True,12
7699,validator_15,244932255129,True,889680017,32395340,922075357,True,7
7700,validator_30,148819892914,True,1014954007,68587600,1083541607,True,4
7701,validator_37,107946680240,True,566600000,47332220,613932220,False,3
7702,validator_7,387846818500,True,735580009,139124960,874704969,True,12
7703,validator_25,153522653541,True,886966007,114118040,1001084047,True,4
7704,validator_28,142815703303,True,937234000,54757020,991991020,True,4
7705,validator_2,476386403430,True,560700000,21688210,582388210,False,14
7706,validator_64,52759241180,True,1326743983,151458420,1478202403,True,1
7707,validator_94,53794953660,True,674100000,37243260,711343260,False,1
7708,validator_59,60375375910,True,686745998,84389500,771135498,True,1
7709,validator_3,434210423990,True,640900000,19594910,660494910,False,13
7710,validator_90,53483723570,True,461800000,51626410,513426410,False,1
7711,validator_6,414373352340,True,759486004,111188150,870674154,True,12
7712,validator_37,108575006670,True,611000000,17326430,628326430,False,3
7713,validator_11,276414302010,True,635300000,53848860,689148860,False,8
7714,validator_14,244674157053,True,1097059995,70256140,1167316135,True,7
7715,validator_7,388517857137,True,540900007,130138630,671038637,True,12
7716,validator_31,132347540571,True,1182100005,110219330,1292319335,True,4
7717,validator_26,153880493026,True,427016000,68060990,495076990,True,4
7718,validator_33,156774995363,True,791946013,69243810,861189823,True,4
7719,validator_4,395887643057,True,705080003,65978240,771058243,True,12
7720,validator_8,287769564310,True,788300000,50748480,839048480,False,8
7721,validator_5,365492537936,True,976579987,77819700,1054399687,True,11
7722,validator_70,72598453138,True,745965999,136084080,882050079,True,2
7723,validator_3,434920526890,True,638100000,72002900,710102900,False,13
7724,validator_6,415414740079,True,981499999,59887740,1041387739,True,12
7725,validator_8,288464034990,True,662600000,31870680,694470680,False,9
7726,validator_19,180654106500,True,549500000,30916470,580416470,False,5
7727,validator_28,143982722374,True,1070859991,96159080,1167019071,True,4
7728,validator_93,53169513430,True,663100000,49137780,712237780,False,1
7729,validator_15,245682577263,True,698818004,51504130,750322134,True,7
7730,validator_0,654248442726,True,863688004,111532670,975220674,True,20
7731,validator_39,110507172120,True,869000000,23040400,892040400,False,3
7732,validator_6,416351666620,True,817634011,119292530,936926541,True,13
7733,validator_51,77344093551,True,831418004,85574050,916992054,True,2
7734,validator_53,59512694359,True,1349600005,96354120,1445954125,True,1
7735,validator_0,655331408527,True,1035380011,47585790,1082965801,True,20
7736,validator_6,417447845977,True,1016743997,79435360,1096179357,True,13
7737,validator_24,165786433290,True,868659992,72279580,940939572,True,5
7738,validator_13,204569968721,True,912199994,122063200,1034263194,True,6
7739,validator_33,158012209797,True,1079644004,157570430,1237214434,True,4
7740,validator_26,154947806338,True,997919992,69393320,1067313312,True,4
7741,validator_14,245514945193,True,760686000,80102140,840788140,True,7
7742,validator_20,153971908910,True,631100000,52033610,683133610,False,4
7743,validator_9,286572138470,True,662300000,33697140,695997140,False,8
7744,validator_8,289148271190,True,651500000,32736200,684236200,False,9
7745,validator_91,51192508170,True,568400000,39190180,607590180,False,1
7746,validator_13,205403991976,True,718159995,115863260,834023255,True,6
7747,validator_22,154509173840,True,616000000,24135670,640135670,False,4
7748,validator_6,418432579614,True,884315997,100417640,984733637,True,13
7749,validator_3,435698240950,True,742500000,35214060,777714060,False,13
7750,validator_5,366333523206,True,724340000,116645270,840985270,True,11
7751,validator_7,389219101291,True,639859994,61384160,701244154,True,12
7752,validator_1,681342506653,True,1305639992,91873180,1397513172,True,21
7753,validator_8,289919413070,True,750900000,20241880,771141880,False,9
7754,validator_22,155169919660,True,637500000,23245820,660745820,False,4
7755,validator_17,224151694616,True,1127939993,107064160,1235004153,True,7
7756,validator_58,71936444669,True,700264005,74244740,774508745,True,2
7757,validator_8,290752819870,True,807000000,26406800,833406800,False,9
7758,validator_18,184977569830,True,589000000,53502900,642502900,False,5
7759,validator_10,276082281600,True,560300000,29584560,589884560,False,8
7760,validator_79,54827519850,True,439600000,69899110,509499110,False,1
7761,validator_0,656054419149,True,648688012,74322610,723010622,True,20
7762,validator_32,155474592596,True,992779989,105038570,1097818559,True,4
7763,validator_1,682914514975,True,1485199992,86808330,1572008322,True,21
7764,validator_76,55304477980,True,637200000,20442760,657642760,False,1
7765,validator_39,111106230430,True,564900000,34158310,599058310,False,3
7766,validator_43,101606590310,True,580400000,72536030,652936030,False,3
7767,validator_50,79372022461,True,975520008,57649800,1033169808,True,2
7768,validator_41,121246472290,True,597900000,34131920,632031920,False,3
7769,validator_8,291393728510,True,626900000,14008640,640908640,False,9
7770,validator_74,48393380060,True,660400000,70834370,731234370,False,1
7771,validator_0,656786047894,True,684949995,46678750,731628745,True,20
7772,validator_72,52241831040,True,479500000,13154010,492654010,False,1
7773,validator_45,73680305126,True,653540009,88214200,741754209,True,2
7774,validator_1,683657659528,True,696826003,46318550,743144553,True,21
7775,validator_17,225027912321,True,827460005,48757700,876217705,True,7
7776,validator_6,419535712776,True,1040298002,62835160,1103133162,True,13
7777,validator_14,246315065292,True,723739999,76380100,800120099,True,7
7778,validator_2,477018014650,True,616300000,15311220,631611220,False,14
7779,validator_14,247481333193,True,1088183991,78083910,1166267901,True,7
7780,validator_10,276768391310,True,643900000,42209710,686109710,False,8
7781,validator_14,248711322887,True,1124902004,105087690,1229989694,True,7
7782,validator_25,154782372919,True,1164217998,95501380,1259719378,True,4
7783,validator_11,277051123760,True,598500000,38321750,636821750,False,8
7784,validator_24,166758848833,True,917280003,55135540,972415543,True,5
7785,validator_11,277711592800,True,636400000,24069040,660469040,False,8
7786,validator_14,249748868416,True,916000009,121545520,1037545529,True,7
7787,validator_28,144927379489,True,860900015,83757100,944657115,True,4
7788,validator_4,396849691652,True,860517995,101530600,962048595,True,12
7789,validator_2,477582705950,True,507840000,56851300,564691300,False,14
7790,validator_40,111798092400,True,737400000,28238890,765638890,False,3
7791,validator_63,75595977628,True,894179982,83439800,977619782,True,2
7792,validator_42,105008110210,True,422000000,18313130,440313130,False,3
7793,validator_18,185850471660,True,839300000,33601830,872901830,False,5
7794,validator_3,436282614030,True,558600000,25773080,584373080,False,13
7795,validator_82,53135714640,True,538700000,32990430,571690430,False,1
7796,validator_0,657472337575,True,596466001,89823680,686289681,True,20
7797,validator_5,367645509235,True,1198620009,113366020,1311986029,True,11
7798,validator_34,103336940640,True,422200000,48794290,470994290,False,3
7799,validator_21,160181981350,True,673700000,48110280,721810280,False,5
7800,validator_58,73021238612,True,991194003,93599940,1084793943,True,2
7801,validator_16,227817174961,True,554019998,151945970,705965968,True,7
7802,validator_20,154572313430,True,584900000,15504520,600404520,False,4
7803,validator_76,55739084740,True,392100000,42506760,434606760,False,1
7804,validator_14,250516757615,True,675486019,92403180,767889199,True,7
7805,validator_8,292050377800,True,644700000,11949290,656649290,False,9
7806,validator_1,684281486553,True,595439995,28387030,623827025,True,21
7807,validator_43,102330266200,True,671900000,51775890,723675890,False,3
7808,validator_91,51929489190,True,701300000,35681020,736981020,False,1
7809,validator_14,251432761736,True,840539991,75464130,916004121,True,7
7810,validator_16,228793589173,True,908574002,67840210,976414212,True,7
7811,validator_6,420437959759,True,782818003,119428980,902246983,True,13
7812,validator_3,437042469890,True,733900000,25955860,759855860,False,13
7813,validator_92,50665297270,True,475800000,32144630,507944630,False,1
7814,validator_5,368742203211,True,1011171996,85521980,1096693976,True,11
7815,validator_84,45999220730,True,575600000,33988960,609588960,False,1
7816,validator_4,397720579240,True,761579998,109307590,870887588,True,12
7817,validator_24,167879231611,True,1017119998,103262780,1120382778,True,5
7818,validator_19,181070448540,True,374000000,42342040,416342040,False,5
7819,validator_21,161097872780,True,882700000,33191430,915891430,False,5
7820,validator_95,46813075810,True,849200000,42812660,892012660,False,1
7821,validator_0,658591166362,True,1013900007,104928780,1118828787,True,20
7822,validator_5,369900026717,True,1084321996,73501510,1157823506,True,11
7823,validator_1,685165753472,True,797479989,86786930,884266919,True,21
7824,validator_33,158925811203,True,788700006,124901400,913601406,True,4
7825,validator_24,169915365539,True,1929385988,106747940,2036133928,True,5
7826,validator_35,101880405570,True,546800000,30661140,577461140,False,3
7827,validator_11,278242017910,True,513300000,17125110,530425110,False,8
7828,validator_0,659645231433,True,943087991,110977080,1054065071,True,20
7829,validator_0,660560776389,True,797645996,117898960,915544956,True,20
7830,validator_0,661469802990,True,872100001,36926600,909026601,True,20
7831,validator_13,206376925348,True,892167992,80765380,972933372,True,6
7832,validator_8,292605494850,True,470600000,84517050,555117050,False,9
7833,validator_12,222382367554,True,935360016,99334940,1034694956,True,6
7834,validator_31,133327418678,True,915110007,64768100,979878107,True,4
7835,validator_42,105547795460,True,488900000,50785250,539685250,False,3
7836,validator_9,287447353770,True,824800000,50415300,875215300,False,8
7837,validator_2,478196999790,True,589700000,24593840,614293840,False,14
7838,validator_25,155835633657,True,921863998,131396740,1053260738,True,4
7839,validator_3,437634113370,True,536300000,55343480,591643480,False,13
7840,validator_1,686098006017,True,833713995,98538550,932252545,True,21
7841,validator_54,59280973689,True,742826001,89704620,832530621,True,1
7842,validator_8,293356646790,True,703600000,47551940,751151940,False,9
7843,validator_27,158249449333,True,750139998,84354450,834494448,True,4
7844,validator_84,46688657260,True,669100000,20336530,689436530,False,1
7845,validator_2,478857444300,True,651700000,8744510,660444510,False,14
7846,validator_21,161793937300,True,661000000,35064520,696064520,False,5
7847,validator_51,78389837145,True,945193994,100549600,1045743594,True,2
7848,validator_21,162415233590,True,562300000,58996290,621296290,False,5
7849,validator_62,61597043075,True,847998002,97776990,945774992,True,1
7850,validator_18,186287368960,True,415800000,21097300,436897300,False,5
7851,validator_53,60455338715,True,823338016,119306340,942644356,True,1
7852,validator_27,159295421690,True,947783987,98188370,1045972357,True,4
7853,validator_4,398798929885,True,1010720005,67630640,1078350645,True,12
7854,validator_36,110395999110,True,614400000,21879840,636279840,False,3
7855,validator_35,102426173150,True,532000000,13767580,545767580,False,3
7856,validator_30,149863227861,True,940959997,102374950,1043334947,True,4
7857,validator_6,421541945986,True,996614007,107372220,1103986227,True,13
7858,validator_14,252264221901,True,703880005,127580160,831460165,True,7
7859,validator_62,62741306437,True,1061334002,82929360,1144263362,True,1
7860,validator_8,293968243660,True,579400000,32196870,611596870,False,9
7861,validator_77,52117890520,True,617000000,60098740,677098740,False,1
7862,validator_1,687296349721,True,1073234004,125109700,1198343704,True,21
7863,validator_8,294619532070,True,605100000,46188410,651288410,False,9
7864,validator_30,150990122990,True,1034860009,92035120,1126895129,True,4
7865,validator_31,134344180937,True,956999999,59762260,1016762259,True,4
7866,validator_29,147821524321,True,940056003,84858790,1024914793,True,4
7867,validator_45,74586015902,True,775959996,129750780,905710776,True,2
7868,validator_14,253486514273,True,1127466002,94826370,1222292372,True,7
7869,validator_39,111512488100,True,378900000,27357670,406257670,False,3
7870,validator_38,95851196150,True,678900000,38640200,717540200,False,2
7871,validator_5,371133070826,True,1166800009,66244100,1233044109,True,11
7872,validator_8,295239346560,True,596400000,23414490,619814490,False,9
7873,validator_2,479551198920,True,645700000,48054620,693754620,False,14
7874,validator_23,163181839030,True,644700000,20575470,665275470,False,5
7875,validator_41,121846135110,True,551800000,47862820,599662820,False,3
7876,validator_40,112482471510,True,635800000,48579110,684379110,False,3
7877,validator_76,56474851800,True,671800000,63967060,735767060,False,1
7878,validator_34,103973607130,True,619000000,17666490,636666490,False,3
7879,validator_9,288239636560,True,731900000,60382790,792282790,False,9
7880,validator_25,156705015516,True,761953999,107427860,869381859,True,4
7881,validator_5,371692686413,True,541800007,17815580,559615587,True,11
7882,validator_10,277433137690,True,652100000,12646380,664746380,False,8
7883,validator_0,662743999996,True,1183300006,90897000,1274197006,True,20
7884,validator_63,76608475173,True,926920005,85577540,1012497545,True,2
7885,validator_74,49160529100,True,733700000,33449040,767149040,False,1
7886,validator_1,688298723867,True,903380006,98994140,1002374146,True,21
7887,validator_1,689781232876,True,1373449999,109059010,1482509009,True,21
7888,validator_7,390409714272,True,1041756011,148856970,1190612981,True,12
7889,validator_5,372772111028,True,987756005,91668610,1079424615,True,11
7890,validator_7,391200415557,True,685365995,105335290,790701285,True,12
7891,validator_33,160033085970,True,1015457997,91816770,1107274767,True,5
7892,validator_24,170486531661,True,506016002,65150120,571166122,True,5
7893,validator_7,392196154404,True,904911997,90826850,995738847,True,12
7894,validator_6,422560535441,True,943583995,75005460,1018589455,True,13
7895,validator_10,278106266650,True,650200000,22928960,673128960,False,8
7896,validator_37,109255603560,True,645000000,35596890,680596890,False,3
7897,validator_5,373634512448,True,729855990,132545430,862401420,True,11
7898,validator_34,104456118200,True,452480000,30031070,482511070,False,3
7899,validator_44,60090615779,True,1025724010,112846470,1138570480,True,1
7900,validator_27,160483616768,True,1112439998,75755080,1188195078,True,5
7901,validator_3,438420995590,True,750100000,36782220,786882220,False,13
7902,validator_2,480217829450,True,603900000,62730530,666630530,False,15
7903,validator_11,279043390830,True,749100000,52272920,801372920,False,8
7904,validator_20,155175769180,True,531900000,71555750,603455750,False,4
7905,validator_7,393202149234,True,950920000,55074830,1005994830,True,12
7906,validator_50,80588968799,True,1136439998,80506340,1216946338,True,2
7907,validator_18,186888025590,True,563600000,37056630,600656630,False,5
7908,validator_21,162982553740,True,547700000,19620150,567320150,False,5
7909,validator_15,246565949190,True,797319997,86051930,883371927,True,7
7910,validator_14,254607087064,True,953423991,167148800,1120572791,True,7
7911,validator_0,663878724279,True,1025700003,109024280,1134724283,True,20
7912,validator_7,394173685838,True,929600004,41936600,971536604,True,12
7913,validator_54,60070105021,True,690264002,98867330,789131332,True,1
7914,validator_12,223728684335,True,1230948001,115368780,1346316781,True,6
7915,validator_14,255983639065,True,1320940001,55612000,1376552001,True,7
7916,validator_41,122375001040,True,514600000,14265930,528865930,False,3
7917,validator_11,279813221130,True,701200000,68630300,769830300,False,8
7918,validator_12,224658960920,True,852129995,78146590,930276585,True,7
7919,validator_12,225710920112,True,981997992,69961200,1051959192,True,7
7920,validator_13,207181440789,True,699900001,104615440,804515441,True,6
7921,validator_43,102955200700,True,610600000,14334500,624934500,False,3
7922,validator_16,229985911380,True,1063017997,129304210,1192322207,True,7
7923,validator_5,374909467635,True,1144720007,130235180,1274955187,True,11
7924,validator_39,112117396860,True,594100000,10808760,604908760,False,3
7925,validator_4,399766217869,True,880680004,86607980,967287984,True,12
7926,validator_21,163697999490,True,662100000,53345750,715445750,False,5
7927,validator_17,226114856914,True,1023499993,63444600,1086944593,True,7
7928,validator_52,61693528834,True,692580008,45520680,738100688,True,1
7929,validator_12,226750352788,True,954526006,84906670,1039432676,True,7
7930,validator_49,62341673047,True,930234002,55444790,985678792,True,1
7931,validator_0,664781892364,True,867319995,35848090,903168085,True,20
7932,validator_35,103191525380,True,711000000,54352230,765352230,False,3
7933,validator_9,288929296030,True,647500000,42159470,689659470,False,9
7934,validator_0,665558751169,True,718800015,58058790,776858805,True,20
7935,validator_12,227927453144,True,1061687996,115412360,1177100356,True,7
7936,validator_21,164422604160,True,677500000,47104670,724604670,False,5
7937,validator_17,226929823420,True,627249996,187716510,814966506,True,7
7938,validator_15,247490780515,True,877895995,46935330,924831325,True,7
7939,validator_26,156170397274,True,1093927996,128662940,1222590936,True,4
7940,validator_8,296040535080,True,770000000,31188520,801188520,False,9
7941,validator_81,49929572170,True,476800000,49480400,526280400,False,1
7942,validator_1,691139424210,True,1252159994,106031340,1358191334,True,21
7943,validator_6,423828917545,True,1174566004,93816100,1268382104,True,13
7944,validator_4,400566977828,True,690197999,110561960,800759959,True,12
7945,validator_6,424924018140,True,979153995,115946600,1095100595,True,13
7946,validator_1,692388265002,True,1164446002,84394790,1248840792,True,21
7947,validator_58,74095162187,True,1043980005,29943570,1073923575,True,2
7948,validator_19,181699530330,True,553100000,75981790,629081790,False,5
7949,validator_0,666570532757,True,936279998,75501590,1011781588,True,20
7950,validator_37,109733461590,True,462700000,15158030,477858030,False,3
7951,validator_0,667863057990,True,1200415993,92109240,1292525233,True,20
7952,validator_25,157733653949,True,973720003,54918430,1028638433,True,4
7953,validator_6,425923328473,True,944620003,54690330,999310333,True,13
7954,validator_18,187522364430,True,618800000,15538840,634338840,False,5
7955,validator_45,75210820907,True,558696005,66109000,624805005,True,2
7956,validator_9,289556138560,True,603700000,23142530,626842530,False,9
7957,validator_34,105162862840,True,667600000,39144640,706744640,False,3
7958,validator_1,693222560702,True,735268000,99027700,834295700,True,21
7959,validator_3,438867959150,True,392700000,54263560,446963560,False,13
7960,validator_4,401582150945,True,913040007,102133110,1015173117,True,12
7961,validator_51,79181443706,True,737036001,54570560,791606561,True,2
7962,validator_13,208501982288,True,1253865989,66675510,1320541499,True,6
7963,validator_63,77599644239,True,968839996,22329070,991169066,True,2
7964,validator_19,182459084940,True,733600000,25954610,759554610,False,5
7965,validator_43,103428364170,True,456600000,16563470,473163470,False,3
7966,validator_21,165158367930,True,714400000,21363770,735763770,False,5
7967,validator_55,50040260144,True,759105990,76766970,835872960,True,1
7968,validator_0,668715539757,True,719160007,133321760,852481767,True,20
7969,validator_85,59824173590,True,698400000,32793620,731193620,False,1
7970,validator_87,52594853840,True,762900000,14025430,776925430,False,1
7971,validator_2,480865354220,True,590500000,57024770,647524770,False,15
7972,validator_17,227892282130,True,915040000,47418710,962458710,True,7
7973,validator_10,278909411680,True,733700000,69445030,803145030,False,8
7974,validator_0,670095015187,True,1286426000,93049430,1379475430,True,20
7975,validator_30,152097920695,True,1046939995,60857710,1107797705,True,4
7976,validator_5,375905135505,True,904079990,91587880,995667870,True,11
7977,validator_9,290334545820,True,745900000,32507260,778407260,False,9
7978,validator_9,290805083240,True,423600000,46937420,470537420,False,9
7979,validator_5,376721357527,True,732154002,84068020,816222022,True,11
7980,validator_57,83424493134,True,908860012,74045980,982905992,True,2
7981,validator_84,47287600390,True,564100000,34843130,598943130,False,1
7982,validator_30,153222074903,True,1064531988,59622220,1124154208,True,4
7983,validator_10,279462224580,True,503600000,49212900,552812900,False,8
7984,validator_9,291379038740,True,523800000,50155500,573955500,False,9
7985,validator_15,248518738262,True,883749997,144207750,1027957747,True,7
7986,validator_11,280545630620,True,664200000,68209490,732409490,False,8
7987,validator_29,148823849232,True,894500001,107824910,1002324911,True,4
7988,validator_13,209331612668,True,779240000,50390380,829630380,True,6
7989,validator_0,671298379349,True,1082543982,120820180,1203364162,True,20
7990,validator_58,75355702710,True,1135460013,125080510,1260540523,True,2
7991,validator_3,439506837210,True,574200000,64678060,638878060,False,13
7992,validator_0,672566937582,True,1192221993,76336240,1268558233,True,21
7993,validator_8,296516185520,True,452700000,22950440,475650440,False,9
7994,validator_1,694339011942,True,1056800000,59651240,1116451240,True,21
7995,validator_7,395346332424,True,1028192006,144454580,1172646586,True,12
7996,validator_0,673999641904,True,1309976002,122728320,1432704322,True,21
7997,validator_1,695451332816,True,1008295984,104024890,1112320874,True,21
7998,validator_14,256904878195,True,873080000,48159130,921239130,True,8
7999,validator_96,55462340570,True,570600000,27678570,598278570,False,1
8000,validator_51,80280529967,True,1001039991,98046270,1099086261,True,2
8001,validator_6,426773425782,True,771640009,78457300,850097309,True,13
8002,validator_11,281359617580,True,801800000,12186960,813986960,False,8
8003,validator_13,210288631796,True,866199998,90819130,957019128,True,6
8004,validator_43,104114225800,True,658100000,27761630,685861630,False,3
8005,validator_75,53798556390,True,765000000,34475370,799475370,False,1
8006,validator_5,377822422081,True,1037860004,63204550,1101064554,True,11
8007,validator_70,73912288551,True,1203059993,110775420,1313835413,True,2
8008,validator_25,158705242500,True,880244001,91344550,971588551,True,4
8009,validator_41,123068181940,True,669800000,23380900,693180900,False,3
8010,validator_1,696661484457,True,1112759991,97391650,1210151641,True,21
8011,validator_86,49877829320,True,505000000,10850490,515850490,False,1
8012,validator_0,675080694754,True,977132000,103920850,1081052850,True,21
8013,validator_7,396291681159,True,865639995,79708740,945348735,True,12
8014,validator_15,249440050890,True,852340008,68972620,921312628,True,7
8015,validator_0,676592233881,True,1443438007,68101120,1511539127,True,21
8016,validator_9,292069219560,True,669400000,20780820,690180820,False,9
8017,validator_1,697999828630,True,1251640003,86704170,1338344173,True,21
8018,validator_39,112725648970,True,559700000,48552110,608252110,False,3
8019,validator_13,211252807599,True,844800003,119375800,964175803,True,6
8020,validator_1,699155842100,True,1056858000,99155470,1156013470,True,21
8021,validator_99,54641254870,True,634600000,35058620,669658620,False,1
8022,validator_29,149693064870,True,741166008,128049630,869215638,True,4
8023,validator_25,159715404750,True,914080000,96082250,1010162250,True,4
8024,validator_12,229025116327,True,1009716003,87947180,1097663183,True,7
8025,validator_3,440078617380,True,507500000,64280170,571780170,False,13
8026,validator_69,58713001528,True,563659996,86050040,649710036,True,1
8027,validator_17,229063510818,True,1054400008,116828680,1171228688,True,7
8028,validator_1,700165931126,True,889825996,120263030,1010089026,True,21
8029,validator_16,231210871570,True,1149856000,75104190,1224960190,True,7
8030,validator_6,427617755004,True,777950002,66379220,844329222,True,13
8031,validator_36,111050083610,True,581200000,72884500,654084500,False,3
8032,validator_6,428583082209,True,843179995,122147210,965327205,True,13
8033,validator_0,677558602746,True,876055995,90312870,966368865,True,21
8034,validator_16,232211971796,True,890856006,110244220,1001100226,True,7
8035,validator_20,155879399500,True,668200000,35430320,703630320,False,4
8036,validator_67,62334110323,True,875120016,64946680,940066696,True,1
8037,validator_7,397408283555,True,1001559996,115042400,1116602396,True,12
8038,validator_26,156983361552,True,751283998,61680280,812964278,True,4
8039,validator_17,230107639246,True,913233998,130894430,1044128428,True,7
8040,validator_10,280121489740,True,601000000,58265160,659265160,False,8
8041,validator_5,378749512281,True,823540000,103550200,927090200,True,11
8042,validator_0,678853890930,True,1212159994,83128190,1295288184,True,21
8043,validator_72,52812042570,True,536300000,33911530,570211530,False,1
8044,validator_39,113349832570,True,607800000,16383600,624183600,False,3
8045,validator_95,47300273790,True,428100000,59097980,487197980,False,1
8046,validator_63,78795927140,True,1109309991,86972910,1196282901,True,2
8047,validator_10,280979707970,True,837700000,20518230,858218230,False,8
8048,validator_3,440817916710,True,721400000,17899330,739299330,False,13
8049,validator_12,230370754740,True,1243484003,102154410,1345638413,True,7
8050,validator_21,165943360180,True,747600000,37392250,784992250,False,5
8051,validator_3,441423215450,True,546000000,59298740,605298740,False,13
8052,validator_8,297083068110,True,528700000,38182590,566882590,False,9
8053,validator_7,398528221425,True,1086620000,33317870,1119937870,True,12
8054,validator_2,481481063550,True,575800000,39909330,615709330,False,15
8055,validator_1,701101211258,True,842620002,92660130,935280132,True,21
8056,validator_33,160761194541,True,668420021,59688550,728108571,True,5
8057,validator_15,250297608804,True,766159984,91397930,857557914,True,7
8058,validator_15,251144065430,True,772306006,74150620,846456626,True,7
8059,validator_22,155987557160,True,784500000,33137500,817637500,False,4
8060,validator_33,161834773208,True,950139997,123438670,1073578667,True,5
8061,validator_3,442187103800,True,747400000,16488350,763888350,False,13
8062,validator_55,50830781945,True,681906001,108615800,790521801,True,1
8063,validator_16,233310265052,True,1014639986,83653270,1098293256,True,7
8064,validator_7,399465631255,True,869200000,68209830,937409830,True,12
8065,validator_3,442811585680,True,604500000,19981880,624481880,False,13
8066,validator_36,111760079720,True,681900000,28096110,709996110,False,3
8067,validator_64,53939484769,True,1131259999,48983590,1180243589,True,1
8068,validator_4,402400330256,True,731296001,86883310,818179311,True,12
8069,validator_10,281626590350,True,623900000,22982380,646882380,False,8
8070,validator_42,106350634370,True,787700000,15138910,802838910,False,3
8071,validator_69,59630434079,True,777217991,140214560,917432551,True,1
8072,validator_5,379536960193,True,715752002,71695910,787447912,True,11
8073,validator_76,57264515790,True,743300000,46363990,789663990,False,1
8074,validator_30,154336724872,True,956675999,157973970,1114649969,True,4
8075,validator_58,76805436333,True,1345720003,104013620,1449733623,True,2
8076,validator_25,160773590920,True,897232010,160954160,1058186170,True,5
8077,validator_6,429601689393,True,964380004,54227180,1018607184,True,13
8078,validator_9,292738922560,True,605900000,63803000,669703000,False,9
8079,validator_16,234402563759,True,968313997,123984710,1092298707,True,7
8080,validator_7,400592205997,True,1046808012,79766730,1126574742,True,12
8081,validator_7,401810054784,True,1070767987,147080800,1217848787,True,12
8082,validator_11,282016165070,True,587400000,69147490,656547490,False,8
8083,validator_33,162850863798,True,879390000,136700590,1016090590,True,5
8084,validator_90,54097008200,True,567900000,45384630,613284630,False,1
8085,validator_19,183079215240,True,568000000,52130300,620130300,False,5
8086,validator_16,235231013888,True,732237989,96212140,828450129,True,7
8087,validator_93,54030273730,True,822100000,38660300,860760300,False,1
8088,validator_0,679895486116,True,894300006,147295180,1041595186,True,21
8089,validator_70,74581785952,True,591320001,78177400,669497401,True,2
8090,validator_99,55204414390,True,520300000,42859520,563159520,False,1
8091,validator_1,702057913348,True,882680000,74022090,956702090,True,21
8092,validator_2,482110267270,True,591100000,38103720,629203720,False,15
8093,validator_2,482861953660,True,721200000,30486390,751686390,False,15
8094,validator_57,84487723421,True,978699997,84530290,1063230287,True,2
8095,validator_56,60026154139,True,992313997,83524510,1075838507,True,1
8096,validator_33,163765950507,True,844468009,70618700,915086709,True,5
8097,validator_50,81563493271,True,904416002,70108470,974524472,True,2
8098,validator_15,252242796930,True,1063715990,35015510,1098731500,True,7
8099,validator_1,702991221936,True,871479998,61828590,933308588,True,21
8100,validator_14,257726458171,True,749914006,71665970,821579976,True,8
8101,validator_29,151072721992,True,1236060002,143597120,1379657122,True,4
8102,validator_39,114086579250,True,673900000,62846680,736746680,False,3
8103,validator_15,253293692688,True,937774008,113121750,1050895758,True,7
8104,validator_32,156361504492,True,807521996,79389900,886911896,True,4
8105,validator_2,483624702490,True,737400000,25348830,762748830,False,15
8106,validator_25,161962693531,True,1157134011,31968600,1189102611,True,5
8107,validator_8,297700534440,True,552400000,65066330,617466330,False,9
8108,validator_13,212278742516,True,939623997,86310920,1025934917,True,6
8109,validator_7,402457894617,True,601186003,46653830,647839833,True,12
8110,validator_84,47876528860,True,565600000,23328470,588928470,False,1
8111,validator_0,680949441338,True,934442002,119513220,1053955222,True,21
8112,validator_0,682000596305,True,969399987,81754980,1051154967,True,21
8113,validator_27,161635024812,True,1025880004,125528040,1151408044,True,5
8114,validator_7,403690710045,True,1129319998,103495430,1232815428,True,12
8115,validator_3,443283585020,True,450400000,21599340,471999340,False,13
8116,validator_33,165213866203,True,1291438006,156477690,1447915696,True,5
8117,validator_1,704246165635,True,1167859999,87083700,1254943699,True,22
8118,validator_33,166557439778,True,1263640015,79933560,1343573575,True,5
8119,validator_14,258593240893,True,783506002,83276720,866782722,True,8
8120,validator_18,188388414920,True,830900000,35150490,866050490,False,5
8121,validator_13,213433750312,True,1037700006,117307790,1155007796,True,6
8122,validator_24,171624916937,True,1065340006,73045270,1138385276,True,5
8123,validator_17,230905126022,True,759906006,37580770,797486776,True,7
8124,validator_9,293427346960,True,669900000,18524400,688424400,False,9
8125,validator_0,682827953322,True,747559987,79797030,827357017,True,21
8126,validator_8,298299566800,True,543100000,55932360,599032360,False,9
8127,validator_27,162775106888,True,1073651996,66430080,1140082076,True,5
8128,validator_9,294189678590,True,720200000,42131630,762331630,False,9
8129,validator_50,82926283415,True,1262765994,100024150,1362790144,True,2
8130,validator_7,404838258260,True,1078604005,68944210,1147548215,True,12
8131,validator_12,230979555461,True,565679991,43120730,608800721,True,7
8132,validator_0,683845166317,True,955580005,61632990,1017212995,True,21
8133,validator_43,104845776350,True,694300000,37250550,731550550,False,3
8134,validator_1,705226063056,True,901799991,78097430,979897421,True,22
8135,validator_0,684776320561,True,855160014,75994230,931154244,True,21
8136,validator_58,78084662755,True,1147060012,132166410,1279226422,True,2
8137,validator_41,123596003220,True,500600000,27221280,527821280,False,3
8138,validator_17,231679842682,True,694040000,80676660,774716660,True,7
8139,validator_1,706415511468,True,1088994012,100454400,1189448412,True,22
8140,validator_16,235865405912,True,565859994,68532030,634392024,True,7
8141,validator_22,156529133070,True,514800000,26775910,541575910,False,4
8142,validator_8,299068053630,True,713300000,55186830,768486830,False,9
8143,validator_77,52669292190,True,532600000,18801670,551401670,False,1
8144,validator_15,254608232313,True,1222100015,92439610,1314539625,True,7
8145,validator_28,145649280295,True,669719996,52180810,721900806,True,4
8146,validator_16,236886380820,True,940406008,80568900,1020974908,True,7
8147,validator_3,443837015060,True,535400000,18030040,553430040,False,13
8148,validator_19,183626998930,True,519800000,27983690,547783690,False,5
8149,validator_3,444769285820,True,861000000,71270760,932270760,False,13
8150,validator_0,685745679454,True,881539993,87818900,969358893,True,21
8151,validator_16,238077263256,True,1129079986,61802450,1190882436,True,7
8152,validator_1,707383292292,True,875854004,91926820,967780824,True,22
8153,validator_21,166676719800,True,685400000,47959620,733359620,False,5
8154,validator_21,167420079320,True,708100000,35259520,743359520,False,5
8155,validator_0,686696434892,True,848118008,102637430,950755438,True,21
8156,validator_8,299618672990,True,532000000,18619360,550619360,False,9
8157,validator_4,403236942563,True,804614007,31998300,836612307,True,12
8158,validator_19,184274926000,True,583100000,64827070,647927070,False,5
8159,validator_8,300370846020,True,721900000,30273030,752173030,False,9
8160,validator_58,79037352961,True,849099996,103590210,952690206,True,2
8161,validator_15,256078368268,True,1394680005,75455950,1470135955,True,8
8162,validator_72,53510105140,True,670300000,27762570,698062570,False,1
8163,validator_21,168109758070,True,633600000,56078750,689678750,False,5
8164,validator_42,106980233720,True,610300000,19299350,629599350,False,3
8165,validator_14,259687125584,True,1002540001,91344690,1093884691,True,8
8166,validator_27,163748411213,True,899202015,74102310,973304325,True,5
8167,validator_5,380492972374,True,846030001,109982180,956012181,True,11
8168,validator_2,484162362650,True,494600000,43060160,537660160,False,15
8169,validator_0,687685720341,True,931635999,57649450,989285449,True,21
8170,validator_16,239234340689,True,1089312013,67765420,1157077433,True,7
8171,validator_1,708405424631,True,941997999,80134340,1022132339,True,22
8172,validator_71,57017137459,True,1547553981,43118620,1590672601,True,1
8173,validator_0,688746829450,True,945359999,115749110,1061109109,True,21
8174,validator_39,114723384850,True,565300000,71505600,636805600,False,3
8175,validator_13,214438867267,True,931280005,73836950,1005116955,True,6
8176,validator_27,164827765957,True,1007054004,72300740,1079354744,True,5
8177,validator_39,115549488370,True,771900000,54203520,826103520,False,3
8178,validator_58,79986781108,True,877519987,71908160,949428147,True,2
8179,validator_27,165860171645,True,894499988,137905700,1032405688,True,5
8180,validator_2,485011850640,True,815900000,33587990,849487990,False,15
8181,validator_17,232697876621,True,950253999,67779940,1018033939,True,7
8182,validator_66,76809172299,True,912520010,82920900,995440910,True,2
8183,validator_76,57986523050,True,651100000,70907260,722007260,False,1
8184,validator_0,690170383580,True,1368800000,54754130,1423554130,True,21
8185,validator_19,184859627380,True,554100000,30601380,584701380,False,5
8186,validator_72,54269877970,True,735900000,23872830,759772830,False,1
8187,validator_1,709642614343,True,1150839992,86349720,1237189712,True,22
8188,validator_12,231868390358,True,780700007,108134890,888834897,True,7
8189,validator_8,300942228010,True,533200000,38181990,571381990,False,9
8190,validator_1,710557166244,True,780358001,134193900,914551901,True,22
8191,validator_1,711369209416,True,750006002,62037170,812043172,True,22
8192,validator_26,158223995766,True,1105700004,134934210,1240634214,True,4
8193,validator_15,257392221242,True,1136884004,176968970,1313852974,True,8
8194,validator_0,691225642989,True,891199999,164059410,1055259409,True,21
8195,validator_6,430489163756,True,794514003,92960360,887474363,True,13
8196,validator_5,381244652321,True,708039987,43639960,751679947,True,11
8197,validator_59,61240080030,True,786608000,78096120,864704120,True,1
8198,validator_69,60588284976,True,858717997,99132900,957850897,True,1
8199,validator_43,105449289830,True,545800000,57713480,603513480,False,3
8200,validator_33,167320233416,True,659313988,103479650,762793638,True,5
8201,validator_5,382143169608,True,818610007,79907280,898517287,True,11
8202,validator_1,712460411987,True,1026199991,65002580,1091202571,True,22
8203,validator_54,61241790076,True,1075585985,96099070,1171685055,True,1
8204,validator_6,431782867190,True,1170959994,122743440,1293703434,True,13
8205,validator_9,294891777800,True,652900000,49199210,702099210,False,9
8206,validator_14,260541253183,True,743533999,110593600,854127599,True,8
8207,validator_10,282298677760,True,640300000,31787410,672087410,False,8
8208,validator_9,295387999430,True,481900000,14321630,496221630,False,9
8209,validator_5,383122534786,True,906945998,72419180,979365178,True,11
8210,validator_7,405757621380,True,825400000,93963120,919363120,True,12
8211,validator_7,406753265200,True,911317990,84325830,995643820,True,12
8212,validator_3,445441643670,True,659100000,13257850,672357850,False,13
8213,validator_15,258717031611,True,1203916999,120893370,1324810369,True,8
8214,validator_22,157123588980,True,578700000,15755910,594455910,False,4
8215,validator_7,407864532123,True,986194003,125072920,1111266923,True,12
8216,validator_6,432993532309,True,1127099999,83565120,1210665119,True,13
8217,validator_46,67196695670,True,903179999,91336730,994516729,True,2
8218,validator_1,713809309925,True,1245127998,103769940,1348897938,True,22
8219,validator_11,282805310180,True,748800000,40345110,789145110,False,8
8220,validator_8,301653212980,True,670000000,40984970,710984970,False,9
8221,validator_50,83940014291,True,927297996,86432880,1013730876,True,2
8222,validator_45,76280110360,True,965229993,104059460,1069289453,True,2
8223,validator_14,261538085052,True,863279999,133551870,996831869,True,8
8224,validator_30,155447414484,True,1025840002,84849610,1110689612,True,4
8225,validator_15,259736358262,True,962960001,56366650,1019326651,True,8
8226,validator_11,283363561780,True,527900000,30351600,558251600,False,8
8227,validator_10,282892629560,True,572100000,21851800,593951800,False,8
8228,validator_0,692291643854,True,918769995,147230870,1066000865,True,21
8229,validator_12,232707107588,True,697878000,140839230,838717230,True,7
8230,validator_97,57022313300,True,634900000,42436240,677336240,False,1
8231,validator_8,302161358240,True,490600000,17545260,508145260,False,9
8232,validator_1,714598797556,True,681600001,107887630,789487631,True,22
8233,validator_79,55453297590,True,603800000,21977740,625777740,False,1
8234,validator_2,485677856360,True,656400000,9605720,666005720,False,15
8235,validator_19,185711548140,True,770200000,81720760,851920760,False,5
8236,validator_10,283492166040,True,568900000,30636480,599536480,False,8
8237,validator_19,186618170270,True,856300000,50322130,906622130,False,5
8238,validator_21,168605213560,True,465000000,30455490,495455490,False,5
8239,validator_29,152260520666,True,1068123984,119674690,1187798674,True,4
8240,validator_3,445991706630,True,523500000,26562960,550062960,False,13
8241,validator_0,693186901267,True,800533993,94723420,895257413,True,21
8242,validator_5,384355726097,True,1128028011,105163300,1233191311,True,12
8243,validator_5,385195926731,True,740219994,99980640,840200634,True,12
8244,validator_64,55014912182,True,872418003,203009410,1075427413,True,1
8245,validator_94,54560781040,True,723700000,42127380,765827380,False,1
8246,validator_17,233611548635,True,859592004,54080010,913672014,True,7
8247,validator_41,123999352150,True,379800000,23548930,403348930,False,3
8248,validator_29,152933852454,True,615195998,58135790,673331788,True,4
8249,validator_13,215594154240,True,1094170003,61116970,1155286973,True,6
8250,validator_5,386017399797,True,710209996,111263070,821473066,True,12
8251,validator_2,486329503530,True,605700000,45947170,651647170,False,15
8252,validator_6,434309572901,True,1198407992,117632600,1316040592,True,13
8253,validator_1,716030055087,True,1373600001,57657530,1431257531,True,22
8254,validator_5,387046614861,True,950179994,79035070,1029215064,True,12
8255,validator_63,80087888399,True,1205724009,86237250,1291961259,True,2
8256,validator_21,169314319450,True,664000000,45105890,709105890,False,5
8257,validator_10,284171549610,True,648200000,31183570,679383570,False,8
8258,validator_33,168298187664,True,891800008,86154240,977954248,True,5
8259,validator_39,116388781120,True,811500000,27792750,839292750,False,3
8260,validator_18,189253294580,True,831900000,32979660,864879660,False,5
8261,validator_18,189878605190,True,577700000,47610610,625310610,False,5
8262,validator_8,302786866220,True,608900000,16607980,625507980,False,9
8263,validator_76,58740570530,True,703900000,50147480,754047480,False,1
8264,validator_1,716758831280,True,616800013,111976180,728776193,True,22
8265,validator_40,113137578460,True,604500000,50606950,655106950,False,3
8266,validator_42,107623853810,True,623900000,19720090,643620090,False,3
8267,validator_0,693980792995,True,730319998,63571730,793891728,True,21
8268,validator_73,56214929950,True,799700000,18609330,818309330,False,1
8269,validator_30,156708468805,True,1182200001,78854320,1261054321,True,4
8270,validator_11,283962441210,True,573000000,25879430,598879430,False,8
8271,validator_20,156599844750,True,661000000,59445250,720445250,False,4
8272,validator_56,60904650153,True,849940004,28556010,878496014,True,1
8273,validator_10,284724655420,True,500000000,53105810,553105810,False,8
8274,validator_67,63118549881,True,696839998,87599560,784439558,True,1
8275,validator_76,59365151570,True,573000000,51581040,624581040,False,1
8276,validator_1,717725657185,True,845320005,121505900,966825905,True,22
8277,validator_21,169785470750,True,442000000,29151300,471151300,False,5
8278,validator_21,170381682260,True,527500000,68711510,596211510,False,5
8279,validator_6,435093058966,True,749627995,33858070,783486065,True,13
8280,validator_16,240065920534,True,745413995,86165850,831579845,True,7
8281,validator_8,303294135790,True,488000000,19269570,507269570,False,9
8282,validator_54,62176587128,True,814064002,120733050,934797052,True,1
8283,validator_0,695063298959,True,1009839994,72665970,1082505964,True,21
8284,validator_3,446525093740,True,508300000,25087110,533387110,False,13
8285,validator_15,260748415368,True,937758006,74299100,1012057106,True,8
8286,validator_6,435715557776,True,524644000,97854810,622498810,True,13
8287,validator_45,77470663651,True,1100699991,89853300,1190553291,True,2
8288,validator_27,167112493626,True,1178534011,73787970,1252321981,True,5
8289,validator_10,285133204140,True,391000000,17548720,408548720,False,8
8290,validator_50,85126140989,True,1084459998,101666700,1186126698,True,2
8291,validator_7,408661692277,True,678500014,118660140,797160154,True,12
8292,validator_31,135282299935,True,856262008,81856990,938118998,True,4
8293,validator_40,114061694900,True,889800000,34316440,924116440,False,3
8294,validator_21,170992704200,True,534400000,76621940,611021940,False,5
8295,validator_75,54537395670,True,719500000,19339280,738839280,False,1
8296,validator_26,159161529605,True,817499999,120033840,937533839,True,4
8297,validator_10,285868534600,True,687200000,48130460,735330460,False,8
8298,validator_18,190487016130,True,558910000,49500940,608410940,False,5
8299,validator_72,54909071870,True,596800000,42393900,639193900,False,1
8300,validator_4,404679097726,True,1370620003,71535160,1442155163,True,12
8301,validator_9,295934428250,True,510900000,35528820,546428820,False,9
8302,validator_99,55834520730,True,623200000,6906340,630106340,False,1
8303,validator_69,61882908240,True,1234220004,60403260,1294623264,True,1
8304,validator_29,154027967149,True,1006043995,88070700,1094114695,True,4
8305,validator_12,234413060997,True,1612373999,93579410,1705953409,True,7
8306,validator_5,387878653073,True,720625992,111412220,832038212,True,12
8307,validator_50,85971873480,True,767166001,78566490,845732491,True,2
8308,validator_1,718648360107,True,778999992,143702930,922702922,True,22
8309,validator_11,284526717590,True,554100000,10176380,564276380,False,8
8310,validator_82,53675289070,True,512400000,27174430,539574430,False,1
8311,validator_36,112569288190,True,762400000,46808470,809208470,False,3
8312,validator_2,487054020820,True,664800000,59717290,724517290,False,15
8313,validator_11,285118894260,True,532500000,59676670,592176670,False,8
8314,validator_46,68488136890,True,1152213990,139227230,1291441220,True,2
8315,validator_25,162941808591,True,813520000,165595060,979115060,True,5
8316,validator_32,157929184849,True,1493394007,74286350,1567680357,True,4
8317,validator_13,216431294557,True,744623997,92516320,837140317,True,6
8318,validator_92,51308580530,True,588500000,54783260,643283260,False,1
8319,validator_10,286295902560,True,371200000,56167960,427367960,False,8
8320,validator_42,108366742700,True,679400000,63488890,742888890,False,3
8321,validator_14,262366142176,True,770900004,57157120,828057124,True,8
8322,validator_17,234394330084,True,717394009,65387440,782781449,True,7
8323,validator_35,103953834390,True,671800000,90509010,762309010,False,3
8324,validator_20,157126830370,True,516100000,10885620,526985620,False,4
8325,validator_2,487742363870,True,616200000,72143050,688343050,False,15
8326,validator_0,696038506436,True,900659997,74547480,975207477,True,21
8327,validator_35,104487081770,True,484200000,49047380,533247380,False,3
8328,validator_30,157977984271,True,1147334006,122181460,1269515466,True,4
8329,validator_2,488348503000,True,524000000,82139130,606139130,False,15
8330,validator_21,171802328730,True,749400000,60224530,809624530,False,5
8331,validator_88,46005267980,True,646400000,47020560,693420560,False,1
8332,validator_23,163952657410,True,733800000,37018380,770818380,False,5
8333,validator_68,69572947183,True,1197280001,121857190,1319137191,True,2
8334,validator_27,168373069190,True,1163716014,96859550,1260575564,True,5
8335,validator_2,488991648560,True,570000000,73145560,643145560,False,15
8336,validator_45,78507726894,True,986710003,50353240,1037063243,True,2
8337,validator_18,191335142770,True,807800000,40326640,848126640,False,5
8338,validator_2,489601122510,True,593300000,16173950,609473950,False,15
8339,validator_1,719701291785,True,929120008,123811670,1052931678,True,22
8340,validator_14,263205540661,True,751167995,88230490,839398485,True,8
8341,validator_6,436582725288,True,826300002,40867510,867167512,True,13
8342,validator_0,697183671923,True,1024676007,120489480,1145165487,True,21
8343,validator_27,169468028798,True,1029335988,65623620,1094959608,True,5
8344,validator_17,235246276092,True,731067998,120878010,851946008,True,7
8345,validator_5,388926441416,True,899786003,148002340,1047788343,True,12
8346,validator_46,69821970885,True,1222620005,111213990,1333833995,True,2
8347,validator_4,405792019053,True,1013329987,99591340,1112921327,True,12
8348,validator_17,235878024544,True,577538002,54210450,631748452,True,7
8349,validator_35,105069892760,True,524200000,58610990,582810990,False,3
8350,validator_52,62773163393,True,980739999,98894560,1079634559,True,1
8351,validator_5,390047225740,True,1067080004,53704320,1120784324,True,12
8352,validator_1,720715946730,True,913089995,101564950,1014654945,True,22
8353,validator_18,192092418640,True,715300000,41975870,757275870,False,6
8354,validator_27,170822439061,True,1267168003,87242260,1354410263,True,5
8355,validator_17,236651194677,True,683785993,89384140,773170133,True,7
8356,validator_9,296707555810,True,722300000,50827560,773127560,False,9
8357,validator_31,136360293037,True,939206012,138787090,1077993102,True,4
8358,validator_68,70310151085,True,603134002,134069900,737203902,True,2
8359,validator_90,54635146900,True,504200000,33938700,538138700,False,1
8360,validator_5,391041068249,True,921180009,72662500,993842509,True,12
8361,validator_1,721641181753,True,890439983,34795040,925235023,True,22
8362,validator_58,81034619319,True,943200001,104638210,1047838211,True,2
8363,validator_18,192827506970,True,681900000,53188330,735088330,False,6
8364,validator_40,114842210990,True,719200000,61316090,780516090,False,3
8365,validator_16,240825557016,True,672579992,87056490,759636482,True,7
8366,validator_33,169127245492,True,672208008,156849820,829057828,True,5
8367,validator_55,51871870872,True,939614007,101474920,1041088927,True,1
8368,validator_69,62783494944,True,812880004,87706700,900586704,True,1
8369,validator_3,447083339160,True,526600000,31645420,558245420,False,13
8370,validator_31,137546763495,True,1098774008,87696450,1186470458,True,4
8371,validator_41,124594376660,True,560000000,35024510,595024510,False,3
8372,validator_7,409604266437,True,827324010,115250150,942574160,True,12
8373,validator_1,722500713402,True,807559999,51971650,859531649,True,22
8374,validator_10,286974449580,True,633700000,44847020,678547020,False,8
8375,validator_1,723177714951,True,584639999,92361550,677001549,True,22
8376,validator_1,724417789404,True,1143448003,96626450,1240074453,True,22
8377,validator_10,287543100970,True,537200000,31451390,568651390,False,8
8378,validator_12,235795237678,True,1340746001,41430680,1382176681,True,7
8379,validator_19,187167857200,True,524100000,25586930,549686930,False,5
8380,validator_5,392102042597,True,893439998,167534350,1060974348,True,12
8381,validator_5,393158691170,True,912124013,144524560,1056648573,True,12
8382,validator_35,105792484490,True,702400000,20191730,722591730,False,3
8383,validator_15,261467820244,True,648288006,71116870,719404876,True,8
8384,validator_67,64241539667,True,999240006,123749780,1122989786,True,2
8385,validator_21,172634033510,True,808600000,23104780,831704780,False,5
8386,validator_1,725368354920,True,920599996,29965520,950565516,True,22
8387,validator_17,237609053167,True,829500000,128358490,957858490,True,7
8388,validator_57,85722759537,True,1139667996,95368120,1235036116,True,2
8389,validator_29,155374852432,True,1262538003,84347280,1346885283,True,4
8390,validator_33,170034602891,True,828523999,78833400,907357399,True,5
8391,validator_35,106485675390,True,643510000,49680900,693190900,False,3
8392,validator_28,146924937611,True,1160340016,115317300,1275657316,True,4
8393,validator_5,394241692900,True,1067500010,15501720,1083001730,True,12
8394,validator_42,108855425670,True,440800000,47882970,488682970,False,3
8395,validator_23,164445606740,True,475600000,17349330,492949330,False,5
8396,validator_33,170945836951,True,787859990,123374070,911234060,True,5
8397,validator_27,171873496746,True,924986005,126071680,1051057685,True,5
8398,validator_36,113204760300,True,611400000,24072110,635472110,False,3
8399,validator_33,172267579722,True,1252059991,69682780,1321742771,True,5
8400,validator_3,447718792510,True,610800000,24653350,635453350,False,13
8401,validator_35,107263064140,True,730500000,46888750,777388750,False,3
8402,validator_27,172792793229,True,822879993,96416490,919296483,True,5
8403,validator_2,490371878930,True,731600000,39156420,770756420,False,15
8404,validator_34,106020272580,True,804900000,52509740,857409740,False,3
8405,validator_21,173269539660,True,601500000,34006150,635506150,False,5
8406,validator_2,490966491220,True,545900000,48712290,594612290,False,15
8407,validator_3,448497145410,True,720300000,58052900,778352900,False,14
8408,validator_0,698106422758,True,857731985,65018850,922750835,True,21
8409,validator_67,65246137308,True,880800001,123797640,1004597641,True,2
8410,validator_0,699037438573,True,864213995,66801820,931015815,True,21
8411,validator_3,449154176880,True,620700000,36331470,657031470,False,14
8412,validator_38,96522020210,True,640600000,30224060,670824060,False,3
8413,validator_26,160113303447,True,881244002,70529840,951773842,True,5
8414,validator_45,79388786189,True,771019995,110039300,881059295,True,2
8415,validator_1,726267623086,True,836620016,62648150,899268166,True,22
8416,validator_29,156461075808,True,1034459996,51763380,1086223376,True,4
8417,validator_30,159214134847,True,1138056006,98094570,1236150576,True,4
8418,validator_5,395454319285,True,1143360015,69266370,1212626385,True,12
8419,validator_13,217220905428,True,711312001,78298870,789610871,True,6
8420,validator_9,297325818760,True,589800000,28462950,618262950,False,9
8421,validator_5,396761039334,True,1184017999,122702050,1306720049,True,12
8422,validator_60,52424476049,True,707680002,60446260,768126262,True,1
8423,validator_17,238193600502,True,518394005,66153330,584547335,True,7
8424,validator_8,304246811300,True,926300000,26375510,952675510,False,9
8425,validator_41,125089634200,True,445900000,49357540,495257540,False,3
8426,validator_1,727539594656,True,1181520010,90451560,1271971570,True,22
8427,validator_35,107947111350,True,643500000,40547210,684047210,False,3
8428,validator_25,164044260107,True,1014238006,88213510,1102451516,True,5
8429,validator_27,173679498175,True,845579986,41124960,886704946,True,5
8430,validator_88,46734152890,True,695300000,33584910,728884910,False,1
8431,validator_87,53198666770,True,575100000,28712930,603812930,False,1
8432,validator_7,410378164658,True,732006001,41892220,773898221,True,12
8433,validator_36,113793953860,True,573200000,15993560,589193560,False,3
8434,validator_2,491442433280,True,440800000,35142060,475942060,False,15
8435,validator_81,50567888390,True,602200000,36116220,638316220,False,1
8436,validator_7,411336197258,True,886626000,71406600,958032600,True,12
8437,validator_18,193397219830,True,559300000,10412860,569712860,False,6
8438,validator_8,304857798810,True,545500000,65487510,610987510,False,9
8439,validator_19,187853449020,True,621100000,64491820,685591820,False,5
8440,validator_0,700085674232,True,948265999,99969660,1048235659,True,21
8441,validator_18,194123529510,True,680000000,46309680,726309680,False,6
8442,validator_13,218058615249,True,761365991,76343830,837709821,True,6
8443,validator_95,47889933650,True,521600000,68059860,589659860,False,1
8444,validator_12,236798938574,True,857997996,145702900,1003700896,True,7
8445,validator_3,449789946410,True,623600000,12169530,635769530,False,14
8446,validator_27,174691426834,True,937940009,73988650,1011928659,True,5
8447,validator_2,492047851130,True,581300000,24117850,605417850,False,15
8448,validator_5,397679169509,True,834400015,83730160,918130175,True,12
8449,validator_12,238025189280,True,1132420006,93830700,1226250706,True,7
8450,validator_91,52627692850,True,636600000,61603660,698203660,False,1
8451,validator_1,728873736241,True,1207092005,127049580,1334141585,True,22
8452,validator_52,63735260213,True,874405990,87690830,962096820,True,1
8453,validator_38,97345930010,True,769300000,54609800,823909800,False,3
8454,validator_17,238998280181,True,742379999,62299680,804679679,True,7
8455,validator_28,147971469623,True,941219992,105312020,1046532012,True,4
8456,validator_34,106631752550,True,578500000,32979970,611479970,False,3
8457,validator_18,194817024900,True,663600000,29895390,693495390,False,6
8458,validator_7,412668123260,True,1213900002,118026000,1331926002,True,12
8459,validator_11,285821676870,True,683600000,19182610,702782610,False,8
8460,validator_28,148843162365,True,818759992,52932750,871692742,True,4
8461,validator_1,729880930998,True,946115987,61078770,1007194757,True,22
8462,validator_16,241625119605,True,671187999,128374590,799562589,True,7
8463,validator_66,77871017909,True,975975990,85869620,1061845610,True,2
8464,validator_22,157701555930,True,561100000,16866950,577966950,False,4
8465,validator_50,86877041202,True,865520002,39647720,905167722,True,2
8466,validator_3,450388929760,True,563200000,35783350,598983350,False,14
8467,validator_1,730672384921,True,697882003,93571920,791453923,True,22
8468,validator_21,173983348880,True,652000000,61809220,713809220,False,5
8469,validator_0,701194957397,True,1048273995,61009170,1109283165,True,21
8470,validator_2,492722512010,True,608100000,66560880,674660880,False,15
8471,validator_8,305470393910,True,584700000,27895100,612595100,False,9
8472,validator_84,48482312330,True,536600000,69183470,605783470,False,1
8473,validator_33,173115137034,True,793165992,54391320,847557312,True,5
8474,validator_13,218813788520,True,693920001,61253270,755173271,True,6
8475,validator_4,406674062643,True,809760010,72283580,882043590,True,12
8476,validator_36,114513074520,True,688600000,30520660,719120660,False,3
8477,validator_37,110550907840,True,755600000,61846250,817446250,False,3
8478,validator_13,220183219469,True,1302619989,66810960,1369430949,True,6
8479,validator_10,288376981350,True,791600000,42280380,833880380,False,9
8480,validator_32,158836563055,True,777677996,129700210,907378206,True,4
8481,validator_2,493390446750,True,610500000,57434740,667934740,False,15
8482,validator_0,702216870362,True,911999995,109912970,1021912965,True,21
8483,validator_53,61338654382,True,750480007,132835660,883315667,True,1
8484,validator_4,407794230686,True,1074939993,45228050,1120168043,True,12
8485,validator_44,61066768721,True,910670002,65482940,976152942,True,1
8486,validator_1,731616715997,True,841625996,102705080,944331076,True,22
8487,validator_15,262464982959,True,928726005,68436710,997162715,True,8
8488,validator_18,195607531200,True,735300000,55206300,790506300,False,6
8489,validator_34,107262078820,True,573400000,56926270,630326270,False,3
8490,validator_26,161058694571,True,903499994,41891130,945391124,True,5
8491,validator_32,159827737652,True,853340007,137834590,991174597,True,4
8492,validator_55,53243210896,True,1274029984,97310040,1371340024,True,1
8493,validator_4,409303327740,True,1360980014,148117040,1509097054,True,12
8494,validator_23,165269216580,True,787200000,36409840,823609840,False,5
8495,validator_23,165930667590,True,635300000,26151010,661451010,False,5
8496,validator_1,732352859345,True,641349998,94793350,736143348,True,22
8497,validator_9,297955364830,True,606700000,22846070,629546070,False,9
8498,validator_0,703183440507,True,840947995,125622150,966570145,True,21
8499,validator_15,263505934937,True,959700008,81251970,1040951978,True,8
8500,validator_15,264621196849,True,1028320012,86941900,1115261912,True,8
8501,validator_2,494132232920,True,630100000,111686170,741786170,False,15
8502,validator_8,306076751960,True,568500000,37858050,606358050,False,9
8503,validator_73,56935557170,True,692700000,27927220,720627220,False,1
8504,validator_16,242509175863,True,836199988,47856270,884056258,True,7
8505,validator_19,188446610860,True,575300000,17861840,593161840,False,5
8506,validator_49,63300138045,True,876699998,81765000,958464998,True,1
8507,validator_9,298537172720,True,538200000,43607890,581807890,False,9
8508,validator_14,264206555038,True,955653997,45360380,1001014377,True,8
8509,validator_50,87773804091,True,798713999,98048890,896762889,True,2
8510,validator_6,437719934244,True,984958006,152250950,1137208956,True,13
8511,validator_18,196437878660,True,814400000,15947460,830347460,False,6
8512,validator_29,157185687905,True,614449997,110162100,724612097,True,4
8513,validator_6,438994322919,True,1159128005,115260670,1274388675,True,13
8514,validator_97,57561789470,True,448300000,91176170,539476170,False,1
8515,validator_14,265139321535,True,851767997,80998500,932766497,True,8
8516,validator_25,165139580848,True,1015980001,79340740,1095320741,True,5
8517,validator_11,286557052640,True,707500000,27875770,735375770,False,8
8518,validator_0,704194495974,True,885673997,125381470,1011055467,True,22
8519,validator_7,413586233959,True,810279999,107830700,918110699,True,12
8520,validator_8,306740634630,True,622300000,41582670,663882670,False,9
8521,validator_50,88796592482,True,927818001,94970390,1022788391,True,2
8522,validator_11,287164283760,True,578700000,28531120,607231120,False,8
8523,validator_0,705157914882,True,835660008,127758900,963418908,True,22
8524,validator_72,55363438800,True,412100000,42266930,454366930,False,1
8525,validator_79,56038404260,True,564900000,20206670,585106670,False,1
8526,validator_7,414643977510,True,955947991,101795560,1057743551,True,12
8527,validator_0,706047420456,True,822740004,66765570,889505574,True,22
8528,validator_89,49595408280,True,745700000,49219180,794919180,False,1
8529,validator_66,78924187399,True,938830000,114339490,1053169490,True,2
8530,validator_42,109528609990,True,644700000,28484320,673184320,False,3
8531,validator_7,415793031674,True,1008051994,141002170,1149054164,True,12
8532,validator_13,221201973283,True,914629994,104123820,1018753814,True,6
8533,validator_63,81247146792,True,1007889993,151368400,1159258393,True,2
8534,validator_39,117025672490,True,604900000,31991370,636891370,False,3
8535,validator_86,50716215800,True,773800000,64586480,838386480,False,1
8536,validator_11,287672567800,True,460000000,48284040,508284040,False,8
8537,validator_13,222488328598,True,1162820005,123535310,1286355315,True,6
8538,validator_5,398644653280,True,892440011,73043760,965483771,True,12
8539,validator_72,55850341160,True,461100000,25802360,486902360,False,1
8540,validator_0,707387742116,True,1247306010,93015650,1340321660,True,22
8541,validator_6,440017352880,True,973580001,49449960,1023029961,True,13
8542,validator_7,416467322570,True,607499996,66790900,674290896,True,13
8543,validator_0,708327094274,True,887226008,52126150,939352158,True,22
8544,validator_38,97914382820,True,546200000,22252810,568452810,False,3
8545,validator_33,174027256420,True,778972006,133147380,912119386,True,5
8546,validator_4,410253121847,True,898180007,51614100,949794107,True,12
8547,validator_5,399419611866,True,689694006,85264580,774958586,True,12
8548,validator_23,166379769720,True,415610000,33492130,449102130,False,5
8549,validator_15,265616786313,True,847239994,148349470,995589464,True,8
8550,validator_84,49160202050,True,633530000,44359720,677889720,False,1
8551,validator_66,79972922167,True,956479998,92254770,1048734768,True,2
8552,validator_10,288885369970,True,467200000,41188620,508388620,False,9
8553,validator_18,197064645130,True,593600000,33166470,626766470,False,6
8554,validator_39,117597463770,True,543400000,28391280,571791280,False,3
8555,validator_9,299181931640,True,591300000,53458920,644758920,False,9
8556,validator_10,289340760200,True,424100000,31290230,455390230,False,9
8557,validator_14,266060137723,True,836285998,84530190,920816188,True,8
8558,validator_3,451198889680,True,781200000,28759920,809959920,False,14
8559,validator_24,172659610344,True,905600007,129093400,1034693407,True,5
8560,validator_16,243707619584,True,1096099991,102343730,1198443721,True,7
8561,validator_23,166938737700,True,517340000,41627980,558967980,False,5
8562,validator_37,110975379050,True,372520000,51951210,424471210,False,3
8563,validator_11,288524103780,True,826900000,24635980,851535980,False,9
8564,validator_2,494727806720,True,571700000,23873800,595573800,False,15
8565,validator_35,108539076140,True,542400000,49564790,591964790,False,3
8566,validator_4,411364327605,True,1032700008,78505750,1111205758,True,12
8567,validator_1,733039868630,True,561140015,125869270,687009285,True,22
8568,validator_42,110092528430,True,495000000,68918440,563918440,False,3
8569,validator_92,52127490470,True,798900000,20009940,818909940,False,1
8570,validator_11,289143854000,True,605200000,14550220,619750220,False,9
8571,validator_27,175844894171,True,1081645997,71821340,1153467337,True,5
8572,validator_48,56112128201,True,852944002,49226980,902170982,True,1
8573,validator_25,166241839684,True,1035413996,66844840,1102258836,True,5
8574,validator_9,299810796320,True,576200000,52664680,628864680,False,9
8575,validator_63,82453976741,True,1098953999,107875950,1206829949,True,2
8576,validator_36,115021636920,True,483800000,24762400,508562400,False,3
8577,validator_6,441249887889,True,1160280019,72254990,1232535009,True,13
8578,validator_20,157887711190,True,721900000,38980820,760880820,False,4
8579,validator_63,83193317280,True,645679999,93660540,739340539,True,2
8580,validator_11,289891500420,True,701500000,46146420,747646420,False,9
8581,validator_51,81657215330,True,1246908003,129777360,1376685363,True,2
8582,validator_48,56878274106,True,695340005,70805900,766145905,True,1
8583,validator_17,239790120345,True,717470004,74370160,791840164,True,7
8584,validator_34,107864141090,True,590500000,11562270,602062270,False,3
8585,validator_29,158154686280,True,882898005,86100370,968998375,True,4
8586,validator_15,266745150428,True,1057040005,71324110,1128364115,True,8
8587,validator_1,733878314024,True,748459994,89985400,838445394,True,22
8588,validator_8,307210942720,True,455300000,15008090,470308090,False,9
8589,validator_37,111388690200,True,400670000,12641150,413311150,False,3
8590,validator_39,118317181900,True,682500000,37218130,719718130,False,3
8591,validator_66,80548276897,True,513280000,62074730,575354730,True,2
8592,validator_9,300665489460,True,802100000,52593140,854693140,False,9
8593,validator_20,158713081350,True,803800000,21570160,825370160,False,4
8594,validator_47,57573666859,True,961980017,51649940,1013629957,True,1
8595,validator_72,56567247190,True,672200000,44706030,716906030,False,1
8596,validator_31,138256326163,True,610494008,99068660,709562668,True,4
8597,validator_25,167178772918,True,863120004,73813230,936933234,True,5
8598,validator_0,709209093512,True,790400008,91599230,881999238,True,22
8599,validator_0,710323200004,True,1002714002,111392490,1114106492,True,22
8600,validator_34,108771113480,True,857000000,49972390,906972390,False,3
8601,validator_15,267825452689,True,999724001,80578260,1080302261,True,8
8602,validator_8,307986039270,True,715300000,59796550,775096550,False,9
8603,validator_7,417545163857,True,992678007,85163280,1077841287,True,13
8604,validator_0,711240006709,True,817914005,98892700,916806705,True,22
8605,validator_1,734831341600,True,875805996,77221580,953027576,True,22
8606,validator_51,82500556953,True,777876003,65465620,843341623,True,2
8607,validator_10,289843443540,True,489600000,13083340,502683340,False,9
8608,validator_37,111967844420,True,548370000,30784220,579154220,False,3
8609,validator_1,735905152447,True,986698007,87112840,1073810847,True,22
8610,validator_1,736914182999,True,947959982,61070570,1009030552,True,23
8611,validator_92,52770791140,True,596800000,46500670,643300670,False,1
8612,validator_2,495207331680,True,468200000,11324960,479524960,False,15
8613,validator_7,419150358697,True,1505380010,99814830,1605194840,True,13
8614,validator_49,64236976930,True,881719995,55118890,936838885,True,2
8615,validator_16,244632473356,True,884406012,40447760,924853772,True,7
8616,validator_2,495827382430,True,561200000,58850750,620050750,False,15
8617,validator_24,173769073428,True,997562004,111901080,1109463084,True,5
8618,validator_6,442116888554,True,774649995,92350670,867000665,True,13
8619,validator_2,496489062010,True,627700000,33979580,661679580,False,15
8620,validator_57,86609577346,True,841499989,45317820,886817809,True,2
8621,validator_40,115408511860,True,523000000,43300870,566300870,False,3
8622,validator_23,167874410050,True,901700000,33972350,935672350,False,5
8623,validator_16,245787412789,True,1091704003,63235430,1154939433,True,7
8624,validator_52,64587872269,True,762259996,90352060,852612056,True,2
8625,validator_9,301405052550,True,689400000,50163090,739563090,False,9
8626,validator_44,62356816692,True,1219376001,70671970,1290047971,True,1
8627,validator_3,451815641380,True,582100000,34651700,616751700,False,14
8628,validator_11,290526880510,True,567500000,67880090,635380090,False,9
8629,validator_10,290511863450,True,591800000,76619910,668419910,False,9
8630,validator_4,412193723659,True,743497994,85898060,829396054,True,12
8631,validator_0,712225620993,True,892880004,92734280,985614284,True,22
8632,validator_4,413236502583,True,979599984,63178940,1042778924,True,12
8633,validator_19,189107574980,True,620800000,40164120,660964120,False,5
8634,validator_1,737938927730,True,911860001,112884730,1024744731,True,23
8635,validator_3,452305366140,True,453000000,36724760,489724760,False,14
8636,validator_9,302075167010,True,638400000,31714460,670114460,False,9
8637,validator_17,240651441371,True,816819996,44501030,861321026,True,7
8638,validator_6,442993945510,True,767937986,109118970,877056956,True,13
8639,validator_0,713315747017,True,996700004,93426020,1090126024,True,22
8640,validator_14,267079226366,True,909020003,110068640,1019088643,True,8
8641,validator_3,452903404420,True,531100000,66938280,598038280,False,14
8642,validator_27,176846159524,True,883334003,117931350,1001265353,True,5
8643,validator_5,400550568260,True,1034659994,96296400,1130956394,True,12
8644,validator_1,738955473553,True,878640003,137905820,1016545823,True,23
8645,validator_23,168517813590,True,631700000,11703540,643403540,False,5
8646,validator_84,49626952480,True,438600000,28150430,466750430,False,1
8647,validator_20,159398172900,True,613300000,71791550,685091550,False,4
8648,validator_0,714010366336,True,615460009,79159310,694619319,True,22
8649,validator_48,57729021820,True,701952014,148795700,850747714,True,1
8650,validator_30,160070582152,True,824159995,32287310,856447305,True,5
8651,validator_49,65200662902,True,857446002,106239970,963685972,True,2
8652,validator_53,62466587705,True,1025235993,102697330,1127933323,True,1
8653,validator_14,268157202758,True,905239992,172736400,1077976392,True,8
8654,validator_73,57570911080,True,607900000,27453910,635353910,False,1
8655,validator_52,65788726831,True,1092020012,108834550,1200854562,True,2
8656,validator_9,302481042520,True,374500000,31375510,405875510,False,9
8657,validator_13,223336249621,True,801864003,46057020,847921023,True,6
8658,validator_0,715177918123,True,1053320007,114231780,1167551787,True,22
8659,validator_10,291316440270,True,754100000,50476820,804576820,False,9
8660,validator_17,241690481088,True,961385997,77653720,1039039717,True,7
8661,validator_9,303073848040,True,582000000,10805520,592805520,False,9
8662,validator_74,49674943110,True,501700000,12714010,514414010,False,1
8663,validator_33,175258672203,True,1122373993,109041790,1231415783,True,5
8664,validator_37,112511540290,True,487970000,55725870,543695870,False,3
8665,validator_31,138998978088,True,704354005,38297920,742651925,True,4
8666,validator_34,109467683280,True,659900000,36669800,696569800,False,3
8667,validator_8,308452381980,True,430200000,36142710,466342710,False,9
8668,validator_9,303810463610,True,717800000,18815570,736615570,False,9
8669,validator_5,401351972250,True,750879990,50524000,801403990,True,12
8670,validator_12,238972041888,True,805903998,140948610,946852608,True,7
8671,validator_1,740020750759,True,972924006,92353200,1065277206,True,23
8672,validator_10,291974962870,True,580400000,78122600,658522600,False,9
8673,validator_5,402328160615,True,832505995,143682370,976188365,True,12
8674,validator_18,197748852810,True,655000000,29207680,684207680,False,6
8675,validator_72,57132913510,True,525000000,40666320,565666320,False,1
8676,validator_15,269157063936,True,1263099997,68511250,1331611247,True,8
8677,validator_9,304611234160,True,766800000,33970550,800770550,False,9
8678,validator_8,308985099380,True,506300000,26417400,532717400,False,9
8679,validator_74,50168232900,True,473500000,19789790,493289790,False,1
8680,validator_12,239736893106,True,691840008,73011210,764851218,True,7
8681,validator_45,80146745536,True,675079997,82879350,757959347,True,2
8682,validator_0,716299583968,True,1062725995,58939850,1121665845,True,22
8683,validator_5,403479966248,True,1059828003,91977630,1151805633,True,12
8684,validator_42,110901193740,True,749600000,59065310,808665310,False,3
8685,validator_7,420293778766,True,1087005999,56414070,1143420069,True,13
8686,validator_11,291357413300,True,819500000,11032790,830532790,False,9
8687,validator_20,160288555550,True,850700000,39682650,890382650,False,5
8688,validator_8,309653004090,True,653800000,14104710,667904710,False,9
8689,validator_17,242672871369,True,935300001,47090280,982390281,True,7
8690,validator_0,717212873864,True,866540006,46749890,913289896,True,22
8691,validator_23,169120773640,True,563200000,39760050,602960050,False,5
8692,validator_0,718569840074,True,1213514010,143452200,1356966210,True,22
8693,validator_2,497081171270,True,570600000,21509260,592109260,False,15
8694,validator_11,292043852250,True,635700000,50738950,686438950,False,9
8695,validator_68,71127348930,True,798019995,19177850,817197845,True,2
8696,validator_27,177761479443,True,820707999,94611920,915319919,True,5
8697,validator_1,740990226583,True,911940004,57535820,969475824,True,23
8698,validator_10,292759038350,True,723900000,60175480,784075480,False,9
8699,validator_3,453571837980,True,620900000,47533560,668433560,False,14
8700,validator_18,198414499840,True,604400000,61247030,665647030,False,6
8701,validator_0,719488909732,True,816180008,102889650,919069658,True,22
8702,validator_33,176317431911,True,956937998,101821710,1058759708,True,5
8703,validator_22,158209309600,True,483800000,23953670,507753670,False,4
8704,validator_0,720118993277,True,551660005,78423540,630083545,True,22
8705,validator_34,110000155960,True,468100000,64372680,532472680,False,3
8706,validator_5,404577433075,True,1032931997,64534830,1097466827,True,12
8707,validator_12,240756980944,True,966579998,53507840,1020087838,True,7
8708,validator_0,721143358946,True,925999999,98365670,1024365669,True,22
8709,validator_3,454176425390,True,547100000,57487410,604587410,False,14
8710,validator_6,443872339581,True,812698001,65696070,878394071,True,13
8711,validator_38,98492797140,True,539440000,38974320,578414320,False,3
8712,validator_49,66108898427,True,863120005,45115520,908235525,True,2
8713,validator_14,269063565740,True,795100002,111262980,906362982,True,8
8714,validator_2,497793759110,True,674900000,37687840,712587840,False,15
8715,validator_7,421340484099,True,944239993,102465340,1046705333,True,13
8716,validator_94,55323113700,True,753100000,9232660,762332660,False,1
8717,validator_0,721972087528,True,739780002,88948580,828728582,True,22
8718,validator_11,292516851280,True,427400000,45599030,472999030,False,9
8719,validator_10,293212384060,True,411200000,42145710,453345710,False,9
8720,validator_1,741949622154,True,880539991,78855580,959395571,True,23
8721,validator_88,47543717940,True,741200000,68365050,809565050,False,1
8722,validator_0,722994135349,True,880436001,141611820,1022047821,True,22
8723,validator_10,293901139190,True,628000000,60755130,688755130,False,9
8724,validator_6,444852698755,True,875900004,104459170,980359174,True,13
8725,validator_3,454703988740,True,478800000,48763350,527563350,False,14
8726,validator_33,177357662134,True,998740013,41490210,1040230223,True,5
8727,validator_1,743065670991,True,939719997,176328840,1116048837,True,23
8728,validator_31,140078280915,True,975520007,103782820,1079302827,True,4
8729,validator_2,498413760730,True,567500000,52501620,620001620,False,15
8730,validator_36,115566764750,True,500500000,44627830,545127830,False,3
8731,validator_21,174505133500,True,487800000,33984620,521784620,False,5
8732,validator_10,294503576510,True,575400000,27037320,602437320,False,9
8733,validator_74,50758163630,True,552000000,37930730,589930730,False,1
8734,validator_15,270433340373,True,1192975997,83300440,1276276437,True,8
8735,validator_7,422403484088,True,970010009,92989980,1062999989,True,13
8736,validator_35,109037338440,True,463500000,34762300,498262300,False,3
8737,validator_23,169726938850,True,551200000,54965210,606165210,False,5
8738,validator_23,170281698130,True,519400000,35359280,554759280,False,5
8739,validator_25,167950729162,True,683374014,88582230,771956244,True,5
8740,validator_40,115961483310,True,518000000,34971450,552971450,False,3
8741,validator_11,293131033420,True,557700000,56482140,614182140,False,9
8742,validator_0,724124964826,True,973714007,157115470,1130829477,True,22
8743,validator_0,725432140416,True,1202844000,104331590,1307175590,True,22
8744,validator_83,49917913530,True,732500000,27936240,760436240,False,1
8745,validator_2,499100035060,True,671700000,14574330,686274330,False,15
8746,validator_76,60061030650,True,668900000,26979080,695879080,False,1
8747,validator_21,175198933360,True,648500000,45299860,693799860,False,5
8748,validator_26,162248321902,True,1093420001,96207330,1189627331,True,5
8749,validator_52,66693934939,True,830939998,74268110,905208108,True,2
8750,validator_32,160644871276,True,712254014,104879610,817133624,True,5
8751,validator_9,305105405190,True,450200000,43971030,494171030,False,9
8752,validator_6,445488726265,True,543425990,92601520,636027510,True,13
8753,validator_17,243528762981,True,739335992,116555620,855891612,True,7
8754,validator_16,246831324721,True,984240002,59671930,1043911932,True,7
8755,validator_32,161813998387,True,993478001,175649110,1169127111,True,5
8756,validator_0,726150651442,True,626160006,92351020,718511026,True,22
8757,validator_11,293757237950,True,559000000,67204530,626204530,False,9
8758,validator_20,160810987330,True,505900000,16531780,522431780,False,5
8759,validator_73,58239178630,True,632200000,36067550,668267550,False,1
8760,validator_26,163235024709,True,905453997,81248810,986702807,True,5
8761,validator_1,744150408042,True,1007560001,77177050,1084737051,True,23
8762,validator_2,500024864360,True,881700000,43129300,924829300,False,15
8763,validator_15,271504123746,True,1027893993,42889380,1070783373,True,8
8764,validator_97,58081712320,True,496300000,23622850,519922850,False,1
8765,validator_7,423332281788,True,828230000,100567700,928797700,True,13
8766,validator_2,500611923570,True,520400000,66659210,587059210,False,15
8767,validator_1,744942409752,True,675577990,116423720,792001710,True,23
8768,validator_19,189744335930,True,618700000,18060950,636760950,False,5
8769,validator_17,244330879931,True,727000000,75116950,802116950,True,7
8770,validator_40,116463807250,True,492500000,9823940,502323940,False,3
8771,validator_17,245308017523,True,868341992,108795600,977137592,True,7
8772,validator_4,414416661790,True,1088179997,91979210,1180159207,True,12
8773,validator_4,415475130652,True,984220002,74248860,1058468862,True,12
8774,validator_47,58712186308,True,1082905999,55613450,1138519449,True,1
8775,validator_35,109780293440,True,704900000,38055000,742955000,False,3
8776,validator_0,727188111366,True,965445994,72013930,1037459924,True,22
8777,validator_21,175846854120,True,598200000,49720760,647920760,False,5
8778,validator_1,745740315456,True,722761994,75143710,797905704,True,23
8779,validator_6,446822986365,True,1183119990,151140110,1334260100,True,13
8780,validator_16,247822793664,True,866279993,125188950,991468943,True,7
8781,validator_0,728063364162,True,747877996,127374800,875252796,True,22
8782,validator_18,199053318230,True,598600000,40218390,638818390,False,6
8783,validator_78,53053773710,True,544700000,55602130,600302130,False,1
8784,validator_16,248999204269,True,1105920005,70490600,1176410605,True,7
8785,validator_11,294290995920,True,511600000,22157970,533757970,False,9
8786,validator_10,295126860170,True,600000000,23283660,623283660,False,9
8787,validator_9,305744131110,True,589050000,49675920,638725920,False,9
8788,validator_14,270302850784,True,1071855994,167429050,1239285044,True,8
8789,validator_40,117113031150,True,594340000,54883900,649223900,False,3
8790,validator_1,746900321371,True,1008160005,151845910,1160005915,True,23
8791,validator_4,416568221778,True,1028765986,64325140,1093091126,True,13
8792,validator_8,310337911730,True,640800000,44107640,684907640,False,9
8793,validator_25,169380026680,True,1305739988,123557530,1429297518,True,5
8794,validator_51,83610377537,True,1018506014,91314570,1109820584,True,2
8795,validator_9,306695787480,True,922800000,28856370,951656370,False,9
8796,validator_3,455516375600,True,774600000,37786860,812386860,False,14
8797,validator_1,747546686791,True,561464000,84901420,646365420,True,23
8798,validator_31,141256385295,True,1089240000,88864380,1178104380,True,4
8799,validator_12,241852108303,True,973921999,121205360,1095127359,True,7
8800,validator_8,310893856970,True,521700000,34245240,555945240,False,9
8801,validator_8,311630207720,True,709200000,27150750,736350750,False,9
8802,validator_8,312069457960,True,430700000,8550240,439250240,False,9
8803,validator_67,66350762685,True,1011439997,93185380,1104625377,True,2
8804,validator_72,57988512200,True,826700000,28898690,855598690,False,1
8805,validator_7,424137352767,True,724833999,80236980,805070979,True,13
8806,validator_24,174685796081,True,840914013,75808640,916722653,True,5
8807,validator_68,72071187144,True,830101994,113736220,943838214,True,2
8808,validator_13,224415370682,True,914204001,164917060,1079121061,True,7
8809,validator_5,405619066865,True,976026010,65607780,1041633790,True,12
8810,validator_3,456104635390,True,560300000,27959790,588259790,False,14
8811,validator_18,199665953680,True,600800000,11835450,612635450,False,6
8812,validator_64,55878670669,True,795984007,67774480,863758487,True,1
8813,validator_5,406537483431,True,716420016,201996550,918416566,True,12
8814,validator_19,190421638060,True,659900000,17402130,677302130,False,5
8815,validator_13,225150714210,True,645806008,89537520,735343528,True,7
8816,validator_25,170534005503,True,1035270003,118708820,1153978823,True,5
8817,validator_25,171578646166,True,984599993,60040670,1044640663,True,5
8818,validator_10,295763450510,True,616400000,20190340,636590340,False,9
8819,validator_10,296397171620,True,621300000,12421110,633721110,False,9
8820,validator_15,272560528519,True,1002480003,53924770,1056404773,True,8
8821,validator_8,312805307740,True,697600000,38249780,735849780,False,9
8822,validator_2,501286127050,True,627800000,46403480,674203480,False,15
8823,validator_4,417436232806,True,757856008,110155020,868011028,True,13
8824,validator_27,178522986935,True,603059992,158447500,761507492,True,5
8825,validator_20,161353462240,True,457800000,84674910,542474910,False,5
8826,validator_3,456837833420,True,703700000,29498030,733198030,False,14
8827,validator_51,85011377848,True,1351210001,49790310,1401000311,True,2
8828,validator_0,729301015884,True,1160640002,77011720,1237651722,True,22
8829,validator_4,418488292831,True,916315995,135744030,1052060025,True,13
8830,validator_4,419518948421,True,932799980,97855610,1030655590,True,13
8831,validator_34,110542092540,True,513800000,28136580,541936580,False,3
8832,validator_13,226396067336,True,1121120006,124233120,1245353126,True,7
8833,validator_49,67172419617,True,1024540000,38981190,1063521190,True,2
8834,validator_0,730619007320,True,1279605996,38385440,1317991436,True,22
8835,validator_42,111549110080,True,631900000,16016340,647916340,False,3
8836,validator_7,425160710123,True,915928006,107429350,1023357356,True,13
8837,validator_86,51249206500,True,496900000,36090700,532990700,False,1
8838,validator_17,246261019964,True,897880011,55122430,953002441,True,7
8839,validator_33,178301186896,True,819234002,124290760,943524762,True,5
8840,validator_33,179457142917,True,1070340001,85616020,1155956021,True,5
8841,validator_3,457531726560,True,674900000,18993140,693893140,False,14
8842,validator_93,54642529570,True,580100000,32155840,612255840,False,1
8843,validator_26,163990240908,True,678558009,76658190,755216199,True,5
8844,validator_9,307285580770,True,541600000,48193290,589793290,False,9
8845,validator_75,55011535430,True,455000000,19139760,474139760,False,1
8846,validator_2,501827917440,True,519100000,22690390,541790390,False,15
8847,validator_24,175608787176,True,813047995,109943100,922991095,True,5
8848,validator_10,297070783230,True,629800000,43811610,673611610,False,9
8849,validator_19,190897576500,True,445400000,30538440,475938440,False,5
8850,validator_36,116115952890,True,516000000,33188140,549188140,False,3
8851,validator_20,162166358460,True,780900000,31996220,812896220,False,5
8852,validator_3,458333142180,True,758700000,42715620,801415620,False,14
8853,validator_27,179744338802,True,1134139997,87211870,1221351867,True,5
8854,validator_10,297709672750,True,606400000,32489520,638889520,False,9
8855,validator_17,247438900256,True,1144559992,33320300,1177880292,True,7
8856,validator_74,51377437450,True,604800000,14473820,619273820,False,1
8857,validator_16,249881725117,True,735225988,147294860,882520848,True,7
8858,validator_2,502480471600,True,604500000,48054160,652554160,False,15
8859,validator_16,250826758060,True,841790013,103242930,945032943,True,7
8860,validator_13,227300212257,True,828795991,75348930,904144921,True,7
8861,validator_7,426289353922,True,1059127999,69515800,1128643799,True,13
8862,validator_14,271712334075,True,1323900001,85583290,1409483291,True,8
8863,validator_76,60826327960,True,708200000,57097310,765297310,False,1
8864,validator_13,228294331350,True,951145993,42973100,994119093,True,7
8865,validator_33,180255063638,True,690799991,107120730,797920721,True,5
8866,validator_77,53183899950,True,499350000,15257760,514607760,False,1
8867,validator_0,731291417072,True,636134002,36275750,672409752,True,22
8868,validator_12,242813836330,True,888710007,73018020,961728027,True,7
8869,validator_37,113168672120,True,620300000,36831830,657131830,False,3
8870,validator_38,99323405400,True,788200000,42408260,830608260,False,3
8871,validator_30,161187186337,True,1026220005,90384180,1116604185,True,5
8872,validator_29,159410400062,True,1144504002,111209780,1255713782,True,4
8873,validator_19,191633384440,True,691400000,44407940,735807940,False,5
8874,validator_1,748480321064,True,849180003,84454270,933634273,True,23
8875,validator_5,407399589742,True,769540001,92566310,862106311,True,12
8876,validator_17,248267275309,True,731081993,97293060,828375053,True,7
8877,validator_0,732213482620,True,790868008,131197540,922065548,True,22
8878,validator_27,180601030053,True,741600021,115091230,856691251,True,5
8879,validator_24,176919422992,True,1194079996,116555820,1310635816,True,5
8880,validator_1,749242710962,True,680286008,82103890,762389898,True,23
8881,validator_28,149697754664,True,744139999,110452300,854592299,True,4
8882,validator_57,87398508316,True,651308000,137622970,788930970,True,2
8883,validator_3,459060611900,True,639500000,87969720,727469720,False,14
8884,validator_32,162947045084,True,1112260007,20786690,1133046697,True,5
8885,validator_0,733684826238,True,1380019998,91323620,1471343618,True,22
8886,validator_25,172542360833,True,801760007,161954660,963714667,True,5
8887,validator_7,427108106293,True,720380001,98372370,818752371,True,13
8888,validator_18,200501079350,True,770000000,65125670,835125670,False,6
8889,validator_12,243633694007,True,732697997,87159680,819857677,True,7
8890,validator_4,420562942444,True,948340003,95654020,1043994023,True,13
8891,validator_7,428287832733,True,1105060000,74666440,1179726440,True,13
8892,validator_93,55317898790,True,631600000,43769220,675369220,False,1
8893,validator_43,106038744850,True,575300000,14155020,589455020,False,3
8894,validator_38,100022708810,True,638200000,61103410,699303410,False,3
8895,validator_16,251574378717,True,674160007,73460650,747620657,True,7
8896,validator_0,734785961542,True,1036659994,64475310,1101135304,True,22
8897,validator_34,110983398820,True,386500000,54806280,441306280,False,3
8898,validator_27,181708471138,True,1089295995,18145090,1107441085,True,5
8899,validator_1,750285386327,True,917320005,125355360,1042675365,True,23
8900,validator_23,170884014680,True,556600000,45716550,602316550,False,5
8901,validator_64,57144162448,True,1136687999,128803780,1265491779,True,1
8902,validator_9,307896891980,True,585500000,25811210,611311210,False,9
8903,validator_98,44223444810,True,809700000,9063920,818763920,False,1
8904,validator_0,735946334026,True,1011718004,148654480,1160372484,True,22
8905,validator_0,736790184662,True,778569996,65280640,843850636,True,23
8906,validator_52,68001342393,True,1222319994,85087460,1307407454,True,2
8907,validator_11,294886933390,True,574000000,21937470,595937470,False,9
8908,validator_39,118951931630,True,561400000,73349730,634749730,False,3
8909,validator_13,229399817010,True,976094000,129391660,1105485660,True,7
8910,validator_20,162680326660,True,490800000,23168200,513968200,False,5
8911,validator_2,503043121140,True,527700000,34949540,562649540,False,15
8912,validator_3,459793930430,True,686100000,47218530,733318530,False,14
8913,validator_21,176492276220,True,620100000,25322100,645422100,False,5
8914,validator_96,56246345170,True,729300000,54704600,784004600,False,1
8915,validator_93,56050394010,True,689500000,42995220,732495220,False,1
8916,validator_3,460452941060,True,617300000,41710630,659010630,False,14
8917,validator_4,421154859220,True,493420006,98496770,591916776,True,13
8918,validator_0,737593208124,True,724154002,78869460,803023462,True,23
8919,validator_37,113862009230,True,674000000,19337110,693337110,False,3
8920,validator_18,201095019470,True,577470000,16470120,593940120,False,6
8921,validator_26,164860041339,True,785804001,83996430,869800431,True,5
8922,validator_0,738461387554,True,791334000,76845430,868179430,True,23
8923,validator_42,112164071130,True,582200000,32761050,614961050,False,3
8924,validator_66,81314221027,True,678806000,87138130,765944130,True,2
8925,validator_69,63864463190,True,978320006,102648240,1080968246,True,1
8926,validator_17,249094420030,True,779158001,47986720,827144721,True,7
8927,validator_15,273417635106,True,760685997,96420590,857106587,True,8
8928,validator_12,244496523811,True,776318004,86511800,862829804,True,7
8929,validator_8,313397358350,True,551900000,40150610,592050610,False,9
8930,validator_67,67480601280,True,1040459995,89378600,1129838595,True,2
8931,validator_30,162312928378,True,1078110001,47632040,1125742041,True,5
8932,validator_11,295510951560,True,547040000,76978170,624018170,False,9
8933,validator_59,62423791151,True,1074605991,109105130,1183711121,True,1
8934,validator_1,751704899136,True,1368506009,51006800,1419512809,True,23
8935,validator_8,314044705760,True,611600000,35747410,647347410,False,9
8936,validator_33,181385056009,True,1031377991,98614380,1129992371,True,5
8937,validator_32,164189328626,True,1104830002,137453540,1242283542,True,5
8938,validator_8,314506981910,True,420000000,42276150,462276150,False,9
8939,validator_0,739655688919,True,1151339985,42961380,1194301365,True,23
8940,validator_52,68953497476,True,869416003,82739080,952155083,True,2
8941,validator_0,741119726339,True,1414720000,49317420,1464037420,True,23
8942,validator_9,308594358310,True,653800000,43666330,697466330,False,9
8943,validator_4,422171024424,True,883424004,132741200,1016165204,True,13
8944,validator_32,165337675404,True,1053266008,95080770,1148346778,True,5
8945,validator_15,274598693207,True,1070440001,110618100,1181058101,True,8
8946,validator_36,116830486750,True,647600000,66933860,714533860,False,3
8947,validator_1,752786503289,True,1012620003,68984150,1081604153,True,23
8948,validator_57,88207951259,True,753500003,55942940,809442943,True,2
8949,validator_39,119686063080,True,681400000,52731450,734131450,False,3
8950,validator_11,296006756740,True,447500000,48305180,495805180,False,9
8951,validator_24,177766805490,True,762647998,84734500,847382498,True,5
8952,validator_89,50201597360,True,579800000,26389080,606189080,False,1
8953,validator_18,201800854920,True,690600000,15235450,705835450,False,6
8954,validator_6,447654849930,True,740739995,91123570,831863565,True,13
8955,validator_7,429429900486,True,1097539993,44527760,1142067753,True,13
8956,validator_1,753715007003,True,890980004,37523710,928503714,True,23
8957,validator_83,50693916810,True,727400000,48603280,776003280,False,1
8958,validator_0,741989781704,True,797207995,72847370,870055365,True,23
8959,validator_13,230486615619,True,993825999,92972610,1086798609,True,7
8960,validator_1,754487828282,True,701299999,71521280,772821279,True,23
8961,validator_15,275342769643,True,650299996,93776440,744076436,True,8
8962,validator_17,250033072388,True,849160008,89492350,938652358,True,7
8963,validator_11,296729473170,True,675800000,46916430,722716430,False,9
8964,validator_4,423185563542,True,934287998,80251120,1014539118,True,13
8965,validator_39,120300711530,True,582100000,32548450,614648450,False,3
8966,validator_6,448897260795,True,1132854005,109556860,1242410865,True,14
8967,validator_0,743103328838,True,1004697994,108849140,1113547134,True,23
8968,validator_40,117804174740,True,643800000,47343590,691143590,False,3
8969,validator_19,192217114100,True,537600000,46129660,583729660,False,6
8970,validator_0,744372197806,True,1054593998,214274970,1268868968,True,23
8971,validator_8,315172190510,True,611200000,54008600,665208600,False,9
8972,validator_14,272757701250,True,911570005,133797170,1045367175,True,8
8973,validator_4,424265115505,True,997100003,82451960,1079551963,True,13
8974,validator_1,755495611458,True,930100016,77683160,1007783176,True,23
8975,validator_36,117474217150,True,592300000,51430400,643730400,False,3
8976,validator_25,173430386025,True,831050002,56975190,888025192,True,5
8977,validator_21,177070185550,True,548900000,29009330,577909330,False,5
8978,validator_29,160335698216,True,821061994,104236160,925298154,True,5
8979,validator_17,251382227941,True,1243906003,105249550,1349155553,True,7
8980,validator_0,745161557410,True,698683994,90675610,789359604,True,23
8981,validator_12,245191182914,True,586140003,108519100,694659103,True,7
8982,validator_9,309259315830,True,647500000,17457520,664957520,False,9
8983,validator_51,85788174070,True,662540012,114256210,776796222,True,2
8984,validator_30,163383674310,True,1044009992,26735940,1070745932,True,5
8985,validator_3,461203848120,True,674500000,76407060,750907060,False,14
8986,validator_4,425320018661,True,997258006,57645150,1054903156,True,13
8987,validator_9,309938880750,True,664400000,15164920,679564920,False,9
8988,validator_80,55165188250,True,634600000,25581990,660181990,False,1
8989,validator_30,164457349429,True,989324009,84351110,1073675119,True,5
8990,validator_21,177684460460,True,577200000,37074910,614274910,False,5
8991,validator_56,61609681891,True,652973988,52057750,705031738,True,1
8992,validator_22,158932292470,True,676500000,46482870,722982870,False,4
8993,validator_5,408493445158,True,1008054006,85801410,1093855416,True,12
8994,validator_19,192643707420,True,405700000,20893320,426593320,False,6
8995,validator_42,112915415680,True,710300000,41044550,751344550,False,3
8996,validator_44,63483142937,True,1053344005,72982240,1126326245,True,1
8997,validator_78,53696652160,True,633300000,9578450,642878450,False,1
8998,validator_31,142203820236,True,880620001,66814940,947434941,True,4
8999,validator_32,166471426164,True,1060060000,73690760,1133750760,True,5
9000,validator_1,756502516298,True,925368000,81536840,1006904840,True,23
9001,validator_11,297308286720,True,562900000,15913550,578813550,False,9
9002,validator_4,426378695641,True,963304000,95372980,1058676980,True,13
9003,validator_3,461963679790,True,732800000,27031670,759831670,False,14
9004,validator_34,111616431110,True,622400000,10632290,633032290,False,3
9005,validator_6,449657782410,True,716080015,44441600,760521615,True,14
9006,validator_24,178846259527,True,949139997,130314040,1079454037,True,5
9007,validator_38,100789161750,True,715800000,50652940,766452940,False,3
9008,validator_75,55641395120,True,617000000,12859690,629859690,False,1
9009,validator_0,745800999120,True,586220010,53221700,639441710,True,23
9010,validator_32,167684692789,True,1043513995,169752630,1213266625,True,5
9011,validator_5,409298205318,True,649098000,155662160,804760160,True,12
9012,validator_4,427565349545,True,1034690004,151963900,1186653904,True,13
9013,validator_0,746828461123,True,932345993,95116010,1027462003,True,23
9014,validator_8,315666173230,True,458900000,35082720,493982720,False,9
9015,validator_6,450766948318,True,1066091988,43073920,1109165908,True,14
9016,validator_34,112249293330,True,622200000,10662220,632862220,False,3
9017,validator_50,90057108440,True,1183940008,76575950,1260515958,True,2
9018,validator_10,298558217500,True,784600000,63944750,848544750,False,9
9019,validator_6,451644227585,True,762815997,114463270,877279267,True,14
9020,validator_23,171633863140,True,731000000,18848460,749848460,False,5
9021,validator_32,169046352434,True,1301080005,60579640,1361659645,True,5
9022,validator_29,161658241437,True,1206980001,115563220,1322543221,True,5
9023,validator_21,178395956440,True,678200000,33295980,711495980,False,5
9024,validator_18,202418824370,True,559610000,58359450,617969450,False,6
9025,validator_4,428529830837,True,885884002,78597290,964481292,True,13
9026,validator_67,68824322107,True,1239124007,104596820,1343720827,True,2
9027,validator_16,252488675837,True,757958000,156339120,914297120,True,7
9028,validator_9,310406990690,True,456060000,12049940,468109940,False,9
9029,validator_7,430378235590,True,877385994,70949110,948335104,True,13
9030,validator_64,57876038928,True,664686000,67190480,731876480,True,1
9031,validator_20,163349749980,True,594600000,74823320,669423320,False,5
9032,validator_0,748030159082,True,1077140009,124557950,1201697959,True,23
9033,validator_8,316264883820,True,577900000,20810590,598710590,False,9
9034,validator_35,110341275130,True,527100000,33881690,560981690,False,3
9035,validator_41,125855790220,True,727700000,38456020,766156020,False,3
9036,validator_21,178856730390,True,423900000,36873950,460773950,False,5
9037,validator_3,462596240140,True,619600000,12960350,632560350,False,14
9038,validator_5,410299716840,True,862359992,139151530,1001511522,True,12
9039,validator_11,297862237220,True,541500000,12450500,553950500,False,9
9040,validator_0,748955075386,True,835578004,89338300,924916304,True,23
9041,validator_17,252204462929,True,745805988,76429000,822234988,True,7
9042,validator_45,81265519669,True,975280003,143494130,1118774133,True,2
9043,validator_23,172392344650,True,721400000,37081510,758481510,False,5
9044,validator_27,182475097095,True,654042007,112583950,766625957,True,5
9045,validator_20,163979839460,True,597700000,32389480,630089480,False,5
9046,validator_24,179720513707,True,807056000,67198180,874254180,True,5
9047,validator_11,298515168150,True,588100000,64830930,652930930,False,9
9048,validator_66,82339223329,True,897008002,127994300,1025002302,True,2
9049,validator_5,411513129952,True,1127830002,85583110,1213413112,True,12
9050,validator_69,64913182489,True,892269999,156449300,1048719299,True,2
9051,validator_11,299154731790,True,610800000,28763640,639563640,False,9
9052,validator_3,463228073260,True,585000000,46833120,631833120,False,14
9053,validator_0,750136381837,True,1054264011,127042440,1181306451,True,23
9054,validator_19,193177402720,True,515300000,18395300,533695300,False,6
9055,validator_32,170092510761,True,933901997,112256330,1046158327,True,5
9056,validator_2,503761803150,True,703700000,14982010,718682010,False,15
9057,validator_25,174271108131,True,754519986,86202120,840722106,True,5
9058,validator_11,299813951700,True,608400000,50819910,659219910,False,9
9059,validator_25,174992564115,True,631860004,89595980,721455984,True,5
9060,validator_15,276234800655,True,815480012,76551000,892031012,True,8
9061,validator_29,162572740861,True,831939994,82559430,914499424,True,5
9062,validator_4,429389939826,True,786160009,73948980,860108989,True,13
9063,validator_21,179482028750,True,581900000,43398360,625298360,False,5
9064,validator_10,299540917240,True,948900000,33799740,982699740,False,9
9065,validator_24,180747188225,True,967440008,59234510,1026674518,True,5
9066,validator_15,277103052729,True,825320014,42932060,868252074,True,8
9067,validator_0,751134504617,True,927704020,70418760,998122780,True,23
9068,validator_35,110944504550,True,559700000,43529420,603229420,False,3
9069,validator_0,752036996624,True,835860007,66632000,902492007,True,23
9070,validator_38,101545345430,True,733300000,22883680,756183680,False,3
9071,validator_1,757572347795,True,961719997,108111500,1069831497,True,23
9072,validator_86,51959601670,True,667800000,42595170,710395170,False,1
9073,validator_11,300631209480,True,766100000,51157780,817257780,False,9
9074,validator_15,278532102396,True,1314599997,114449670,1429049667,True,8
9075,validator_8,316752314380,True,454410000,33020560,487430560,False,9
9076,validator_6,452405018561,True,635758006,125032970,760790976,True,14
9077,validator_6,453308549444,True,820965993,82564890,903530883,True,14
9078,validator_11,301261479840,True,613500000,16770360,630270360,False,9
9079,validator_2,504501643300,True,718200000,21640150,739840150,False,15
9080,validator_49,68080434351,True,819739994,88274740,908014734,True,2
9081,validator_6,454295761321,True,892280007,94931870,987211877,True,14
9082,validator_41,126582240450,True,713400000,13050230,726450230,False,3
9083,validator_79,56773164280,True,707700000,27060020,734760020,False,1
9084,validator_1,758662392323,True,979807998,110236530,1090044528,True,23
9085,validator_89,50911960420,True,683900000,26463060,710363060,False,1
9086,validator_9,311048160710,True,616670000,24500020,641170020,False,9
9087,validator_14,273791728759,True,902295989,131731520,1034027509,True,8
9088,validator_24,181693266284,True,855813999,90264060,946078059,True,5
9089,validator_20,164566855930,True,561900000,25116470,587016470,False,5
9090,validator_28,150560770869,True,777679995,85336210,863016205,True,4
9091,validator_18,203080596120,True,631000000,30771750,661771750,False,6
9092,validator_15,279747497951,True,1091300005,124095550,1215395555,True,8
9093,validator_75,56429395660,True,748200000,39800540,788000540,False,1
9094,validator_1,759806515878,True,1022438005,121685550,1144123555,True,23
9095,validator_2,505339410800,True,795900000,41867500,837767500,False,15
9096,validator_3,464150429180,True,884100000,38255920,922355920,False,14
9097,validator_26,165968932917,True,1034373998,74517580,1108891578,True,5
9098,validator_0,752961639924,True,845560000,79083300,924643300,True,23
9099,validator_12,246129364015,True,817274011,120907090,938181101,True,7
9100,validator_33,182809193331,True,1316019992,108117330,1424137322,True,5
9101,validator_8,317415743490,True,648200000,15229110,663429110,False,9
9102,validator_18,203700932840,True,599300000,21036720,620336720,False,6
9103,validator_32,171339120572,True,1084520001,162089810,1246609811,True,5
9104,validator_24,182794526497,True,1027988003,73272210,1101260213,True,5
9105,validator_17,253127919788,True,831499989,91956870,923456859,True,7
9106,validator_12,247380141913,True,1158759998,92017900,1250777898,True,7
9107,validator_50,91094177104,True,964488004,72580660,1037068664,True,2
9108,validator_16,253369042016,True,783819989,96546190,880366179,True,7
9109,validator_83,51343985700,True,631600000,18468890,650068890,False,1
9110,validator_50,91973897927,True,777980003,101740820,879720823,True,2
9111,validator_5,412479758427,True,858414005,108214470,966628475,True,12
9112,validator_9,311761979470,True,678000000,35818760,713818760,False,9
9113,validator_95,48690575130,True,748900000,51741480,800641480,False,1
9114,validator_10,300121569860,True,564100000,16552620,580652620,False,9
9115,validator_70,75517633387,True,881205995,54641440,935847435,True,2
9116,validator_0,753784302771,True,728349997,94312850,822662847,True,23
9117,validator_39,120883126930,True,491000000,91415400,582415400,False,3
9118,validator_51,86656323978,True,747991998,120157910,868149908,True,2
9119,validator_46,70807361233,True,954380008,31010340,985390348,True,2
9120,validator_9,312429835330,True,625870000,41985860,667855860,False,9
9121,validator_2,505858103080,True,487900000,30792280,518692280,False,15
9122,validator_31,143207478351,True,913959995,89698120,1003658115,True,4
9123,validator_32,172013621035,True,553260003,121240460,674500463,True,5
9124,validator_5,413552198064,True,965467997,106971640,1072439637,True,12
9125,validator_84,50320407790,True,605800000,87655310,693455310,False,1
9126,validator_4,430570278435,True,1093934009,86404600,1180338609,True,13
9127,validator_12,248249746059,True,839739996,29864150,869604146,True,7
9128,validator_21,180188617630,True,643100000,63488880,706588880,False,5
9129,validator_2,506589249710,True,659500000,71646630,731146630,False,15
9130,validator_14,274485022524,True,562621995,130671770,693293765,True,8
9131,validator_11,301935240590,True,624800000,48960750,673760750,False,9
9132,validator_67,69819284949,True,826220012,168742830,994962842,True,2
9133,validator_2,507388997840,True,734100000,65648130,799748130,False,15
9134,validator_9,313078334930,True,597700000,50799600,648499600,False,9
9135,validator_58,81992311810,True,830353991,127338500,957692491,True,2
9136,validator_30,165680477295,True,1172560006,50567860,1223127866,True,5
9137,validator_36,117990720950,True,488300000,28203800,516503800,False,3
9138,validator_0,754838504283,True,986904002,67297510,1054201512,True,23
9139,validator_25,176126032233,True,1066559998,66908120,1133468118,True,5
9140,validator_18,204319181650,True,595900000,22348810,618248810,False,6
9141,validator_50,92736382325,True,688589998,73894400,762484398,True,2
9142,validator_6,455202049342,True,801140011,105148010,906288021,True,14
9143,validator_67,70926288805,True,1027100006,79903850,1107003856,True,2
9144,validator_3,464752215710,True,578700000,23086530,601786530,False,14
9145,validator_24,183728336788,True,837394001,96416290,933810291,True,5
9146,validator_31,144103670889,True,815944008,80248530,896192538,True,4
9147,validator_89,51439700320,True,505100000,22639900,527739900,False,1
9148,validator_23,173186132010,True,724300000,69487360,793787360,False,5
9149,validator_37,114358249140,True,463400000,32839910,496239910,False,3
9150,validator_9,313642722430,True,510300000,54087500,564387500,False,9
9151,validator_0,755903356302,True,1006079999,58772020,1064852019,True,23
9152,validator_93,56599334480,True,533600000,15340470,548940470,False,1
9153,validator_7,431243857200,True,816140000,49481610,865621610,True,13
9154,validator_58,82810808227,True,718599987,99896430,818496417,True,2
9155,validator_7,432265186198,True,912863988,108465010,1021328998,True,13
9156,validator_11,302642561890,True,677600000,29721300,707321300,False,9
9157,validator_14,275711398631,True,1161039997,65336110,1226376107,True,8
9158,validator_4,431905407258,True,1239047993,96080830,1335128823,True,13
9159,validator_0,756674087602,True,654120000,116611300,770731300,True,23
9160,validator_3,465374294110,True,577500000,44578400,622078400,False,14
9161,validator_57,89173362611,True,874528002,90883350,965411352,True,2
9162,validator_23,173782912130,True,554400000,42380120,596780120,False,5
9163,validator_2,507891894750,True,488200000,14696910,502896910,False,15
9164,validator_19,193822790050,True,598100000,47287330,645387330,False,6
9165,validator_22,159531744180,True,537700000,61751710,599451710,False,4
9166,validator_13,232038059265,True,1447926006,103517640,1551443646,True,7
9167,validator_2,508799935270,True,868200000,39840520,908040520,False,15
9168,validator_98,44825863360,True,582300000,20118550,602418550,False,1
9169,validator_17,254114740389,True,920606001,66214600,986820601,True,7
9170,validator_60,53529951693,True,1012906004,92569640,1105475644,True,1
9171,validator_14,276587460190,True,785923999,90137560,876061559,True,8
9172,validator_0,757571643404,True,827460002,70095800,897555802,True,23
9173,validator_6,456514061259,True,1170559997,141451920,1312011917,True,14
9174,validator_20,165319346080,True,714600000,37890150,752490150,False,5
9175,validator_27,183332395043,True,757667998,99629950,857297948,True,5
9176,validator_25,177402998024,True,1160210011,116755780,1276965791,True,5
9177,validator_2,509514267850,True,698900000,15432580,714332580,False,15
9178,validator_7,433132704506,True,771485988,96032320,867518308,True,13
9179,validator_15,280674975119,True,771549998,155927170,927477168,True,8
9180,validator_8,317947469360,True,510900000,20825870,531725870,False,9
9181,validator_41,127124847200,True,495900000,46706750,542606750,False,3
9182,validator_20,165861849300,True,525200000,17303220,542503220,False,5
9183,validator_41,127762806470,True,603400000,34559270,637959270,False,3
9184,validator_69,65888317241,True,850904002,124230750,975134752,True,2
9185,validator_11,303358192020,True,687000000,28630130,715630130,False,9
9186,validator_51,87843019513,True,1123760005,62935530,1186695535,True,2
9187,validator_3,465939243430,True,510440000,54509320,564949320,False,14
9188,validator_8,318471248020,True,472300000,51478660,523778660,False,9
9189,validator_42,113502310490,True,543300000,43594810,586894810,False,3
9190,validator_3,466737639210,True,747100000,51295780,798395780,False,14
9191,validator_0,758701749275,True,992826001,137279870,1130105871,True,23
9192,validator_1,760784455309,True,881990011,95949420,977939431,True,23
9193,validator_18,204924204170,True,569000000,36022520,605022520,False,6
9194,validator_2,510012803860,True,476300000,22236010,498536010,False,15
9195,validator_86,52530385950,True,540100000,30684280,570784280,False,1
9196,validator_10,300817075480,True,663200000,32305620,695505620,False,9
9197,validator_0,759469614733,True,677040008,90825450,767865458,True,23
9198,validator_45,82622021019,True,1252780000,103721350,1356501350,True,2
9199,validator_29,163655524894,True,975539993,107244040,1082784033,True,5
9200,validator_2,510522570830,True,460200000,49566970,509766970,False,15
9201,validator_15,281768938650,True,996900001,97063530,1093963531,True,8
9202,validator_1,761724249953,True,847666004,92128640,939794644,True,23
9203,validator_18,205407432010,True,458380000,24847840,483227840,False,6
9204,validator_45,83796741305,True,1055104006,119616280,1174720286,True,2
9205,validator_9,314277055340,True,578700000,55632910,634332910,False,9
9206,validator_4,432888815829,True,891700001,91708570,983408571,True,13
9207,validator_45,84578992691,True,693279996,88971390,782251386,True,2
9208,validator_12,249032437333,True,733059994,49631280,782691274,True,7
9209,validator_35,111579037330,True,589800000,44732780,634532780,False,3
9210,validator_57,90361708557,True,1114987996,73357950,1188345946,True,2
9211,validator_45,85583272303,True,951696002,52583610,1004279612,True,2
9212,validator_4,433930061992,True,980218003,61028160,1041246163,True,13
9213,validator_45,86535948077,True,839793994,112881780,952675774,True,2
9214,validator_2,511304343910,True,734900000,46873080,781773080,False,15
9215,validator_30,166704234190,True,877058005,146698890,1023756895,True,5
9216,validator_40,118581167010,True,738300000,38692270,776992270,False,3
9217,validator_19,194400440160,True,564700000,12950110,577650110,False,6
9218,validator_80,55787203530,True,591300000,30715280,622015280,False,1
9219,validator_28,151771004080,True,1098960011,111273200,1210233211,True,4
9220,validator_32,172848017340,True,793053995,41342310,834396305,True,5
9221,validator_1,762867610826,True,1005799993,137560880,1143360873,True,23
9222,validator_11,304120919980,True,704400000,58327960,762727960,False,9
9223,validator_56,62600416720,True,940745989,49988840,990734829,True,1
9224,validator_7,433841481832,True,654470006,54307320,708777326,True,13
9225,validator_1,763982271019,True,1015004003,99656190,1114660193,True,23
9226,validator_20,166611667740,True,683600000,66218440,749818440,False,5
9227,validator_24,184794696539,True,998600011,67759740,1066359751,True,5
9228,validator_48,58685131993,True,899380003,56730170,956110173,True,1
9229,validator_13,233079290139,True,942326004,98904870,1041230874,True,7
9230,validator_1,764816600207,True,738680008,95649180,834329188,True,23
9231,validator_8,319091998410,True,606400000,14350390,620750390,False,9
9232,validator_6,457364287586,True,765106007,85120320,850226327,True,14
9233,validator_0,760429595621,True,869386008,90594880,959980888,True,23
9234,validator_54,63015781457,True,702025999,137168330,839194329,True,1
9235,validator_7,434716602771,True,797229999,77890940,875120939,True,13
9236,validator_3,467452046420,True,674800000,39607210,714407210,False,14
9237,validator_24,185829868565,True,999349996,35822030,1035172026,True,5
9238,validator_13,234059715614,True,915066005,65359470,980425475,True,7
9239,validator_34,112830116470,True,532900000,47923140,580823140,False,3
9240,validator_16,254292052846,True,830326000,92684830,923010830,True,7
9241,validator_77,53809511420,True,607100000,18511470,625611470,False,1
9242,validator_94,55857311770,True,485200000,48998070,534198070,False,1
9243,validator_12,249965387534,True,821644001,111306200,932950201,True,7
9244,validator_67,71915569206,True,822086001,167194400,989280401,True,2
9245,validator_20,167223969980,True,583000000,29302240,612302240,False,5
9246,validator_4,434631849286,True,578952004,122835290,701787294,True,13
9247,validator_8,319715205460,True,612700000,10507050,623207050,False,9
9248,validator_18,206170649800,True,724500000,38717790,763217790,False,6
9249,validator_61,64246964090,True,758099998,72200730,830300728,True,2
9250,validator_28,152962939617,True,1060465997,131469540,1191935537,True,4
9251,validator_4,435590915789,True,835160003,123906500,959066503,True,13
9252,validator_12,250710150876,True,661560012,83203330,744763342,True,7
9253,validator_65,63536164137,True,1234789990,169461230,1404251220,True,1
9254,validator_9,314919810610,True,564200000,78555270,642755270,False,9
9255,validator_68,73150619024,True,926254000,153177880,1079431880,True,2
9256,validator_48,59590038602,True,846920009,57986600,904906609,True,1
9257,validator_14,277454135194,True,784289994,82385010,866675004,True,8
9258,validator_8,320374344580,True,595900000,63239120,659139120,False,10
9259,validator_67,73045930094,True,1076602008,53758880,1130360888,True,2
9260,validator_58,83834556172,True,970580005,53167940,1023747945,True,2
9261,validator_31,145070249900,True,890520001,76059010,966579011,True,4
9262,validator_24,186837699333,True,933300008,74530760,1007830768,True,5
9263,validator_5,414599847285,True,1005550001,42099220,1047649221,True,12
9264,validator_21,180607347320,True,388800000,29929690,418729690,False,5
9265,validator_8,321021296710,True,602600000,44352130,646952130,False,10
9266,validator_30,167916465139,True,1177480009,34750940,1212230949,True,5
9267,validator_2,512001733150,True,666900000,30489240,697389240,False,16
9268,validator_53,63753478033,True,1150489998,136400330,1286890328,True,1
9269,validator_24,187945967699,True,1071154006,37114360,1108268366,True,5
9270,validator_43,106669893250,True,599070000,32078400,631148400,False,3
9271,validator_3,468111220600,True,614600000,44574180,659174180,False,14
9272,validator_4,436485105975,True,842320006,51870180,894190186,True,13
9273,validator_33,183778076907,True,798033996,170849580,968883576,True,5
9274,validator_61,65130185045,True,807460005,75760950,883220955,True,2
9275,validator_61,65965631976,True,782119991,53326940,835446931,True,2
9276,validator_1,765696388729,True,854900002,24888520,879788522,True,23
9277,validator_9,315427455050,True,479200000,28444440,507644440,False,9
9278,validator_17,254983912927,True,742180008,126992530,869172538,True,7
9279,validator_8,321447514110,True,380700000,45517400,426217400,False,10
9280,validator_4,437387336652,True,812185997,90044680,902230677,True,13
9281,validator_0,761519025270,True,1010300009,79129640,1089429649,True,23
9282,validator_10,301480565550,True,613400000,50090070,663490070,False,9
9283,validator_24,188943465090,True,926224001,71273390,997497391,True,5
9284,validator_6,458335954435,True,895920009,75746840,971666849,True,14
9285,validator_0,762487812477,True,926653997,42133210,968787207,True,23
9286,validator_37,114996128480,True,571700000,66179340,637879340,False,3
9287,validator_0,763517548971,True,972494004,57242490,1029736494,True,23
9288,validator_45,87811509810,True,1112578013,162983720,1275561733,True,2
9289,validator_34,113449172350,True,590400000,28655880,619055880,False,3
9290,validator_8,322028164360,True,544400000,36250250,580650250,False,10
9291,validator_0,764535940110,True,944543999,73847140,1018391139,True,23
9292,validator_0,765568721514,True,936948004,95833400,1032781404,True,23
9293,validator_9,316078619340,True,622800000,28364290,651164290,False,9
9294,validator_6,459432437243,True,1025286008,71196800,1096482808,True,14
9295,validator_5,415525103228,True,838639993,86615950,925255943,True,12
9296,validator_69,67087086553,True,1120393992,78375320,1198769312,True,2
9297,validator_94,56696828320,True,829300000,10216550,839516550,False,1
9298,validator_14,278455690528,True,950760004,50795330,1001555334,True,8
9299,validator_11,304797516750,True,637300000,39296770,676596770,False,9
9300,validator_4,438261976801,True,823307999,51332150,874640149,True,13
9301,validator_0,766922577066,True,1193930002,159925550,1353855552,True,23
9302,validator_13,235126378088,True,992539994,74122480,1066662474,True,7
9303,validator_42,114091845090,True,518000000,71534600,589534600,False,3
9304,validator_57,91299312062,True,858351985,79251520,937603505,True,2
9305,validator_1,766704286163,True,865466014,142431420,1007897434,True,23
9306,validator_69,68502300044,True,1374540001,40673490,1415213491,True,2
9307,validator_12,251901361177,True,1003520001,187690300,1191210301,True,7
9308,validator_20,168070495390,True,803600000,42925410,846525410,False,5
9309,validator_18,206865246510,True,660200000,34396710,694596710,False,6
9310,validator_1,767581367004,True,836849991,40230850,877080841,True,23
9311,validator_20,168757067890,True,654600000,31972500,686572500,False,5
9312,validator_23,174426391380,True,582100000,61379250,643479250,False,5
9313,validator_7,435619776787,True,819820006,83354010,903174016,True,13
9314,validator_1,768532031959,True,876678005,73986950,950664955,True,24
9315,validator_2,512593358230,True,540200000,51425080,591625080,False,16
9316,validator_9,316695299450,True,554080000,62600110,616680110,False,9
9317,validator_14,279726424687,True,1170259999,100474160,1270734159,True,8
9318,validator_2,513103184890,True,446590000,63236660,509826660,False,16
9319,validator_99,56499927820,True,636500000,28907090,665407090,False,1
9320,validator_1,769619996547,True,987599988,100364600,1087964588,True,24
9321,validator_10,302288477740,True,770400000,37512190,807912190,False,9
9322,validator_1,770743572702,True,1049934015,73642140,1123576155,True,24
9323,validator_3,468704341320,True,560800000,32320720,593120720,False,14
9324,validator_4,439379690216,True,1060275985,57437430,1117713415,True,13
9325,validator_16,255397883557,True,987564001,118266710,1105830711,True,7
9326,validator_1,771617996654,True,785553992,88869960,874423952,True,24
9327,validator_19,194989038390,True,553900000,34698230,588598230,False,6
9328,validator_9,317143305680,True,409310000,38696230,448006230,False,9
9329,validator_8,322701753340,True,654200000,19388980,673588980,False,10
9330,validator_0,768290532540,True,1206489984,161465490,1367955474,True,24
9331,validator_2,513932785070,True,812800000,16800180,829600180,False,16
9332,validator_8,323545610030,True,801200000,42656690,843856690,False,10
9333,validator_81,51141499330,True,543100000,30510940,573610940,False,1
9334,validator_1,772818914532,True,1072742008,128175870,1200917878,True,24
9335,validator_4,440352838860,True,893149994,79998650,973148644,True,13
9336,validator_95,49332671330,True,554600000,87496200,642096200,False,1
9337,validator_2,514631297330,True,659400000,39112260,698512260,False,16
9338,validator_26,167745994342,True,1691452015,85609410,1777061425,True,5
9339,validator_33,184432795072,True,579044005,75674160,654718165,True,5
9340,validator_42,114580873320,True,468700000,20328230,489028230,False,3
9341,validator_22,160150797630,True,564300000,54753450,619053450,False,5
9342,validator_1,773794837108,True,885923996,89998580,975922576,True,24
9343,validator_11,305528256660,True,714800000,15939910,730739910,False,9
9344,validator_23,175106109470,True,654300000,25418090,679718090,False,5
9345,validator_90,55275432540,True,621100000,19185640,640285640,False,1
9346,validator_0,769171499034,True,817860004,63106490,880966494,True,24
9347,validator_18,207394936150,True,482000000,47689640,529689640,False,6
9348,validator_12,253290350035,True,1258389998,130598860,1388988858,True,7
9349,validator_8,324049050720,True,491200000,12240690,503440690,False,10
9350,validator_1,775058297971,True,1170740003,92720860,1263460863,True,24
9351,validator_3,469498625410,True,759900000,34384090,794284090,False,14
9352,validator_54,63903982016,True,786379999,101820560,888200559,True,1
9353,validator_0,770255332222,True,884376018,199457170,1083833188,True,24
9354,validator_50,93652123284,True,853025999,62714960,915740959,True,2
9355,validator_98,45216888760,True,374000000,17025400,391025400,False,1
9356,validator_52,70100985803,True,1033919997,113568330,1147488327,True,2
9357,validator_6,460354243537,True,791388004,130418290,921806294,True,14
9358,validator_95,49865675870,True,524000000,9004540,533004540,False,1
9359,validator_62,63823138569,True,975999992,105832140,1081832132,True,1
9360,validator_31,146030595225,True,913340005,47005320,960345325,True,4
9361,validator_10,302804850790,True,478000000,38373050,516373050,False,9
9362,validator_8,324753894020,True,637200000,67643300,704843300,False,10
9363,validator_9,317730826600,True,566300000,21220920,587520920,False,9
9364,validator_11,306209203900,True,663200000,17747240,680947240,False,9
9365,validator_4,441138389004,True,738420014,47130130,785550144,True,13
9366,validator_15,282732607244,True,907713994,55954600,963668594,True,8
9367,validator_37,115794610040,True,782000000,16481560,798481560,False,3
9368,validator_27,184124514590,True,720280007,71839540,792119547,True,5
9369,validator_5,416647731128,True,1065100000,57527900,1122627900,True,13
9370,validator_4,442265603969,True,1032407995,94806970,1127214965,True,13
9371,validator_11,306913260930,True,667600000,36457030,704057030,False,9
9372,validator_2,515096844320,True,438200000,27346990,465546990,False,16
9373,validator_54,64896077063,True,906208017,85887030,992095047,True,2
9374,validator_14,280727310943,True,920265996,80620260,1000886256,True,8
9375,validator_11,307833892040,True,891000000,29631110,920631110,False,9
9376,validator_2,515794834220,True,678000000,19989900,697989900,False,16
9377,validator_4,443223339105,True,884419996,73315140,957735136,True,13
9378,validator_69,69430742510,True,858306006,70136460,928442466,True,2
9379,validator_19,195678233750,True,665700000,23495360,689195360,False,6
9380,validator_24,189762396135,True,773850015,45081030,818931045,True,5
9381,validator_2,516307843760,True,500600000,12409540,513009540,False,16
9382,validator_5,417623105665,True,903413997,71960540,975374537,True,13
9383,validator_59,63642020898,True,1119265997,98963750,1218229747,True,1
9384,validator_70,75997337864,True,408316007,71388470,479704477,True,2
9385,validator_30,169293460468,True,1299996009,76999320,1376995329,True,5
9386,validator_0,771378020323,True,1011040001,111648100,1122688101,True,24
9387,validator_47,59835686278,True,1049166000,74333970,1123499970,True,1
9388,validator_21,181194056680,True,550900000,35809360,586709360,False,5
9389,validator_10,303509022700,True,649100000,55071910,704171910,False,9
9390,validator_12,254373821998,True,985438003,98033960,1083471963,True,7
9391,validator_40,119278585750,True,664800000,32618740,697418740,False,3
9392,validator_89,52002411370,True,551200000,11511050,562711050,False,1
9393,validator_3,469983543020,True,457200000,27717610,484917610,False,14
9394,validator_0,772486020984,True,1033450001,74550660,1108000661,True,24
9395,validator_10,304104286170,True,556800000,38463470,595263470,False,9
9396,validator_76,61564090240,True,709800000,27962280,737762280,False,1
9397,validator_17,255932683318,True,880594001,68176390,948770391,True,7
9398,validator_20,169451335750,True,661900000,32367860,694267860,False,5
9399,validator_45,88900895412,True,969280012,120105590,1089385602,True,2
9400,validator_33,185455570579,True,938934007,83841500,1022775507,True,5
9401,validator_6,461411367237,True,965660010,91463690,1057123700,True,14
9402,validator_0,773478525969,True,893560015,98944970,992504985,True,24
9403,validator_18,207832676130,True,407170000,30569980,437739980,False,6
9404,validator_9,318333558190,True,586100000,16631590,602731590,False,9
9405,validator_17,257382500724,True,1397660006,52157400,1449817406,True,8
9406,validator_0,774748851203,True,1207507984,62817250,1270325234,True,24
9407,validator_8,325522266590,True,687800000,80572570,768372570,False,10
9408,validator_13,236005967816,True,794433998,85155730,879589728,True,7
9409,validator_80,56478083160,True,652800000,38079630,690879630,False,1
9410,validator_30,169933870231,True,567304003,73105760,640409763,True,5
9411,validator_72,58494888690,True,459700000,46676490,506376490,False,1
9412,validator_91,53142153210,True,461600000,52860360,514460360,False,1
9413,validator_0,775514225539,True,634673996,130700340,765374336,True,24
9414,validator_0,776739457115,True,1179040006,46191570,1225231576,True,24
9415,validator_32,173629677236,True,733240006,48419890,781659896,True,5
9416,validator_6,462420805795,True,954423998,55014560,1009438558,True,14
9417,validator_15,283621217167,True,827959983,60649940,888609923,True,8
9418,validator_93,57175815280,True,546200000,30280800,576480800,False,1
9419,validator_1,776091714803,True,862962002,170454830,1033416832,True,24
9420,validator_6,463101834037,True,610360002,70668240,681028242,True,14
9421,validator_3,470756736430,True,737700000,35493410,773193410,False,14
9422,validator_55,54267722523,True,962160007,62351620,1024511627,True,1
9423,validator_1,776937599903,True,777190000,68695100,845885100,True,24
9424,validator_38,102232420050,True,672300000,14774620,687074620,False,3
9425,validator_41,128487368810,True,590600000,133962340,724562340,False,4
9426,validator_65,64581669684,True,979179997,66325550,1045505547,True,2
9427,validator_6,464189293570,True,953762003,133697530,1087459533,True,14
9428,validator_13,237302317789,True,1249106003,47243970,1296349973,True,7
9429,validator_17,258547970487,True,1043644003,121825760,1165469763,True,8
9430,validator_16,256245770894,True,757459997,90427340,847887337,True,8
9431,validator_90,55892739760,True,546800000,70507220,617307220,False,1
9432,validator_55,55261731799,True,873320006,120689270,994009276,True,1
9433,validator_32,174691829596,True,891150000,171002360,1062152360,True,5
9434,validator_1,777748388143,True,771340000,39448240,810788240,True,24
9435,validator_29,164541170130,True,795740006,89905230,885645236,True,5
9436,validator_16,257023754566,True,733439992,44543680,777983672,True,8
9437,validator_2,516956703560,True,606500000,42359800,648859800,False,16
9438,validator_0,777757497825,True,941620000,76420710,1018040710,True,24
9439,validator_34,113963978130,True,459700000,55105780,514805780,False,3
9440,validator_38,102854476490,True,599500000,22556440,622056440,False,3
9441,validator_1,778698105830,True,871331987,78385700,949717687,True,24
9442,validator_9,318842003440,True,495700000,12745250,508445250,False,9
9443,validator_33,186085052868,True,581198009,48284280,629482289,True,5
9444,validator_4,444199133779,True,902993994,72800680,975794674,True,13
9445,validator_2,517514910990,True,519500000,38707430,558207430,False,16
9446,validator_60,54350089524,True,687253991,132883840,820137831,True,1
9447,validator_49,69275555077,True,1134149996,60970730,1195120726,True,2
9448,validator_21,182025895820,True,760100000,71739140,831839140,False,5
9449,validator_1,779617794848,True,784560008,135129010,919689018,True,24
9450,validator_70,76934294304,True,876839990,60116450,936956440,True,2
9451,validator_31,146919480773,True,810153988,78731560,888885548,True,4
9452,validator_0,778747735225,True,819179990,171057410,990237400,True,24
9453,validator_63,84365198110,True,1081559990,90320840,1171880830,True,2
9454,validator_2,518262471390,True,730000000,17560400,747560400,False,16
9455,validator_12,255516150443,True,1064599995,77728450,1142328445,True,7
9456,validator_8,326273471240,True,666600000,84604650,751204650,False,10
9457,validator_32,175401836179,True,613620003,96386580,710006583,True,5
9458,validator_23,175955195310,True,815000000,34085840,849085840,False,5
9459,validator_54,65896722717,True,917035984,83609670,1000645654,True,2
9460,validator_7,436429179770,True,735491993,73910990,809402983,True,13
9461,validator_32,176512061160,True,1041379991,68844990,1110224981,True,5
9462,validator_5,418986789230,True,1314493995,49189570,1363683565,True,13
9463,validator_34,114439750030,True,439300000,36471900,475771900,False,3
9464,validator_19,196320896250,True,620800000,21862500,642662500,False,6
9465,validator_1,780627583349,True,881462001,128326500,1009788501,True,24
9466,validator_23,176542541480,True,531300000,56046170,587346170,False,5
9467,validator_14,282044113290,True,1203860017,112942330,1316802347,True,8
9468,validator_17,259539603565,True,886200008,105433070,991633078,True,8
9469,validator_4,445355175989,True,1028274010,127768200,1156042210,True,13
9470,validator_0,779526079307,True,689805992,88538090,778344082,True,24
9471,validator_34,115042643890,True,561600000,41293860,602893860,False,3
9472,validator_17,260485999429,True,904273994,42121870,946395864,True,8
9473,validator_12,256381618073,True,773840010,91627620,865467630,True,8
9474,validator_73,58786272360,True,514800000,32293730,547093730,False,1
9475,validator_3,471554608460,True,785300000,12572030,797872030,False,14
9476,validator_12,257832505544,True,1376619991,74267480,1450887471,True,8
9477,validator_9,319435221210,True,582100000,11117770,593217770,False,9
9478,validator_58,84559441999,True,673596007,51289820,724885827,True,2
9479,validator_57,92338877710,True,921918008,117647640,1039565648,True,2
9480,validator_5,420042702794,True,942653994,113259570,1055913564,True,13
9481,validator_31,147835145902,True,830619999,85045130,915665129,True,4
9482,validator_97,58726272020,True,615300000,29259700,644559700,False,1
9483,validator_69,70891142374,True,1393921994,66477870,1460399864,True,2
9484,validator_8,326830815000,True,526800000,30543760,557343760,False,10
9485,validator_21,182697820940,True,643100000,28825120,671925120,False,5
9486,validator_24,190924584316,True,1030166001,132022180,1162188181,True,5
9487,validator_4,446267665184,True,837649995,74839200,912489195,True,13
9488,validator_0,780315754266,True,698340009,91334950,789674959,True,24
9489,validator_70,77870192988,True,829636004,106262680,935898684,True,2
9490,validator_10,304752656560,True,629700000,18670390,648370390,False,9
9491,validator_3,472240040630,True,660000000,25432170,685432170,False,14
9492,validator_75,57011288750,True,543100000,38793090,581893090,False,1
9493,validator_7,437716847991,True,1168436001,119232220,1287668221,True,13
9494,validator_30,170788160643,True,756321992,97968420,854290412,True,5
9495,validator_8,327422761470,True,556900000,35046470,591946470,False,10
9496,validator_3,472969684600,True,694000000,35643970,729643970,False,14
9497,validator_57,93265441236,True,785319986,141243540,926563526,True,2
9498,validator_97,59544471270,True,768800000,49399250,818199250,False,1
9499,validator_9,320197741890,True,720900000,41620680,762520680,False,10
9500,validator_23,177103317520,True,511500000,49276040,560776040,False,5
9501,validator_88,48220200520,True,580500000,95982580,676482580,False,1
9502,validator_81,51746757570,True,578500000,26758240,605258240,False,1
9503,validator_43,107371555470,True,663800000,37862220,701662220,False,3
9504,validator_7,438999750240,True,1176259989,106642260,1282902249,True,13
9505,validator_60,55553593337,True,1090520023,112983790,1203503813,True,1
9506,validator_2,518899857830,True,597900000,39486440,637386440,False,16
9507,validator_0,781423452987,True,1071000001,36698720,1107698721,True,24
9508,validator_0,782469404394,True,971793997,74157410,1045951407,True,24
9509,validator_38,103508187730,True,617600000,36111240,653711240,False,3
9510,validator_13,238105090599,True,762599990,40172820,802772810,True,7
9511,validator_19,197155335230,True,806500000,27938980,834438980,False,6
9512,validator_6,465561684652,True,1256880002,115511080,1372391082,True,14
9513,validator_3,473694289210,True,675200000,49404610,724604610,False,14
9514,validator_13,238953356767,True,781139998,67126170,848266168,True,7
9515,validator_24,192128370664,True,1096355998,107430350,1203786348,True,6
9516,validator_17,261305425132,True,695660003,123765700,819425703,True,8
9517,validator_8,328011425460,True,557500000,31163990,588663990,False,10
9518,validator_6,466714716997,True,1087120005,65912340,1153032345,True,14
9519,validator_0,783265063906,True,732266002,63393510,795659512,True,24
9520,validator_22,161013485430,True,816000000,46687800,862687800,False,5
9521,validator_22,161770647160,True,721300000,35861730,757161730,False,5
9522,validator_36,118731860680,True,710100000,31039730,741139730,False,3
9523,validator_1,781801890900,True,1042434001,131873550,1174307551,True,24
9524,validator_37,116426225570,True,604200000,27415530,631615530,False,3
9525,validator_2,519672625650,True,707200000,65567820,772767820,False,16
9526,validator_8,328531199140,True,480200000,39573680,519773680,False,10
9527,validator_46,71795060752,True,908589999,79109520,987699519,True,2
9528,validator_4,447054704408,True,717600004,69439220,787039224,True,13
9529,validator_48,60570078970,True,852386008,127654360,980040368,True,1
9530,validator_1,782702938862,True,849746002,51301960,901047962,True,24
9531,validator_23,177666129220,True,548600000,14211700,562811700,False,5
9532,validator_1,783682575649,True,899100007,80536780,979636787,True,24
9533,validator_14,282884733739,True,801099999,39520450,840620449,True,8
9534,validator_19,197829824410,True,639900000,34589180,674489180,False,6
9535,validator_10,305243295990,True,434850000,55789430,490639430,False,9
9536,validator_4,448159126581,True,990586003,113836170,1104422173,True,14
9537,validator_39,121621679620,True,703400000,35152690,738552690,False,3
9538,validator_3,474353538030,True,599200000,60048820,659248820,False,14
9539,validator_29,165596394850,True,965260000,89964720,1055224720,True,5
9540,validator_39,122126823680,True,431900000,73244060,505144060,False,3
9541,validator_3,475300547990,True,860100000,86909960,947009960,False,14
9542,validator_1,784760475268,True,988385989,89513630,1077899619,True,24
9543,validator_54,67249119271,True,1197968004,154428550,1352396554,True,2
9544,validator_76,62262136510,True,665200000,32846270,698046270,False,1
9545,validator_5,421279040842,True,1160859998,75478050,1236338048,True,13
9546,validator_12,258991555242,True,1068999998,90049700,1159049698,True,8
9547,validator_8,329220788650,True,647500000,42089510,689589510,False,10
9548,validator_1,785731607429,True,846275991,124856170,971132161,True,24
9549,validator_65,65558137774,True,901240010,75228080,976468090,True,2
9550,validator_5,422301932311,True,926439999,96451470,1022891469,True,13
9551,validator_2,520389205230,True,676300000,40279580,716579580,False,16
9552,validator_27,185195500086,True,931584006,139401490,1070985496,True,5
9553,validator_46,72880195854,True,1040500012,44635090,1085135102,True,2
9554,validator_16,258156173961,True,994829995,137589400,1132419395,True,8
9555,validator_45,90076331388,True,1045840006,129595970,1175435976,True,2
9556,validator_17,262266335406,True,885559994,75350280,960910274,True,8
9557,validator_4,449001825001,True,723128000,119570420,842698420,True,14
9558,validator_49,70110989539,True,755679992,79754470,835434462,True,2
9559,validator_8,329877772880,True,601300000,55684230,656984230,False,10
9560,validator_1,786650931837,True,900459988,18864420,919324408,True,24
9561,validator_8,330436296790,True,524000000,34523910,558523910,False,10
9562,validator_7,439804397734,True,627444004,177203490,804647494,True,13
9563,validator_78,54216373960,True,469400000,50321800,519721800,False,1
9564,validator_8,331002072730,True,548400000,17375940,565775940,False,10
9565,validator_6,467526067600,True,713020003,98330600,811350603,True,14
9566,validator_1,787651354781,True,924974004,75448940,1000422944,True,24
9567,validator_1,788577069318,True,871057997,54656540,925714537,True,24
9568,validator_12,260122592084,True,1079860002,51176840,1131036842,True,8
9569,validator_60,56394665564,True,721163997,119908230,841072227,True,1
9570,validator_1,789664199702,True,1017545994,69584390,1087130384,True,24
9571,validator_28,153825174615,True,778299998,83935000,862234998,True,4
9572,validator_61,67292899810,True,1269767994,57499840,1327267834,True,2
9573,validator_6,469023714284,True,1433660004,63986680,1497646684,True,14
9574,validator_2,521159889640,True,748600000,22084410,770684410,False,16
9575,validator_14,283683436903,True,693826014,104877150,798703164,True,8
9576,validator_2,521853626920,True,639800000,53937280,693737280,False,16
9577,validator_1,790590726665,True,881619993,44906970,926526963,True,24
9578,validator_0,784399557369,True,1065569993,68923470,1134493463,True,24
9579,validator_4,450206267849,True,1070959988,133482860,1204442848,True,14
9580,validator_14,284669992974,True,925240001,61316070,986556071,True,8
9581,validator_6,469740022047,True,614600013,101707750,716307763,True,14
9582,validator_32,177337130137,True,775846007,49222970,825068977,True,5
9583,validator_2,522600286390,True,728500000,18159470,746659470,False,16
9584,validator_11,308453507000,True,600800000,18814960,619614960,False,9
9585,validator_16,259282391780,True,1049619999,76597820,1126217819,True,8
9586,validator_30,172275683460,True,1429819987,57702830,1487522817,True,5
9587,validator_0,785075600220,True,642059991,33982860,676042851,True,24
9588,validator_5,423277108083,True,906440002,68735770,975175772,True,13
9589,validator_10,305741507890,True,449000000,49211900,498211900,False,9
9590,validator_12,261219983615,True,1002140001,95251530,1097391531,True,8
9591,validator_85,60377772540,True,486700000,66898950,553598950,False,1
9592,validator_5,424273995710,True,874233997,122653630,996887627,True,13
9593,validator_6,470557594240,True,744526013,73046180,817572193,True,14
9594,validator_22,162343485520,True,548200000,24638360,572838360,False,5
9595,validator_33,187119718830,True,919754002,114911960,1034665962,True,5
9596,validator_12,262540197724,True,1208290009,111924100,1320214109,True,8
9597,validator_11,309048700140,True,550800000,44393140,595193140,False,9
9598,validator_72,59150851500,True,615200000,40762810,655962810,False,1
9599,validator_1,791225485243,True,542306008,92452570,634758578,True,24
9600,validator_10,306389127920,True,592100000,55520030,647620030,False,9
9601,validator_30,173289394911,True,910779991,102931460,1013711451,True,5
9602,validator_76,62789062780,True,514500000,12426270,526926270,False,1
9603,validator_37,117119672510,True,658200000,35246940,693446940,False,3
9604,validator_11,309641547750,True,573510000,19337610,592847610,False,9
9605,validator_7,440728429625,True,809752001,114279890,924031891,True,13
9606,validator_10,306991038270,True,528700000,73210350,601910350,False,9
9607,validator_43,107858179650,True,468400000,18224180,486624180,False,3
9608,validator_9,320820261770,True,571700000,50819880,622519880,False,10
9609,validator_18,208356821210,True,473800000,50345080,524145080,False,6
9610,validator_81,52274263970,True,499900000,27606400,527506400,False,1
9611,validator_61,68251485001,True,829587991,128997200,958585191,True,2
9612,validator_5,425180020945,True,796119995,109905240,906025235,True,13
9613,validator_32,178164934810,True,742339993,85464680,827804673,True,5
9614,validator_28,154783459185,True,866679990,91604580,958284570,True,4
9615,validator_10,307426158230,True,418140000,16979960,435119960,False,9
9616,validator_40,119820130350,True,527900000,13644600,541544600,False,3
9617,validator_35,112120628800,True,505500000,36091470,541591470,False,3
9618,validator_25,178399175821,True,921119997,75057800,996177797,True,5
9619,validator_17,263384486076,True,1053095990,65054680,1118150670,True,8
9620,validator_26,168983310760,True,1072039998,165276420,1237316418,True,5
9621,validator_0,785944568012,True,781385992,87581800,868967792,True,24
9622,validator_2,523208268260,True,558300000,49681870,607981870,False,16
9623,validator_53,64891649063,True,1023720000,114451030,1138171030,True,2
9624,validator_54,68201514342,True,887840001,64555070,952395071,True,2
9625,validator_4,451106436858,True,813963999,86205010,900169009,True,14
9626,validator_11,310369764690,True,687500000,40716940,728216940,False,9
9627,validator_3,475854570410,True,524100000,29922420,554022420,False,14
9628,validator_14,285407305672,True,682839998,54472700,737312698,True,8
9629,validator_69,71941199799,True,932766005,117291420,1050057425,True,2
9630,validator_41,128994487090,True,472400000,34718280,507118280,False,4
9631,validator_57,94270230947,True,922830011,81959700,1004789711,True,2
9632,validator_1,792309496885,True,983480012,100531630,1084011642,True,24
9633,validator_7,441548230976,True,658639991,161161360,819801351,True,13
9634,validator_10,307964525250,True,528900000,9467020,538367020,False,9
9635,validator_39,122864308720,True,709500000,27985040,737485040,False,3
9636,validator_12,263796246097,True,1111713993,144334380,1256048373,True,8
9637,validator_1,793230131141,True,877205996,43428260,920634256,True,24
9638,validator_9,321550333620,True,681200000,48871850,730071850,False,10
9639,validator_41,129718101620,True,665800000,57814530,723614530,False,4
9640,validator_6,471490857514,True,835645994,97617280,933263274,True,14
9641,validator_34,115496605720,True,428700000,25261830,453961830,False,3
9642,validator_29,166685101299,True,953405989,135300460,1088706449,True,5
9643,validator_9,322265994490,True,675700000,39960870,715660870,False,10
9644,validator_2,523787589300,True,558200000,21121040,579321040,False,16
9645,validator_8,331536708780,True,488600000,46036050,534636050,False,10
9646,validator_8,332244730720,True,666200000,41821940,708021940,False,10
9647,validator_35,112994633230,True,800370000,73634430,874004430,False,3
9648,validator_20,170107735900,True,648100000,8300150,656400150,False,5
9649,validator_15,284923920233,True,1219729986,82973080,1302703066,True,8
9650,validator_53,66101179229,True,1126579996,82950170,1209530166,True,2
9651,validator_1,794222197986,True,924099995,67966850,992066845,True,24
9652,validator_0,786829473150,True,824653998,60251140,884905138,True,24
9653,validator_87,53769182360,True,512200000,58315590,570515590,False,1
9654,validator_16,260171064977,True,833040007,55633190,888673197,True,8
9655,validator_47,60778604575,True,860839997,82078300,942918297,True,1
9656,validator_9,322827804480,True,503500000,58309990,561809990,False,10
9657,validator_10,308667080900,True,659100000,43455650,702555650,False,9
9658,validator_6,472317097595,True,703214001,123026080,826240081,True,14
9659,validator_3,476328723870,True,444300000,29853460,474153460,False,14
9660,validator_2,524403654060,True,583400000,32664760,616064760,False,16
9661,validator_2,525058842090,True,627100000,28088030,655188030,False,16
9662,validator_26,169945614461,True,855240001,107063700,962303701,True,5
9663,validator_3,476847781540,True,482200000,36857670,519057670,False,14
9664,validator_36,119545605580,True,768000000,45744900,813744900,False,3
9665,validator_7,442566517480,True,939040004,79246500,1018286504,True,13
9666,validator_5,426747282535,True,1510640000,56621590,1567261590,True,13
9667,validator_35,113543790310,True,530400000,18757080,549157080,False,3
9668,validator_73,59427629290,True,565100000,76256930,641356930,False,1
9669,validator_38,104168802840,True,599000000,61615110,660615110,False,3
9670,validator_24,193304662556,True,1035430002,140861890,1176291892,True,6
9671,validator_5,427840451747,True,1015882012,77287200,1093169212,True,13
9672,validator_24,194685411689,True,1235363993,145385140,1380749133,True,6
9673,validator_23,178544838260,True,830100000,48609040,878709040,False,5
9674,validator_12,264942413331,True,1075530004,70637230,1146167234,True,8
9675,validator_23,179020331670,True,376900000,98593410,475493410,False,5
9676,validator_35,114097394260,True,486500000,67103950,553603950,False,3
9677,validator_11,311013530990,True,616000000,27766300,643766300,False,9
9678,validator_41,130196989590,True,455000000,23887970,478887970,False,4
9679,validator_3,477564212560,True,673500000,42931020,716431020,False,14
9680,validator_0,787730421875,True,843439995,57508730,900948725,True,24
9681,validator_13,239813008539,True,775206002,84445770,859651772,True,7
9682,validator_52,70850261065,True,645917992,103357270,749275262,True,2
9683,validator_2,525569816430,True,475000000,35974340,510974340,False,16
9684,validator_38,105107915930,True,893400000,45713090,939113090,False,3
9685,validator_0,789219872763,True,1374640008,114810880,1489450888,True,24
9686,validator_20,170820918220,True,672900000,40282320,713182320,False,5
9687,validator_1,795495044018,True,1200086002,72760030,1272846032,True,24
9688,validator_13,240905681698,True,1009639999,83033160,1092673159,True,7
9689,validator_11,311791259540,True,765000000,12728550,777728550,False,9
9690,validator_37,117793157020,True,611340000,62144510,673484510,False,3
9691,validator_7,443487765512,True,806090002,115158030,921248032,True,13
9692,validator_54,69071920400,True,775993988,94412070,870406058,True,2
9693,validator_68,74068117661,True,807731997,109766640,917498637,True,2
9694,validator_7,444542896227,True,953675995,101454720,1055130715,True,13
9695,validator_5,428980244190,True,1051554003,88238440,1139792443,True,13
9696,validator_31,149522990930,True,1577029988,110815040,1687845028,True,4
9697,validator_0,790345552368,True,1012290005,113389600,1125679605,True,24
9698,validator_26,171222530954,True,1215139993,61776500,1276916493,True,5
9699,validator_11,312297904390,True,478590000,28054850,506644850,False,9
9700,validator_91,53985754050,True,795600000,48000840,843600840,False,1
9701,validator_5,429805356082,True,774160012,50951880,825111892,True,13
9702,validator_70,78699449819,True,749715991,79540840,829256831,True,2
9703,validator_6,473584101601,True,1158140006,108864000,1267004006,True,14
9704,validator_38,105797300210,True,641200000,48184280,689384280,False,3
9705,validator_15,286491669273,True,1440638000,127111040,1567749040,True,8
9706,validator_7,445764931933,True,1149746006,72289700,1222035706,True,13
9707,validator_6,474622844180,True,942940009,95802570,1038742579,True,14
9708,validator_7,446612294257,True,734748004,112614320,847362324,True,13
9709,validator_7,447598439366,True,918805999,67339110,986145109,True,13
9710,validator_0,790995085092,True,547618004,101914720,649532724,True,24
9711,validator_21,183373781630,True,613400000,62560690,675960690,False,5
9712,validator_82,54397088880,True,674400000,47399810,721799810,False,1
9713,validator_34,116076611890,True,546600000,33406170,580006170,False,3
9714,validator_20,171563068750,True,696400000,45750530,742150530,False,5
9715,validator_40,120521254750,True,624800000,76324400,701124400,False,3
9716,validator_89,52570481220,True,548000000,20069850,568069850,False,1
9717,validator_44,64652896109,True,1068295992,101457180,1169753172,True,2
9718,validator_80,57179788230,True,658000000,43705070,701705070,False,1
9719,validator_24,195700741214,True,908196005,107133520,1015329525,True,6
9720,validator_1,796770511229,True,1133696001,141771210,1275467211,True,24
9721,validator_17,264350587570,True,822940004,143161490,966101494,True,8
9722,validator_19,198501451870,True,636900000,34727460,671627460,False,6
9723,validator_26,172024482443,True,717079999,84871490,801951489,True,5
9724,validator_42,115323478170,True,704100000,38504850,742604850,False,3
9725,validator_8,332873885290,True,606700000,22454570,629154570,False,10
9726,validator_26,173021946993,True,919659990,77804560,997464550,True,5
9727,validator_41,130867999620,True,621200000,49810030,671010030,False,4
9728,validator_30,174125241634,True,709118013,126728710,835846723,True,5
9729,validator_4,452339909573,True,1111580005,121892710,1233472715,True,14
9730,validator_87,54433321920,True,627400000,36739560,664139560,False,1
9731,validator_22,162833923860,True,463100000,27338340,490438340,False,5
9732,validator_78,54728808490,True,459800000,52634530,512434530,False,1
9733,validator_32,179312826794,True,1101219994,46671990,1147891984,True,5
9734,validator_3,478184699710,True,604100000,16387150,620487150,False,14
9735,validator_0,791928040706,True,820074004,112881610,932955614,True,24
9736,validator_89,53171975760,True,576700000,24794540,601494540,False,1
9737,validator_1,798053760977,True,1135579988,147669760,1283249748,True,24
9738,validator_24,196790064451,True,934903997,154419240,1089323237,True,6
9739,validator_23,179676860270,True,632300000,24228600,656528600,False,5
9740,validator_10,309338993550,True,623900000,48012650,671912650,False,9
9741,validator_5,430847988048,True,997464006,45167960,1042631966,True,13
9742,validator_10,309929085350,True,539000000,51091800,590091800,False,9
9743,validator_58,85504272373,True,851612004,93218370,944830374,True,2
9744,validator_5,431625827954,True,658165996,119673910,777839906,True,13
9745,validator_10,310661460090,True,673400000,58974740,732374740,False,9
9746,validator_37,118318923330,True,499700000,26066310,525766310,False,3
9747,validator_53,67067336576,True,844519997,121637350,966157347,True,2
9748,validator_48,61498205343,True,832939993,95186380,928126373,True,1
9749,validator_50,94393163921,True,707200007,33840630,741040637,True,2
9750,validator_11,312912065830,True,540400000,73761440,614161440,False,9
9751,validator_2,526297896100,True,656900000,71179670,728079670,False,16
9752,validator_0,792912932381,True,903404005,81487670,984891675,True,24
9753,validator_25,179310209937,True,853000006,58034110,911034116,True,5
9754,validator_27,186204972649,True,958940003,50532560,1009472563,True,5
9755,validator_83,51939011070,True,514700000,80325370,595025370,False,1
9756,validator_21,184281307600,True,836900000,70625970,907525970,False,5
9757,validator_45,91129443069,True,901312001,151799680,1053111681,True,2
9758,validator_10,311422768390,True,741200000,20108300,761308300,False,9
9759,validator_3,478728842330,True,464800000,79342620,544142620,False,14
9760,validator_4,453136896076,True,691680003,105306500,796986503,True,14
9761,validator_11,313514137610,True,583100000,18971780,602071780,False,9
9762,validator_17,265358718637,True,856604007,151527060,1008131067,True,8
9763,validator_42,115891753880,True,537880000,30395710,568275710,False,3
9764,validator_37,118856508600,True,510200000,27385270,537585270,False,3
9765,validator_63,85361605022,True,869759992,126646920,996406912,True,2
9766,validator_61,69303469158,True,1018299997,33684160,1051984157,True,2
9767,validator_14,286428310321,True,918139989,102864660,1021004649,True,8
9768,validator_0,794072226044,True,1093680003,65613660,1159293663,True,24
9769,validator_13,241685930972,True,719179994,61069280,780249274,True,7
9770,validator_8,333618089990,True,653000000,91204700,744204700,False,10
9771,validator_7,448396741376,True,727240000,71062010,798302010,True,14
9772,validator_33,188033497110,True,896000000,17778280,913778280,True,5
9773,validator_18,209001123420,True,610400000,33902210,644302210,False,6
9774,validator_25,180164784925,True,775620008,78954980,854574988,True,5
9775,validator_0,795244201297,True,1040093993,131881260,1171975253,True,24
9776,validator_43,108549080780,True,661800000,29101130,690901130,False,3
9777,validator_11,313980353230,True,442300000,23915620,466215620,False,9
9778,validator_70,79741951582,True,973440003,69061760,1042501763,True,2
9779,validator_3,479383419390,True,623200000,31377060,654577060,False,14
9780,validator_6,476000134661,True,1271699991,105590490,1377290481,True,14
9781,validator_51,88430924086,True,547320003,40584570,587904573,True,2
9782,validator_14,287332140677,True,879020006,24810350,903830356,True,8
9783,validator_1,799269132819,True,1128480002,86891840,1215371842,True,24
9784,validator_15,287440857163,True,804640000,144547890,949187890,True,8
9785,validator_37,119541032320,True,641600000,42923720,684523720,False,3
9786,validator_0,796222182826,True,865179999,112801530,977981529,True,24
9787,validator_24,197770297724,True,898766003,81467270,980233273,True,6
9788,validator_5,432666303420,True,960003986,80471480,1040475466,True,13
9789,validator_7,449524637388,True,1062960002,64936010,1127896012,True,14
9790,validator_1,800010894945,True,667505996,74256130,741762126,True,25
9791,validator_67,74106199658,True,1018599994,41669570,1060269564,True,2
9792,validator_4,454006496141,True,794060005,75540060,869600065,True,14
9793,validator_72,59920769430,True,726900000,43017930,769917930,False,1
9794,validator_66,83656020242,True,1187940003,128856910,1316796913,True,2
9795,validator_33,189294859885,True,1147263995,114098780,1261362775,True,5
9796,validator_3,480047704600,True,646400000,17885210,664285210,False,15
9797,validator_2,527010372180,True,691200000,21276080,712476080,False,16
9798,validator_20,172052351690,True,479100000,10182940,489282940,False,5
9799,validator_48,62419644433,True,810499990,110939100,921439090,True,1
9800,validator_82,55089764760,True,652800000,39875880,692675880,False,1
9801,validator_42,116524704470,True,597900000,35050590,632950590,False,3
9802,validator_25,181126190606,True,867680001,93725680,961405681,True,5
9803,validator_59,64553827087,True,846079989,65726200,911806189,True,2
9804,validator_11,314478807210,True,474100000,24353980,498453980,False,9
9805,validator_3,480532125420,True,475000000,9420820,484420820,False,15
9806,validator_16,261117299349,True,817686002,128548370,946234372,True,8
9807,validator_7,450296889065,True,714450007,57801670,772251677,True,14
9808,validator_21,184941210210,True,632200000,27702610,659902610,False,5
9809,validator_10,312117663770,True,680700000,14195380,694895380,False,9
9810,validator_34,116944016220,True,813600000,53804330,867404330,False,3
9811,validator_15,288511237394,True,954854001,115526230,1070380231,True,9
9812,validator_0,797160123457,True,822970001,114970630,937940631,True,24
9813,validator_69,73168114320,True,1118006001,108908520,1226914521,True,2
9814,validator_43,109177818160,True,574100000,54637380,628737380,False,3
9815,validator_2,527648352300,True,593700000,44280120,637980120,False,16
9816,validator_97,60072439910,True,493400000,34568640,527968640,False,1
9817,validator_19,199126434270,True,603300000,21682400,624982400,False,6
9818,validator_21,185465991710,True,506100000,18681500,524781500,False,5
9819,validator_2,528210269340,True,532600000,29317040,561917040,False,16
9820,validator_73,59995585630,True,536500000,31456340,567956340,False,1
9821,validator_3,481186712200,True,607300000,47286780,654586780,False,15
9822,validator_13,242890851076,True,1146980004,57940100,1204920104,True,7
9823,validator_50,95371806205,True,890184004,88458280,978642284,True,2
9824,validator_1,801046806383,True,916169998,119741440,1035911438,True,25
9825,validator_71,58136616718,True,1011739999,107739260,1119479259,True,1
9826,validator_13,243831724202,True,893319996,47553130,940873126,True,7
9827,validator_78,55380313260,True,608800000,42704770,651504770,False,1
9828,validator_4,455023017503,True,954967992,61553370,1016521362,True,14
9829,validator_29,167891894232,True,1131363993,75428940,1206792933,True,5
9830,validator_13,244696043458,True,795569996,68749260,864319256,True,7
9831,validator_3,481775328570,True,496400000,92216370,588616370,False,15
9832,validator_51,89554717724,True,1064025988,59767650,1123793638,True,2
9833,validator_21,186151298030,True,651300000,34006320,685306320,False,5
9834,validator_4,455843717151,True,753959988,66739660,820699648,True,14
9835,validator_73,60706595410,True,680700000,30309780,711009780,False,1
9836,validator_30,175770756462,True,1550643988,94870840,1645514828,True,5
9837,validator_45,92292639188,True,1121059999,42136120,1163196119,True,2
9838,validator_7,451220075425,True,835904000,87282360,923186360,True,14
9839,validator_93,57923763930,True,701000000,46948650,747948650,False,1
9840,validator_11,315110907290,True,587900000,44200080,632100080,False,9
9841,validator_82,55709601790,True,592600000,27237030,619837030,False,1
9842,validator_42,117139989130,True,539700000,75584660,615284660,False,3
9843,validator_0,798376893108,True,1121326001,95443650,1216769651,True,24
9844,validator_10,312835264820,True,685700000,31901050,717601050,False,9
9845,validator_4,457028645230,True,1087581999,97346080,1184928079,True,14
9846,validator_20,172701656920,True,612700000,36605230,649305230,False,5
9847,validator_37,120142097740,True,576300000,24765420,601065420,False,3
9848,validator_20,173415401470,True,684600000,29144550,713744550,False,5
9849,validator_20,174005061840,True,538400000,51260370,589660370,False,5
9850,validator_1,801954967777,True,861659994,46501400,908161394,True,25
9851,validator_27,187170859297,True,915339998,50546650,965886648,True,5
9852,validator_16,262063847881,True,862820002,83728530,946548532,True,8
9853,validator_38,106426546010,True,562700000,66545800,629245800,False,3
9854,validator_9,323317610840,True,469000000,20806360,489806360,False,10
9855,validator_67,75197232540,True,1033520002,57512880,1091032882,True,2
9856,validator_1,802810912220,True,761640003,94304440,855944443,True,25
9857,validator_13,245981915052,True,1193096004,92775590,1285871594,True,7
9858,validator_17,266576259586,True,1062362009,155178940,1217540949,True,8
9859,validator_23,180243200710,True,529100000,37240440,566340440,False,5
9860,validator_14,288513337209,True,1117660002,63536530,1181196532,True,9
9861,validator_70,81054018315,True,1238547993,73518740,1312066733,True,2
9862,validator_14,289636059589,True,1050300000,72422380,1122722380,True,9
9863,validator_3,482614217010,True,826400000,12488440,838888440,False,15
9864,validator_16,262813559844,True,694500003,55211960,749711963,True,8
9865,validator_4,458152558567,True,1059760007,64153330,1123913337,True,14
9866,validator_37,120810395670,True,619700000,48597930,668297930,False,3
9867,validator_12,265790644147,True,786659986,61570830,848230816,True,8
9868,validator_3,483213302760,True,587400000,11685750,599085750,False,15
9869,validator_6,476998092820,True,939469999,58488160,997958159,True,14
9870,validator_71,58899019659,True,694754001,67648940,762402941,True,1
9871,validator_10,313555136570,True,685600000,34271750,719871750,False,9
9872,validator_85,61005514220,True,610200000,17541680,627741680,False,1
9873,validator_66,84486630737,True,704154005,126456490,830610495,True,2
9874,validator_17,267724832314,True,982966008,165606720,1148572728,True,8
9875,validator_71,59891772369,True,916734010,76018700,992752710,True,1
9876,validator_8,334275929750,True,618800000,39039760,657839760,False,10
9877,validator_68,75081216837,True,875616006,137483170,1013099176,True,2
9878,validator_31,150660787667,True,1047879997,89916740,1137796737,True,4
9879,validator_30,176570960634,True,714060002,86144170,800204172,True,5
9880,validator_10,314102825690,True,480500000,67189120,547689120,False,9
9881,validator_29,169111937969,True,1152219997,67823740,1220043737,True,5
9882,validator_28,155475046741,True,620055996,71531560,691587556,True,4
9883,validator_1,803728902833,True,837360013,80630600,917990613,True,25
9884,validator_60,57392033543,True,917707999,79659980,997367979,True,1
9885,validator_11,315726056770,True,586900000,28249480,615149480,False,9
9886,validator_7,452319713648,True,986979993,112658230,1099638223,True,14
9887,validator_9,324003364980,True,652000000,33754140,685754140,False,10
9888,validator_27,188109249791,True,889239994,49150500,938390494,True,5
9889,validator_13,246959992998,True,880960016,97117930,978077946,True,7
9890,validator_28,156338037489,True,788535998,74454750,862990748,True,4
9891,validator_0,799257684954,True,821680006,59111840,880791846,True,24
9892,validator_8,334951713390,True,615300000,60483640,675783640,False,10
9893,validator_1,804731707842,True,879478009,123327000,1002805009,True,25
9894,validator_53,67959864235,True,777129989,115397670,892527659,True,2
9895,validator_8,335606752440,True,626900000,28139050,655039050,False,10
9896,validator_4,459403205758,True,1134880001,115767190,1250647191,True,14
9897,validator_8,336199158880,True,564900000,27506440,592406440,False,10
9898,validator_1,805626144186,True,841030004,53406340,894436344,True,25
9899,validator_4,460484482130,True,989088002,92188370,1081276372,True,14
9900,validator_20,174517390680,True,479700000,32628840,512328840,False,5
9901,validator_91,54509756670,True,504600000,19402620,524002620,False,1
9902,validator_69,74291681682,True,1022799992,100767370,1123567362,True,2
9903,validator_11,316365534600,True,555500000,83977830,639477830,False,9
9904,validator_10,314810039970,True,691300000,15914280,707214280,False,9
9905,validator_25,182660156628,True,1420940002,113026020,1533966022,True,5
9906,validator_32,180393554637,True,1006500003,74227840,1080727843,True,5
9907,validator_60,58404998448,True,890076005,122888900,1012964905,True,1
9908,validator_11,316961805370,True,566400000,29870770,596270770,False,9
9909,validator_32,181796130423,True,1309009996,93565790,1402575786,True,5
9910,validator_10,315585090810,True,719400000,55650840,775050840,False,9
9911,validator_9,324503877230,True,452000000,48512250,500512250,False,10
9912,validator_6,477971740552,True,919540002,54107730,973647732,True,14
9913,validator_0,800260428724,True,918564010,84179760,1002743770,True,25
9914,validator_43,109752474070,True,508300000,66355910,574655910,False,3
9915,validator_2,529054584570,True,810200000,34115230,844315230,False,16
9916,validator_46,74051360055,True,1083000001,88164200,1171164201,True,2
9917,validator_7,453295477245,True,903260007,72503590,975763597,True,14
9918,validator_50,96381822032,True,948880007,61135820,1010015827,True,3
9919,validator_4,461389764614,True,812400004,92882480,905282484,True,14
9920,validator_16,263835204194,True,973925990,47718360,1021644350,True,8
9921,validator_33,190190993646,True,847520001,48613760,896133761,True,5
9922,validator_12,267178317881,True,1283254004,104419730,1387673734,True,8
9923,validator_30,177625752024,True,985336010,69455380,1054791390,True,5
9924,validator_14,290919195139,True,1173676000,109459550,1283135550,True,9
9925,validator_6,479201154339,True,1145474007,83939780,1229413787,True,14
9926,validator_15,289434186518,True,829314004,93635120,922949124,True,9
9927,validator_30,178446531038,True,703446004,117333010,820779014,True,5
9928,validator_59,65699797858,True,1057320011,88650760,1145970771,True,2
9929,validator_6,480374596651,True,1033503992,139938320,1173442312,True,15
9930,validator_12,268360242344,True,1053044003,128880460,1181924463,True,8
9931,validator_18,209837732950,True,772500000,64109530,836609530,False,6
9932,validator_25,183550484435,True,788437997,101889810,890327807,True,5
9933,validator_4,462646291477,True,1177024003,79502860,1256526863,True,14
9934,validator_1,806561602546,True,884534000,50924360,935458360,True,25
9935,validator_19,199582167710,True,418700000,37033440,455733440,False,6
9936,validator_35,114636524320,True,508000000,31130060,539130060,False,3
9937,validator_14,291851956320,True,801959991,130801190,932761181,True,9
9938,validator_73,61475551070,True,727900000,41055660,768955660,False,1
9939,validator_44,65769043000,True,1015760001,100386890,1116146891,True,2
9940,validator_18,210387415490,True,521400000,28282540,549682540,False,6
9941,validator_0,801274330345,True,935572001,78329620,1013901621,True,25
9942,validator_59,66741767789,True,948846011,93123920,1041969931,True,2
9943,validator_18,210923122790,True,514470000,21237300,535707300,False,6
9944,validator_41,131320203300,True,417400000,34803680,452203680,False,4
9945,validator_29,170515413261,True,1336620002,66855290,1403475292,True,5
9946,validator_2,529754274150,True,644600000,55089580,699689580,False,16
9947,validator_40,121284305530,True,740400000,22650780,763050780,False,3
9948,validator_19,200353023050,True,758700000,12155340,770855340,False,6
9949,validator_15,290323644288,True,830140000,59317770,889457770,True,9
9950,validator_3,483783280250,True,542300000,27677490,569977490,False,15
9951,validator_0,802314582720,True,928940005,111312370,1040252375,True,25
9952,validator_9,324990795160,True,434700000,52217930,486917930,False,10
9953,validator_2,530308586950,True,512200000,42112800,554312800,False,16
9954,validator_1,807934604832,True,1279627996,93374290,1373002286,True,25
9955,validator_89,53829192190,True,600500000,56716430,657216430,False,1
9956,validator_22,163585684700,True,667000000,84760840,751760840,False,5
9957,validator_97,60628213770,True,524600000,31173860,555773860,False,1
9958,validator_13,248085085632,True,1047380004,77712630,1125092634,True,7
9959,validator_17,268855514837,True,1012959993,117722530,1130682523,True,8
9960,validator_1,809222665474,True,1217320002,70740640,1288060642,True,25
9961,validator_33,191264997864,True,1036423998,37580220,1074004218,True,5
9962,validator_0,803219058855,True,754699995,149776140,904476135,True,25
9963,validator_2,530845031500,True,493400000,43044550,536444550,False,16
9964,validator_33,192205365802,True,848697998,91669940,940367938,True,6
9965,validator_6,481507262943,True,1049129992,83536300,1132666292,True,15
9966,validator_59,67575889212,True,759699993,74421430,834121423,True,2
9967,validator_50,97243246749,True,762514007,98910710,861424717,True,3
9968,validator_25,184330658619,True,685000004,95174180,780174184,True,5
9969,validator_2,531650759960,True,763900000,41828460,805728460,False,16
9970,validator_63,86506699986,True,1050439994,94654970,1145094964,True,2
9971,validator_34,117539829970,True,569300000,26513750,595813750,False,3
9972,validator_20,175092051130,True,510500000,64160450,574660450,False,5
9973,validator_78,55882665020,True,486000000,16351760,502351760,False,1
9974,validator_5,433856441071,True,1088620001,101517650,1190137651,True,13
9975,validator_4,463444026828,True,740567991,57167360,797735351,True,14
9976,validator_42,117704570250,True,469900000,94681120,564581120,False,3
9977,validator_30,179547063602,True,992482014,108050550,1100532564,True,5
9978,validator_32,183317160849,True,1438899996,82130430,1521030426,True,5
9979,validator_23,180779055070,True,505600000,30254360,535854360,False,5
9980,validator_46,74987258827,True,854699982,81198790,935898772,True,2
9981,validator_0,804028266225,True,691583990,117623380,809207370,True,25
9982,validator_83,52657262640,True,636500000,81751570,718251570,False,1
9983,validator_4,464534905045,True,1046093997,44784220,1090878217,True,14
9984,validator_3,484268947940,True,434500000,51167690,485667690,False,15
9985,validator_43,110384974070,True,608000000,24500000,632500000,False,3
9986,validator_37,121402244070,True,570300000,21548400,591848400,False,3
9987,validator_5,434658550986,True,701114015,100995900,802109915,True,13
9988,validator_25,185660403683,True,1164714004,165031060,1329745064,True,5
9989,validator_72,60585636650,True,636300000,28567220,664867220,False,1
9990,validator_13,249001501717,True,853980005,62436080,916416085,True,7
9991,validator_32,184044185700,True,685739991,41284860,727024851,True,5
9992,validator_11,317729279930,True,734500000,32974560,767474560,False,9
9993,validator_42,118497761270,True,721100000,72091020,793191020,False,3
9994,validator_20,175720247320,True,606900000,21296190,628196190,False,5
9995,validator_90,56426299400,True,496000000,37559640,533559640,False,1
9996,validator_2,532295733560,True,619300000,25673600,644973600,False,16
9997,validator_14,292897374384,True,1010140004,35278060,1045418064,True,9
9998,validator_7,454106808765,True,708580000,102751520,811331520,True,14
9999,validator_20,176464310870,True,675700000,68363550,744063550,False,5
