block_id,total_gas,total_mev_captured,block_bid,builder_type,builder_id
1,843909064,23058000,524918856.4639952,attack,2568
2,2150000968,46991000,1636938521.3561764,attack,2567
3,2150002144,46991000,1947545383.9048624,attack,2570
4,2137003320,46991000,2282455693.992344,attack,2567
5,2137004496,47051700,2337433792.0,attack,2552
6,2137005672,46991000,2360588244.0,attack,2552
7,2134006848,46991000,2394606096.0,attack,2569
8,2150008024,46991000,2460143248.0,attack,2562
9,2150009200,46991000,2520540600.0,attack,2566
10,2134010376,46991000,2501864452.0,attack,2566
11,2137011552,46991000,2524396144.0,attack,2569
12,2126012728,46991000,2514037796.0,attack,2557
13,2150013904,46991000,2572930948.0,attack,2551
14,2126015080,46991000,2563359700.0,attack,2566
15,2150016256,46991000,2614529152.0,attack,2558
16,2134017432,46991000,2640187204.0,attack,2568
17,2150018608,46991000,2678552756.0,attack,2566
18,2150019784,46991000,2703686708.0,attack,2557
19,2126020960,46991000,2685655860.0,attack,2554
20,2126022136,46991000,2695837312.0,attack,2569
21,2150023312,46991000,2774201464.0,attack,2569
22,2137024488,46991000,2763096916.0,attack,2557
23,2126025664,46991000,2755297168.0,attack,2570
24,2107156840,64691000,2754415180.0,attack,2553
25,2124027432,46032000,2834138332.0,normal,2592
26,2113329192,46991000,2791695784.0,attack,2553
27,2113329736,46032000,2845264436.0,normal,2585
28,2113331544,46991000,2821055788.0,attack,2568
29,2076632040,46107000,2853514740.0,normal,2579
30,2137033896,46991000,2908374092.0,attack,2568
31,2150035072,47058500,2979548344.0,attack,2552
32,2134035496,46032000,3010853776.0,normal,2597
33,2137037424,46991000,3031614428.0,attack,2552
34,2124037800,46032000,3080435180.0,normal,2584
35,2118038952,46032000,3034860332.0,normal,2579
36,2126040952,46991000,2996690084.0,attack,2564
37,2134042128,46991000,3030277866.0,attack,2557
38,2076642408,46070200,3044517018.0,normal,2576
39,2089343560,46032000,3073276670.0,normal,2585
40,2076644712,46032000,3081240822.0,normal,2593
41,2113345864,46032000,3132486974.0,normal,2574
42,2100347016,46032000,3134740666.0,normal,2575
43,2089348168,46032000,3145320918.0,normal,2581
44,2076449320,46088200,3144311770.0,normal,2583
45,2137051536,46996180,3187040702.0,attack,2566
46,2089351624,46032000,3211665874.0,normal,2584
47,2097152776,46032000,3239936326.0,normal,2600
48,2076253928,46032000,3226820178.0,normal,2586
49,2076255080,46032000,3253017330.0,normal,2593
50,2097156232,46032000,3286011182.0,normal,2589
