block_id,total_gas,total_mev_captured,block_bid,builder_type,builder_id
1,838805064,1810440,527666536.3469673,attack,866
2,1138293344,1697500,873010180.745147,attack,866
3,1158060644,2086900,1069467457.8993903,attack,873
4,1200365033,1833300,1159130388.0,attack,870
5,1084513269,1697500,1043142812.0,attack,862
6,1017066432,1561700,975560164.0,attack,872
7,1105878685,2685200,1065495906.0,attack,857
8,1356462674,2136600,1315531280.0,attack,869
9,1202455707,3216300,1162604000.0,attack,851
10,1257126299,1969100,1216027378.0,attack,869
11,1004006904,1844700,962783572.0,attack,854
12,1084270444,1697500,1042899900.0,attack,863
13,1515575329,2400000,1474907268.0,attack,864
14,1288348865,1969100,1247249890.0,attack,856
15,1371025650,2104900,1330062460.0,attack,862
16,1338743115,2319900,1297994910.0,attack,854
17,1339324580,3184900,1299441360.0,attack,858
18,1169335109,1833300,1128100276.0,attack,870
19,1437197945,2339200,1396468996.0,attack,865
20,1129313630,2183200,1131496830.0,normal,878
21,937415602,1783500,896130930.0,attack,875
22,1185024513,1847200,1143803528.0,attack,866
23,1253409461,2005900,1212347162.0,attack,873
24,840260762,1728100,798920654.0,attack,861
25,1111857844,1797500,1070587124.0,attack,862
26,977282150,2024600,979306750.0,normal,877
27,894945710,1440500,896386210.0,normal,882
28,994921612,1493800,996415412.0,normal,877
29,1152062308,1765400,1153827708.0,normal,876
30,1152264269,2145300,1111341292.0,attack,867
31,787976858,1294000,789270858.0,normal,877
32,1105993794,1732600,1064658096.0,attack,869
33,616750614,1481080,618231694.0,normal,893
34,1127277686,1935030,1129212716.0,normal,879
35,1000652735,1574500,959158906.0,attack,867
36,868014670,1420900,869435570.0,normal,880
37,735694634,1275000,693901288.0,attack,855
38,1127764752,1765400,1129530152.0,normal,897
39,1107274619,1697500,1065903748.0,attack,861
40,1115689919,1705340,1074326876.0,attack,864
41,1138522714,2183200,1140705914.0,normal,892
42,1068639036,1857400,1070496436.0,normal,888
43,1129849364,1765400,1131614764.0,normal,895
44,1253697305,1969100,1212597970.0,attack,862
45,1367816810,2352300,1327100660.0,attack,862
46,1030442771,1622400,988996710.0,attack,865
47,1344909616,2104900,1303946040.0,attack,859
48,1021013369,1708600,979653482.0,attack,864
49,1134642418,1797900,1136440318.0,normal,880
50,1080011532,6300840,1086312372.0,normal,880
