block_id,total_gas,total_mev_captured,block_bid,builder_type,builder_id
1,967773081,110934600,761000231.0380907,attack,336
2,2150001017,211680000,2315280398.767972,attack,340
3,2113102193,211680000,2320497936.0,attack,331
4,2134003369,211690700,2359230188.0,attack,339
5,2112004545,211680000,2358368540.0,attack,304
6,2113305721,211680000,2379549892.0,attack,309
7,2126006897,211680000,2417931044.0,attack,331
8,2150008073,211680000,2506233996.0,attack,313
9,2150009249,211680000,2508156768.0,attack,335
10,2126010425,211680000,2489884520.0,attack,337
11,2137011601,211680000,2522016872.0,attack,302
12,2113112777,211680000,2528374724.0,attack,302
13,2069373656,225060000,2562320676.0,normal,346
14,2113115129,211680000,2567602048.0,attack,327
15,2150016305,211680000,2658231400.0,attack,306
16,2150017481,211764800,2690686352.0,attack,319
17,2134018264,207360000,2719420404.0,normal,345
18,2137019833,211680000,2732142756.0,attack,333
19,2126021009,211680000,2722101708.0,attack,310
20,2126022185,211710200,2748370900.0,attack,312
21,2137023361,211680000,2814572252.0,attack,306
22,2150024537,211703500,2876872004.0,attack,327
23,2134025713,211680000,2868780156.0,attack,308
24,2134026889,211680000,2883611908.0,attack,330
25,2134028065,211680000,2904123060.0,attack,329
26,2126029241,211680000,2898440512.0,attack,331
27,2150030417,211680000,2967389664.0,attack,321
28,2137031593,211680000,2954767816.0,attack,339
29,2113332769,211680000,2949846668.0,attack,339
30,2113333945,211680000,2965154320.0,attack,337
31,2113335121,211680000,2992138752.0,attack,307
32,2126036297,211680000,3025646904.0,attack,336
33,2097336696,207360000,3067956456.0,normal,343
34,2137038649,211963000,3168267048.0,attack,324
35,2150039825,211680000,3253458200.0,attack,335
36,2150041001,211680000,3299402992.0,attack,337
37,2137041304,207360000,3322405544.0,normal,346
38,2150043353,211680000,3347723896.0,attack,304
39,2134044529,212225000,3330285348.0,attack,332
40,2134045705,211680000,3326117300.0,attack,308
41,2150045912,207360000,3412139352.0,normal,345
42,2137048057,211680000,3378325504.0,attack,334
43,2109349233,229380000,3372511486.0,attack,301
44,2126049368,207521000,3421260838.0,normal,345
45,2102050520,207365640,3414278890.0,normal,345
46,2134052761,211694200,3447289602.0,attack,316
47,2150053937,211680000,3481810734.0,attack,323
48,2085053976,225060000,3469821586.0,normal,348
49,2137056289,211680000,3500842738.0,attack,338
50,2150057465,211680000,3583937230.0,attack,303
