block_id,total_gas,total_mev_captured,block_bid,builder_type,builder_id
1,1305804225,2115200,806730077.8400877,attack,1965
2,1083597519,2431500,771404810.3529019,attack,1969
3,822987523,1575700,670295414.3603235,attack,1952
4,1451731411,2552300,1403648139.1587236,attack,1953
5,1078503419,1827300,1037264556.0,attack,1969
6,917401278,1327400,875662506.0,attack,1963
7,1254644284,1916900,1213494998.0,attack,1970
8,1085312294,1652500,1043898596.0,attack,1960
9,805791730,1251700,763977224.0,attack,1966
10,1263653270,2285900,1222872950.0,attack,1966
11,1277744676,1936600,1236615042.0,attack,1964
12,776764342,2234400,735932500.0,attack,1970
13,1004723387,1901300,963558434.0,attack,1959
14,1340803968,2244100,1299981800.0,attack,1953
15,826849273,1309990,785092986.0,attack,1955
16,959005817,1454200,917393730.0,attack,1970
17,998037422,19324590,974295714.0,attack,1961
18,1173505515,1812500,1132251704.0,attack,1963
19,1180148866,1784700,1138867242.0,attack,1967
20,1003212273,1930300,962076238.0,attack,1968
21,911655035,1432740,870021430.0,attack,1955
22,927504245,1443900,885881790.0,attack,1962
23,1003853986,1520300,962307920.0,attack,1952
24,1511914599,2326300,1471174516.0,attack,1956
25,872405458,1255900,830594966.0,attack,1966
26,1109042444,2963000,1068939040.0,attack,1952
27,1421989968,2115200,1424105168.0,normal,1972
28,1155801144,1652500,1114387212.0,attack,1970
29,894843389,1255900,853032848.0,attack,1963
30,1298153440,1995300,1300148740.0,normal,1972
31,1123538044,1697000,1082168576.0,attack,1961
32,1061348585,1520300,1019802406.0,attack,1963
33,1183740402,1871200,1142545110.0,attack,1969
34,969607734,1567200,971174934.0,normal,1982
35,1179443634,1765100,1181208734.0,normal,1973
36,1091207544,1668200,1049809216.0,attack,1953
37,792167340,1156800,750257604.0,attack,1954
38,1084900044,1731800,1043565296.0,attack,1954
39,830358136,1558800,831916936.0,normal,1988
40,924439697,1388100,882761230.0,attack,1958
41,897569430,1351500,898920930.0,normal,1995
42,1062451580,1986000,1064437580.0,normal,1987
43,1262754377,1974500,1221662274.0,attack,1970
44,832926638,1302400,791162426.0,attack,1968
45,1217966518,6170800,1224137318.0,normal,1980
46,1025858219,1520300,984311882.0,attack,1960
47,960801924,1881100,962683024.0,normal,1977
48,642287714,1158400,643446114.0,normal,2000
49,1285086291,1981000,1244000622.0,attack,1957
50,1237636114,1872600,1239508714.0,normal,1982
