block_id,total_gas,total_mev_captured,block_bid,builder_type,builder_id
1,1383760225,29602000,874781920.5018237,attack,62
2,2112201311,38171000,1571421893.6936572,attack,65
3,2150002487,38171000,1914144062.416456,attack,63
4,2150003663,38171000,2245019023.8571415,attack,66
5,2150004839,38171000,2299455038.0,attack,68
6,2137006015,38171000,2287442890.0,attack,64
7,2134007191,38171000,2302731642.0,attack,59
8,2134008367,38171000,2327831994.0,attack,64
9,2126009543,38235600,2336776286.0,attack,55
10,2134010719,38171000,2374404938.0,attack,53
11,2126011895,38171000,2373617390.0,attack,54
12,2134013071,38171000,2399513672.0,attack,60
13,2126014247,38171000,2417917524.0,attack,68
14,2126015423,38171000,2435588066.0,attack,58
15,2113316599,38950000,2450611318.0,attack,51
16,2150017775,38171000,2511260470.0,attack,68
17,2126018951,38171000,2507471822.0,attack,61
18,2113320127,38171000,2506204174.0,attack,58
19,2126021303,38220100,2542106226.0,attack,70
20,2134022479,38171000,2572344278.0,attack,58
21,2150023655,38171000,2605979630.0,attack,59
22,2137024831,38171000,2653548782.0,attack,70
23,2134026007,38171000,2660831934.0,attack,68
24,2137027183,38171000,2677889486.0,attack,53
25,2076627768,37392000,2679901268.0,normal,82
26,2118028920,37392000,2762710720.0,normal,76
27,2137030711,38171000,2787055772.0,attack,56
28,2110031224,37392000,2803671424.0,normal,97
29,2137032376,37392000,2863528476.0,normal,90
30,2126034239,38171000,2833419028.0,attack,57
31,2126035415,38171000,2835916180.0,attack,57
32,2100335832,37392000,2863542432.0,normal,99
33,2113337767,38171000,2858343784.0,attack,57
34,2100338136,37407300,2907480236.0,normal,71
35,2113339288,37392000,2942797488.0,normal,84
36,2137040440,37547000,2992031940.0,normal,83
37,2113141592,37456600,2981848792.0,normal,91
38,2076442744,37427100,2960716444.0,normal,85
39,2124043896,37392000,3046568596.0,normal,76
40,2150045048,37547000,3095969288.0,normal,74
41,2137046200,37392000,3099728440.0,normal,99
42,2137047352,37459900,3160135992.0,normal,86
43,2126048504,37392000,3160798944.0,normal,78
44,2126049656,37392000,3163717396.0,normal,90
45,2126050808,37392000,3177309548.0,normal,84
46,2071451960,55092000,3125812800.0,normal,74
47,2126054231,38171000,3144905452.0,attack,57
48,2150055407,38171000,3225844604.0,attack,53
49,2089355416,37392000,3214784156.0,normal,84
50,2076256568,37392000,3213887708.0,normal,91
