block_id,total_gas,total_mev_captured,block_bid,builder_type,builder_id
1,126060000,0,71965308.51891665,attack,351
2,1515380289,601600,875118824.0495931,attack,351
3,2113301409,803600,1294988025.5797408,attack,353
4,2137002585,803600,1392231796.5476046,attack,355
5,2137003761,803600,1437581215.6480126,attack,353
6,2113304937,803600,1487950753.1164923,attack,353
7,2113306113,803600,1556610145.9608328,attack,351
8,2113107289,803600,1635136032.9564223,attack,352
9,2112208465,803600,1710670127.5872009,attack,355
10,2150009641,803600,1852446097.1908817,attack,354
11,2150010817,803600,1976764722.920624,attack,355
12,2137011993,803600,2058161895.9442549,attack,355
13,2150013169,803600,2210007856.169931,attack,353
14,2137014345,803600,2330070540.6104546,attack,352
15,2137015521,803600,2408031666.3396444,attack,354
16,2137016697,803600,2525059396.3049884,attack,354
17,2137017873,803600,2549700196.0,attack,354
18,2134019049,803600,2539816868.0,attack,352
19,2137020225,803600,2565676320.0,attack,351
20,2134021401,803600,2577096872.0,attack,353
21,2134022577,803600,2600335524.0,attack,355
22,2126023753,845600,2592492276.0,attack,354
23,2137024929,803600,2646057428.0,attack,355
24,2134026105,803600,2661547580.0,attack,354
25,2137027281,803600,2686092232.0,attack,351
26,2150028457,803600,2797302284.0,attack,354
27,2134029633,803600,2785587236.0,attack,352
28,2134030809,803600,2788876518.0,attack,355
29,2126031985,803600,2812351870.0,attack,354
30,2126033161,803600,2818553022.0,attack,354
31,2150033625,830800,2918632974.0,attack,355
32,2150035513,803600,3014744326.0,attack,352
33,2137036689,803600,3001416498.0,attack,351
34,2134037865,803600,3023194040.0,attack,355
35,2150039041,803600,3082563322.0,attack,353
36,2134040217,803600,3093656874.0,attack,352
37,2150041393,803600,3138394726.0,attack,351
38,2150042569,803600,3159458408.0,attack,355
39,2137043745,803600,3204564480.0,attack,351
40,2137044921,803600,3228651432.0,attack,351
41,2137046097,803600,3259634584.0,attack,351
42,2134047273,803600,3266203836.0,attack,355
43,2137048449,803600,3303471588.0,attack,351
44,2134049625,803600,3294366370.0,attack,355
45,2126050801,1034600,3305104042.0,attack,354
46,2137051977,803600,3335724194.0,attack,355
47,2137053153,803600,3407783246.0,attack,351
48,2150054329,803600,3476704238.0,attack,351
49,2150054361,1357200,3542325890.0,attack,353
50,2137056681,803600,3523718142.0,attack,355
