block_id,total_gas,total_mev_captured,block_bid,builder_type,builder_id
1,946481100,1276600,667531195.7889539,attack,2660
2,834248271,965800,784112973.4922868,attack,2667
3,1337730814,2262100,1296943780.0,attack,2682
4,747209642,1428700,705589200.0,attack,2672
5,776448778,2572700,735972328.0,attack,2664
6,951716150,1308300,909975290.0,attack,2679
7,1432102236,1620300,1390673360.0,attack,2668
8,1097962044,1523100,1056435956.0,attack,2676
9,1370092953,1582800,1328626550.0,attack,2663
10,1170472950,1460400,1128884134.0,attack,2670
11,1252068560,1514900,1210534230.0,attack,2670
12,867411690,1177000,868588690.0,normal,2697
13,886212741,1511400,844674892.0,attack,2684
14,1157313869,1233140,1115497748.0,attack,2659
15,1251221865,1423900,1209596490.0,attack,2679
16,1170748894,1506700,1129206306.0,attack,2689
17,1181078245,1736680,1139765624.0,attack,2654
18,1366537456,1537200,1325025340.0,attack,2687
19,1372206921,1533370,1330690960.0,attack,2665
20,758190991,1804800,716946452.0,attack,2687
21,1004889618,1218100,963058368.0,attack,2663
22,997185871,1129300,955265810.0,attack,2656
23,825794040,1032900,783777570.0,attack,2651
24,1255288026,1491400,1213730042.0,attack,2660
25,1135412244,1227500,1093590348.0,attack,2672
26,1009926929,1129300,968006822.0,attack,2683
27,1013521182,1129300,971601064.0,attack,2675
28,1044587435,1260400,1002798406.0,attack,2675
29,1015397688,1129300,973477548.0,attack,2655
30,872260541,1416700,830627792.0,attack,2665
31,1123467230,1572600,1125039830.0,normal,2692
32,1299670694,1584900,1258206118.0,attack,2670
33,1085979544,1373500,1044303556.0,attack,2652
34,1350769253,1527280,1309247030.0,attack,2671
35,1431407555,2030300,1390388336.0,attack,2686
36,1007073758,9278300,973302528.0,attack,2674
37,1044375011,1129300,1002454770.0,attack,2680
38,1235386530,1374800,1236761330.0,normal,2697
39,1134892519,1227500,1093070452.0,attack,2685
40,998845862,1908300,957704584.0,attack,2664
41,1153821094,1262600,1112034104.0,attack,2686
42,1308074406,5790400,1270815202.0,attack,2653
43,1428675888,1620300,1387246568.0,attack,2676
44,1002522081,1129300,960601750.0,attack,2664
45,913597251,1205800,871753410.0,attack,2654
46,1087395669,1249540,1045595556.0,attack,2690
47,927758713,1109100,885818150.0,attack,2669
48,881149778,992300,839092406.0,attack,2687
49,1008003277,1129300,966082894.0,attack,2663
50,1040925530,1129300,999005136.0,attack,2675
