block_id,total_gas,total_mev_captured,block_bid,builder_type,builder_id
1,1611530324,2819000,1161956473.5364866,attack,655
2,2150001458,3327100,2203099604.242501,attack,669
3,2137002634,3327100,2244879368.0,attack,660
4,2150003810,3327100,2302726520.0,attack,657
5,2137004986,3327100,2323919572.0,attack,659
6,2150006162,3327100,2391635304.0,attack,688
7,2137007338,3327100,2400343356.0,attack,661
8,2137008514,3327100,2410095508.0,attack,660
9,2150009690,3327100,2456106460.0,attack,688
10,2150010866,3327100,2539280852.0,attack,656
11,2137012042,3327100,2560567004.0,attack,680
12,2150013218,3327100,2597514156.0,attack,654
13,2134014394,3341000,2583487308.0,attack,677
14,2150015570,3327100,2656152740.0,attack,665
15,2134016746,3327100,2638345392.0,attack,680
16,2134017922,3327100,2674308044.0,attack,688
17,2150019098,3327100,2729344196.0,attack,677
18,2134020274,3327100,2708646148.0,attack,672
19,2134021450,3327100,2730680300.0,attack,667
20,2134022626,3327100,2738024352.0,attack,667
21,2134023802,3327100,2774403304.0,attack,677
22,2126024978,3466100,2769251456.0,attack,659
23,2110025608,3281000,2823052308.0,normal,700
24,2126027330,3327100,2794229660.0,attack,660
25,2137028506,3327100,2831454712.0,attack,656
26,2137029682,3327100,2854468764.0,attack,678
27,2113030216,3259200,2875570916.0,normal,698
28,2137032034,3327100,2881855868.0,attack,676
29,2126033210,3327100,2887029820.0,attack,661
30,2150034386,3327100,2936457972.0,attack,674
31,2126035562,3327100,2926367624.0,attack,686
32,2134036738,3327100,2952598176.0,attack,676
33,2126037914,3327100,2953968508.0,attack,683
34,2126038280,3259200,3026755460.0,normal,694
35,2126040266,3327100,2996578912.0,attack,674
36,2137041442,3327100,3023633864.0,attack,688
37,2102041736,3259200,3013994016.0,normal,693
38,2137043794,3327100,3090662168.0,attack,669
39,2137044970,3327100,3093312520.0,attack,671
40,2150046146,3327100,3128848502.0,attack,657
41,2137047322,3327100,3168624834.0,attack,682
42,2137048498,3327100,3195560286.0,attack,682
43,2134048648,3259200,3261246738.0,normal,695
44,2134050850,3327100,3210467420.0,attack,677
45,2137052026,3327100,3295730772.0,attack,676
46,2137053202,3394600,3318725624.0,attack,656
47,2134054378,3327100,3313453476.0,attack,689
48,2110054408,3332300,3315415128.0,normal,693
49,2126056730,3327100,3309223180.0,attack,686
50,2066716712,28149200,3314475112.0,normal,694
