block_id,total_gas,total_mev_captured,block_bid,builder_type,builder_id
1,673620049,1382700,418108624.2521157,attack,3423
2,1341840442,1478700,1034849543.715023,attack,3404
3,1176992763,1301800,1086860351.032444,attack,3402
4,1085171019,1192500,1043315772.0,attack,3424
5,1391791682,1693700,1350437620.0,attack,3423
6,1002095547,18930200,977977974.0,attack,3416
7,1172189140,1885100,1131026454.0,attack,3405
8,833508715,1009500,791470420.0,attack,3416
9,1286765951,1383300,1245101442.0,attack,3423
10,1086875869,1248700,1045076748.0,attack,3417
11,790075121,1300900,748328192.0,attack,3414
12,1250741937,1383300,1209077394.0,attack,3422
13,1372004658,1478700,1330435500.0,attack,3406
14,1453579470,1574100,1412105696.0,attack,3403
15,871143387,938800,829034304.0,attack,3406
16,1086154719,1192500,1044299324.0,attack,3401
17,1119415019,1192500,1077559612.0,attack,3403
18,849904014,1563100,808419198.0,attack,3418
19,925091636,9156330,891200040.0,attack,3415
20,1045322556,1466800,1046789356.0,normal,3430
21,1102296094,1222700,1060470844.0,attack,3422
22,1427731506,1574100,1386257640.0,attack,3419
23,1090376794,1216000,1048544816.0,attack,3414
24,1468199724,2266640,1470466364.0,normal,3446
25,536695570,647400,537342970.0,normal,3441
26,1509590824,1790500,1468333306.0,attack,3418
27,1003504435,1293200,961749606.0,attack,3409
28,1381655768,1681400,1383337168.0,normal,3446
29,1175288484,1298600,1133539026.0,attack,3404
30,963017986,1071200,964089186.0,normal,3428
31,1212446514,1338730,1213785244.0,normal,3431
32,1345307098,1988700,1304247700.0,attack,3421
33,1149342504,1240200,1150582704.0,normal,3449
34,1303156540,2040300,1305196840.0,normal,3433
35,691193439,1024300,649169606.0,attack,3420
36,878241750,1723000,879964750.0,normal,3438
37,1427964875,1749900,1386666616.0,attack,3418
38,1283759034,1335600,1285094634.0,normal,3429
39,999060516,1230400,1000290916.0,normal,3433
40,1185593237,1807540,1144352580.0,attack,3413
41,1217114098,1598100,1218712198.0,normal,3433
42,843012270,875000,843887270.0,normal,3433
43,1059378612,1144800,1060523412.0,normal,3449
44,1126606444,1192500,1084750700.0,attack,3415
45,1348824089,1478700,1307254530.0,attack,3424
46,1250439407,1645100,1209036234.0,attack,3425
47,1113774469,2364300,1073090484.0,attack,3409
48,1175475964,1336600,1133764266.0,attack,3424
49,1160000704,1248040,1161248744.0,normal,3438
50,1257657915,1383300,1215992890.0,attack,3412
