block_id,total_gas,total_mev_captured,block_bid,builder_type,builder_id
1,978960100,9706500,581302878.0548943,attack,1265
2,2137001066,15778000,1492588899.7187505,attack,1252
3,2126002242,15778000,1666805579.692078,attack,1251
4,2113303418,16547000,1877226525.3075767,attack,1251
5,2137004594,15778000,2138591018.8581638,attack,1265
6,2150005770,15778000,2338984440.0,attack,1264
7,2150006946,15778000,2369528592.0,attack,1265
8,2137008122,15778000,2353332264.0,attack,1261
9,2137009298,15778000,2384481216.0,attack,1259
10,2134010474,15778000,2413650768.0,attack,1257
11,2134011650,15778000,2432703820.0,attack,1258
12,2134012826,15778000,2457250052.0,attack,1264
13,2126014002,15778000,2454155104.0,attack,1258
14,2126015178,15778000,2477113856.0,attack,1252
15,2137016354,15778000,2506321808.0,attack,1256
16,2134017530,15778000,2535366560.0,attack,1258
17,2126018706,15778000,2548485712.0,attack,1262
18,2126019882,15778000,2562227864.0,attack,1257
19,2113321058,15778000,2563610316.0,attack,1262
20,2113322234,15778000,2577746968.0,attack,1253
21,2108523410,22968000,2608914520.0,attack,1254
22,2150024586,15778000,2667183072.0,attack,1262
23,2150025762,15778000,2703047064.0,attack,1253
24,2126026938,15778000,2708327516.0,attack,1263
25,2134028114,15778000,2739578768.0,attack,1265
26,2113329290,15778000,2739915920.0,attack,1251
27,2113330466,15778000,2754851972.0,attack,1253
28,2113131642,15778000,2772938824.0,attack,1256
29,2137032818,15778000,2815345976.0,attack,1263
30,2134033994,15778000,2840526328.0,attack,1265
31,2113135170,15778000,2839464480.0,attack,1258
32,2113136346,15778000,2858490732.0,attack,1251
33,2137036744,15456000,2943921884.0,normal,1295
34,2076237896,15456000,2893795736.0,normal,1276
35,2089139048,15456000,2918226488.0,normal,1299
36,2126041050,15778000,2946402240.0,attack,1265
37,2134041352,15477800,3024926392.0,normal,1285
38,2108443402,22968000,2987768944.0,attack,1261
39,2076443656,15470200,3007366796.0,normal,1273
40,2089344808,15456000,3050691448.0,normal,1293
41,2076245960,15456000,3048689700.0,normal,1297
42,2076447112,15456000,3060672852.0,normal,1281
43,2113148264,15456000,3116292004.0,normal,1266
44,2113150458,15778000,3091669156.0,attack,1260
45,2076450568,15456000,3119032408.0,normal,1294
46,2121051720,15490700,3181516090.0,normal,1295
47,2076452872,15456000,3154576542.0,normal,1291
48,2113154024,15456000,3200464794.0,normal,1282
49,2113156338,15778000,3171409046.0,attack,1261
50,2118056328,15456000,3266573798.0,normal,1270
