block_id,total_gas,total_mev_captured,block_bid,builder_type,builder_id
1,849507064,103680000,599331919.7846899,attack,2008
2,1109587344,108000000,931382931.0083591,attack,2019
3,1256049776,125280000,1277151594.4467542,attack,2002
4,860400727,82213600,895294284.0,attack,2018
5,1222611330,117011000,1292302274.0,attack,2009
6,1202520681,116652800,1271853412.0,attack,2003
7,1087931869,108013900,1148625688.0,attack,2007
8,1056463984,99812800,1108956692.0,attack,2023
9,937091829,82168500,971940228.0,attack,2017
10,694669564,65375000,712724456.0,attack,2002
11,1109549844,108000000,1170229724.0,attack,2001
12,831250361,82080000,866010232.0,attack,2002
13,999547088,99622340,1051849288.0,attack,2025
14,1369474565,133976200,1456130610.0,attack,2012
15,1197584354,116717100,1266981286.0,attack,2016
16,827233273,82238200,862151296.0,attack,2001
17,1212867948,116640000,1282187758.0,attack,2024
18,1373341115,134066000,1460086910.0,attack,2007
19,1296776141,125280000,1374735922.0,attack,2008
20,800654014,78500000,879154014.0,normal,2036
21,882949413,83214700,918843876.0,attack,2007
22,913625077,91026500,957331330.0,attack,2005
23,635988500,60548100,696536600.0,normal,2035
24,1090371494,108000000,1151051228.0,attack,2008
25,1057304516,104019800,1161324316.0,normal,2049
26,1090167094,108200400,1151047204.0,attack,2003
27,1346789215,134214640,1433683550.0,attack,2018
28,1125793086,112341800,1238134886.0,normal,2048
29,880996450,86497700,967494150.0,normal,2045
30,1092918344,108000000,1153598004.0,attack,2015
31,1087447644,108046500,1148173792.0,attack,2018
32,1255253404,125287840,1333220878.0,attack,2007
33,1013182539,99433080,1065295242.0,attack,2007
34,1122068958,112369100,1234438058.0,normal,2047
35,1123951894,108381000,1185012492.0,attack,2010
36,1050929780,103751800,1154681580.0,normal,2029
37,702929259,64921000,720529838.0,attack,2001
38,1368592276,134242000,1455513840.0,attack,2025
39,1051200596,103680000,1154880596.0,normal,2050
40,955488966,95098940,1050587906.0,normal,2035
41,1040390148,103695700,1144085848.0,normal,2034
42,1381868312,138261800,1520130112.0,normal,2039
43,1254430319,125280000,1332389818.0,attack,2007
44,1303645240,130195800,1433841040.0,normal,2041
45,914940936,90720000,958340410.0,attack,2023
46,1538248699,151275000,1642203156.0,attack,2025
47,873982950,86966000,960948950.0,normal,2033
48,1125918969,108031090,1186629494.0,attack,2023
49,1044763692,103680000,1148443692.0,normal,2037
50,1044523980,103695300,1148219280.0,normal,2034
