block_id,total_gas,total_mev_captured,block_bid,builder_type,builder_id
1,1352750196,1597800,777157380.5112536,attack,2104
2,2150001262,1612100,1404658624.600224,attack,2109
3,2126002438,1612100,1502716180.328798,attack,2101
4,2126003614,1612100,1618588928.665233,attack,2103
5,2150004790,1612100,1796764716.6072295,attack,2108
6,2126005966,1612100,1924095871.3111472,attack,2104
7,2137007142,1612100,2152436895.517846,attack,2104
8,2134008318,1740100,2371483772.54334,attack,2107
9,2150009494,1612100,2431084798.0,attack,2109
10,2134010670,1612100,2437220450.0,attack,2109
11,2134011846,1612100,2443535202.0,attack,2104
12,2150013022,1612100,2505373754.0,attack,2110
13,2134014198,1612100,2495127906.0,attack,2101
14,2126015374,1612100,2488264058.0,attack,2109
15,2150016550,1612100,2528525610.0,attack,2109
16,2150017353,1715400,2576938362.0,attack,2108
17,2137018902,1612100,2599986414.0,attack,2104
18,2150020078,1612100,2713958566.0,attack,2104
19,2137021254,1612100,2744922718.0,attack,2102
20,2134022430,1612100,2744956370.0,attack,2110
21,2134023606,1612100,2764459522.0,attack,2106
22,2134024782,1612100,2797759674.0,attack,2109
23,2150025958,1612100,2866341226.0,attack,2109
24,2134027134,1612100,2850242378.0,attack,2105
25,2134028310,1612100,2865188330.0,attack,2110
26,2126029486,1612100,2865845482.0,attack,2108
27,2150030662,1612100,2927043034.0,attack,2110
28,2150031838,1612100,2989488386.0,attack,2103
29,2126033014,1612100,2981650738.0,attack,2108
30,2137034190,1612100,3063464390.0,attack,2103
31,2134035366,1612100,3087590842.0,attack,2105
32,2134036542,1612100,3105749994.0,attack,2106
33,2134037718,1612100,3120641646.0,attack,2102
34,2134038894,1612100,3170824798.0,attack,2103
35,2126040070,1612100,3164984550.0,attack,2101
36,2150040393,1722800,3271638632.0,attack,2102
37,2150042422,1617730,3258716114.0,attack,2105
38,2134043598,1612100,3262199936.0,attack,2109
39,2150044774,1612100,3302235578.0,attack,2102
40,2134045950,1612100,3282804160.0,attack,2107
41,2137047126,1612100,3305656312.0,attack,2101
42,2134048302,1612100,3329673964.0,attack,2110
43,2134049478,1612100,3356288896.0,attack,2109
44,2150050654,1612100,3394972448.0,attack,2103
45,2126051830,1612100,3369972600.0,attack,2107
46,2126053006,1612100,3372411152.0,attack,2101
47,2137054182,1612100,3422231804.0,attack,2101
48,2150055358,1612100,3503953956.0,attack,2104
49,2150056534,1612100,3526872808.0,attack,2108
50,2150057710,1612100,3583127860.0,attack,2102
