block_id,total_gas,total_mev_captured,block_bid,builder_type,builder_id
1,1671796324,849600,1202407653.533103,attack,468
2,2107001458,803600,2043801025.5782974,attack,478
3,2107002634,803600,2064789768.0,attack,468
4,2107003810,803600,2064790920.0,attack,467
5,2107004986,803600,2064792072.0,attack,456
6,2107006162,803600,2064793224.0,attack,481
7,2107007338,803600,2064794376.0,attack,461
8,2107008514,803600,2064795528.0,attack,456
9,2107009690,803600,2064796680.0,attack,474
10,2107010866,803600,2064797832.0,attack,473
11,2107012042,803600,2064798984.0,attack,452
12,2107013218,803600,2064800136.0,attack,459
13,2064014088,787200,2064801288.0,normal,494
14,2107015570,803600,2064802440.0,attack,459
15,2107016746,803600,2064803592.0,attack,461
16,2107017922,803600,2064804744.0,attack,476
17,2107019098,803600,2064805896.0,attack,478
18,2064019848,787200,2064807048.0,normal,500
19,2107021450,803600,2064808200.0,attack,477
20,2107022626,803600,2064809352.0,attack,470
21,2107023802,803600,2064810504.0,attack,466
22,2064024456,787200,2064811656.0,normal,493
23,2107026154,803600,2064812808.0,attack,464
24,2064026760,787200,2064813960.0,normal,499
25,2107028506,803600,2064815112.0,attack,484
26,2107029682,803600,2064816264.0,attack,482
27,2107030858,803600,2064817416.0,attack,482
28,2107032034,803600,2064818568.0,attack,477
29,2107033210,803600,2064819720.0,attack,457
30,2107034386,803600,2064820872.0,attack,466
31,2064034824,787200,2064822024.0,normal,495
32,2107036738,803600,2064823176.0,attack,471
33,2064037128,787200,2064824328.0,normal,493
34,2107039090,803600,2064825480.0,attack,482
35,2107040266,803600,2064826632.0,attack,469
36,2107041442,803600,2064827784.0,attack,487
37,2107042618,803600,2064828936.0,attack,470
38,2107043794,803600,2064830088.0,attack,478
39,2107044970,803600,2064831240.0,attack,481
40,2107046146,803600,2064832392.0,attack,483
41,2107047322,803600,2064833544.0,attack,490
42,2107048498,803600,2064834696.0,attack,481
43,2107049674,803600,2064835848.0,attack,466
44,2107050850,803600,2064837000.0,attack,452
45,2107052026,803600,2064838152.0,attack,482
46,2107053202,803600,2064839304.0,attack,489
47,2107054378,803600,2064840456.0,attack,481
48,2064054408,787200,2064841608.0,normal,500
49,2107056730,803600,2064842760.0,attack,454
50,2107057906,803600,2064843912.0,attack,466
