block_id,total_gas,total_mev_captured,block_bid,builder_type,builder_id
1,58450000,0,34629405.82162613,attack,956
2,1889000441,1861100,1184213786.0211232,attack,954
3,2150001605,911400,1474930881.7660248,attack,952
4,2150002781,911400,1607291465.5820417,attack,954
5,2113103957,911400,1716206868.5237203,attack,959
6,2126005133,911400,1879353510.72164,attack,955
7,2126006309,911400,2061323906.1291444,attack,954
8,2126007485,911400,2242050436.512185,attack,960
9,2126008661,911400,2276493632.0,attack,959
10,2126009837,911400,2282943884.0,attack,956
11,2150011013,911400,2370000036.0,attack,951
12,2134012189,911400,2380405688.0,attack,956
13,2150013365,911400,2422422240.0,attack,954
14,2137014541,911400,2462160192.0,attack,951
15,2150015717,911400,2512719144.0,attack,959
16,2134016893,933200,2506954296.0,attack,957
17,2126018069,922100,2538526648.0,attack,954
18,2126019245,911400,2563756500.0,attack,952
19,2150020421,911400,2618966652.0,attack,960
20,2126021597,911400,2591218804.0,attack,951
21,2137022773,1870400,2620449056.0,attack,955
22,2126023949,911400,2611021908.0,attack,959
23,2150025125,911400,2651454960.0,attack,954
24,2150026301,911400,2697909612.0,attack,956
25,2126027477,911400,2695744864.0,attack,958
26,2137028653,911400,2738780316.0,attack,960
27,2126029829,911400,2725108268.0,attack,955
28,2150031005,911400,2766449420.0,attack,956
29,2150032181,911400,2831592572.0,attack,955
30,2150033357,911400,2899587124.0,attack,957
31,2134034533,911400,2909315276.0,attack,958
32,2137035709,911400,2937063558.0,attack,957
33,2134036885,911400,2965152710.0,attack,957
34,2137038061,911400,3002037862.0,attack,951
35,2134039237,911400,3021947104.0,attack,960
36,2126040413,911400,3030957256.0,attack,952
37,2150041589,911400,3117578808.0,attack,960
38,2137042765,911400,3122368760.0,attack,954
39,2150043941,911400,3184379512.0,attack,960
40,2137045117,911400,3174080894.0,attack,953
41,2150046293,911400,3256161546.0,attack,960
42,2137047469,911400,3234100398.0,attack,958
43,2137048645,911400,3290332190.0,attack,956
44,2134049821,911400,3284787342.0,attack,951
45,2137050997,911400,3329397494.0,attack,954
46,2134052173,911400,3361995646.0,attack,959
47,2134053349,911400,3384316188.0,attack,959
48,2150054525,911400,3433292740.0,attack,952
49,2134055701,911400,3440431492.0,attack,958
50,2150056877,911400,3526392644.0,attack,951
