block_id,total_gas,total_mev_captured,block_bid,builder_type,builder_id
1,1096350144,5800600,753864595.3641105,attack,904
2,2126001164,3047500,1945323607.4680371,attack,920
3,2113102340,2278500,2132777180.0,attack,926
4,2113303516,2339200,2176743032.0,attack,924
5,2113304692,2278500,2202261364.0,attack,902
6,2150005868,2278500,2290072416.0,attack,930
7,2137007044,2278500,2325917268.0,attack,920
8,2150008041,2330200,2408774520.0,attack,903
9,2137009396,2278500,2393452372.0,attack,932
10,2134010572,2278500,2400109224.0,attack,909
11,2126011748,2574500,2424563376.0,attack,910
12,2126012924,2278500,2435559898.0,attack,926
13,2070433800,19932000,2442087950.0,normal,941
14,2137015276,2278500,2473019702.0,attack,925
15,2126016452,2293800,2494873354.0,attack,921
16,2137017628,2278500,2534248206.0,attack,907
17,2113318804,2278500,2520331158.0,attack,906
18,2100119560,2371000,2583724630.0,normal,945
19,2137021156,2292300,2603900202.0,attack,932
20,2113122332,2278500,2606652344.0,attack,907
21,2089323016,2601000,2653795486.0,normal,945
22,2076424168,2232000,2649170818.0,normal,936
23,2076425320,2232000,2669157070.0,normal,936
24,2137027036,2278500,2714498022.0,attack,905
25,2113328212,2278500,2695873774.0,attack,930
26,2102028776,2232000,2776808226.0,normal,942
27,2134030564,2278500,2796870378.0,attack,921
28,2126031740,2278500,2797662930.0,attack,931
29,2126032916,2278500,2801013882.0,attack,918
30,2150034092,2278500,2854820434.0,attack,908
31,2113335268,2278500,2837598586.0,attack,923
32,2150036444,2278500,2919781508.0,attack,922
33,2150037620,2278500,2931105050.0,attack,923
34,2126038796,2278500,2920666702.0,attack,912
35,2113339972,2563500,2930830234.0,attack,923
36,2113341148,2278500,2943259586.0,attack,932
37,2126042324,2278500,2978670538.0,attack,905
38,2126043500,2278500,3003134090.0,attack,911
39,2126044676,2278500,3016398742.0,attack,928
40,2126045852,2278500,3076594794.0,attack,935
41,2102046056,2232000,3088282946.0,normal,950
42,2126048204,2278500,3087669098.0,attack,911
43,2126048360,2232000,3152487750.0,normal,945
44,2150050556,2278500,3186001802.0,attack,902
45,2126051732,3237500,3212898654.0,attack,923
46,2137052908,2278500,3243946806.0,attack,920
47,2137054084,2278500,3297304348.0,attack,921
48,2137055260,2278500,3328564300.0,attack,909
49,2150056436,2278500,3366125552.0,attack,903
50,2150057612,2293800,3415511404.0,attack,933
