block_id,total_gas,total_mev_captured,block_bid,builder_type,builder_id
1,1751400361,1414700,1095010097.3414078,attack,1412
2,2113101507,1612100,1553059396.280675,attack,1416
3,2134002683,1612100,1842659635.115026,attack,1406
4,2113303859,1612100,2125790198.3854475,attack,1403
5,2137005035,1612100,2198776650.0,attack,1420
6,2113306211,1612100,2191957102.0,attack,1408
7,2112207387,1612100,2202285384.0,attack,1414
8,2107092563,19312100,2245224836.0,attack,1404
9,2126009739,1612100,2274214988.0,attack,1414
10,2113310915,1612100,2289725140.0,attack,1407
11,2113312091,1612100,2305826092.0,attack,1419
12,2113313267,1645400,2340034444.0,attack,1414
13,2150014443,1612100,2436310476.0,attack,1415
14,2150015619,1612100,2402342528.0,attack,1412
15,2137016795,1612100,2426698380.0,attack,1406
16,2126017971,1612100,2441339532.0,attack,1418
17,2126019147,1612100,2470226314.0,attack,1407
18,2107280323,19312100,2470163166.0,attack,1405
19,2134021499,1612100,2507249918.0,attack,1420
20,2113322675,1612100,2515626770.0,attack,1405
21,2113323851,1612100,2530256922.0,attack,1416
22,2137025027,1612100,2581528174.0,attack,1417
23,2126026203,1661200,2629623326.0,attack,1416
24,2126027379,1647700,2652037578.0,attack,1414
25,2110027960,1595600,2697251630.0,normal,1427
26,2150029731,1624400,2708937072.0,attack,1420
27,2102030264,1579200,2719588024.0,normal,1428
28,2100331416,1579200,2740640696.0,normal,1422
29,2076632568,1579200,2732868488.0,normal,1436
30,2113334435,1612100,2741988940.0,attack,1408
31,2134035611,1612100,2783698392.0,attack,1413
32,2137036787,1612100,2817139244.0,attack,1413
33,2113337963,1626300,2804580596.0,attack,1418
34,2150038328,1639900,2903379048.0,normal,1440
35,2134040315,1612100,2864531680.0,attack,1413
36,2134040632,1645300,2937684032.0,normal,1431
37,2070425784,8769200,2890680584.0,normal,1437
38,2076442936,1579200,2896489256.0,normal,1442
39,2076444088,1579200,2910806308.0,normal,1446
40,2124045240,1579200,3007820460.0,normal,1442
41,2134047371,1612100,2996680612.0,attack,1405
42,2097147544,1579200,2997604764.0,normal,1442
43,2076248696,1579200,2987966116.0,normal,1428
44,2100149848,1579200,3043582108.0,normal,1442
45,2121051000,1579200,3082475060.0,normal,1446
46,2076252152,1579200,3054394612.0,normal,1433
47,2150054427,1612100,3110610664.0,attack,1401
48,2150055603,1612100,3159574416.0,attack,1415
49,2072655608,19279200,3147360808.0,normal,1431
50,2100156760,1621200,3175339960.0,normal,1442
