block_id,total_gas,total_mev_captured,block_bid,builder_type,builder_id
1,33568000,0,19163346.631469093,attack,853
2,1398490225,10424800,810126106.7965415,attack,854
3,2134001311,13965000,1326252568.3810527,attack,851
4,2126002487,13965000,1380590952.068003,attack,852
5,2134003663,13965000,1458182745.1189,attack,855
6,2150004839,13965000,1535230096.7058017,attack,853
7,2137006015,13965000,1601965455.702518,attack,852
8,2150007191,13965000,1692599540.4765348,attack,851
9,2113108367,13965000,1734566191.6108134,attack,853
10,2126009543,13981400,1829148689.8845043,attack,852
11,2137010719,13965000,1927014657.9024823,attack,852
12,2134011895,13965000,2049359510.4809601,attack,852
13,2134013071,13965000,2124097138.6008265,attack,854
14,2113314247,14040000,2211177891.8844223,attack,853
15,2126015423,13965000,2346761634.3955812,attack,851
16,2137016599,13965000,2476816392.677863,attack,851
17,2126017775,13965000,2492407920.0,attack,851
18,2126018951,13965000,2517558312.0,attack,851
19,2134020127,13965000,2543975664.0,attack,854
20,2107621303,31665000,2540431816.0,attack,855
21,2137022479,13965000,2647174968.0,attack,852
22,2137023655,13965000,2682387120.0,attack,853
23,2134024831,13965000,2667759172.0,attack,852
24,2134026007,13965000,2660652324.0,attack,852
25,2150027183,13965000,2738918576.0,attack,853
26,2137028359,13998100,2756501028.0,attack,851
27,2150029535,13965000,2819959380.0,attack,851
28,2150030711,13965000,2842434532.0,attack,852
29,2150031887,13965000,2940134784.0,attack,854
30,2150033063,13995200,2963646656.0,attack,853
31,2150034239,13965000,2977206828.0,attack,855
32,2137035415,14334000,2966234280.0,attack,855
33,2137036591,13965000,2952225832.0,attack,852
34,2134037767,13965000,2953331184.0,attack,854
35,2134038943,13965000,2950739856.0,attack,855
36,2137040119,13965000,2999774608.0,attack,855
37,2150041295,13965000,3073906560.0,attack,851
38,2150042471,13965000,3123091112.0,attack,851
39,2137043647,13965000,3099171664.0,attack,854
40,2126044823,13965000,3105965716.0,attack,854
41,2134045999,13965000,3129558168.0,attack,855
42,2150047175,13965000,3178298720.0,attack,855
43,2126048351,13965000,3151366002.0,attack,851
44,2150049527,13965000,3194215854.0,attack,855
45,2126050703,14032500,3214237406.0,attack,852
46,2134051879,13965000,3244786558.0,attack,851
47,2150053055,13965000,3301327800.0,attack,855
48,2137054231,13965000,3312306252.0,attack,852
49,2150055407,13977800,3398336004.0,attack,852
50,2150056583,13965000,3383497456.0,attack,853
