block_id,total_gas,total_mev_captured,block_bid,builder_type,builder_id
1,81680000,0,52095932.577334486,attack,2953
2,1066152144,1950000,758139015.7139347,attack,2964
3,2150001164,3675000,1831028256.9320042,attack,2968
4,2134002340,3675000,2182647765.8967466,attack,2953
5,2137003516,3675000,2249627832.0,attack,2963
6,2150004692,3675000,2296156984.0,attack,2961
7,2134005868,3675000,2324746136.0,attack,2960
8,2137007044,3683520,2348365508.0,attack,2957
9,2134008220,3675000,2351066570.0,attack,2952
10,2134009396,3675000,2365638552.0,attack,2968
11,2126010572,3675000,2367269704.0,attack,2969
12,2150011748,3675000,2438670156.0,attack,2963
13,2137012924,3675000,2421690308.0,attack,2968
14,2126014100,3675000,2406202460.0,attack,2956
15,2134015276,3675000,2441609652.0,attack,2969
16,2134016452,3675000,2497638604.0,attack,2952
17,2126017628,3675000,2516905756.0,attack,2952
18,2126018804,3675000,2534297908.0,attack,2970
19,2150019980,3675000,2610054360.0,attack,2953
20,2137021156,3688900,2651663352.0,attack,2959
21,2137022332,3675000,2649391304.0,attack,2962
22,2134023508,3675000,2652129256.0,attack,2964
23,2126024684,3675000,2647280508.0,attack,2953
24,2134025860,3675000,2711695760.0,attack,2953
25,2110026472,3600000,2701491212.0,normal,2981
26,2113328212,3675000,2678784364.0,attack,2967
27,2113028776,3600000,2747731516.0,normal,2971
28,2150030564,3675000,2817649768.0,attack,2960
29,2121031080,3600000,2800517920.0,normal,2987
30,2113332916,3675000,2756614612.0,attack,2958
31,2076633384,3600000,2768225764.0,normal,2993
32,2076634536,3600000,2775445916.0,normal,2985
33,2100335688,3896000,2821133458.0,normal,2995
34,2134037620,3675000,2863792610.0,attack,2963
35,2093037992,21300000,2910732462.0,normal,2972
36,2107119144,21300000,2919151454.0,normal,2993
37,2076640296,3600000,2885960806.0,normal,2980
38,2126041448,3631700,2957108458.0,normal,2983
39,2134043500,3675000,2944311940.0,attack,2962
40,2076243752,3619700,2949406112.0,normal,2975
41,2097144904,3600000,2992494264.0,normal,2984
42,2076246056,4110000,2997705416.0,normal,2999
43,2100147208,3600000,3032604368.0,normal,2998
44,2113349380,3675000,3021165920.0,attack,2952
45,2113150556,3675000,3048925472.0,attack,2960
46,2076250664,3600000,3065214624.0,normal,2997
47,2074451816,3703100,3072999516.0,normal,2983
48,2113354084,3675000,3089857068.0,attack,2970
49,2107225260,21375000,3135436050.0,attack,2959
50,2100355272,3600000,3179463202.0,normal,2991
