block_id,total_gas,total_mev_captured,block_bid,builder_type,builder_id
1,1838400400,1858000,1111808887.3796244,attack,1301
2,2134001556,2058000,1463247035.31398,attack,1309
3,2137002732,2058000,1658933722.346914,attack,1315
4,2113303908,2058000,1849265513.4156675,attack,1306
5,2137005084,2058000,2131307647.660536,attack,1306
6,2134006260,2058000,2212868280.0,attack,1306
7,2113107436,2058000,2219266832.0,attack,1301
8,2134008612,2058000,2279083684.0,attack,1305
9,2126009788,2058000,2324295836.0,attack,1314
10,2137010964,2058000,2391710088.0,attack,1313
11,2137012140,2058000,2416305940.0,attack,1314
12,2150013316,2058000,2495868892.0,attack,1307
13,2150014492,2058000,2478452444.0,attack,1302
14,2137015668,2058000,2488359996.0,attack,1313
15,2150016844,2058000,2536495648.0,attack,1301
16,2126018020,2058000,2520845000.0,attack,1308
17,2150019196,2058000,2567837292.0,attack,1301
18,2150020372,2058000,2613924714.0,attack,1301
19,2150021548,2058000,2638955566.0,attack,1312
20,2134022724,2058000,2657569358.0,attack,1302
21,2134023900,2058000,2674402810.0,attack,1312
22,2126025076,2058000,2690689062.0,attack,1304
23,2126026252,2058000,2690238114.0,attack,1304
24,2134027428,2058000,2734069566.0,attack,1303
25,2126028604,2058000,2728476718.0,attack,1306
26,2126029780,2058000,2733484770.0,attack,1303
27,2126030956,2058000,2757131612.0,attack,1313
28,2137032132,2058000,2795559764.0,attack,1310
29,2134033308,2058000,2816902916.0,attack,1301
30,2108234484,19758000,2817656068.0,attack,1302
31,2150035660,2058000,2859342020.0,attack,1304
32,2150036836,2058000,2908317872.0,attack,1302
33,2137038012,2058000,2920452024.0,attack,1304
34,2126038376,2024520,2972674196.0,normal,1331
35,2084039528,19716000,2937921258.0,normal,1331
36,2100340680,2016000,2968482410.0,normal,1317
37,2134042716,2058000,2984198302.0,attack,1305
38,2100342984,2066700,3016278554.0,normal,1328
39,2126045068,2058000,3016582706.0,attack,1311
40,2113345288,2016000,3069425858.0,normal,1319
41,2126047420,2058000,3073036210.0,attack,1306
42,2113348596,2058000,3085310202.0,attack,1307
43,2076648744,2016000,3105693254.0,normal,1324
44,2076649896,2016000,3114893406.0,normal,1319
45,2076451048,2091000,3125298558.0,normal,1320
46,2083162200,9206000,3161455310.0,normal,1333
47,2097153352,2091000,3195908562.0,normal,1347
48,2113054504,2076700,3234151514.0,normal,1330
49,2137056828,2058000,3285900486.0,attack,1305
50,2121056808,2016000,3337754138.0,normal,1335
