block_id,total_gas,total_mev_captured,block_bid,builder_type,builder_id
1,884430081,295400,480518103.48057824,attack,2051
2,2110601017,627200,1234461774.861688,attack,2055
3,2110602193,627200,1294773352.5264983,attack,2052
4,2112003369,627200,1353298973.6539907,attack,2054
5,2112204545,627200,1416446764.6355715,attack,2052
6,2112205721,627200,1484561660.7426484,attack,2054
7,2150006897,627200,1584055995.6567345,attack,2054
8,2113108073,627200,1642336695.601392,attack,2051
9,2150009249,627200,1745518247.9740057,attack,2051
10,2113310425,627200,1795137456.073774,attack,2051
11,2134011601,923200,1926955511.2612135,attack,2053
12,2126012777,627200,1992827535.2145526,attack,2053
13,2126013953,627200,2067821589.6392229,attack,2051
14,2113315129,627200,2158379758.729859,attack,2053
15,2134016305,627200,2317037484.852674,attack,2051
16,2137017481,627200,2469468982.5902824,attack,2053
17,2150018265,942400,2658235524.0,attack,2051
18,2150019833,627200,2671038076.0,attack,2054
19,2134021009,627200,2636738328.0,attack,2053
20,2134022185,627200,2635279480.0,attack,2055
21,2134023361,627200,2626451632.0,attack,2052
22,2134024537,627200,2625361484.0,attack,2053
23,2134025713,627200,2639655536.0,attack,2052
24,2137026889,627200,2675120788.0,attack,2055
25,2137028065,627200,2751075940.0,attack,2051
26,2134029241,627200,2746974592.0,attack,2055
27,2109630417,18327200,2749833544.0,attack,2054
28,2137031593,627200,2780043396.0,attack,2055
29,2150032769,627200,2826002548.0,attack,2053
30,2126033945,627200,2807028700.0,attack,2055
31,2126035121,627200,2816899952.0,attack,2053
32,2126036297,627200,2868590904.0,attack,2052
33,2126037473,627200,2884933076.0,attack,2054
34,2150038649,627200,2926944058.0,attack,2052
35,2126039825,627200,2918478110.0,attack,2051
36,2150041001,627200,3025971562.0,attack,2053
37,2137042177,627200,3017078714.0,attack,2051
38,2150043353,627200,3059923366.0,attack,2055
39,2150044529,627200,3132043418.0,attack,2054
40,2137045705,627200,3125429250.0,attack,2051
41,2137046881,627200,3145918902.0,attack,2052
42,2137048057,627200,3142710154.0,attack,2053
43,2137049233,627200,3210871946.0,attack,2051
44,2150050409,627200,3305829798.0,attack,2055
45,2150051585,627200,3327803450.0,attack,2054
46,2137052761,627200,3331484302.0,attack,2055
47,2150053937,627200,3411384294.0,attack,2052
48,2137055113,627200,3441144146.0,attack,2053
49,2134056289,627200,3444108398.0,attack,2054
50,2134057465,627200,3436449550.0,attack,2051
