block_id,total_gas,total_mev_captured,block_bid,builder_type,builder_id
1,1350700225,1174200,931879796.5471354,attack,1374
2,2112001311,1631700,1925836752.4428933,attack,1361
3,2134002487,1631700,2137581624.0,attack,1373
4,2137003663,1631700,2168130776.0,attack,1372
5,2137004839,1631700,2248726928.0,attack,1370
6,2137006015,1631700,2282748710.0,attack,1372
7,2150007191,1631700,2322648792.0,attack,1365
8,2134008367,1631700,2296376334.0,attack,1353
9,2134009543,1631700,2301350886.0,attack,1358
10,2126010719,1631700,2311421338.0,attack,1366
11,2107109895,8821700,2320710590.0,attack,1384
12,2150013071,1631700,2428021742.0,attack,1353
13,2137014247,1631700,2411570214.0,attack,1363
14,2126015096,1598400,2442515366.0,normal,1392
15,2150016599,1631700,2494565918.0,attack,1371
16,2134017775,1631700,2471191170.0,attack,1382
17,2134018951,1631700,2472219922.0,attack,1357
18,2137019704,1598400,2611218594.0,normal,1398
19,2137021303,1631700,2564249746.0,attack,1375
20,2137022479,1631700,2605495898.0,attack,1359
21,2134023655,1631700,2615435650.0,attack,1351
22,2134024831,1631700,2607798202.0,attack,1362
23,2126026007,1631700,2615858554.0,attack,1380
24,2134027183,1631700,2698659686.0,attack,1372
25,2134028359,1631700,2692656838.0,attack,1373
26,2134028920,1894400,2758044590.0,normal,1400
27,2134030711,1631700,2777180722.0,attack,1375
28,2137031887,1631700,2806445874.0,attack,1384
29,2150033063,1631700,2841347026.0,attack,1354
30,2137034239,1631700,2852003878.0,attack,1361
31,2110034680,1598400,2861082030.0,normal,1389
32,2065185832,26488400,2841079182.0,normal,1388
33,2113337767,1650300,2861757034.0,attack,1364
34,2126038943,1631700,2902009976.0,attack,1379
35,2137040119,1631700,2935052328.0,attack,1383
36,2137041295,1631700,2961049180.0,attack,1355
37,2137042471,1631700,2987866332.0,attack,1372
38,2137043647,1631700,3043610584.0,attack,1360
39,2137044823,1631700,3080845836.0,attack,1376
40,2134045999,1647400,3107910088.0,attack,1360
41,2134047175,1631700,3119893220.0,attack,1385
42,2083677352,19298400,3120748372.0,normal,1386
43,2124048504,1854400,3168486914.0,normal,1390
44,2134050703,1631700,3152168066.0,attack,1372
45,2113350808,1598400,3191591118.0,normal,1395
46,2113153055,1862700,3171617070.0,attack,1364
47,2113354231,1631700,3185749022.0,attack,1356
48,2113355407,1631700,3204529874.0,attack,1361
49,2113356583,1631700,3224223626.0,attack,1374
50,2137057759,1631700,3301053778.0,attack,1377
