block_id,total_gas,total_mev_captured,block_bid,builder_type,builder_id
1,27509000,0,20297271.26273702,attack,3260
2,1630200324,700130,1576506091.005252,attack,3264
3,2137001458,833000,2147911056.0,attack,3251
4,2137002634,833000,2184239988.0,attack,3277
5,2150003810,833000,2223584140.0,attack,3290
6,2137004986,833000,2209813392.0,attack,3267
7,2150006162,833000,2310794444.0,attack,3288
8,2137007338,833000,2330000696.0,attack,3282
9,2134008514,893700,2315549648.0,attack,3290
10,2134009690,833000,2333823900.0,attack,3262
11,2126010866,833000,2327483692.0,attack,3255
12,2113312042,833000,2338486744.0,attack,3283
13,2110012936,816000,2408462796.0,normal,3297
14,2113314394,833000,2396796548.0,attack,3285
15,2113315570,833000,2432803540.0,attack,3282
16,2113316746,833000,2445950992.0,attack,3273
17,2113317922,833000,2467624344.0,attack,3268
18,2076218696,833590,2490437396.0,normal,3299
19,2150020274,833000,2549265958.0,attack,3272
20,2150021450,833000,2643480110.0,attack,3263
21,2137022626,833000,2638621262.0,attack,3265
22,2126023802,833000,2643326614.0,attack,3284
23,2110024456,816000,2718525156.0,normal,3296
24,2126026154,833000,2716082608.0,attack,3251
25,2126027330,833000,2730577760.0,attack,3255
26,2134028506,833000,2751461092.0,attack,3261
27,2150029682,833000,2827257544.0,attack,3285
28,2137030216,816000,2852860136.0,normal,3300
29,2134032034,833000,2827476588.0,attack,3279
30,2107452520,18516000,2872906440.0,normal,3296
31,2107694386,8023000,2835612322.0,attack,3289
32,2150035562,833000,2922092274.0,attack,3259
33,2126036738,833000,2910264326.0,attack,3272
34,2134037914,833000,2941857178.0,attack,3284
35,2137039090,833000,2963810330.0,attack,3252
36,2150040266,833000,3059466182.0,attack,3268
37,2137040584,816000,3076392434.0,normal,3295
38,2137042618,833000,3105363386.0,attack,3282
39,2137043794,833000,3182335238.0,attack,3276
40,2150044970,833000,3245795390.0,attack,3284
41,2137046146,833000,3254505142.0,attack,3269
42,2137047322,833000,3274018694.0,attack,3287
43,2134048498,833000,3282290846.0,attack,3272
44,2134049674,833000,3287210798.0,attack,3254
45,2134050850,833000,3297026250.0,attack,3272
46,2134052026,833000,3330697102.0,attack,3279
47,2134053202,833000,3328661254.0,attack,3277
48,2137054378,833000,3369319406.0,attack,3285
49,2150054409,1278000,3402522858.0,attack,3265
50,2118055560,816000,3408216010.0,normal,3300
