block_id,total_gas,total_mev_captured,block_bid,builder_type,builder_id
1,816333064,375800,570864023.6384641,attack,2309
2,1209727385,405700,1155256053.9375753,attack,2315
3,916475541,340840,873802550.0,attack,2311
4,1282906095,769900,1240662150.0,attack,2312
5,975174045,670800,932830990.0,attack,2326
6,932164255,528580,889678970.0,attack,2332
7,1170538924,416200,1127941246.0,attack,2313
8,834685563,337300,792008976.0,attack,2323
9,1294526719,400200,1251913018.0,attack,2322
10,1046788444,330200,1004104732.0,attack,2316
11,1217055318,386400,1217441718.0,normal,2344
12,1067363156,345100,1067708256.0,normal,2345
13,1169861895,526700,1127374644.0,attack,2311
14,570341999,965400,528293442.0,attack,2301
15,1099474069,683400,1057143500.0,attack,2329
16,1173307732,7634400,1137928150.0,attack,2317
17,1291982474,400200,1249368678.0,attack,2311
18,1002068629,773400,959828022.0,attack,2302
19,912632447,474900,870093330.0,attack,2337
20,1127472569,356200,1084814740.0,attack,2308
21,1088110869,356200,1045453028.0,attack,2306
22,1391217952,524400,1391742352.0,normal,2344
23,1263006649,1006500,1220999078.0,attack,2333
24,1006096354,317400,963399672.0,attack,2312
25,1122284194,380100,1079650200.0,attack,2325
26,1219528414,400600,1219929014.0,normal,2343
27,933481568,309500,890776950.0,attack,2321
28,833519123,262200,790767196.0,attack,2320
29,1255936679,497700,1213420238.0,attack,2320
30,970547612,371100,970918712.0,normal,2346
31,595510612,981500,553477954.0,attack,2325
32,1348296323,427800,1305709950.0,attack,2322
33,666359264,254400,666613664.0,normal,2350
34,1013475861,594900,971056570.0,attack,2322
35,1290974130,400300,1291374430.0,normal,2342
36,1172286104,1168000,1130439886.0,attack,2309
37,791929596,294900,792224496.0,normal,2341
38,1040261380,492200,1040753580.0,normal,2350
39,964786319,545800,922317870.0,attack,2311
40,1000327448,347600,957660788.0,attack,2337
41,1219403062,386400,1219789462.0,normal,2346
42,1441605898,455400,1399047008.0,attack,2328
43,754469394,409200,711864296.0,attack,2331
44,1357895663,427800,1315309150.0,attack,2333
45,1054582444,449900,1055032344.0,normal,2344
46,1174368344,372600,1131726606.0,attack,2309
47,1115620594,345000,1072951244.0,attack,2319
48,1342008710,568520,1342577230.0,normal,2341
49,1088254269,345000,1045584892.0,attack,2303
50,1034090392,317400,991393404.0,attack,2313
