block_id,total_gas,total_mev_captured,block_bid,builder_type,builder_id
1,1428200196,541400,791800437.5087425,attack,1805
2,2126001262,524300,1247027176.5419242,attack,1804
3,2113302438,524300,1297647456.6127102,attack,1804
4,2134003614,524300,1376736297.807116,attack,1802
5,2113104790,739300,1431376536.726769,attack,1803
6,2150005966,524300,1523834732.8597043,attack,1801
7,2150007142,524300,1596427024.0762882,attack,1801
8,2150008318,524300,1692157941.6553442,attack,1801
9,2134009494,524300,1766919414.545599,attack,1803
10,2150010670,524300,1892223034.257823,attack,1802
11,2137011846,556000,1966386447.9943419,attack,1803
12,2108513022,18224300,2043904461.103267,attack,1801
13,2150014198,524300,2166885686.865271,attack,1805
14,2150015374,524300,2298917557.7160945,attack,1805
15,2137016550,524300,2413405321.1006784,attack,1804
16,2134017726,524300,2507605445.864232,attack,1801
17,2137018902,524300,2555553344.0,attack,1801
18,2137020078,524300,2587308236.0,attack,1805
19,2134021254,524300,2627990188.0,attack,1801
20,2150022430,524300,2727237880.0,attack,1805
21,2150023606,524300,2740522532.0,attack,1801
22,2150024782,524300,2760243524.0,attack,1801
23,2134025958,524300,2742234776.0,attack,1805
24,2137027134,535000,2837294428.0,attack,1802
25,2137028310,524300,2837151880.0,attack,1803
26,2150029486,524300,2876164532.0,attack,1803
27,2137030662,524300,2872423684.0,attack,1801
28,2126031838,524300,2877484936.0,attack,1801
29,2126033014,524300,2880177088.0,attack,1804
30,2126034190,524300,2890922440.0,attack,1805
31,2126035366,524300,2893968292.0,attack,1802
32,2126036542,524300,2891512944.0,attack,1803
33,2150037718,524300,2934743596.0,attack,1803
34,2134038894,524300,2948071448.0,attack,1804
35,2137040070,524300,2973060000.0,attack,1805
36,2134041246,524300,2989375152.0,attack,1801
37,2107121422,18224300,2990292104.0,attack,1803
38,2126043598,530690,3011581646.0,attack,1805
39,2113144774,7714300,3011021108.0,attack,1801
40,2137045950,570800,3069504050.0,attack,1801
41,2126047126,524300,3052000302.0,attack,1802
42,2110648302,18224300,3069200454.0,attack,1804
43,2150049478,524300,3140172806.0,attack,1801
44,2137050654,524300,3173827798.0,attack,1805
45,2150051830,524300,3286226950.0,attack,1801
46,2150053006,524300,3372660732.0,attack,1802
47,2150054182,524300,3399786784.0,attack,1801
48,2137055358,524300,3377122036.0,attack,1801
49,2137056534,524300,3433022578.0,attack,1802
50,2134057710,524300,3468282730.0,attack,1803
