block_id,total_gas,total_mev_captured,block_bid,builder_type,builder_id
1,1723700361,2958900,1200962778.728272,attack,1229
2,2113101507,3518200,1933468116.6095085,attack,1210
3,2107242683,10708200,2143289416.0,attack,1208
4,2150003859,3518200,2198156698.0,attack,1223
5,2137005035,3518200,2208219490.0,attack,1231
6,2137006211,3518200,2246857142.0,attack,1215
7,2150007387,3518200,2330523294.0,attack,1232
8,2137008563,3928200,2328584376.0,attack,1219
9,2150009739,3542900,2390409228.0,attack,1212
10,2134010915,3518200,2365824080.0,attack,1230
11,2126012091,3518200,2367237432.0,attack,1233
12,2126013267,3518200,2383430414.0,attack,1212
13,2110014136,3446400,2417495166.0,normal,1248
14,2137015619,3518200,2457181648.0,attack,1215
15,2134016795,3518200,2450890600.0,attack,1209
16,2113317971,3518200,2442355552.0,attack,1205
17,2113319147,3518200,2461002604.0,attack,1220
18,2089319896,3446400,2500175586.0,normal,1236
19,2137021499,3518200,2521927738.0,attack,1201
20,2112022675,3928200,2507414890.0,attack,1235
21,2137023851,3518200,2589545542.0,attack,1226
22,2096324504,7766400,2584947694.0,normal,1245
23,2124025656,3454240,2632620386.0,normal,1243
24,2134027379,3518200,2628870398.0,attack,1233
25,2076427960,3446400,2626147750.0,normal,1237
26,2137029731,3518200,2690396602.0,attack,1218
27,2110030264,3446400,2721105754.0,normal,1245
28,2126031416,3446400,2767566906.0,normal,1246
29,2150033259,3518200,2819395948.0,attack,1201
30,2150033720,3446400,2907961530.0,normal,1242
31,2150035611,3518200,2846797482.0,attack,1230
32,2137036024,3446400,2888374834.0,normal,1244
33,2109137963,10708200,2846232186.0,attack,1209
34,2076638328,3446400,2858347038.0,normal,1248
35,2150040315,3518200,2934448690.0,attack,1215
36,2137040632,3446400,2958926842.0,normal,1241
37,2137042667,3518200,2936988924.0,attack,1212
38,2150043843,3518200,2970148976.0,attack,1221
39,2113144088,3446400,2986296508.0,normal,1243
40,2134046195,3518200,3022482760.0,attack,1217
41,2134047371,3518200,3025498212.0,attack,1204
42,2137048547,3518200,3064160264.0,attack,1225
43,2083308696,21146400,3080494316.0,normal,1241
44,2083199848,10636400,3089556368.0,normal,1246
45,2126052075,3518200,3104455220.0,attack,1205
46,2134053251,3518200,3151351172.0,attack,1230
47,2137054427,3518200,3172174624.0,attack,1201
48,2076654456,3446400,3175525976.0,normal,1242
49,2126056779,3518200,3205408128.0,attack,1214
50,2076256760,3446400,3212600180.0,normal,1237
