block_id,total_gas,total_mev_captured,block_bid,builder_type,builder_id
1,1279010169,4842900,916051922.1881235,attack,1764
2,2126001213,5929000,2110340003.401533,attack,1773
3,2126002389,5929000,2151809628.0,attack,1755
4,2150003565,5929000,2226187680.0,attack,1760
5,2137004741,5929000,2212696922.0,attack,1759
6,2126005917,5929000,2219722874.0,attack,1765
7,2134007093,5929000,2270674726.0,attack,1761
8,2126008269,5929000,2263501978.0,attack,1782
9,2150009241,20188000,2377116830.0,attack,1767
10,2150010621,5929000,2423253622.0,attack,1790
11,2137011797,5946000,2435699174.0,attack,1788
12,2134012973,5929000,2426308026.0,attack,1751
13,2134014149,5929000,2446045878.0,attack,1766
14,2126015325,5960700,2453351930.0,attack,1774
15,2083098152,23508000,2458503282.0,normal,1799
16,2150017677,5929000,2534999234.0,attack,1764
17,2137018456,5825000,2589462286.0,normal,1791
18,2137020029,5929000,2557711728.0,attack,1755
19,2126021205,5929000,2555602620.0,attack,1786
20,2076421912,10128000,2567392612.0,normal,1800
21,2126023064,5808000,2639399664.0,normal,1791
22,2134024733,5929000,2629605916.0,attack,1772
23,2113325909,5929000,2626516868.0,attack,1778
24,2076626520,5808000,2648925340.0,normal,1791
25,2126027672,5827700,2717239192.0,normal,1799
26,2113329437,5929000,2685893944.0,attack,1776
27,2150030613,5929000,2745652716.0,attack,1785
28,2113331789,5929000,2724394868.0,attack,1769
29,2113332965,5929000,2740669420.0,attack,1762
30,2137034141,5929000,2812155672.0,attack,1767
31,2118034584,5808000,2829935364.0,normal,1793
32,2113336493,5929000,2792438416.0,attack,1764
33,2113337669,5929000,2821176668.0,attack,1767
34,2137038845,5929000,2866927220.0,attack,1770
35,2113140021,5929000,2861917072.0,attack,1784
36,2108641197,13119000,2879490324.0,attack,1775
37,2150042373,5929000,2931349176.0,attack,1787
38,2150043549,5929000,3007753328.0,attack,1786
39,2134044725,5929000,2985280380.0,attack,1764
40,2126045901,5929000,2991925132.0,attack,1764
41,2107157077,23629000,3002242784.0,attack,1774
42,2113148253,5929000,3003532736.0,attack,1758
43,2126049429,5929000,3044136018.0,attack,1774
44,2150050605,5929000,3087301910.0,attack,1770
45,2134051781,5929000,3106673062.0,attack,1772
46,2137052957,5929000,3127699214.0,attack,1751
47,2150054133,5929000,3171411366.0,attack,1787
48,2137055309,5929000,3182432518.0,attack,1774
49,2113356485,5929000,3172922770.0,attack,1755
50,2113356472,5881100,3225970122.0,normal,1792
