block_id,total_gas,total_mev_captured,block_bid,builder_type,builder_id
1,1242470169,1274700,685624076.1172367,attack,2601
2,2150001213,769300,1291293301.220343,attack,2604
3,2137002389,769300,1325551135.2874339,attack,2602
4,2134003565,769300,1394908470.6073158,attack,2602
5,2126004741,769300,1446681100.222683,attack,2605
6,2150005917,769300,1551801000.8246925,attack,2605
7,2150007093,769300,1634204777.7290924,attack,2604
8,2126008269,769300,1687424043.729863,attack,2604
9,2150009445,769300,1817905821.154879,attack,2601
10,2137010621,769300,1896053786.558881,attack,2602
11,2134011797,769300,1987344875.038856,attack,2601
12,2150012973,769300,2119937672.406384,attack,2601
13,2137014149,769300,2187127645.844982,attack,2604
14,2134015325,930300,2313758965.090572,attack,2602
15,2134016501,769300,2425655884.809578,attack,2602
16,2150017677,769300,2576167841.205454,attack,2602
17,2134018853,769300,2575244906.0,attack,2602
18,2126020029,769300,2582616058.0,attack,2603
19,2150021205,769300,2654105210.0,attack,2602
20,2109122381,18469300,2648489762.0,attack,2605
21,2150023065,1265600,2725448514.0,attack,2601
22,2137024733,769300,2797116766.0,attack,2602
23,2137025909,769300,2850850918.0,attack,2604
24,2150027085,769300,2917271070.0,attack,2602
25,2137028261,769300,2908996222.0,attack,2602
26,2137029437,769300,2895325374.0,attack,2603
27,2134030613,769300,2882099426.0,attack,2605
28,2137031789,964300,2926964678.0,attack,2602
29,2134032965,842400,2914912930.0,attack,2601
30,2137034141,799500,2945699182.0,attack,2602
31,2137035317,804400,2972856934.0,attack,2603
32,2134036493,769300,2991217086.0,attack,2601
33,2137037669,769300,3052074538.0,attack,2605
34,2150038845,769300,3086902490.0,attack,2604
35,2134040021,769300,3082134922.0,attack,2604
36,2134041197,769300,3120183974.0,attack,2604
37,2150042373,769300,3166730826.0,attack,2602
38,2134043549,769300,3151159218.0,attack,2603
39,2137044725,769300,3176212370.0,attack,2601
40,2126045901,801000,3169387612.0,attack,2602
41,2137047077,769300,3233709264.0,attack,2605
42,2137048253,769300,3260416816.0,attack,2605
43,2126049429,769300,3251441168.0,attack,2603
44,2150050605,769300,3301778320.0,attack,2601
45,2126051781,769300,3291770872.0,attack,2604
46,2137052957,769300,3332342024.0,attack,2602
47,2137054133,769300,3377274566.0,attack,2602
48,2134055309,769300,3380503718.0,attack,2602
49,2150056485,774940,3449738110.0,attack,2605
50,2137057661,769300,3430545722.0,attack,2604
