block_id,total_gas,total_mev_captured,block_bid,builder_type,builder_id
1,836192081,7731700,457032670.90379846,attack,2405
2,1261510457,10150000,727842194.7969491,attack,2405
3,862273518,6778000,507849879.28451955,attack,2405
4,756422608,5962800,459034935.82757694,attack,2405
5,832429841,6733400,527338913.4433299,attack,2403
6,1201418492,9466400,803029926.7956982,attack,2404
7,1171297843,9526020,812056939.6320927,attack,2402
8,1173940194,9450000,844789317.845437,attack,2403
9,1167692545,9521800,872112564.3065791,attack,2404
10,1205355896,9450000,935234636.7093644,attack,2402
11,1516367279,12284700,1230814497.5798771,attack,2402
12,1343474286,10850000,1127600360.2836692,attack,2403
13,1262824430,10150000,1097783520.0269449,attack,2403
14,1514025889,12250000,1374190288.1598136,attack,2404
15,737272073,6094400,673315828.6024894,attack,2402
16,845493596,6906000,807735032.828062,attack,2405
17,1285568822,10667000,1252885614.0,attack,2402
18,837164033,7195000,801008816.0,attack,2401
19,1041552112,8602000,1006803884.0,attack,2402
20,1384902293,10850000,1352402050.0,attack,2405
21,944367203,7350000,908366950.0,attack,2401
22,1312182533,10155180,1278987446.0,attack,2401
23,1470699067,11550000,1438898784.0,attack,2402
24,1091064219,9130600,1056844524.0,attack,2403
25,954497295,7430090,918577080.0,attack,2401
26,1222058404,9455630,1188163716.0,attack,2405
27,1177888755,9450000,1143988424.0,attack,2402
28,1167524106,9450000,1133623762.0,attack,2402
29,1293870172,10150000,1260669814.0,attack,2403
30,1194289835,9492400,1160431864.0,attack,2405
31,1011398654,8059520,976107792.0,attack,2401
32,1253381274,10435000,1220465878.0,attack,2405
33,1086918044,8750000,1052317636.0,attack,2401
34,1001456505,8316600,966422686.0,attack,2405
35,1252491347,10165300,1219306214.0,attack,2401
36,910359193,7414600,874423350.0,attack,2405
37,1184262130,9706000,1150617674.0,attack,2403
38,1165464481,9450000,1131564012.0,attack,2401
39,915919949,7350000,879919470.0,attack,2405
40,918340159,7700000,882689670.0,attack,2405
41,863363372,11131000,831143874.0,attack,2401
42,1166248615,9462300,1132360404.0,attack,2405
43,1174850966,9819000,1141319442.0,attack,2401
44,1000759173,8595000,966003638.0,attack,2405
45,851934246,6886800,815470502.0,attack,2402
46,1104083744,8750000,1069483188.0,attack,2405
47,921971776,7350000,885971210.0,attack,2401
48,1020556139,25911300,1003116862.0,attack,2405
49,1258076929,10433000,1225159338.0,attack,2404
50,1341178546,11135000,1308962940.0,attack,2405
