block_id,total_gas,total_mev_captured,block_bid,builder_type,builder_id
1,1860200400,657900,1048386275.8049837,attack,2403
2,2126001556,765000,1260852024.2827206,attack,2403
3,2113302732,749700,1307860213.812904,attack,2404
4,2137003908,749700,1382312556.116504,attack,2403
5,2113305084,749700,1430853505.773485,attack,2402
6,2126006260,749700,1516414330.4169033,attack,2404
7,2126007436,749700,1592553204.0416708,attack,2403
8,2134008612,749700,1670408878.110249,attack,2401
9,2113109788,749700,1735649865.0618725,attack,2402
10,2113110964,749700,1825899388.876501,attack,2401
11,2150012140,749700,2015440023.5245187,attack,2404
12,2150013316,749700,2139160838.9454935,attack,2404
13,2150014492,749700,2211791197.7965484,attack,2401
14,2150015668,749700,2323519129.4929748,attack,2405
15,2137016844,763900,2395088582.634825,attack,2404
16,2126018020,1032700,2489136507.041129,attack,2404
17,2137019196,749700,2540806052.0,attack,2405
18,2126020372,763500,2547334204.0,attack,2403
19,2126021548,749700,2560049456.0,attack,2402
20,2150022724,749700,2631423108.0,attack,2402
21,2137023900,749700,2646107860.0,attack,2402
22,2137025076,749700,2699243012.0,attack,2402
23,2150026252,749700,2758164564.0,attack,2403
24,2137027428,749700,2748684716.0,attack,2402
25,2137028604,749700,2779347368.0,attack,2402
26,2126029780,749700,2797194020.0,attack,2402
27,2137030956,749700,2867126172.0,attack,2402
28,2137032132,749700,2864704224.0,attack,2403
29,2150033308,749700,2898470376.0,attack,2404
30,2137034484,749700,2903548718.0,attack,2401
31,2126035660,749700,2903637950.0,attack,2402
32,2150036836,749700,2940308802.0,attack,2401
33,2126038012,749700,2935713154.0,attack,2403
34,2137039188,755340,2989840266.0,attack,2404
35,2107160364,18449700,2974319818.0,attack,2401
36,2134041540,749700,3015192070.0,attack,2404
37,2137042716,749700,3036769422.0,attack,2404
38,2134043892,749700,3051837254.0,attack,2404
39,2134045068,798800,3108435006.0,attack,2402
40,2150046244,749700,3170631688.0,attack,2405
41,2126047420,749700,3161364340.0,attack,2402
42,2126048596,749700,3169965292.0,attack,2402
43,2137049772,749700,3209757444.0,attack,2402
44,2126050948,749700,3220350396.0,attack,2404
45,2107312124,18449700,3231090748.0,attack,2403
46,2107136300,18449700,3240605200.0,attack,2401
47,2110554476,7939700,3250616352.0,attack,2405
48,2126055652,749700,3279786104.0,attack,2404
49,2126056828,749700,3305466486.0,attack,2402
50,2126058004,749700,3330682938.0,attack,2404
