block_id,total_gas,total_mev_captured,block_bid,builder_type,builder_id
1,1728160361,775940,964305769.156342,attack,2353
2,2113301507,417480,1247472008.0116484,attack,2351
3,2150002683,417480,1331011620.604495,attack,2352
4,2137003859,417480,1399156140.3133957,attack,2352
5,2150005035,417480,1515429235.451621,attack,2352
6,2150006211,417480,1603937498.1498442,attack,2355
7,2150007387,417480,1675747796.7128232,attack,2351
8,2150008563,417480,1796562484.4138796,attack,2354
9,2137009739,417480,1875025286.8448575,attack,2351
10,2137010915,417480,1986831659.9834456,attack,2354
11,2137012091,417480,2058723631.0668514,attack,2353
12,2137013267,502280,2187331252.6353765,attack,2352
13,2150014443,417480,2353067730.796157,attack,2354
14,2137015619,417480,2460007962.6149035,attack,2352
15,2137016795,417480,2563961864.492026,attack,2353
16,2150017971,417480,2717251893.266384,attack,2352
17,2137019147,417480,2714019634.0,attack,2354
18,2137020323,417480,2710600386.0,attack,2353
19,2137021499,417480,2754987738.0,attack,2351
20,2137022675,417480,2784071890.0,attack,2352
21,2134023851,417480,2783808142.0,attack,2354
22,2134025027,417480,2771229794.0,attack,2352
23,2137026203,417480,2845581046.0,attack,2355
24,2134027379,417480,2828663598.0,attack,2351
25,2134028555,417480,2832274450.0,attack,2351
26,2150029731,417480,2891908402.0,attack,2354
27,2137030907,417480,2887274354.0,attack,2353
28,2137032083,417480,3038820206.0,attack,2354
29,2137033259,417480,3046837358.0,attack,2352
30,2150034435,417480,3094098610.0,attack,2355
31,2137035611,417480,3102006462.0,attack,2351
32,2150036787,417480,3146925514.0,attack,2354
33,2137037963,417480,3143776666.0,attack,2354
34,2134039139,417480,3144044598.0,attack,2352
35,2134040315,417480,3163179750.0,attack,2353
36,2134041491,417480,3190037802.0,attack,2354
37,2150042667,417480,3253607754.0,attack,2355
38,2137043843,417480,3294576906.0,attack,2355
39,2134045019,417480,3283034188.0,attack,2355
40,2134046195,417480,3285630140.0,attack,2352
41,2126047371,927480,3297883392.0,attack,2351
42,2134048547,417480,3342760544.0,attack,2352
43,2126049723,417480,3342465696.0,attack,2355
44,2126050899,417480,3337485848.0,attack,2355
45,2126052075,417480,3342106300.0,attack,2353
46,2126053251,417480,3355609592.0,attack,2354
47,2126054427,417480,3357357144.0,attack,2353
48,2137055603,417480,3410600516.0,attack,2355
49,2150056779,417480,3490333168.0,attack,2351
50,2134057955,454280,3505548620.0,attack,2354
