block_id,total_gas,total_mev_captured,block_bid,builder_type,builder_id
1,624627036,5632000,374393612.555963,attack,958
2,2113300870,12544000,1551140464.829527,attack,953
3,2126002046,12557900,1821738909.0882964,attack,956
4,2134003222,12544000,2145394614.106413,attack,958
5,2113104398,12544000,2164098086.0,attack,969
6,2112205574,12544000,2183035238.0,attack,955
7,2126006750,12559700,2239591190.0,attack,966
8,2137007926,12544000,2284241542.0,attack,957
9,2126009102,12544000,2285813994.0,attack,955
10,2137010278,12544000,2329354146.0,attack,953
11,2137011454,12544000,2379341098.0,attack,965
12,2150012630,12544000,2429924090.0,attack,955
13,2150013806,12544000,2452088242.0,attack,959
14,2150014982,12579600,2474338594.0,attack,955
15,2134016158,12560400,2470171546.0,attack,954
16,2126017334,12672000,2490363098.0,attack,966
17,2134018510,12544000,2545503770.0,attack,963
18,2134019686,12544000,2569857622.0,attack,970
19,2126020862,12544000,2562826674.0,attack,959
20,2126022038,12544000,2584319426.0,attack,955
21,2137023214,12544000,2626763378.0,attack,958
22,2126024390,12544000,2661856230.0,attack,953
23,2137025566,12544000,2701902482.0,attack,966
24,2134026742,12544000,2747025134.0,attack,966
25,2102027336,12288000,2761504226.0,normal,989
26,2100328488,12288000,2776770158.0,normal,975
27,2113329640,12293180,2803941490.0,normal,1000
28,2150031446,12544000,2814132262.0,attack,957
29,2076631944,12288000,2804275114.0,normal,995
30,2089333096,12288000,2826489606.0,normal,989
31,2089334248,12288000,2847410558.0,normal,985
32,2121035400,12288000,2920323710.0,normal,986
33,2134036552,12288000,2959567792.0,normal,988
34,2089337704,12288000,2911293004.0,normal,979
35,2076638856,12288000,2908507856.0,normal,994
36,2089340008,12288000,2941784908.0,normal,988
37,2113342030,12544000,2943253060.0,attack,964
38,2113342312,12288000,3000269112.0,normal,992
39,2126044382,12544000,2994697244.0,attack,961
40,2150045558,12544000,3139815196.0,attack,963
41,2134045768,12288000,3128710748.0,normal,977
42,2150046920,12356100,3162236100.0,normal,996
43,2134049086,12544000,3125881152.0,attack,953
44,2110049224,12288000,3138480504.0,normal,995
45,2070700376,19478000,3131141356.0,normal,975
46,2076451528,12388000,3144773508.0,normal,976
47,2089152680,12288000,3173317560.0,normal,1000
48,2134054966,12544000,3199778412.0,attack,954
49,2126054984,12288000,3267894364.0,normal,993
50,2137056136,12288000,3304701516.0,normal,983
