block_id,total_gas,total_mev_captured,block_bid,builder_type,builder_id
1,1183950144,577800,651716961.6405393,attack,3002
2,2134001164,739900,1252606978.4787643,attack,3001
3,2150002340,739900,1371036278.208562,attack,3002
4,2150003516,739900,1413514592.029747,attack,3003
5,2126004692,739900,1457454242.263511,attack,3002
6,2137005868,781900,1551182305.8740752,attack,3004
7,2137007044,739900,1660642585.6022909,attack,3001
8,2137008220,739900,1738082974.1502783,attack,3002
9,2150009396,739900,1827556695.918779,attack,3005
10,2137010572,739900,1910348241.5301847,attack,3001
11,2137011748,739900,1997980101.7489948,attack,3004
12,2134012924,739900,2075185876.72095,attack,3002
13,2137014100,739900,2187697839.206815,attack,3002
14,2137015276,739900,2314495960.8939443,attack,3003
15,2137016452,739900,2422050951.099479,attack,3003
16,2137017628,739900,2551166036.8449626,attack,3003
17,2134018804,739900,2551639318.0,attack,3002
18,2150019980,739900,2602679470.0,attack,3003
19,2150021156,739900,2615861342.0,attack,3005
20,2134022332,739900,2601515194.0,attack,3001
21,2137023508,739900,2628496946.0,attack,3001
22,2126024684,739900,2615350298.0,attack,3005
23,2126025860,739900,2629297330.0,attack,3005
24,2137027036,739900,2680485482.0,attack,3003
25,2137028212,1035900,2700668634.0,attack,3003
26,2134029388,739900,2725173886.0,attack,3005
27,2113330564,1333900,2726768338.0,attack,3005
28,2150031740,739900,2784176290.0,attack,3004
29,2113332916,739900,2771971282.0,attack,3004
30,2137034092,739900,2858058034.0,attack,3002
31,2134035268,739900,2854704986.0,attack,3001
32,2150035689,860600,2917237668.0,attack,3001
33,2150037620,739900,2971777920.0,attack,3003
34,2150038796,739900,2997693972.0,attack,3002
35,2150039972,739900,3045887724.0,attack,3004
36,2150041148,739900,3061939176.0,attack,3005
37,2150042324,739900,3123601828.0,attack,3005
38,2150043500,739900,3199538680.0,attack,3005
39,2137044676,771600,3230530562.0,attack,3001
40,2137045852,739900,3275372714.0,attack,3003
41,2137047028,739900,3261621866.0,attack,3005
42,2137048204,739900,3283563318.0,attack,3003
43,2137049380,739900,3322517470.0,attack,3003
44,2137050556,739900,3344592622.0,attack,3005
45,2137051732,807800,3401996674.0,attack,3003
46,2137052908,739900,3398366826.0,attack,3003
47,2137054084,739900,3407322978.0,attack,3005
48,2134055260,739900,3404978130.0,attack,3001
49,2134056436,739900,3402985082.0,attack,3002
50,2150057612,739900,3463129754.0,attack,3002
