block_id,total_gas,total_mev_captured,block_bid,builder_type,builder_id
1,731150064,8200000,427838075.8757867,attack,1465
2,2150000968,20090000,1500302521.789835,attack,1461
3,2137002144,20090000,1657758787.1761491,attack,1456
4,2112003320,20090000,1851695306.3984568,attack,1452
5,2126004496,20090000,2104757871.83716,attack,1456
6,2134005672,20090000,2302563344.0,attack,1460
7,2134006848,20090000,2296924996.0,attack,1461
8,2134008024,20090000,2352270148.0,attack,1456
9,2150009200,20090000,2426191900.0,attack,1460
10,2134010376,20090000,2412629152.0,attack,1463
11,2126011552,20126800,2429861204.0,attack,1459
12,2137012728,20090000,2461112356.0,attack,1464
13,2137013904,20090000,2494145508.0,attack,1461
14,2137015080,20090000,2522708660.0,attack,1454
15,2137016256,20090000,2556798812.0,attack,1464
16,2137017432,20090000,2579806144.0,attack,1463
17,2150018608,20090000,2650519396.0,attack,1455
18,2150019784,20090000,2676316948.0,attack,1459
19,2137020960,20090000,2651335900.0,attack,1459
20,2126022136,20090000,2649108252.0,attack,1457
21,2126023312,20090000,2660890634.0,attack,1462
22,2134024488,20090000,2716069786.0,attack,1462
23,2150025664,20090000,2765052138.0,attack,1451
24,2137026840,20090000,2778955190.0,attack,1456
25,2150028016,20090000,2862044842.0,attack,1453
26,2137029192,20090000,2851138994.0,attack,1461
27,2134030368,20090000,2860144246.0,attack,1453
28,2134031544,20090000,2878964518.0,attack,1456
29,2107114720,37790000,2868992470.0,attack,1452
30,2113333896,20600000,2869795522.0,attack,1456
31,2137035072,20090000,2928818014.0,attack,1453
32,2126036248,20090000,2947804866.0,attack,1456
33,2113337424,20161800,2948382018.0,attack,1463
34,2113037800,19680000,3006885630.0,normal,1474
35,2076638952,19685630,2986887782.0,normal,1497
36,2113340952,20090000,2996452004.0,attack,1465
37,2137041256,19680000,3085883036.0,normal,1471
38,2134043304,20090000,3065442988.0,attack,1451
39,2113043560,20002000,3128107140.0,normal,1467
40,2150045656,20090000,3224091332.0,attack,1460
41,2150045864,19680000,3264028784.0,normal,1467
42,2126047016,19680000,3201220936.0,normal,1486
43,2110048168,19680000,3206078488.0,normal,1488
44,2121049320,19680000,3234545840.0,normal,1482
45,2089350472,19680000,3206698292.0,normal,1491
46,2097351624,19680000,3239281044.0,normal,1481
47,2110052776,19680000,3286972396.0,normal,1496
48,2097353928,19680000,3295888948.0,normal,1483
49,2113355080,20066640,3332494540.0,normal,1484
50,2113357416,20090000,3319286252.0,attack,1462
