block_id,total_gas,total_mev_captured,block_bid,builder_type,builder_id
1,882490100,1106300,556117341.8459208,attack,1603
2,1091520394,1162500,835376140.6452292,attack,1615
3,1084536694,1195400,998244228.3098457,attack,1613
4,1000925903,1069500,958948858.0,attack,1619
5,1002938156,1392200,961283800.0,attack,1606
6,958952276,976500,916882210.0,attack,1608
7,1250333110,3007400,1210293930.0,attack,1617
8,906826780,1892600,865672790.0,attack,1615
9,1170102599,1307200,1128363196.0,attack,1623
10,1271543183,1348500,1229845066.0,attack,1613
11,845142304,987800,803083478.0,attack,1604
12,916090746,8166500,881210610.0,attack,1609
13,1087992544,1492300,1046438196.0,attack,1611
14,968965208,1030000,926948550.0,attack,1608
15,1115974094,1182200,1074109624.0,attack,1621
16,1084113394,18862500,1059929212.0,attack,1612
17,1088443694,1393900,1046790900.0,attack,1618
18,1284045822,1644200,1242643314.0,attack,1624
19,1417206896,1488000,1418694896.0,normal,1627
20,1171251217,1255500,1129459980.0,attack,1617
21,1167693568,1255500,1125902318.0,attack,1623
22,1029923871,2089200,988966310.0,attack,1611
23,1342407316,1441500,1300802040.0,attack,1611
24,1385772072,2857000,1388629072.0,normal,1634
25,912525930,2416900,914942830.0,normal,1626
26,961446754,1306000,962752754.0,normal,1646
27,1080107969,1162500,1038223644.0,attack,1625
28,867513590,18643900,886157490.0,normal,1627
29,1064793172,1331000,1066124172.0,normal,1637
30,1006106102,1579500,964638744.0,attack,1617
31,1091266724,1675100,1092941824.0,normal,1637
32,1257330542,1428600,1258759142.0,normal,1642
33,1094063744,1644990,1052661838.0,attack,1622
34,1347979501,1656500,1306589090.0,attack,1602
35,1136409997,1245200,1094590596.0,attack,1622
36,1469504654,1581000,1471085654.0,normal,1637
37,1044823692,1216000,1046039692.0,normal,1649
38,1325786770,1395000,1327181770.0,normal,1648
39,1284115739,1434100,1242502858.0,attack,1609
40,914316201,1362100,872631310.0,attack,1611
41,1340844446,19160100,1316957540.0,attack,1617
42,957587242,1059800,958647042.0,normal,1638
43,1363596252,1951500,1322500720.0,attack,1621
44,1408679717,1463300,1367095970.0,attack,1621
45,1002762702,1102800,960818444.0,attack,1623
46,781478116,950800,782428916.0,normal,1644
47,1258536639,1348500,1216838058.0,attack,1622
48,688874764,755300,646582976.0,attack,1605
49,1227016045,1268300,1185237244.0,attack,1624
50,990803332,1089400,991892732.0,normal,1640
