block_id,total_gas,total_mev_captured,block_bid,builder_type,builder_id
1,808370064,1623200,489178418.958326,attack,2010
2,1260892428,928200,901458018.3172742,attack,2013
3,1255340834,635330,1040359249.4088835,attack,2013
4,1172305141,709600,1123931890.500558,attack,2006
5,1257790617,632200,1215400954.0,attack,2016
6,1081530719,545000,1039053844.0,attack,2012
7,1141451019,1128100,1099557232.0,attack,2011
8,1423543127,2092400,1382613624.0,attack,2013
9,1005815490,568900,963362476.0,attack,2020
10,1351576759,675800,1309230630.0,attack,2011
11,1021804088,501400,979283548.0,attack,2013
12,1166577949,588600,1124144596.0,attack,2018
13,943058313,534180,900570530.0,attack,2015
14,918908523,457800,876344350.0,attack,2014
15,1175495840,628000,1133101854.0,attack,2018
16,1427940394,764700,1385683092.0,attack,2009
17,1177935623,600900,1135514508.0,attack,2002
18,1000885066,501400,958364440.0,attack,2006
19,1060798319,18234800,1036011082.0,attack,2018
20,1200996568,588600,1158563118.0,attack,2012
21,1429478506,738000,1387194440.0,attack,2014
22,971233686,457800,928669410.0,attack,2016
23,1097438044,545000,1054960956.0,attack,2017
24,1041509745,501400,998989046.0,attack,2008
25,1173611242,588600,1131177730.0,attack,2008
26,775395048,745500,776140548.0,normal,2026
27,1127977476,877000,1128854476.0,normal,2024
28,1155508814,615900,1156124714.0,normal,2044
29,1172519511,588600,1130085952.0,attack,2018
30,793701534,392400,794093934.0,normal,2040
31,1046915964,523200,1047439164.0,normal,2047
32,1254675216,632200,1212285222.0,attack,2007
33,711016360,828800,711845160.0,normal,2046
34,1133190608,871400,1134062008.0,normal,2025
35,1397965520,980600,1398946120.0,normal,2021
36,1510588374,857220,1468423346.0,attack,2020
37,1075764884,1402200,1077167084.0,normal,2032
38,1296924536,692900,1254595162.0,attack,2005
39,1045458508,536000,1045994508.0,normal,2049
40,875509810,453000,875962810.0,normal,2040
41,807006000,675400,807681400.0,normal,2037
42,1157423286,947800,1158371086.0,normal,2041
43,957316506,547100,957863606.0,normal,2044
44,1000542288,1095400,958615348.0,attack,2019
45,1086379644,578300,1043935592.0,attack,2012
46,1288054204,632200,1245664038.0,attack,2019
47,1321947190,665200,1322612390.0,normal,2048
48,1429201429,719400,1386898432.0,attack,2014
49,1246516898,610400,1247127298.0,normal,2036
50,1110092419,898700,1067968696.0,attack,2015
