block_id,total_gas,total_mev_captured,block_bid,builder_type,builder_id
1,66533000,0,44018987.504756734,attack,2615
2,1885100441,787200,1472098884.1862493,attack,2622
3,2111501605,803600,2002296466.9181945,attack,2608
4,2150002781,803600,2152130952.0,attack,2618
5,2110503957,803600,2129185304.0,attack,2616
6,2112205133,803600,2148826356.0,attack,2617
7,2137006309,803600,2212097508.0,attack,2605
8,2126007485,803600,2207277160.0,attack,2609
9,2150008661,803600,2293921412.0,attack,2617
10,2150009837,803600,2381437864.0,attack,2606
11,2150010777,847600,2450951916.0,attack,2612
12,2150012189,803600,2462157028.0,attack,2611
13,2150013365,803600,2460794360.0,attack,2616
14,2137014541,803600,2466089212.0,attack,2610
15,2137015717,803600,2493356364.0,attack,2615
16,2150016893,803600,2542944316.0,attack,2607
17,2137018069,803600,2517450988.0,attack,2608
18,2134019245,803600,2541876940.0,attack,2608
19,2134020421,803600,2548959092.0,attack,2617
20,2134021597,803600,2585022344.0,attack,2611
21,2134022773,803600,2604979026.0,attack,2624
22,2110023448,787200,2647538568.0,normal,2648
23,2113024600,787200,2678149320.0,normal,2644
24,2113025752,787200,2686865472.0,normal,2647
25,2102026904,787200,2662228124.0,normal,2636
26,2126028653,1172600,2675240276.0,attack,2625
27,2137029829,803600,2765343268.0,attack,2605
28,2126031005,818900,2758759420.0,attack,2602
29,2102031512,787200,2764255372.0,normal,2630
30,2065162664,36187200,2749156424.0,normal,2631
31,2126034533,803600,2760293856.0,attack,2604
32,2070484968,8746200,2755269828.0,normal,2633
33,2134036885,803600,2789432620.0,attack,2617
34,2134038061,803600,2830722402.0,attack,2621
35,2091111424,18487200,2863556354.0,normal,2644
36,2121039576,787200,2937703706.0,normal,2631
37,2150041589,803600,2943713458.0,attack,2601
38,2134042765,803600,2936895610.0,attack,2621
39,2137043941,803600,2981002762.0,attack,2618
40,2121044184,787200,3046346314.0,normal,2628
41,2102045336,787200,3003999166.0,normal,2645
42,2113347469,803600,2997765748.0,attack,2625
43,2097347640,787200,3055807500.0,normal,2633
44,2126049821,803600,3064979832.0,attack,2603
45,2113350997,803600,3079823784.0,attack,2623
46,2113352173,803600,3096051836.0,attack,2605
47,2100352248,787200,3133601788.0,normal,2646
48,2100353400,787200,3159761340.0,normal,2638
49,2124054552,787200,3237088292.0,normal,2646
50,2113055704,790330,3244055274.0,normal,2650
