block_id,total_gas,total_mev_captured,block_bid,builder_type,builder_id
1,1970000484,1614600,1147875022.4753683,attack,2754
2,2150001654,1719900,1380584858.1057107,attack,2756
3,2137002830,1719900,1469725673.37874,attack,2755
4,2113104006,1719900,1579118204.499172,attack,2755
5,2150005182,1738500,1756139319.3296185,attack,2753
6,2113106358,1719900,1871151803.7986627,attack,2758
7,2113107534,1719900,2035311496.1276014,attack,2758
8,2150008710,1719900,2263659190.8286953,attack,2759
9,2112209886,1719900,2244202952.0,attack,2751
10,2134011062,1719900,2289593604.0,attack,2760
11,2113312238,1719900,2290681356.0,attack,2760
12,2137013414,1719900,2359659608.0,attack,2759
13,2134014590,1719900,2346990660.0,attack,2758
14,2150015766,1719900,2444480312.0,attack,2758
15,2137016942,1719900,2426700264.0,attack,2751
16,2137018118,1719900,2455361416.0,attack,2753
17,2134019294,1719900,2446320468.0,attack,2758
18,2150020470,1719900,2540430620.0,attack,2751
19,2137021646,1719900,2531427772.0,attack,2755
20,2137022822,1719900,2562710554.0,attack,2757
21,2134023998,1719900,2558299506.0,attack,2751
22,2113325174,1865900,2560937258.0,attack,2760
23,2137026350,1719900,2619112690.0,attack,2753
24,2134027526,1719900,2639930442.0,attack,2760
25,2137028702,1719900,2732734434.0,attack,2758
26,2134029878,1719900,2743351586.0,attack,2758
27,2134031054,1719900,2741002638.0,attack,2751
28,2113332230,1719900,2735178790.0,attack,2758
29,2113333406,1719900,2747872942.0,attack,2755
30,2113334582,1719900,2762298364.0,attack,2756
31,2150035758,1719900,2881866016.0,attack,2759
32,2150036934,1719900,2912552478.0,attack,2758
33,2150038110,1719900,2978836430.0,attack,2756
34,2150039286,1719900,3005028682.0,attack,2752
35,2150040462,1719900,3030040234.0,attack,2752
36,2150041638,1719900,3059874386.0,attack,2760
37,2150042814,1732200,3111655238.0,attack,2753
38,2137043990,1719900,3116828690.0,attack,2757
39,2137045166,1719900,3160310242.0,attack,2752
40,2134046342,1738500,3161011594.0,attack,2759
41,2137047518,1719900,3203859146.0,attack,2760
42,2134048694,1719900,3209881298.0,attack,2754
43,2134049870,1719900,3228463350.0,attack,2753
44,2150049993,3222800,3337438702.0,attack,2759
45,2134052222,1719900,3339851344.0,attack,2752
46,2134053398,1719900,3335200196.0,attack,2760
47,2134054574,1719900,3321910048.0,attack,2756
48,2137055750,1719900,3353497400.0,attack,2755
49,2134056926,1719900,3341744552.0,attack,2753
50,2150058102,1719900,3425354504.0,attack,2755
