block_id,total_gas,total_mev_captured,block_bid,builder_type,builder_id
1,1364832225,2584800,814158204.5131122,attack,2402
2,914470366,2692200,600632776.8999895,attack,2413
3,840410537,1503200,613561718.4208949,attack,2414
4,1019030880,1759500,839375280.1561879,attack,2413
5,1026901133,2032700,946026610.5144987,attack,2412
6,785300999,1253500,743482636.0,attack,2405
7,1085378719,2073100,1044379944.0,attack,2410
8,883118506,19219200,859265822.0,attack,2408
9,1102867244,2328500,1062123848.0,attack,2407
10,1102972544,1795000,1061695636.0,attack,2413
11,1170896085,1952800,1129776964.0,attack,2409
12,1260990705,2093400,1220012170.0,attack,2404
13,913132935,1842600,871903590.0,attack,2414
14,1015860456,19351400,992139900.0,attack,2403
15,1002660709,1849200,961437942.0,attack,2415
16,1260741039,2082200,1219751258.0,attack,2409
17,1170145056,1944990,1129018052.0,attack,2410
18,1087874994,1832340,1046635328.0,attack,2404
19,1255788170,2228200,1214944350.0,attack,2409
20,930551720,2707800,890187490.0,attack,2411
21,920622930,19207800,896758690.0,attack,2407
22,1086645144,1795000,1045368092.0,attack,2411
23,1211427973,1953900,1170309808.0,attack,2406
24,828223116,1390700,786541742.0,attack,2410
25,1194455567,1962100,1153345580.0,attack,2404
26,885797534,1668500,844393938.0,attack,2403
27,1192611161,1938600,1151477652.0,attack,2414
28,1167858512,2011700,1126798090.0,attack,2413
29,1252206534,2122540,1211256938.0,attack,2403
30,1339720641,2241500,1298889990.0,attack,2410
31,1382014106,2225800,1341167740.0,attack,2414
32,1339111571,2225800,1298265190.0,attack,2411
33,1262751245,2597400,1222276450.0,attack,2409
34,796367182,1328000,797695182.0,normal,2418
35,791397344,2243400,793640744.0,normal,2431
36,1048565044,1723200,1050288244.0,normal,2426
37,1146676206,1880700,1148556906.0,normal,2416
38,1120954544,2966800,1123921344.0,normal,2419
39,1169380346,1962100,1128270182.0,attack,2401
40,930041370,1885000,931926370.0,normal,2431
41,820229604,1802400,822032004.0,normal,2441
42,901163750,1502100,902665850.0,normal,2429
43,1298752000,2196000,1300948000.0,normal,2443
44,1147330364,2005800,1149336164.0,normal,2444
45,1142492636,6207200,1148699836.0,normal,2429
46,1220564560,2073500,1179565714.0,attack,2407
47,836070455,1401530,794399630.0,attack,2415
48,1126741586,1866800,1128608386.0,normal,2432
49,1121708924,1879600,1123588524.0,normal,2419
50,964986892,1579600,966566492.0,normal,2437
