block_id,total_gas,total_mev_captured,block_bid,builder_type
1,1.9999999999999998,2.0,,normal
2,1.9999999999999998,2.0,,attack
3,1.7999999999999996,2.0,,attack
4,1.4999999999999998,2.0,,attack
5,1.4999999999999998,2.0,,attack
6,1.2500000000000002,1.0,,attack
7,0.9999999999999999,0.0,,normal
8,0.8500000000000001,0.0,,attack
9,0.49999999999999994,0.0,,normal
10,0.49999999999999994,0.0,,normal
