block_id,total_gas,total_mev_captured,block_bid,builder_type
1,0.9500000000000001,0.6000000000000001,,validator
2,0.8500000000000001,0.8,,validator
3,0.49999999999999994,0.0,,validator
4,0.75,0.8,,validator
5,1.5999999999999999,0.0,,validator
6,1.5999999999999999,0.0,,validator
7,1.5999999999999999,0.0,,validator
8,1.5999999999999999,0.0,,validator
9,1.5999999999999999,0.0,,validator
10,1.5999999999999999,0.0,,validator
