block_id,total_gas,total_mev_captured,block_bid,builder_type,builder_id
1,724010064,779800,389201333.77679,attack,654
2,1345626473,1140300,772533693.7902507,attack,653
3,1216947790,1040900,722658531.9525136,attack,652
4,574690504,682030,339846487.48086894,attack,651
5,909270982,728700,574487013.7559526,attack,654
6,1256371704,1021400,835235114.3716078,attack,652
7,1091014794,867500,748785521.8899183,attack,653
8,682948219,1655100,475413313.3882547,attack,651
9,920081885,814100,675207616.4032606,attack,653
10,1425850391,1170200,1104908489.1274421,attack,655
11,1368858666,1105000,1099576665.664291,attack,654
12,920291746,828700,755262533.398184,attack,651
13,1093856544,897700,938953669.6616213,attack,653
14,844764893,1006700,743876121.1258223,attack,651
15,941505397,1092900,865251718.6156495,attack,651
16,911143607,959700,867656554.8414832,attack,654
17,712043704,796200,669805020.0,attack,651
18,575665428,451100,533081638.0,attack,651
19,1164209299,936900,1122111296.0,attack,653
20,808613515,872300,766450904.0,attack,653
21,1555217674,1214500,1513397246.0,attack,654
22,825744413,694900,783404376.0,attack,654
23,1171904568,1748600,1130618218.0,attack,651
24,768824314,631900,726421256.0,attack,653
25,1096276594,1223130,1054464754.0,attack,652
26,575765546,630400,533360970.0,attack,651
27,1026135469,1093500,984193982.0,attack,651
28,1086337319,867500,1044169820.0,attack,655
29,956913379,742600,914620970.0,attack,651
30,1031710228,828300,989503508.0,attack,654
31,1439340816,1145100,1397450880.0,attack,654
32,1191544241,936900,1149446092.0,attack,654
33,729109284,602100,686676328.0,attack,651
34,865553845,1106800,823625580.0,attack,654
35,1087799269,932100,1045696292.0,attack,653
36,1046218792,5124490,1008308194.0,attack,651
37,661900869,575990,619441764.0,attack,652
38,1000459206,856700,958280800.0,attack,655
39,1002209459,829800,960004142.0,attack,654
40,1103513569,1869300,1062347740.0,attack,651
41,746197357,657400,703819620.0,attack,655
42,1083308069,867500,1041140420.0,attack,651
43,1170412292,1242000,1128619130.0,attack,653
44,1084108694,894480,1041968000.0,attack,652
45,1263295942,1114300,1221375054.0,attack,652
46,909957348,1024700,867946850.0,attack,653
47,1258507638,1006300,1216478726.0,attack,655
48,999421897,847200,957233874.0,attack,652
49,1282315363,1006300,1240286426.0,attack,651
50,942753377,1043600,900761730.0,attack,651
