block_id,total_gas,total_mev_captured,block_bid,builder_type,builder_id
1,2024800441,259440,1144021303.123455,attack,652
2,2113101605,276360,1254473482.3188832,attack,652
3,2137002781,276360,1351385359.8735993,attack,655
4,2126003957,276360,1400170497.6118765,attack,652
5,2126005133,276360,1463664533.758964,attack,655
6,2126006309,276360,1534737859.2042363,attack,651
7,2126007485,276360,1603676675.796163,attack,651
8,2137008661,276360,1725368491.5034626,attack,652
9,2137009837,276360,1803801360.3362343,attack,654
10,2150011013,276360,1896346457.7904186,attack,655
11,2134012189,276360,1961545827.076606,attack,653
12,2108513365,17976360,2037437202.2850516,attack,652
13,2113314541,276360,2115058146.4396772,attack,652
14,2113315717,276360,2220670148.964001,attack,655
15,2126016893,276360,2334717419.872861,attack,651
16,2134018069,276360,2486707597.431186,attack,654
17,2134019245,276360,2542475190.0,attack,654
18,2134020421,276360,2530857482.0,attack,654
19,2137021597,276360,2560170334.0,attack,655
20,2134022773,276360,2579284486.0,attack,652
21,2150023949,276360,2641786638.0,attack,654
22,2150025125,276360,2667180430.0,attack,652
23,2150025753,310120,2699043982.0,attack,652
24,2134027477,276360,2678268314.0,attack,653
25,2126028653,276360,2671895266.0,attack,652
26,2137029829,276360,2722245418.0,attack,654
27,2134031005,276360,2708613970.0,attack,655
28,2113332181,686360,2714898722.0,attack,653
29,2113133357,821360,2741388054.0,attack,653
30,2113334533,276360,2764767006.0,attack,653
31,2126035709,276360,2804306758.0,attack,653
32,2137036885,311060,2862251310.0,attack,654
33,2137038061,276360,2881501562.0,attack,655
34,2126039237,276360,2892264614.0,attack,651
35,2137040413,284200,2926003706.0,attack,655
36,2126041589,276360,2921759018.0,attack,652
37,2137042765,276360,3013172390.0,attack,651
38,2137043941,276360,3020523542.0,attack,653
39,2150045117,276360,3104519694.0,attack,655
40,2137046293,276360,3127007876.0,attack,654
41,2137047469,276360,3170607028.0,attack,655
42,2134048645,276360,3169480180.0,attack,652
43,2150049821,276360,3219650432.0,attack,655
44,2150050997,276360,3337176384.0,attack,651
45,2150052173,276360,3387278936.0,attack,652
46,2137053349,821360,3386177788.0,attack,653
47,2137054525,276360,3398244130.0,attack,655
48,2137055701,276360,3418535482.0,attack,652
49,2137056877,276360,3410133934.0,attack,651
50,2150058053,276360,3464989776.0,attack,654
