block_id,total_gas,total_mev_captured,block_bid,builder_type,builder_id
1,645287036,388500,344045000.29092324,attack,653
2,2107300870,8155300,1236455757.5527563,attack,654
3,2137002046,965300,1330174033.3078337,attack,654
4,2150003222,965300,1419350376.819413,attack,652
5,2137004398,965300,1466994301.0879073,attack,651
6,2137005574,965300,1511452467.453675,attack,652
7,2137006750,965300,1582159312.4761758,attack,654
8,2137007926,965300,1661450164.0340967,attack,651
9,2113309102,965300,1724229289.7326686,attack,652
10,2137010278,965300,1856068656.7271433,attack,651
11,2126011454,965300,1917974940.346567,attack,653
12,2113312630,965300,1999734310.5310128,attack,655
13,2137013806,1007300,2122914027.0144396,attack,654
14,2113314982,965300,2201114756.6278915,attack,654
15,2113316158,965300,2317827156.2908063,attack,653
16,2113117334,965300,2420991153.078442,attack,654
17,2126018510,965300,2456228210.0,attack,652
18,2113319686,965300,2462327162.0,attack,655
19,2150020862,965300,2541734814.0,attack,652
20,2150022038,965300,2616143966.0,attack,654
21,2134023214,965300,2586399918.0,attack,652
22,2134024390,965300,2583336950.0,attack,655
23,2126025566,965300,2589033102.0,attack,652
24,2113126742,965300,2592847554.0,attack,654
25,2150027918,965300,2687027106.0,attack,655
26,2137029094,985000,2661487058.0,attack,654
27,2134030270,1180300,2690656510.0,attack,653
28,2134031446,965300,2754596462.0,attack,653
29,2126032622,965300,2748770614.0,attack,655
30,2126033798,965300,2761506466.0,attack,654
31,2134034974,1086300,2809723418.0,attack,654
32,2150036150,965300,2869435570.0,attack,654
33,2137037326,965300,2895277422.0,attack,652
34,2150038502,965300,2958371574.0,attack,655
35,2137039678,965300,2959174326.0,attack,654
36,2134040854,965300,2975459478.0,attack,655
37,2126042030,965300,2971715830.0,attack,653
38,2126043206,965300,2987642982.0,attack,655
39,2137044382,965300,3070311734.0,attack,652
40,2137045558,965300,3105188586.0,attack,655
41,2150046734,965300,3140903028.0,attack,654
42,2134047910,965300,3141493780.0,attack,652
43,2134049086,965300,3154249932.0,attack,653
44,2126050262,965300,3158532284.0,attack,655
45,2150051438,965300,3216236436.0,attack,655
46,2150052614,965300,3236305388.0,attack,655
47,2126053790,1026000,3231577740.0,attack,652
48,2134054966,965300,3262049892.0,attack,653
49,2137056142,965300,3291987044.0,attack,655
50,2137057318,965300,3342011696.0,attack,652
