block_id,total_gas,total_mev_captured,block_bid,builder_type,builder_id
1,572135036,78820,325337541.11496365,attack,404
2,2137000870,275870,1466327403.6189787,attack,410
3,2126002046,275870,1645073813.682861,attack,410
4,2107353222,7465870,1848847205.6216063,attack,411
5,2113304398,275870,2077749717.456344,attack,411
6,2126005574,275870,2203381928.0,attack,415
7,2126006750,275870,2227201980.0,attack,408
8,2112207926,297670,2239155612.0,attack,413
9,2126009102,383870,2299844964.0,attack,415
10,2137010278,396870,2325396916.0,attack,413
11,2150011454,275870,2375376768.0,attack,414
12,2126012630,560870,2392919020.0,attack,403
13,2126013806,275870,2397038362.0,attack,407
14,2150014982,275870,2470219514.0,attack,401
15,2126016158,275870,2453278366.0,attack,402
16,2126017334,275870,2464172518.0,attack,407
17,2134018510,275870,2534768370.0,attack,413
18,2134019686,275870,2521513362.0,attack,408
19,2134020862,275870,2539364514.0,attack,409
20,2134022038,275870,2566093666.0,attack,405
21,2113323214,275870,2568787258.0,attack,410
22,2150024390,275870,2621361010.0,attack,403
23,2150025566,275870,2663500262.0,attack,409
24,2126026742,275870,2640066114.0,attack,405
25,2113127918,375870,2635279366.0,attack,404
26,2137029094,275870,2711590018.0,attack,413
27,2137030270,275870,2703917170.0,attack,408
28,2134031446,275870,2717610422.0,attack,404
29,2113132622,275870,2713331574.0,attack,401
30,2126033798,275870,2746697326.0,attack,410
31,2113134974,340470,2748845678.0,attack,415
32,2137036150,275870,2820411230.0,attack,410
33,2134037326,275870,2814311902.0,attack,407
34,2113338502,275870,2802792054.0,attack,407
35,2076238856,270240,2825290906.0,normal,416
36,2137040854,275870,2881352458.0,attack,408
37,2102041160,270240,2889058010.0,normal,425
38,2100142312,270240,2903143162.0,normal,438
39,2113043464,270240,2957641314.0,normal,448
40,2137045558,439870,3000820466.0,attack,406
41,2121045768,312240,3091713518.0,normal,439
42,2134046920,270240,3101773470.0,normal,422
43,2126049086,275870,3055297522.0,attack,410
44,2110049224,270240,3095978674.0,normal,446
45,2102050376,270240,3089691626.0,normal,439
46,2076651528,270240,3078070668.0,normal,437
47,2113152680,303340,3123700620.0,normal,424
48,2076453832,270240,3104671312.0,normal,428
49,2100154984,293740,3154385264.0,normal,444
50,2150057318,275870,3231474596.0,attack,408
