block_id,total_gas,total_mev_captured,block_bid,builder_type,builder_id
1,1099022144,361400,779432948.2868037,attack,136
2,1443417652,458700,1386623326.3198597,attack,130
3,1007263765,401500,964651326.0,attack,119
4,834262822,591730,791840604.0,attack,136
5,1334451588,564100,1292001726.0,attack,104
6,920806402,399900,878192330.0,attack,102
7,1512474809,486500,1469947320.0,attack,131
8,830901772,403100,788290874.0,attack,111
9,998854375,319700,956160066.0,attack,131
10,939508389,299740,896794110.0,attack,133
11,1299263780,417000,1299680780.0,normal,150
12,727262200,264400,727526600.0,normal,144
13,961800082,412900,919198930.0,attack,120
14,711644488,298200,711942688.0,normal,142
15,853623121,330900,810939952.0,attack,106
16,1120714369,740000,1078440288.0,attack,116
17,1543475624,558300,1501019826.0,attack,121
18,1255445938,403100,1212834926.0,attack,103
19,874257330,399500,874656830.0,normal,144
20,1251123634,403100,1208512598.0,attack,128
21,1085276044,18202500,1060464396.0,attack,127
22,1007078825,319700,964384366.0,attack,126
23,1172267162,375300,1129628290.0,attack,127
24,1450108232,18158700,1425252744.0,attack,131
25,1173096945,443200,1130525944.0,attack,137
26,692275256,194600,692469856.0,normal,141
27,1259379128,403100,1216768006.0,attack,138
28,1075107527,387200,1032480494.0,attack,131
29,999567780,1571500,958125036.0,attack,127
30,1340850889,446000,1298282630.0,attack,126
31,1170969862,375300,1128330890.0,attack,130
32,1344015757,821900,1301823370.0,attack,127
33,1011149022,319700,968454424.0,attack,133
34,1176677915,375300,1134038904.0,attack,140
35,948655731,291900,905933310.0,attack,131
36,848022080,264100,805271850.0,attack,119
37,1494508446,458700,1451952800.0,attack,118
38,1257183130,688100,1214856870.0,attack,123
39,1242037062,420900,1242457962.0,normal,148
40,1144697994,347500,1102031108.0,attack,115
41,1296853290,1642100,1255480990.0,attack,106
42,1295412210,1191640,1296603850.0,normal,144
43,1211582074,388100,1168955746.0,attack,114
44,1253252508,568800,1210806866.0,attack,129
45,1127634248,730400,1128364648.0,normal,149
46,1299196860,1520130,1300716990.0,normal,145
47,1052003812,351830,1052355642.0,normal,147
48,838923139,307100,796215748.0,attack,113
49,1344709546,576900,1302271940.0,attack,119
50,1169463531,431500,1126880512.0,attack,130
