block_id,total_gas,total_mev_captured,block_bid,builder_type,builder_id
1,978017100,406700,575055227.8783926,attack,63
2,840493271,485800,548322962.463298,attack,63
3,1165566682,375300,862480624.227525,attack,60
4,1136807944,347500,939324861.1715095,attack,56
5,1169821357,585900,1081839127.7036908,attack,61
6,944509297,305800,901801130.0,attack,55
7,1264782139,436000,1222204158.0,attack,55
8,1093542169,347500,1050875676.0,attack,57
9,1225812680,570300,1183368974.0,attack,60
10,1009712559,335400,967033942.0,attack,56
11,1181387328,375300,1138748598.0,attack,56
12,1173910679,375300,1131271936.0,attack,56
13,1029590103,659700,987235750.0,attack,61
14,830079988,1903620,788969546.0,attack,52
15,1122114194,364830,1079464950.0,attack,63
16,1098214494,475500,1055675908.0,attack,59
17,1112136794,347500,1069470196.0,attack,53
18,998461675,333900,955781466.0,attack,53
19,1007444928,344400,964775208.0,attack,56
20,825179261,457100,782622232.0,attack,57
21,1009845388,677800,967509048.0,attack,54
22,1166506649,380480,1123872976.0,attack,56
23,1176916000,375300,1134277134.0,attack,58
24,1025840239,382740,983208802.0,attack,65
25,964852917,291900,922130630.0,attack,59
26,1273733519,416900,1231136218.0,attack,63
27,916008421,801900,873796110.0,attack,58
28,1169138566,1844300,1127968642.0,attack,51
29,577879248,267700,535132718.0,attack,64
30,905661013,529700,863069712.0,attack,63
31,1031839918,377500,989203168.0,attack,54
32,915577450,313700,872876890.0,attack,55
33,1166653889,1135300,1124774916.0,attack,64
34,1215740626,1158200,1216898826.0,normal,67
35,1123614218,361400,1123975618.0,normal,98
36,1383133040,444800,1383577840.0,normal,73
37,1129562972,361400,1129924372.0,normal,75
38,1357412524,430900,1314829080.0,attack,59
39,1127484700,386100,1127870800.0,normal,84
40,1397274864,444800,1397719664.0,normal,75
41,1171850940,748200,1129584754.0,attack,60
42,1508114299,873890,1465973786.0,attack,54
43,1410074336,444800,1410519136.0,normal,87
44,1201233182,505500,1158724250.0,attack,53
45,916340272,641900,873967730.0,attack,59
46,1087533694,347500,1044866740.0,attack,51
47,1470479108,635700,1471114808.0,normal,69
48,1053721836,1222780,1054944616.0,normal,94
49,924678750,327100,925005850.0,normal,99
50,1134812574,361400,1135173974.0,normal,90
