block_id,total_gas,total_mev_captured,block_bid,builder_type,builder_id
1,1928200400,1002800,1169612085.0904286,attack,2107
2,2126001556,1232200,1459864600.7005582,attack,2105
3,2134002732,1068200,1690512190.3550124,attack,2105
4,2134003908,1068200,1876663441.1149065,attack,2101
5,2150005084,1068200,2136692137.1285443,attack,2104
6,2134006260,1068200,2256765940.0,attack,2104
7,2150007436,1068200,2291162092.0,attack,2106
8,2109408612,18768200,2280028244.0,attack,2102
9,2126009788,1068200,2274387096.0,attack,2115
10,2113310964,1068200,2277567278.0,attack,2102
11,2113112140,1132800,2290992950.0,attack,2102
12,2134013316,1083900,2325076402.0,attack,2104
13,2137014492,1068200,2355704954.0,attack,2108
14,2134015668,1068200,2401768106.0,attack,2103
15,2134016844,1068200,2423269758.0,attack,2103
16,2150018020,1068200,2490525910.0,attack,2110
17,2137019196,1068200,2516683162.0,attack,2113
18,2126020372,1068200,2518533514.0,attack,2101
19,2150021548,1068200,2580120056.0,attack,2102
20,2150022724,1068200,2628075208.0,attack,2103
21,2126023900,1068200,2609062060.0,attack,2113
22,2137025076,1068200,2643113212.0,attack,2107
23,2137026252,1115900,2713878604.0,attack,2106
24,2150027428,1068200,2789536856.0,attack,2111
25,2137028604,1068200,2792738808.0,attack,2106
26,2137029780,1068200,2819931960.0,attack,2109
27,2134030956,1068200,2813018212.0,attack,2101
28,2126032132,1068200,2831238364.0,attack,2103
29,2126033308,1068200,2844907316.0,attack,2111
30,2137034484,1068200,2871530768.0,attack,2105
31,2134035660,1068200,2884834920.0,attack,2105
32,2126036836,1087900,2923810772.0,attack,2105
33,2102037224,1046400,2933485554.0,normal,2146
34,2150039188,1068200,2979955706.0,attack,2106
35,2110039528,1046400,2980427058.0,normal,2148
36,2102040680,1046400,2951070210.0,normal,2121
37,2068411832,25936400,2942156362.0,normal,2143
38,2094702984,8236400,2962802514.0,normal,2136
39,2121044136,1046400,3007825566.0,normal,2139
40,2070605288,8236400,2994506218.0,normal,2129
41,2113347420,1068200,3011635370.0,attack,2108
42,2126048596,1068200,3045078362.0,attack,2110
43,2150049772,1068200,3122520714.0,attack,2106
44,2113349896,1046400,3108461666.0,normal,2141
45,2076451048,1057600,3084236218.0,normal,2138
46,2089152200,1052030,3115129870.0,normal,2128
47,2113353352,1302400,3171526292.0,normal,2136
48,2113355652,1068200,3139360444.0,attack,2114
49,2076255656,1079500,3161610396.0,normal,2132
50,2089156808,1046400,3202935548.0,normal,2136
