block_id,total_gas,total_mev_captured,block_bid,builder_type,builder_id
1,1938400441,9080000,1181657895.455234,attack,2013
2,2126001605,2222000,1465621932.6454258,attack,2011
3,2113302781,2058000,1651464513.34372,attack,2010
4,2137003957,2058000,1887020440.3145275,attack,2008
5,2150005133,2058000,2153654156.980698,attack,2006
6,2137006309,2058000,2257722988.0,attack,2003
7,2134007485,2058000,2280461240.0,attack,2013
8,2126008661,2058000,2275331392.0,attack,2001
9,2150009837,2058000,2328825764.0,attack,2003
10,2113311013,2058000,2305858116.0,attack,2009
11,2150012189,2058000,2420717268.0,attack,2014
12,2150013365,2058000,2493674420.0,attack,2002
13,2150014541,2058000,2546675572.0,attack,2015
14,2137015717,2058000,2537353924.0,attack,2014
15,2134016893,2058000,2555765876.0,attack,2009
16,2134018069,2058000,2551376268.0,attack,2014
17,2134019245,2058000,2601347820.0,attack,2012
18,2126020421,2652000,2598967972.0,attack,2012
19,2150021597,2058000,2676367624.0,attack,2003
20,2126022773,2058000,2662846876.0,attack,2011
21,2150023949,2058000,2752486028.0,attack,2012
22,2134025125,2058000,2747752600.0,attack,2004
23,2126026301,2058000,2744643752.0,attack,2001
24,2134027477,2058000,2833550004.0,attack,2001
25,2134028653,2058000,2851730656.0,attack,2002
26,2126029829,2058000,2866683508.0,attack,2004
27,2126031005,2058000,2864172160.0,attack,2005
28,2137032181,2058000,2912150412.0,attack,2001
29,2126033357,2058000,2904312564.0,attack,2010
30,2126034533,2058000,2916705216.0,attack,2008
31,2126035709,2058000,2953865068.0,attack,2008
32,2150036885,2058000,3056706720.0,attack,2010
33,2150038061,2058000,3114737262.0,attack,2007
34,2121038424,2016000,3094588514.0,normal,2037
35,2113039576,2016000,3094072066.0,normal,2035
36,2137040728,2016000,3144102918.0,normal,2021
37,2126041880,2016000,3157812270.0,normal,2025
38,2137043941,2058000,3150024522.0,attack,2005
39,2134045117,2058000,3166837064.0,attack,2011
40,2137045336,2055400,3248997616.0,normal,2025
41,2064275488,16396000,3196920868.0,normal,2040
42,2100347640,2385000,3239341620.0,normal,2027
43,2134049821,2058000,3271439372.0,attack,2015
44,2118049944,2272000,3299326324.0,normal,2034
45,2113051096,2016000,3324704476.0,normal,2035
46,2076652248,2314000,3293557628.0,normal,2035
47,2076653400,2016000,3312930780.0,normal,2045
48,2150054552,3116000,3434045932.0,normal,2047
49,2134055704,2016000,3444206304.0,normal,2018
50,2118056856,2016000,3452534456.0,normal,2018
