block_id,total_gas,total_mev_captured,block_bid,builder_type,builder_id
1,313262009,1303100,155018050.5434881,attack,253
2,1196940250,634500,684135769.671469,attack,254
3,679323289,1340500,392182329.3352399,attack,252
4,821119455,446300,497024340.85676163,attack,251
5,1088970919,870500,693665054.6286676,attack,253
6,1092070219,653600,721983365.7188153,attack,254
7,1086618519,986600,745739996.1758606,attack,253
8,1118451819,587500,797346161.9477037,attack,255
9,1259252487,681500,935987575.1075102,attack,255
10,1597353765,869500,1241597511.2061205,attack,252
11,1130567919,690200,901779524.6446981,attack,255
12,1199162490,1403500,995629994.2072142,attack,252
13,1263194140,681500,1089951806.9971907,attack,251
14,1092563894,601400,973140070.4762328,attack,255
15,1086106194,620800,1003893734.7140268,attack,255
16,1105928494,587500,1061764574.8099478,attack,251
17,995236399,835500,953048202.0,attack,252
18,1765408477,963500,1723348260.0,attack,253
19,1004475112,860300,962311684.0,attack,251
20,1087223844,643700,1044843804.0,attack,255
21,1200196649,998400,1158171296.0,attack,253
22,1287714533,681500,1245372266.0,attack,255
23,1254694939,744400,1212415558.0,attack,251
24,1083620169,587500,1041183876.0,attack,255
25,1280550693,681500,1238208386.0,attack,251
26,1256209099,876500,1214061778.0,attack,255
27,979946841,493500,937416510.0,attack,255
28,1003184734,923700,961084592.0,attack,255
29,1360290827,778200,1318045170.0,attack,252
30,1640183533,869500,1598029158.0,attack,255
31,924272975,529100,881778190.0,attack,254
32,1082249769,587500,1039813372.0,attack,252
33,1427553357,775500,1385304944.0,attack,255
34,1532014744,847600,1489838414.0,attack,252
35,976318130,514320,933808510.0,attack,255
36,785507544,563500,743047096.0,attack,251
37,1257463188,681500,1215120726.0,attack,253
38,1084648694,655000,1042279720.0,attack,253
39,894269087,481200,851726304.0,attack,252
40,996529230,643100,954148336.0,attack,255
41,933330474,670900,890977370.0,attack,254
42,578380588,7623500,542980078.0,attack,252
43,1181473939,666200,1139116116.0,attack,254
44,940251083,493500,897720550.0,attack,253
45,912904293,674500,870554750.0,attack,251
46,1169574830,634500,1127185274.0,attack,255
47,1179978181,671800,1137625912.0,attack,252
48,814682737,18644500,790303160.0,attack,253
49,1170238748,667400,1127882058.0,attack,253
50,1027171691,1127500,985275090.0,attack,255
