block_id,total_gas,total_mev_captured,block_bid,builder_type,builder_id
1,543762036,4102390,346264192.33856255,attack,2159
2,1178720331,6912000,978031132.604996,attack,2163
3,743793387,4987300,705524660.0,attack,2166
4,1087699819,6455900,1050899680.0,attack,2178
5,1085936119,6400000,1049080068.0,attack,2177
6,1192440419,6415100,1155599456.0,attack,2180
7,1002579570,5952250,965275746.0,attack,2166
8,1205952167,6943700,1169639780.0,attack,2170
9,1001199122,6064600,964007624.0,attack,2163
10,1249721815,7918920,1214384624.0,attack,2175
11,1093822919,6405640,1056972436.0,attack,2161
12,892946418,22616700,872306986.0,attack,2172
13,665142029,4283000,626168890.0,attack,2174
14,1341887534,7953000,1306584380.0,attack,2169
15,1175099327,7062000,1138905160.0,attack,2174
16,869743254,5214000,831701078.0,attack,2160
17,965909982,5847000,971756982.0,normal,2197
18,1345446022,7971100,1310160920.0,attack,2180
19,1239575838,7168000,1246743838.0,normal,2184
20,1009832089,6160400,972736262.0,attack,2166
21,1056357580,6290600,1062648180.0,normal,2198
22,1074128868,6252000,1080380868.0,normal,2189
23,919953110,5176200,925129310.0,normal,2195
24,873597310,5191800,878789110.0,normal,2186
25,1022773354,13296500,992813572.0,attack,2178
26,792428858,4364800,753537368.0,attack,2173
27,909371190,5406200,871521090.0,attack,2179
28,1210300269,6912000,1173955956.0,attack,2168
29,1082365969,6423500,1045533144.0,attack,2155
30,1122176269,6413900,1085333832.0,attack,2171
31,1050380220,6390100,1056770320.0,normal,2200
32,940093429,5376000,902213070.0,attack,2166
33,1354791354,7936000,1319470980.0,attack,2166
34,932676570,5150200,937826770.0,normal,2194
35,1341289129,8002100,1306034830.0,attack,2176
36,537964414,3235300,497943310.0,attack,2154
37,786570344,4692800,791263144.0,normal,2186
38,831019928,5633000,793396506.0,attack,2156
39,915512530,5195700,920708230.0,normal,2186
40,1170881833,7076000,1134701388.0,attack,2157
41,833963536,5244200,795951282.0,attack,2177
42,1252585362,7439700,1216768594.0,attack,2176
43,1066661364,6375000,1073036364.0,normal,2199
44,1283208116,14671800,1254623422.0,attack,2159
45,1198702507,7234000,1162680000.0,attack,2173
46,941292747,5376000,903412230.0,attack,2155
47,838946904,5103700,800794078.0,attack,2164
48,980624682,12837300,993461982.0,normal,2190
49,1282565769,7966000,1247275218.0,attack,2172
50,1091374919,6769000,1054887356.0,attack,2167
