block_id,total_gas,total_mev_captured,block_bid,builder_type,builder_id
1,525586025,6550100,323386441.4467787,attack,1325
2,847612176,6650000,645382239.3778852,attack,1324
3,1086400494,8750000,1006970640.8081404,attack,1303
4,1175722871,9480200,1141853032.0,attack,1325
5,1166390222,10219000,1133259170.0,attack,1320
6,666470829,5265300,628386070.0,attack,1320
7,915219339,7391420,879260690.0,attack,1321
8,1340657364,11113840,1308421120.0,attack,1306
9,1187455437,9517900,1153623240.0,attack,1303
10,1196052788,9735000,1162437678.0,attack,1317
11,1006667651,8050000,971367530.0,attack,1315
12,1387443976,10850000,1354943840.0,attack,1308
13,1256477140,10157840,1223284830.0,attack,1301
14,667671299,5412700,629733842.0,attack,1317
15,831999064,7434630,796083528.0,attack,1307
16,1166204651,9455640,1132310112.0,attack,1303
17,1344615774,11038600,1312304180.0,attack,1310
18,1171795407,9450000,1137895200.0,attack,1317
19,919119447,7396500,883165730.0,attack,1304
20,1084206569,8966600,1049822940.0,attack,1315
21,999672388,8346000,964668148.0,attack,1306
22,1042982892,8400000,1051382892.0,normal,1328
23,904455130,7181100,911636230.0,normal,1329
24,874246330,7000000,881246330.0,normal,1326
25,1644770678,31000000,1675770678.0,normal,1339
26,1337829246,10850000,1305328940.0,attack,1315
27,1222048750,9800000,1231848750.0,normal,1338
28,1083835144,8935600,1049420412.0,attack,1309
29,1211388133,9450000,1177487788.0,attack,1318
30,999771056,8610900,965031600.0,attack,1323
31,919635576,7461180,883746390.0,attack,1307
32,1075638539,8050000,1040338162.0,attack,1325
33,1125916569,8750000,1091316180.0,attack,1314
34,1198732672,27929000,1183311270.0,attack,1306
35,1340367687,10850000,1307867270.0,attack,1319
36,879026430,7221000,886247430.0,normal,1339
37,873280630,7057400,880338030.0,normal,1339
38,855718384,7792000,820159938.0,attack,1318
39,1255693130,10167000,1222509670.0,attack,1319
40,1044441172,26100000,1070541172.0,normal,1338
41,1342391857,10850000,1309891370.0,attack,1306
42,1345864322,11106000,1313619820.0,attack,1304
43,1211274238,9808520,1221082758.0,normal,1350
44,1004954989,8081700,969686162.0,attack,1319
45,1210122938,9810700,1219933638.0,normal,1334
46,1298675885,10150000,1265475330.0,attack,1305
47,885941190,7040740,892981930.0,normal,1341
48,1088653692,8556600,1097210292.0,normal,1343
49,1252558929,10150000,1219358338.0,attack,1301
50,873841910,7855600,881697510.0,normal,1340
