block_id,total_gas,total_mev_captured,block_bid,builder_type,builder_id
1,1852210400,5463000,1342677797.305377,attack,2060
2,2137001556,5929000,2117228403.106821,attack,2059
3,2113102732,5929000,2122941664.0,attack,2074
4,2113103908,5929000,2132002516.0,attack,2079
5,2111505084,5929000,2151707768.0,attack,2057
6,2134006260,5929000,2228536920.0,attack,2076
7,2134007436,5929000,2237700072.0,attack,2063
8,2113308612,5929000,2240918424.0,attack,2069
9,2150009788,5929000,2318111676.0,attack,2090
10,2126010964,5929000,2301725828.0,attack,2055
11,2150012140,5929000,2358284980.0,attack,2053
12,2113313316,5929000,2344170772.0,attack,2064
13,2113314492,5929000,2360369254.0,attack,2079
14,2150015668,5934630,2497738036.0,attack,2080
15,2150016844,5929000,2498860858.0,attack,2085
16,2137018020,5929000,2493803510.0,attack,2061
17,2126019196,5929000,2491192162.0,attack,2082
18,2150020372,5929000,2533366314.0,attack,2055
19,2150021548,5929000,2551571566.0,attack,2078
20,2150022724,5929000,2612262418.0,attack,2075
21,2134023900,5929000,2582759170.0,attack,2055
22,2113024552,5808000,2604574522.0,normal,2096
23,2109426252,23629000,2625025274.0,attack,2084
24,2134027428,5929000,2654238426.0,attack,2074
25,2150028604,5929000,2723700278.0,attack,2066
26,2126029780,5995100,2727740730.0,attack,2070
27,2113030312,5808000,2756337682.0,normal,2092
28,2107382132,23629000,2733320534.0,attack,2069
29,2150033308,5929000,2818544986.0,attack,2055
30,2137034484,5929000,2804450978.0,attack,2074
31,2137035660,5929000,2872303530.0,attack,2084
32,2150036836,5929000,2925716882.0,attack,2072
33,2137038012,5929000,2950480034.0,attack,2088
34,2134039188,5929000,2954712286.0,attack,2055
35,2095339528,23508000,2974282138.0,normal,2093
36,2107701540,23629000,2949024390.0,attack,2080
37,2150041833,6270000,2993478122.0,attack,2065
38,2113343892,5929000,2985662114.0,attack,2084
39,2150045068,5929000,3116989266.0,attack,2060
40,2150046244,5929000,3116244918.0,attack,2065
41,2126047420,5929000,3125554470.0,attack,2079
42,2126048596,5929000,3120579022.0,attack,2071
43,2126049772,5929000,3118575174.0,attack,2087
44,2126050948,5929000,3118567276.0,attack,2073
45,2137052124,5929000,3168689828.0,attack,2065
46,2137053300,5929000,3194046980.0,attack,2058
47,2150054476,5929000,3284868432.0,attack,2051
48,2137055652,5929000,3298952264.0,attack,2075
49,2137056828,5929000,3324821036.0,attack,2072
50,2150058004,5929000,3386695188.0,attack,2061
