block_id,total_gas,total_mev_captured,block_bid,builder_type,builder_id
1,53491000,0,35390252.36524646,attack,3010
2,385403009,333000,272747469.0891873,attack,3004
3,2112200723,1631700,2010613397.3523288,attack,3010
4,2134001899,1631700,2138916648.0,attack,3013
5,2137003075,1631700,2183306000.0,attack,3003
6,2126004251,1631700,2180087792.0,attack,3015
7,2150005427,1631700,2226433924.0,attack,3009
8,2113306603,1631700,2199535876.0,attack,3011
9,2113307779,1631700,2220911228.0,attack,3025
10,2150008955,1631700,2283961080.0,attack,3014
11,2150010131,1631700,2308789032.0,attack,3001
12,2150011307,1631700,2357259574.0,attack,3018
13,2137012483,1631700,2338758126.0,attack,3013
14,2150013659,1631700,2452080678.0,attack,3019
15,2150014835,1631700,2485481930.0,attack,3001
16,2150016011,1631700,2568294682.0,attack,3017
17,2137017187,1631700,2573908834.0,attack,3022
18,2134018363,1631700,2561398826.0,attack,3005
19,2113319539,19331700,2569164878.0,attack,3007
20,2134020715,1631700,2592832010.0,attack,3013
21,2096021432,19298400,2618582562.0,normal,3030
22,2150023067,1631700,2670277114.0,attack,3023
23,2134024243,1631700,2652065266.0,attack,3023
24,2137025419,1631700,2671244418.0,attack,3012
25,2102026040,1598400,2669429170.0,normal,3042
26,2113027192,1598400,2732205122.0,normal,3045
27,2126028947,1631700,2734478264.0,attack,3018
28,2113029496,1706400,2769263546.0,normal,3035
29,2137031299,1631700,2775169398.0,attack,3025
30,2150032475,1631700,2865694650.0,attack,3003
31,2137033651,1631700,2871441302.0,attack,3003
32,2134034827,1631700,2861842454.0,attack,3004
33,2126036003,1631700,2884207006.0,attack,3024
34,2102036408,1598400,2930163358.0,normal,3027
35,2150038355,1631700,2953728110.0,attack,3009
36,2137038712,1598400,2995869652.0,normal,3038
37,2121039864,1598400,3015840004.0,normal,3048
38,2150041883,1631700,3020352656.0,attack,3011
39,2150043059,1631700,3042116988.0,attack,3001
40,2137044235,1687900,3073967340.0,attack,3017
41,2134045411,1631700,3065992092.0,attack,3015
42,2134046587,1631700,3113709144.0,attack,3013
43,2150047763,1631700,3230252296.0,attack,3020
44,2137048939,1631700,3208989878.0,attack,3010
45,2134050115,1678200,3233541660.0,attack,3003
46,2134051291,1631700,3236039912.0,attack,3017
47,2137052467,1631700,3269893364.0,attack,3020
48,2126052536,1598400,3315088116.0,normal,3041
49,2137053688,1598400,3376304168.0,normal,3036
50,2137055995,1631700,3368137420.0,attack,3012
