block_id,total_gas,total_mev_captured,block_bid,builder_type,builder_id
1,463818009,6565640,282490607.4900339,attack,510
2,2150000723,20090000,1746131423.828437,attack,514
3,2137001899,20090000,2084020635.9573898,attack,517
4,2150003075,20090000,2237015840.0,attack,511
5,2150004251,20090000,2305804472.0,attack,521
6,2150005427,20090000,2299526124.0,attack,507
7,2137006603,20111800,2289445076.0,attack,513
8,2126007779,20090000,2295191428.0,attack,510
9,2112008955,24410000,2306289580.0,attack,511
10,2113310131,20090000,2313843732.0,attack,518
11,2150011307,20090000,2363643084.0,attack,503
12,2107332483,27280000,2356420136.0,attack,505
13,2150013659,20090000,2421723288.0,attack,517
14,2134014835,20090000,2445094540.0,attack,513
15,2134016011,20090000,2440344592.0,attack,514
16,2137017187,20090000,2459522444.0,attack,514
17,2113318363,20090000,2454102426.0,attack,507
18,2108219539,27280000,2481178478.0,attack,521
19,2137020715,20120200,2524527830.0,attack,507
20,2076221432,19763800,2524260382.0,normal,542
21,2110022584,19680000,2577381034.0,normal,544
22,2076423736,19680000,2566426686.0,normal,530
23,2113124888,19680000,2624961138.0,normal,546
24,2137026595,20090000,2646921790.0,attack,503
25,2076427192,19680000,2638901122.0,normal,529
26,2126028947,20090000,2698633474.0,attack,514
27,2126029496,19680000,2764360126.0,normal,540
28,2070350648,37380000,2722707178.0,normal,549
29,2100131800,19680000,2745582470.0,normal,535
30,2137033651,20090000,2767854822.0,attack,523
31,2108734827,27280000,2773779274.0,attack,512
32,2126036003,20090000,2800991226.0,attack,509
33,2137036408,19680000,2923131178.0,normal,546
34,2134038355,20090000,2872996170.0,attack,512
35,2137039531,20150700,2927423022.0,attack,501
36,2118039864,19680000,2918765974.0,normal,540
37,2113341016,19680000,2927901826.0,normal,543
38,2134042168,19680000,2991345478.0,normal,535
39,2126044235,20090000,2964903330.0,attack,511
40,2089144472,19680000,2964138082.0,normal,549
41,2137045624,19680000,3034932134.0,normal,537
42,2100146776,19680000,3024087586.0,normal,532
43,2076447928,19680000,3016475728.0,normal,542
44,2137050115,20095630,3061318610.0,attack,519
45,2126050232,19680000,3117072132.0,normal,536
46,2150051384,19680000,3166770284.0,normal,540
47,2150053643,20090000,3172748836.0,attack,504
48,2150054819,20090000,3235510988.0,attack,522
49,2113054840,19680000,3219597840.0,normal,529
50,2089355992,19680000,3187738392.0,normal,534
