block_id,total_gas,total_mev_captured,block_bid,builder_type,builder_id
1,930484081,361400,609233358.0388063,attack,1264
2,1705030712,542100,1423378908.736527,attack,1252
3,789191540,236300,746413904.0,attack,1255
4,1347241341,444800,1304672190.0,attack,1276
5,1001106171,576900,958669110.0,attack,1251
6,1023096524,705700,980788252.0,attack,1265
7,1083911944,347500,1041245460.0,attack,1274
8,1087145244,364500,1044495748.0,attack,1255
9,661518489,403500,618907986.0,attack,1263
10,1174019950,375300,1131381234.0,attack,1262
11,915056536,7481900,879524410.0,attack,1265
12,1263498850,403100,1220887910.0,attack,1258
13,845405741,331600,802723292.0,attack,1268
14,997243548,332500,954561988.0,attack,1252
15,1021895801,330400,979212130.0,attack,1255
16,935900691,291900,893178510.0,attack,1270
17,994891284,1088700,952965892.0,attack,1273
18,798826328,507400,756319628.0,attack,1253
19,1004106721,1528300,962620910.0,attack,1259
20,998574974,362130,955922982.0,attack,1280
21,1085112694,388530,1042487090.0,attack,1265
22,937582014,676900,895244770.0,attack,1275
23,1084052988,392700,1084445688.0,normal,1288
24,1071401276,333600,1071734876.0,normal,1287
25,1087126564,589600,1087716164.0,normal,1285
26,1266015316,476900,1223478022.0,attack,1253
27,1084185494,347500,1041518788.0,attack,1260
28,1128218112,372100,1128590212.0,normal,1291
29,1365670114,459000,1323114880.0,attack,1279
30,955753114,17991900,930730770.0,attack,1257
31,1049985388,540500,1050525888.0,normal,1292
32,747451116,833200,705270052.0,attack,1257
33,755055252,756300,712797280.0,attack,1254
34,1049209060,438780,1049647840.0,normal,1288
35,1170710537,375300,1128071540.0,attack,1264
36,917560030,291800,917851830.0,normal,1292
37,1125580738,453000,1126033738.0,normal,1283
38,1340140245,450600,1297576510.0,attack,1259
39,985456680,1081100,986537780.0,normal,1299
40,1253735130,403100,1211123870.0,attack,1264
41,1135586644,420600,1092992872.0,attack,1254
42,872209530,284390,872493920.0,normal,1288
43,960540714,305800,960846514.0,normal,1300
44,1553997544,486500,1511469634.0,attack,1262
45,1012114851,332500,969432930.0,attack,1260
46,1112261169,347500,1069594236.0,attack,1272
47,1021141836,342600,1021484436.0,normal,1290
48,1212990414,389200,1213379614.0,normal,1283
49,946278818,313700,903578050.0,attack,1260
50,659477569,429890,616892984.0,attack,1258
