period,block_number,mean_gas_fee_gwei,median_gas_fee_gwei,total_gas_fees_gwei,num_transactions
STABLE_PRE_MERGE_2022,15000000,3344595.642251048,1706254.448540922,1163919283.5033646,348
STABLE_PRE_MERGE_2022,15000001,8153985.057585704,1692589.5345,1867262578.1871262,229
STABLE_PRE_MERGE_2022,15000002,3633964.7146557667,1792346.3966,501487130.62249583,138
STABLE_PRE_MERGE_2022,15000003,2710299.958740294,1761904.6671,501405492.3669544,185
STABLE_PRE_MERGE_2022,15000004,4959259.955926004,1762086.2882,887707532.1107547,179
STABLE_PRE_MERGE_2022,15000005,3781555.247939648,1848459.9566,979422809.2163689,259
STABLE_PRE_MERGE_2022,15000006,1729990.133096579,830617.968852,385787799.6805371,223
STABLE_PRE_MERGE_2022,15000007,3148822.5870703026,768236.217504,790354469.354646,251
STABLE_PRE_MERGE_2022,15000008,2230359.466646797,1653746.553263376,923368819.1917739,414
STABLE_PRE_MERGE_2022,15000009,2346872.783601063,1247865.157087984,1422204906.8622441,606
STABLE_PRE_MERGE_2022,15000010,2909720.1748286514,844161.435138,183312371.01420504,63
STABLE_PRE_MERGE_2022,15000011,6725530.065826945,947291.226022644,2831448157.713144,421
STABLE_PRE_MERGE_2022,15000012,2902278.6164527084,825935.982396,789419783.6751367,272
STABLE_PRE_MERGE_2022,15000013,2077191.2426466371,1407029.162679675,145403386.9852646,70
STABLE_PRE_MERGE_2022,15000014,3392732.581882126,1586886.811940565,488553491.7910262,144
STABLE_PRE_MERGE_2022,15000015,2912160.41133526,1196322.93347,1010519662.7333353,347
STABLE_PRE_MERGE_2022,15000016,3672377.593463629,1311621.008381631,1311038800.8665156,357
STABLE_PRE_MERGE_2022,15000017,7340672.293247636,1757528.423977897,264264202.55691493,36
STABLE_PRE_MERGE_2022,15000018,3511296.6277407394,825851.928636,828666004.1468145,236
STABLE_PRE_MERGE_2022,15000019,3439486.4567410285,1961654.7093,584712697.6459749,170
STABLE_PRE_MERGE_2022,15000020,3843629.8437989512,1954886.8808,219086901.0965402,57
STABLE_PRE_MERGE_2022,15000021,4551729.842987787,1792382.1374,1056001323.5731666,232
STABLE_PRE_MERGE_2022,15000022,2804393.1698807953,1965135.0882,238373419.43986762,85
STABLE_PRE_MERGE_2022,15000023,8573773.027161777,2851574.626891436,197196779.62472087,23
STABLE_PRE_MERGE_2022,15000024,3442828.3841086836,1926902.554041138,895135379.8682578,260
STABLE_PRE_MERGE_2022,15000025,0.0,0.0,0.0,0
STABLE_PRE_MERGE_2022,15000026,2651556.1543861465,1603348.4748,169699593.88071337,64
STABLE_PRE_MERGE_2022,15000027,5160371.188086475,1572431.0877,1635837666.6234126,317
STABLE_PRE_MERGE_2022,15000028,3107063.297008729,1307439.8689983645,782979950.8461998,252
STABLE_PRE_MERGE_2022,15000029,4748929.0641376525,2440462.16232,584118274.8889313,123
STABLE_PRE_MERGE_2022,15000030,3227142.719724403,1725052.1981,548614262.3531486,170
STABLE_PRE_MERGE_2022,15000031,2705395.7585198386,1653935.8513,581660088.0817653,215
STABLE_PRE_MERGE_2022,15000032,3618933.0902354377,1653326.7741,1349862042.6578183,373
STABLE_PRE_MERGE_2022,15000033,5423023.528798819,1901367.383419872,1117142846.9325566,206
STABLE_PRE_MERGE_2022,15000034,4429902.142553214,2676896.02127016,536018159.2489389,121
STABLE_PRE_MERGE_2022,15000035,3717268.4546311693,3467014.99305,1669053536.129395,449
STABLE_PRE_MERGE_2022,15000036,2088185.005079728,815735.536518,534575361.3004104,256
STABLE_PRE_MERGE_2022,15000037,1224867.5993768622,414489.08949,456875614.5675696,373
STABLE_PRE_MERGE_2022,15000038,1797046.8336015814,414180.631284,391756209.72514474,218
STABLE_PRE_MERGE_2022,15000039,4068030.423875718,1940357.3503,598000472.3097305,147
STABLE_PRE_MERGE_2022,15000040,2166576.306232491,938363.080220255,119161696.84278701,55
STABLE_PRE_MERGE_2022,15000041,2458623.1379653136,1365999.07838882,172103619.65757194,70
STABLE_PRE_MERGE_2022,15000042,2869149.713958714,1749155.0548206419,390204361.0983851,136
STABLE_PRE_MERGE_2022,15000043,3022603.721124542,1131544.67391,250876108.853337,83
STABLE_PRE_MERGE_2022,15000044,4332846.900328384,1425603.1854,420286149.3318532,97
STABLE_PRE_MERGE_2022,15000045,2659688.6582386335,1398997.94606015,585131504.8124994,220
STABLE_PRE_MERGE_2022,15000046,2324000.019413559,1212629.141049656,453180003.78564405,195
STABLE_PRE_MERGE_2022,15000047,3026497.2617717427,1428076.21613679,1038088560.7877077,343
STABLE_PRE_MERGE_2022,15000048,3718218.887488994,2506987.4857625403,1286503735.0711918,346
STABLE_PRE_MERGE_2022,15000049,3471249.1960545606,1777944.1405,673422344.0345848,194
STABLE_PRE_MERGE_2022,15000050,4873228.811069928,2818626.2,341126016.77489495,70
STABLE_PRE_MERGE_2022,15000051,3528978.898736466,1871066.106356883,797549231.1144414,226
STABLE_PRE_MERGE_2022,15000052,3556041.2292542695,3603901.42959,817889482.728482,230
STABLE_PRE_MERGE_2022,15000053,3776547.2918693037,2176478.8066698182,166168080.84224936,44
STABLE_PRE_MERGE_2022,15000054,9080141.668338446,2115641.1282375795,3450453833.96861,380
STABLE_PRE_MERGE_2022,15000055,3334790.8926602867,1451415.617605764,670292969.4247177,201
STABLE_PRE_MERGE_2022,15000056,4546675.783489261,2344068.0132,359187386.89565164,79
STABLE_PRE_MERGE_2022,15000057,6725978.248711413,2214313.1046567424,390106738.4252619,58
STABLE_PRE_MERGE_2022,15000058,2860181.041297838,1429334.0735131,274577379.96459246,96
STABLE_PRE_MERGE_2022,15000059,3833899.6358686695,2025035.185091445,555915447.2009571,145
STABLE_PRE_MERGE_2022,15000060,9310703.563827237,1820000.0,1443159052.3932216,155
STABLE_PRE_MERGE_2022,15000061,3520582.9275340615,1673564.3480110527,281646634.20272493,80
STABLE_PRE_MERGE_2022,15000062,5638267.289599995,1400606.8,1764777661.6447985,313
STABLE_PRE_MERGE_2022,15000063,3436181.0016666083,1523366.69569686,917460327.4449844,267
STABLE_PRE_MERGE_2022,15000064,4029721.4738198635,4469410.233,934895381.9262084,232
STABLE_PRE_MERGE_2022,15000065,5929450.222019498,2871606.219747489,2164249331.037117,365
STABLE_PRE_MERGE_2022,15000066,5941275.174863251,1984330.670650126,1711087250.3606162,288
STABLE_PRE_MERGE_2022,15000067,4915764.4608458355,4384275.55377,1941726962.034105,395
STABLE_PRE_MERGE_2022,15000068,3803637.8457006672,1447042.3775893035,205396443.66783604,54
STABLE_PRE_MERGE_2022,15000069,3333592.0097481078,1203447.6531779259,1506783588.4061446,452
STABLE_PRE_MERGE_2022,15000070,4574543.1657273155,3113456.957734475,750225079.1792798,164
STABLE_PRE_MERGE_2022,15000071,5509818.953617517,2426525.10272025,1460102022.708642,265
STABLE_PRE_MERGE_2022,15000072,9343572.152293665,4554688.86305581,579301473.4422072,62
STABLE_PRE_MERGE_2022,15000073,6080207.438900973,2962424.52059305,553298876.9399885,91
STABLE_PRE_MERGE_2022,15000074,4473234.308808439,1950000.0,585993694.4539056,131
STABLE_PRE_MERGE_2022,15000075,7952438.529257359,2430000.0,668004836.4576181,84
STABLE_PRE_MERGE_2022,15000076,3727464.9230546327,2612484.4995691874,462205650.45877445,124
STABLE_PRE_MERGE_2022,15000077,3399293.7800481184,2006238.0,350127259.3449562,103
STABLE_PRE_MERGE_2022,15000078,5397659.003730723,2265932.903004816,518175264.3581494,96
STABLE_PRE_MERGE_2022,15000079,3326152.7260810584,1604561.651075656,282722981.71689,85
STABLE_PRE_MERGE_2022,15000080,6580489.701472293,2130475.500841408,2546649514.469777,387
STABLE_PRE_MERGE_2022,15000081,5212896.848440555,4136982.90999,2528254971.493669,485
STABLE_PRE_MERGE_2022,15000082,5127532.934314376,2310645.7314911922,1774126395.272774,346
STABLE_PRE_MERGE_2022,15000083,4301405.63280675,2641657.9307,726937551.9443407,169
STABLE_PRE_MERGE_2022,15000084,5777129.666130226,2334823.01940042,1132317414.5615244,196
STABLE_PRE_MERGE_2022,15000085,4598950.343328362,4842417.218031624,114973758.58320905,25
STABLE_PRE_MERGE_2022,15000086,3935403.578368109,2080000.0,1318360198.7533166,335
STABLE_PRE_MERGE_2022,15000087,5331056.965615356,5643381.906345535,159931708.96846068,30
STABLE_PRE_MERGE_2022,15000088,4570831.55295669,2626637.663216595,639916417.4139366,140
STABLE_PRE_MERGE_2022,15000089,3749981.62503746,2171939.761372164,374998162.50374603,100
STABLE_PRE_MERGE_2022,15000090,2549939.776641744,2070000.0,232044519.67439872,91
STABLE_PRE_MERGE_2022,15000091,4123964.6264412627,4604681.011299999,874280500.8055477,212
STABLE_PRE_MERGE_2022,15000092,4260077.370258291,2388708.720172637,1537887930.663243,361
STABLE_PRE_MERGE_2022,15000093,5567715.690733689,3060623.526416568,250547206.083016,45
STABLE_PRE_MERGE_2022,15000094,4715095.239219521,2836604.5898775524,443218952.48663497,94
STABLE_PRE_MERGE_2022,15000095,4313059.1328714015,1969003.2132946625,724593934.3223954,168
STABLE_PRE_MERGE_2022,15000096,6476146.099157365,2516686.232845642,939041184.3778179,145
STABLE_PRE_MERGE_2022,15000097,6264987.624337139,2842835.337234816,444814121.3279368,71
STABLE_PRE_MERGE_2022,15000098,5112150.110644607,4915029.84075,955972070.6905415,187
STABLE_PRE_MERGE_2022,15000099,141614464.1907512,6501299.138471109,1132915713.5260096,8
STABLE_PRE_MERGE_2022,15000100,4031573.811050543,1574730.41841,540230890.6807728,134
STABLE_PRE_MERGE_2022,15000101,5661508.670686899,2701899.293790316,1879620878.6680503,332
STABLE_PRE_MERGE_2022,15000102,0.0,0.0,0.0,0
STABLE_PRE_MERGE_2022,15000103,3630150.118940641,1537803.759096178,918427980.0919822,253
STABLE_PRE_MERGE_2022,15000104,3165356.931002346,2025080.4909870643,1297796341.7109618,410
STABLE_PRE_MERGE_2022,15000105,2893346.871735303,2635782.97313991,373241746.4538541,129
STABLE_PRE_MERGE_2022,15000106,4688343.870660407,2989140.518158002,675121517.3750986,144
STABLE_PRE_MERGE_2022,15000107,2626179.2765737264,1863109.4413393592,57775944.08462198,22
STABLE_PRE_MERGE_2022,15000108,2427884.865509053,2568540.785815048,706514495.8631345,291
STABLE_PRE_MERGE_2022,15000109,1697405.7873385602,405086.422629,521103576.71293795,307
STABLE_PRE_MERGE_2022,15000110,1163020.0792695077,393729.439845,31401542.140276708,27
STABLE_PRE_MERGE_2022,15000111,4986291.325367158,2094700.62985147,2029420569.4244332,407
STABLE_PRE_MERGE_2022,15000112,2584926.5063321902,1293117.05483037,1230425017.0141225,476
STABLE_PRE_MERGE_2022,15000113,6366451.45717118,1789946.975239401,1954500597.3515525,307
STABLE_PRE_MERGE_2022,15000114,5851722.300932813,2590128.950880082,1579965021.2518597,270
STABLE_PRE_MERGE_2022,15000115,3312373.1555468747,2642920.819432362,453795122.30992186,137
STABLE_PRE_MERGE_2022,15000116,29211502.94110535,4851371.99736,963979597.0564766,33
STABLE_PRE_MERGE_2022,15000117,4565934.790821821,2993765.383781316,223730804.75026926,49
STABLE_PRE_MERGE_2022,15000118,3676092.863790514,2903332.254853134,720514201.3029407,196
STABLE_PRE_MERGE_2022,15000119,7422376.497277293,3100000.0,437920213.3393603,59
STABLE_PRE_MERGE_2022,15000120,3613707.988100088,2283666.567851466,1109408352.3467271,307
STABLE_PRE_MERGE_2022,15000121,2690813.8775546695,1045494.5403,1592961815.5123644,592
STABLE_PRE_MERGE_2022,15000122,2915507.8225340974,3323949.012064452,603510119.2645582,207
STABLE_PRE_MERGE_2022,15000123,3907109.3429728346,3635640.0,1320602957.924818,338
STABLE_PRE_MERGE_2022,15000124,6429458.620345661,4115364.33381289,932271499.9501209,145
STABLE_PRE_MERGE_2022,15000125,4937203.802819908,4215740.9702631,1471286733.2403324,298
STABLE_PRE_MERGE_2022,15000126,7648901.894477302,2563006.060067844,696050072.3974345,91
STABLE_PRE_MERGE_2022,15000127,3620980.2111535994,1574336.89990915,984906617.433779,272
STABLE_PRE_MERGE_2022,15000128,5009327.6762649715,2325419.554122,1372555783.2966022,274
STABLE_PRE_MERGE_2022,15000129,7973328.259123355,4997748.930917604,231226519.5145773,29
STABLE_PRE_MERGE_2022,15000130,6171025.055788416,6021798.19269,2900381776.220556,470
STABLE_PRE_MERGE_2022,15000131,10384837.757990452,6389763.5,3260839056.0090017,314
STABLE_PRE_MERGE_2022,15000132,8475880.375110129,6431304.707419452,2322391222.780175,274
STABLE_PRE_MERGE_2022,15000133,11813167.03199085,3576649.7078083297,519779349.4075974,44
STABLE_PRE_MERGE_2022,15000134,6575300.3731209645,6106386.379011957,959993854.4756608,146
STABLE_PRE_MERGE_2022,15000135,7093663.489186568,4075664.893026915,453994463.30794036,64
STABLE_PRE_MERGE_2022,15000136,4649131.098980305,2590427.851635691,1803862866.4043581,388
STABLE_PRE_MERGE_2022,15000137,7743695.654116745,6432620.66642519,813088043.6822582,105
STABLE_PRE_MERGE_2022,15000138,6084826.685756415,2770844.13291,760603335.7195519,125
STABLE_PRE_MERGE_2022,15000139,4403401.078111804,3118299.989288236,13210203.234335413,3
STABLE_PRE_MERGE_2022,15000140,4644978.428260369,5506376.57094,650296979.9564517,140
STABLE_PRE_MERGE_2022,15000141,7054503.095813158,1851825.233861211,1559045184.174708,221
STABLE_PRE_MERGE_2022,15000142,5040480.213474222,2028278.584893925,937529319.7062054,186
STABLE_PRE_MERGE_2022,15000143,9444821.006240414,4640610.887205843,160561957.10608706,17
STABLE_PRE_MERGE_2022,15000144,1804883.6753485862,999761.69895,942149278.531962,522
STABLE_PRE_MERGE_2022,15000145,4743700.715040516,1698416.535590712,1551190133.8182487,327
STABLE_PRE_MERGE_2022,15000146,9286413.028328441,3754557.2630517,2813783147.5835176,303
STABLE_PRE_MERGE_2022,15000147,4642703.982248981,1292089.961497921,380701726.54441637,82
STABLE_PRE_MERGE_2022,15000148,5610770.338387164,5389546.95552,460083167.7477475,82
STABLE_PRE_MERGE_2022,15000149,7396218.167205156,3195882.763859692,1309130615.5953126,177
STABLE_PRE_MERGE_2022,15000150,7321556.38176665,2359308.8451764863,2430756718.7465277,332
STABLE_PRE_MERGE_2022,15000151,5518772.59692918,3359461.75944,711921665.0038643,129
STABLE_PRE_MERGE_2022,15000152,8229310.906952584,4579919.107291656,3011927791.944646,366
STABLE_PRE_MERGE_2022,15000153,6520756.180487426,3155575.953313728,1388921066.4438217,213
STABLE_PRE_MERGE_2022,15000154,34542303.664859846,3163765.426776512,1278065235.5998144,37
STABLE_PRE_MERGE_2022,15000155,11823751.052391909,5000000.0,3145117779.936248,266
STABLE_PRE_MERGE_2022,15000156,8496007.006257137,6571356.99255,1928593590.42037,227
STABLE_PRE_MERGE_2022,15000157,6589042.308265582,5000000.0,1350753673.1944442,205
STABLE_PRE_MERGE_2022,15000158,5670719.574148613,2341483.019811,170121587.2244584,30
STABLE_PRE_MERGE_2022,15000159,5954104.683182719,2766094.001708055,2375687768.589905,399
STABLE_PRE_MERGE_2022,15000160,6255743.761426403,3680625.0705069923,1876723128.4279208,300
STABLE_PRE_MERGE_2022,15000161,8042159.63715839,5000000.0,715752207.7070967,89
STABLE_PRE_MERGE_2022,15000162,8658246.186430752,3422521.5454,926432341.9480906,107
STABLE_PRE_MERGE_2022,15000163,12292260.060206132,4027801.24416,2163437770.596279,176
STABLE_PRE_MERGE_2022,15000164,29449485.74898773,5984710.107776046,9895027211.659878,336
STABLE_PRE_MERGE_2022,15000165,8388348.667196419,6591620.645491392,2591999738.1636934,309
STABLE_PRE_MERGE_2022,15000166,12636255.437311642,8824079.633433543,770811581.6760101,61
STABLE_PRE_MERGE_2022,15000167,9380994.826019239,5000000.0,1594769120.4232707,170
STABLE_PRE_MERGE_2022,15000168,6923318.402671269,4302981.460407325,1744676237.4731598,252
STABLE_PRE_MERGE_2022,15000169,7917422.564985815,4693408.963472819,1646823893.5170496,208
STABLE_PRE_MERGE_2022,15000170,9389980.61231898,8704351.55579175,3878061992.8877387,413
STABLE_PRE_MERGE_2022,15000171,12070735.714001032,9635243.565537637,3609149978.4863086,299
STABLE_PRE_MERGE_2022,15000172,10434757.6284643,5475762.7621,1387822764.585752,133
STABLE_PRE_MERGE_2022,15000173,10862497.637356099,6740148.695600351,1716274626.7022636,158
STABLE_PRE_MERGE_2022,15000174,8962947.684724081,9036553.50847188,268888430.5417224,30
STABLE_PRE_MERGE_2022,15000175,15427240.259591786,7357598.767404588,2128959155.8236666,138
STABLE_PRE_MERGE_2022,15000176,10247860.174059367,6938796.138493132,481649428.18079025,47
STABLE_PRE_MERGE_2022,15000177,10944273.40173128,4388663.3019,4519984914.915019,413
STABLE_PRE_MERGE_2022,15000178,10817797.10877805,7404823.09845,2087834841.9941635,193
STABLE_PRE_MERGE_2022,15000179,10037667.593839211,7790937.5586228,1063992764.9469564,106
STABLE_PRE_MERGE_2022,15000180,7229899.737202489,3688208.29873804,187977393.1672647,26
STABLE_PRE_MERGE_2022,15000181,9048413.404310578,7746966.781820784,1203438982.7733068,133
STABLE_PRE_MERGE_2022,15000182,7393254.894967126,3737457.300759279,1508223998.5732937,204
STABLE_PRE_MERGE_2022,15000183,6797157.448366917,3383079.893025,414626604.3503819,61
STABLE_PRE_MERGE_2022,15000184,8125851.857981122,5000000.0,755704222.7922443,93
STABLE_PRE_MERGE_2022,15000185,7450878.438106787,7649035.06689,4314058615.66383,579
STABLE_PRE_MERGE_2022,15000186,7224371.443397257,4658548.651599888,455135400.93402714,63
STABLE_PRE_MERGE_2022,15000187,8759109.295049302,7500000.0,1883208498.4355998,215
STABLE_PRE_MERGE_2022,15000188,7018330.88336441,5502849.872455005,2526599118.0111876,360
STABLE_PRE_MERGE_2022,15000189,9159632.502269091,7500000.0,540418317.6338763,59
STABLE_PRE_MERGE_2022,15000190,10765573.675145214,7447432.4132565595,1636367198.6220727,152
STABLE_PRE_MERGE_2022,15000191,8226302.862024344,7500000.0,625199017.5138501,76
STABLE_PRE_MERGE_2022,15000192,6420342.602373393,5896904.515035786,699817343.6586999,109
STABLE_PRE_MERGE_2022,15000193,7953756.731390399,3662957.73350024,723791862.5565263,91
STABLE_PRE_MERGE_2022,15000194,7238072.541054243,2923202.316846548,1462090653.292957,202
STABLE_PRE_MERGE_2022,15000195,8184385.570424909,6976424.128661194,744779086.9086667,91
STABLE_PRE_MERGE_2022,15000196,3083550.490339397,2785556.3220173595,129509120.59425467,42
STABLE_PRE_MERGE_2022,15000197,5596008.399048289,3677818.86732,1583670376.930666,283
STABLE_PRE_MERGE_2022,15000198,9718097.454384461,6671562.405878744,1321661253.7962866,136
STABLE_PRE_MERGE_2022,15000199,8210713.404526132,7500000.0,1157710590.0381846,141
STABLE_PRE_MERGE_2022,15000200,6525654.693175525,2944940.053786654,469847137.9086378,72
STABLE_PRE_MERGE_2022,15000201,11231266.476681784,5363442.227231951,3886018200.931897,346
STABLE_PRE_MERGE_2022,15000202,8219490.31495804,5477814.280062588,3074089377.7943068,374
STABLE_PRE_MERGE_2022,15000203,7512724.789903994,6259816.727150856,2336457409.660142,311
STABLE_PRE_MERGE_2022,15000204,9283586.356420865,6250000.0,2283762243.679533,246
STABLE_PRE_MERGE_2022,15000205,6100646.230392729,6250000.0,225723910.52453098,37
STABLE_PRE_MERGE_2022,15000206,7230872.29011681,5948413.730045955,1164170438.7088065,161
STABLE_PRE_MERGE_2022,15000207,5346887.118062163,3176990.172340957,235263033.19473517,44
STABLE_PRE_MERGE_2022,15000208,6758310.581812314,7000000.0,1182704351.817155,175
STABLE_PRE_MERGE_2022,15000209,6299622.697160797,5446111.563526626,2608043796.62457,414
STABLE_PRE_MERGE_2022,15000210,7276365.74711421,7183045.688016572,2372095233.5592327,326
STABLE_PRE_MERGE_2022,15000211,0.0,0.0,0.0,0
STABLE_PRE_MERGE_2022,15000212,6970071.64040644,6539313.340330657,1714637623.5399842,246
STABLE_PRE_MERGE_2022,15000213,6925098.037359022,6250000.0,1329618823.1729321,192
STABLE_PRE_MERGE_2022,15000214,9266825.763047477,6058594.187251536,3984735078.110415,430
STABLE_PRE_MERGE_2022,15000215,8797789.573343022,6250000.0,2630539082.4295635,299
STABLE_PRE_MERGE_2022,15000216,8195563.731014295,4717157.955972416,958880956.5286725,117
STABLE_PRE_MERGE_2022,15000217,9436777.70765958,4315259.420006948,547333107.0442556,58
STABLE_PRE_MERGE_2022,15000218,7900646.163482212,6418149.732241632,1919857017.7261777,243
STABLE_PRE_MERGE_2022,15000219,8766667.06248281,9257891.28327,3129700141.306363,357
STABLE_PRE_MERGE_2022,15000220,8646219.226010371,5735099.97432,1720597625.9760637,199
STABLE_PRE_MERGE_2022,15000221,9418547.142024444,8181825.8335289005,1243248222.7472267,132
STABLE_PRE_MERGE_2022,15000222,8601975.624301633,4551149.743693575,1488141783.0041823,173
STABLE_PRE_MERGE_2022,15000223,9656543.18433915,8173709.751967177,2954902214.40778,306
STABLE_PRE_MERGE_2022,15000224,9205978.966606066,10612615.71740221,1077099539.0929096,117
STABLE_PRE_MERGE_2022,15000225,0.0,0.0,0.0,0
STABLE_PRE_MERGE_2022,15000226,5374403.554300262,2307083.8984401934,3095656447.276951,576
STABLE_PRE_MERGE_2022,15000227,4494388.068300483,2156278.59153,3123599707.468836,695
STABLE_PRE_MERGE_2022,15000228,5626306.964517592,2418447.26487,1288424294.8745286,229
STABLE_PRE_MERGE_2022,15000229,7230038.144626511,2357667.470634,1200186332.0080009,166
STABLE_PRE_MERGE_2022,15000230,4467500.594798249,2230390.922172,1880817750.4100628,421
STABLE_PRE_MERGE_2022,15000231,5712800.016924135,2253258.099666,3307711209.799074,579
STABLE_PRE_MERGE_2022,15000232,5612019.508748108,2450728.918512,1004551492.0659113,179
STABLE_PRE_MERGE_2022,15000233,5615136.356789604,2327259.695292,971418589.7246014,173
STABLE_PRE_MERGE_2022,15000234,6344802.911778376,2189022.351306,1459304669.7090266,230
STABLE_PRE_MERGE_2022,15000235,9748807.85774285,7786494.376186911,3412082750.2099977,350
STABLE_PRE_MERGE_2022,15000236,4322450.555600529,2455885.972176,1867298640.0194283,432
STABLE_PRE_MERGE_2022,15000237,9190988.172442539,2819454.194244435,1047772651.6584494,114
STABLE_PRE_MERGE_2022,15000238,10203754.649248578,2932667.69262432,1071394238.1711007,105
STABLE_PRE_MERGE_2022,15000239,7430915.725720864,2654450.29903944,2689991492.7109528,362
STABLE_PRE_MERGE_2022,15000240,8112280.747192918,2525780.764416975,713880705.7529768,88
STABLE_PRE_MERGE_2022,15000241,9713464.083841963,3724468.566566088,1525013861.1631882,157
STABLE_PRE_MERGE_2022,15000242,10008657.715523122,9031659.106125992,1020883086.9833585,102
STABLE_PRE_MERGE_2022,15000243,8642798.386485817,5116445.343935,760566258.010752,88
STABLE_PRE_MERGE_2022,15000244,10594982.106369369,5076265.57158,243684588.44649547,23
STABLE_PRE_MERGE_2022,15000245,6313545.317080381,3049198.2350331126,1401607060.3918447,222
STABLE_PRE_MERGE_2022,15000246,12159257.207453014,5053414.00696308,4474606652.34271,368
STABLE_PRE_MERGE_2022,15000247,11321623.374702254,4089189.46059,1686921882.8306358,149
STABLE_PRE_MERGE_2022,15000248,7400012.459445562,3312506.463428245,784401320.7012296,106
STABLE_PRE_MERGE_2022,15000249,7540882.816154359,3524691.803360512,512780031.4984964,68
STABLE_PRE_MERGE_2022,15000250,6558534.779824758,4098808.0881,1147743586.4693327,175
STABLE_PRE_MERGE_2022,15000251,6770368.765296419,3905617.760981508,792133145.5396811,117
STABLE_PRE_MERGE_2022,15000252,5649021.971146586,3572133.02189757,909492537.3546004,161
STABLE_PRE_MERGE_2022,15000253,7206269.9791762885,5000000.0,396344848.85469586,55
STABLE_PRE_MERGE_2022,15000254,4683814.405456532,1624646.013874305,758777933.6839582,162
STABLE_PRE_MERGE_2022,15000255,7661576.467916723,3949796.97171,2106933528.677099,275
STABLE_PRE_MERGE_2022,15000256,6196179.556835281,3213621.8914798014,1449906016.2994556,234
STABLE_PRE_MERGE_2022,15000257,5609903.545442535,2982723.638382936,992952927.5433286,177
STABLE_PRE_MERGE_2022,15000258,8059688.711867107,5276765.582960707,1007461088.9833884,125
STABLE_PRE_MERGE_2022,15000259,5370118.018413991,5795116.273372378,349057671.1969094,65
STABLE_PRE_MERGE_2022,15000260,6528522.365146644,4362226.0,2892135407.7599635,443
STABLE_PRE_MERGE_2022,15000261,5787000.25958462,4600525.915380528,219906009.86421555,38
STABLE_PRE_MERGE_2022,15000262,14396573.269947454,4458637.227727603,143965732.69947454,10
STABLE_PRE_MERGE_2022,15000263,4093891.63262372,2073330.799926,1015285124.8906826,248
STABLE_PRE_MERGE_2022,15000264,7530849.185845221,5738496.059889028,1122096528.690938,149
STABLE_PRE_MERGE_2022,15000265,6663968.718852161,7500000.0,166599217.97130403,25
STABLE_PRE_MERGE_2022,15000266,4869034.645528413,2612741.90259446,1300032250.3560863,267
STABLE_PRE_MERGE_2022,15000267,4483561.95517988,2677460.491402959,690468541.0977015,154
STABLE_PRE_MERGE_2022,15000268,5367288.469889701,4365667.808905052,1352556694.4122047,252
STABLE_PRE_MERGE_2022,15000269,5076531.580429497,4060336.739743989,659949105.4558346,130
STABLE_PRE_MERGE_2022,15000270,5339939.88489582,5551087.36010127,507294289.0651029,95
STABLE_PRE_MERGE_2022,15000271,4752972.145462258,4976330.2771204095,2167355298.3307896,456
STABLE_PRE_MERGE_2022,15000272,4777454.685540681,3753764.635969283,1466678588.460989,307
STABLE_PRE_MERGE_2022,15000273,4405349.637938216,4683840.63882651,533047306.1905242,121
STABLE_PRE_MERGE_2022,15000274,5694528.387535178,3946073.471112204,2124059088.5506215,373
STABLE_PRE_MERGE_2022,15000275,7062032.258166998,5199200.880491717,2831874935.5249662,401
STABLE_PRE_MERGE_2022,15000276,5189302.019898279,4837024.5,2226210566.5363617,429
STABLE_PRE_MERGE_2022,15000277,5910084.188879305,6349346.296639155,1252937848.0424125,212
STABLE_PRE_MERGE_2022,15000278,5300303.783499579,5899240.9857414,21201215.133998316,4
STABLE_PRE_MERGE_2022,15000279,5698892.406338189,5677732.864361775,1031499525.5472121,181
STABLE_PRE_MERGE_2022,15000280,8478664.443252627,5673768.41772597,3289721803.9820194,388
STABLE_PRE_MERGE_2022,15000281,5985206.74225861,5217040.237368084,2615535346.3670125,437
STABLE_PRE_MERGE_2022,15000282,7520757.11148796,7105562.805245535,3233925557.939823,430
STABLE_PRE_MERGE_2022,15000283,8924887.137243195,7900748.1990789,1445831716.2333975,162
STABLE_PRE_MERGE_2022,15000284,8419975.555771831,4411268.242403346,564138362.2367127,67
STABLE_PRE_MERGE_2022,15000285,8929029.116157632,6250000.0,1696515532.06995,190
STABLE_PRE_MERGE_2022,15000286,9150911.476818042,7395928.086989952,2205369665.913148,241
STABLE_PRE_MERGE_2022,15000287,10401875.646062577,12161498.59725,1414655087.8645105,136
STABLE_PRE_MERGE_2022,15000288,8221956.926874527,6250000.0,2055489231.7186317,250
STABLE_PRE_MERGE_2022,15000289,0.0,0.0,0.0,0
STABLE_PRE_MERGE_2022,15000290,9218975.26651715,6250000.0,516262614.9249604,56
STABLE_PRE_MERGE_2022,15000291,6521720.653142733,4030047.5395425,430433563.1074203,66
STABLE_PRE_MERGE_2022,15000292,4840361.851691168,5090974.451185619,280740987.39808774,58
STABLE_PRE_MERGE_2022,15000293,4689745.850694678,3050907.9684583545,1275610871.3889523,272
STABLE_PRE_MERGE_2022,15000294,6529331.908081098,6250000.0,698638514.1646775,107
STABLE_PRE_MERGE_2022,15000295,15239015.506336154,4748759.396296544,365736372.1520677,24
STABLE_PRE_MERGE_2022,15000296,4825884.973182561,2062690.582024009,101343584.43683378,21
STABLE_PRE_MERGE_2022,15000297,6058953.046474222,3151084.65936,2266048439.381359,374
STABLE_PRE_MERGE_2022,15000298,5555697.08500298,5149412.743397868,983358384.0455275,177
STABLE_PRE_MERGE_2022,15000299,4853697.093936864,3455157.212581466,1281376032.7993321,264
STABLE_PRE_MERGE_2022,15000300,5937919.241634159,5531383.22888088,2125775088.5050292,358
STABLE_PRE_MERGE_2022,15000301,6334950.740387022,7389829.587356152,240728128.13470683,38
STABLE_PRE_MERGE_2022,15000302,6200916.251841274,4876975.524963099,1692850136.752668,273
STABLE_PRE_MERGE_2022,15000303,8062211.686495741,4698705.911397744,362799525.89230835,45
STABLE_PRE_MERGE_2022,15000304,5472335.527960346,5355000.0,202476414.53453282,37
STABLE_PRE_MERGE_2022,15000305,5806273.851455853,4685201.956401912,2061227217.266828,355
STABLE_PRE_MERGE_2022,15000306,5498937.296132002,4022370.416677671,1182271518.6683805,215
STABLE_PRE_MERGE_2022,15000307,6182041.456364885,6275633.90200542,1687697317.5876136,273
STABLE_PRE_MERGE_2022,15000308,5943031.7818654515,4500000.0,249607334.83834895,42
STABLE_PRE_MERGE_2022,15000309,6292963.505563038,5832890.407208079,289476321.2558998,46
STABLE_PRE_MERGE_2022,15000310,6327294.394866046,2109557.59308,449237902.03548926,71
STABLE_PRE_MERGE_2022,15000311,11100271.02675684,4319972.894022324,3008173448.2511034,271
STABLE_PRE_MERGE_2022,15000312,6457245.144992588,4691121.872662344,749040436.8191402,116
STABLE_PRE_MERGE_2022,15000313,5708174.858739861,3799585.256556936,958973376.2682967,168
STABLE_PRE_MERGE_2022,15000314,5943648.472633114,2745271.7628,635970386.5717432,107
STABLE_PRE_MERGE_2022,15000315,4338366.512862126,3641168.447488992,104120796.30869104,24
STABLE_PRE_MERGE_2022,15000316,4517307.267811504,4105658.948132856,1359709487.6112628,301
STABLE_PRE_MERGE_2022,15000317,7116079.807521179,3734463.229630974,3558039903.7605896,500
STABLE_PRE_MERGE_2022,15000318,9302584.462113416,4717794.707422716,3497771757.7546444,376
STABLE_PRE_MERGE_2022,15000319,5208554.470197714,4840241.59326728,2057379015.728097,395
STABLE_PRE_MERGE_2022,15000320,6475738.02730319,5150580.374965596,2998266706.641377,463
STABLE_PRE_MERGE_2022,15000321,8978082.730875945,5787970.135595349,3097438542.1522007,345
STABLE_PRE_MERGE_2022,15000322,6954404.062911821,6599024.651748507,2371451785.452931,341
STABLE_PRE_MERGE_2022,15000323,9581031.633535115,8365592.84828028,4378531456.525548,457
STABLE_PRE_MERGE_2022,15000324,11196038.057905637,8372164.071416076,4512003337.335972,403
STABLE_PRE_MERGE_2022,15000325,14425983.996577138,9397866.486998782,1269486591.6987882,88
STABLE_PRE_MERGE_2022,15000326,7942016.818852036,4099903.655668248,468578992.31227016,59
STABLE_PRE_MERGE_2022,15000327,10208012.016719528,5743450.663145314,3593220229.885274,352
STABLE_PRE_MERGE_2022,15000328,8078763.558570139,5896701.280149591,1518807549.0111861,188
STABLE_PRE_MERGE_2022,15000329,9329752.826765766,5800290.784929895,1194208361.826018,128
STABLE_PRE_MERGE_2022,15000330,11057759.920881601,5678627.870330308,884620793.670528,80
STABLE_PRE_MERGE_2022,15000331,15429883.766227113,7016707.819313643,894933258.4411726,58
STABLE_PRE_MERGE_2022,15000332,9981519.99616182,4264581.336038277,1597043199.3858912,160
STABLE_PRE_MERGE_2022,15000333,9275777.904071795,5338103.112740517,816268455.558318,88
STABLE_PRE_MERGE_2022,15000334,6356409.244669109,3759865.988226852,336889689.9674628,53
STABLE_PRE_MERGE_2022,15000335,9625899.035639917,6355246.044297304,2367971162.76742,246
STABLE_PRE_MERGE_2022,15000336,8454053.812212406,6574534.953402156,236713506.74194738,28
STABLE_PRE_MERGE_2022,15000337,8430766.072103085,4710593.028610453,3313291066.3365126,393
STABLE_PRE_MERGE_2022,15000338,8074897.249664728,4856240.86903704,2680865886.8886895,332
STABLE_PRE_MERGE_2022,15000339,7017163.452218586,6286549.108678212,631544710.6996727,90
STABLE_PRE_MERGE_2022,15000340,10067203.911629912,10317482.6827,644301050.3443143,64
STABLE_PRE_MERGE_2022,15000341,8762068.548791168,6601451.61633819,2304424028.332077,263
STABLE_PRE_MERGE_2022,15000342,10738264.29365661,8736063.39105507,440268836.039921,41
STABLE_PRE_MERGE_2022,15000343,7578851.039158072,7255238.74951806,295575190.5271648,39
STABLE_PRE_MERGE_2022,15000344,5655558.291260066,4284000.0,2889990286.833894,511
STABLE_PRE_MERGE_2022,15000345,7937832.082890687,5632962.55392,2754427732.763068,347
STABLE_PRE_MERGE_2022,15000346,3335086.1499549607,2134907.465964,3064944171.808609,919
STABLE_PRE_MERGE_2022,15000347,20685409.525632318,4708886.377328808,1179068342.9610422,57
STABLE_PRE_MERGE_2022,15000348,3952939.339542101,2232792.958242,652234991.0244467,165
STABLE_PRE_MERGE_2022,15000349,4077644.717578128,2086420.023324,1818629544.039845,446
STABLE_PRE_MERGE_2022,15000350,10766677.156149877,6826576.74239025,3832937067.5893564,356
STABLE_PRE_MERGE_2022,15000351,4451567.126449331,2375918.690964,2960292139.088805,665
STABLE_PRE_MERGE_2022,15000352,0.0,0.0,0.0,0
STABLE_PRE_MERGE_2022,15000353,4641736.622720087,2339369.39649,2789683710.254772,601
STABLE_PRE_MERGE_2022,15000354,7643790.863076263,2884304.4145159125,1574620917.7937102,206
STABLE_PRE_MERGE_2022,15000355,9314711.911140691,4030000.0,1928145365.606123,207
STABLE_PRE_MERGE_2022,15000356,6508022.295863431,2928464.74175254,97620334.43795146,15
STABLE_PRE_MERGE_2022,15000357,8962067.139129525,5600000.0,3020216625.88665,337
STABLE_PRE_MERGE_2022,15000358,10124959.810395531,5045061.643569,647997427.865314,64
STABLE_PRE_MERGE_2022,15000359,11288004.055378836,9586665.597606624,474096170.3259111,42
STABLE_PRE_MERGE_2022,15000360,9931029.774456792,4740200.91075036,1618757853.236457,163
STABLE_PRE_MERGE_2022,15000361,11030440.280318253,10391770.346872116,1257470191.9562807,114
STABLE_PRE_MERGE_2022,15000362,10451952.586179717,4520528.53384797,689828870.6878613,66
STABLE_PRE_MERGE_2022,15000363,8228488.94040184,4299229.769006984,2995169974.3062696,364
STABLE_PRE_MERGE_2022,15000364,6777012.05942307,4351922.760087,149094265.30730754,22
STABLE_PRE_MERGE_2022,15000365,9748101.312472213,6110900.868669828,2505262037.305359,257
STABLE_PRE_MERGE_2022,15000366,8651854.893704826,4410000.0,1098785571.5005128,127
STABLE_PRE_MERGE_2022,15000367,10952656.18629862,3479649.910092921,821449213.9723965,75
STABLE_PRE_MERGE_2022,15000368,8655653.85291414,4218140.600563927,3167969310.1665754,366
STABLE_PRE_MERGE_2022,15000369,10651815.203078067,5968037.6179528,649760727.3877621,61
STABLE_PRE_MERGE_2022,15000370,185629504.96401986,11295143.91185897,1485036039.712159,8
STABLE_PRE_MERGE_2022,15000371,12504858.641738093,4266086.0501,1638136482.0676901,131
STABLE_PRE_MERGE_2022,15000372,14794022.037211476,4605980.4,6080343057.293917,411
STABLE_PRE_MERGE_2022,15000373,7562322.167461276,4566247.925633351,1361217990.1430297,180
STABLE_PRE_MERGE_2022,15000374,11208513.368715042,4068363.838290469,2107200513.318428,188
STABLE_PRE_MERGE_2022,15000375,24182258.638752736,4223227.671572909,6311569504.714464,261
STABLE_PRE_MERGE_2022,15000376,11611116.869975911,6706056.19885632,2345445607.735134,202
STABLE_PRE_MERGE_2022,15000377,12125166.99028221,7946224.353610344,2982791079.6094236,246
STABLE_PRE_MERGE_2022,15000378,7438605.805318091,6065395.265324336,111579087.07977137,15
STABLE_PRE_MERGE_2022,15000379,18878354.95983543,4871713.53905,3813427701.886757,202
STABLE_PRE_MERGE_2022,15000380,11167318.499205122,4765552.256344626,1474086041.895076,132
STABLE_PRE_MERGE_2022,15000381,16840559.08244838,5976390.2451405795,943071308.6171092,56
STABLE_PRE_MERGE_2022,15000382,8326964.280340827,4305234.581790565,3414055354.939739,410
STABLE_PRE_MERGE_2022,15000383,10218459.871647209,7112193.693609648,459830694.2241244,45
STABLE_PRE_MERGE_2022,15000384,9120926.623443909,4331993.674224434,456046331.17219543,50
STABLE_PRE_MERGE_2022,15000385,4244841.888049672,1938468.045513906,123100414.7534405,29
STABLE_PRE_MERGE_2022,15000386,7999344.999648022,3981716.158681408,2023834284.9109497,253
STABLE_PRE_MERGE_2022,15000387,7859569.295955612,4069238.92432918,3057372456.1267333,389
STABLE_PRE_MERGE_2022,15000388,12651785.564354463,8750000.0,632589278.2177231,50
STABLE_PRE_MERGE_2022,15000389,7678452.964792182,4237489.287323124,3140487262.6000023,409
STABLE_PRE_MERGE_2022,15000390,20473667.22559129,5491900.60695,2477313734.296546,121
STABLE_PRE_MERGE_2022,15000391,8558010.61156219,8047737.127274706,3688502573.5833044,431
STABLE_PRE_MERGE_2022,15000392,8846413.157438073,5088192.858087472,2583152641.971917,292
STABLE_PRE_MERGE_2022,15000393,8318942.879432031,7909408.908571761,2678699607.177114,322
STABLE_PRE_MERGE_2022,15000394,16014042.983472517,8998426.723463468,1153011094.8100212,72
STABLE_PRE_MERGE_2022,15000395,8701807.626111867,7160888.834643789,1957906715.8751702,225
STABLE_PRE_MERGE_2022,15000396,70148431.52733651,5940811.088604888,1964156082.7654223,28
STABLE_PRE_MERGE_2022,15000397,7788674.714044439,7500000.0,1238399279.5330658,159
STABLE_PRE_MERGE_2022,15000398,8278312.465097235,5061131.968901504,2417267239.8083925,292
STABLE_PRE_MERGE_2022,15000399,6824533.345401529,6100000.0,293454933.8522658,43
STABLE_PRE_MERGE_2022,15000400,8676314.987581909,7483974.676497846,1917465612.2556016,221
STABLE_PRE_MERGE_2022,15000401,9496164.3457329,6264285.711162578,1547874788.3544626,163
STABLE_PRE_MERGE_2022,15000402,12808948.257103516,6156514.24044,2805159668.30567,219
STABLE_PRE_MERGE_2022,15000403,4772709.976507082,2376698.045875468,62045229.69459206,13
STABLE_PRE_MERGE_2022,15000404,10941034.931344798,2143703.773159056,2242912160.9256835,205
STABLE_PRE_MERGE_2022,15000405,7806552.364449989,5410328.65347673,3005522660.313246,385
STABLE_PRE_MERGE_2022,15000406,9951603.877292305,7775591.33845368,726467083.0423383,73
STABLE_PRE_MERGE_2022,15000407,10392594.725755775,5742088.698804857,187066705.06360397,18
STABLE_PRE_MERGE_2022,15000408,10752235.162617292,6000000.0,3257927254.2730393,303
STABLE_PRE_MERGE_2022,15000409,6405210.962757407,5076264.794398196,2011236242.3058257,314
STABLE_PRE_MERGE_2022,15000410,6490080.241686862,5250936.254235,1667950622.1135235,257
STABLE_PRE_MERGE_2022,15000411,6660056.230956417,4795099.426892502,2444240636.761005,367
STABLE_PRE_MERGE_2022,15000412,7936877.367015624,8235127.517067136,2841402097.3915935,358
STABLE_PRE_MERGE_2022,15000413,8231595.873465571,5694998.1114,2411857590.925412,293
STABLE_PRE_MERGE_2022,15000414,10101853.48499617,8599878.629720137,2131491085.3341918,211
STABLE_PRE_MERGE_2022,15000415,9354781.496509349,8710474.065039234,776446864.210276,83
STABLE_PRE_MERGE_2022,15000416,8931979.784650097,9358654.229754038,2304450784.439725,258
STABLE_PRE_MERGE_2022,15000417,9982252.06345516,7197479.110919743,1597160330.1528258,160
STABLE_PRE_MERGE_2022,15000418,0.0,0.0,0.0,0
STABLE_PRE_MERGE_2022,15000419,10618164.664307978,9589997.707985459,1645815522.9677367,155
STABLE_PRE_MERGE_2022,15000420,7323218.374860357,5054620.055741776,995957698.9810085,136
STABLE_PRE_MERGE_2022,15000421,10879838.257211046,5337268.66491,859507222.3196726,79
STABLE_PRE_MERGE_2022,15000422,9823685.16540139,4840850.7393,1080605368.1941528,110
STABLE_PRE_MERGE_2022,15000423,8712075.890250912,4313721.34442106,304922656.15878195,35
STABLE_PRE_MERGE_2022,15000424,8947037.044354009,5290443.100247511,2129394816.556254,238
STABLE_PRE_MERGE_2022,15000425,6289546.222222041,5224771.762968258,622665075.9999821,99
STABLE_PRE_MERGE_2022,15000426,0.0,0.0,0.0,0
STABLE_PRE_MERGE_2022,15000427,5549575.516606159,3548687.314299712,2153235300.4431896,388
STABLE_PRE_MERGE_2022,15000428,8530273.963538492,7614024.50515658,1953432737.6503146,229
STABLE_PRE_MERGE_2022,15000429,10285506.972762138,5705081.881362688,781698529.9299225,76
STABLE_PRE_MERGE_2022,15000430,6326875.824559657,3215937.073546436,613706954.9822867,97
STABLE_PRE_MERGE_2022,15000431,8603003.342680665,3859394.01652866,352723137.04990727,41
STABLE_PRE_MERGE_2022,15000432,5329571.328269538,2862831.59931218,1721451539.0310607,323
STABLE_PRE_MERGE_2022,15000433,8327612.924526886,3712889.397242168,957675486.3205919,115
STABLE_PRE_MERGE_2022,15000434,0.0,0.0,0.0,0
STABLE_PRE_MERGE_2022,15000435,15348781.316739786,5692114.33418211,1289297630.606142,84
STABLE_PRE_MERGE_2022,15000436,6773725.744850572,3130318.0,2099854980.9036775,310
STABLE_PRE_MERGE_2022,15000437,5787737.508723624,3617675.92164423,1655292927.4949565,286
STABLE_PRE_MERGE_2022,15000438,4904600.5759520205,3674362.4429545477,68664408.06332828,14
STABLE_PRE_MERGE_2022,15000439,3494209.1086281007,2831132.3580680974,62895763.955305815,18
STABLE_PRE_MERGE_2022,15000440,5156682.8709728625,2260710.127651255,665212090.3554993,129
STABLE_PRE_MERGE_2022,15000441,6563937.023742493,3561473.905076466,347888662.25835216,53
STABLE_PRE_MERGE_2022,15000442,5333228.201202772,3526482.883598808,1231975714.4778402,231
STABLE_PRE_MERGE_2022,15000443,4914806.133423229,3536709.192648561,68807285.8679252,14
STABLE_PRE_MERGE_2022,15000444,6232337.130733661,2479539.031181602,1321255471.715536,212
STABLE_PRE_MERGE_2022,15000445,5248402.680379643,2883690.827934011,94471248.24683358,18
STABLE_PRE_MERGE_2022,15000446,3977366.240925378,2136473.091192363,1606855961.3338528,404
STABLE_PRE_MERGE_2022,15000447,5709689.185706706,4059421.930883616,696582080.656218,122
STABLE_PRE_MERGE_2022,15000448,4541678.542939991,3308452.015749679,1435170419.569037,316
STABLE_PRE_MERGE_2022,15000449,14621327.262210388,3875307.66171,3962379688.0590153,271
STABLE_PRE_MERGE_2022,15000450,2572571.4137705066,1309467.556614,1183382850.334433,460
STABLE_PRE_MERGE_2022,15000451,2999943.3129025316,1356598.63227,1751966894.7350783,584
STABLE_PRE_MERGE_2022,15000452,3018308.2777173775,1483079.145282,1243543010.4195595,412
STABLE_PRE_MERGE_2022,15000453,3248430.750934868,1539279.230076,1513768729.9356484,466
STABLE_PRE_MERGE_2022,15000454,4442366.68593564,2562153.06334,422024835.1638858,95
STABLE_PRE_MERGE_2022,15000455,3217824.3578668386,1498382.780244,1280694094.4310017,398
STABLE_PRE_MERGE_2022,15000456,3871617.727023314,2313965.823008095,278756476.3456786,72
STABLE_PRE_MERGE_2022,15000457,6253411.502361714,3253169.1851757,531539977.7007457,85
STABLE_PRE_MERGE_2022,15000458,3905435.6313530533,1504148.575634533,745938205.5884331,191
STABLE_PRE_MERGE_2022,15000459,3981602.724187332,1486654.518197346,282693793.4173006,71
STABLE_PRE_MERGE_2022,15000460,4773445.726004195,4123028.9894109927,47734457.26004195,10
STABLE_PRE_MERGE_2022,15000461,4142011.7756905323,2018522.51124,1565680451.2110212,378
STABLE_PRE_MERGE_2022,15000462,2861313.8750986424,1189812.181026,932788323.2821574,326
STABLE_PRE_MERGE_2022,15000463,5148015.15787784,2967761.66565,1081083183.1543465,210
STABLE_PRE_MERGE_2022,15000464,5697080.412565307,3883691.4846,1469846746.4418492,258
STABLE_PRE_MERGE_2022,15000465,7572001.01280575,4771325.379163966,348312046.5890645,46
STABLE_PRE_MERGE_2022,15000466,8656798.158560006,7391728.662,605975871.0992004,70
STABLE_PRE_MERGE_2022,15000467,6040440.279518272,2039609.918681189,144970566.70843852,24
STABLE_PRE_MERGE_2022,15000468,6089919.497550517,4500000.0,663801225.2330064,109
STABLE_PRE_MERGE_2022,15000469,0.0,0.0,0.0,0
STABLE_PRE_MERGE_2022,15000470,3563907.257646741,3048251.820316128,670014564.4375873,188
STABLE_PRE_MERGE_2022,15000471,6916672.108717129,1669073.915363464,228250179.58766523,33
STABLE_PRE_MERGE_2022,15000472,3193468.131431454,1820109.1413439391,1143261591.0524604,358
STABLE_PRE_MERGE_2022,15000473,5497044.958720099,4448393.474,423272461.8214477,77
STABLE_PRE_MERGE_2022,15000474,3565580.4812002974,2791618.479330066,787993286.3452657,221
STABLE_PRE_MERGE_2022,15000475,4674158.465958311,5105215.6865,775910305.3490796,166
STABLE_PRE_MERGE_2022,15000476,4016802.198838987,1353551.568569649,401680219.8838987,100
STABLE_PRE_MERGE_2022,15000477,1719772.7996164719,761144.3268194185,161658643.16394836,94
STABLE_PRE_MERGE_2022,15000478,2886006.401787977,1530000.0,1050506330.2508236,364
STABLE_PRE_MERGE_2022,15000479,2583959.6531341677,2571297.458703281,36175435.14387835,14
STABLE_PRE_MERGE_2022,15000480,4144218.251656407,2261179.447532127,145047638.80797425,35
STABLE_PRE_MERGE_2022,15000481,2795171.848261643,2042648.679120324,695997790.2171491,249
STABLE_PRE_MERGE_2022,15000482,2099249.114080251,1188167.32136222,88168462.79137056,42
STABLE_PRE_MERGE_2022,15000483,2622415.0366386618,1620000.0,836550396.6877332,319
STABLE_PRE_MERGE_2022,15000484,3070497.6448347126,372579.386235,1222058062.6442156,398
STABLE_PRE_MERGE_2022,15000485,1720369.238343972,412347.246171,736318034.01122,428
STABLE_PRE_MERGE_2022,15000486,2762396.8781819763,1445627.6772048338,303863656.60001737,110
STABLE_PRE_MERGE_2022,15000487,3628692.7905882024,2234691.298149336,366497971.84940845,101
STABLE_PRE_MERGE_2022,15000488,3193436.257164581,2315701.7454199665,255474900.5731665,80
STABLE_PRE_MERGE_2022,15000489,3327827.782542818,1759866.151144194,1161411896.1074436,349
STABLE_PRE_MERGE_2022,15000490,3417832.2439720267,1565262.99821242,628881132.8908529,184
STABLE_PRE_MERGE_2022,15000491,3655527.419271956,3026182.693041552,380174851.60428345,104
STABLE_PRE_MERGE_2022,15000492,0.0,0.0,0.0,0
STABLE_PRE_MERGE_2022,15000493,0.0,0.0,0.0,0
STABLE_PRE_MERGE_2022,15000494,2779661.0412098886,1108163.569935312,525355936.788669,189
STABLE_PRE_MERGE_2022,15000495,2630152.441814835,1558730.311381212,486578201.73574454,185
STABLE_PRE_MERGE_2022,15000496,5059733.1965462975,2598652.997593773,45537598.76891668,9
STABLE_PRE_MERGE_2022,15000497,3696558.4070583344,1875508.388436264,277241880.5293751,75
STABLE_PRE_MERGE_2022,15000498,1937170.2179741384,1307771.564772122,798114129.805345,412
STABLE_PRE_MERGE_2022,15000499,2565070.6674333448,1560070.581707598,920860369.6085708,359
STABLE_PRE_MERGE_2022,15000500,4450595.907708092,2247400.648326034,565225680.2789277,127
STABLE_PRE_MERGE_2022,15000501,0.0,0.0,0.0,0
STABLE_PRE_MERGE_2022,15000502,2344093.2152814604,1100531.711643,553205998.8064246,236
STABLE_PRE_MERGE_2022,15000503,1950014.6004105457,755000.0,343202569.67225605,176
STABLE_PRE_MERGE_2022,15000504,5766111.875711072,1720605.982783227,253708922.5312872,44
STABLE_PRE_MERGE_2022,15000505,4394056.134822838,3295320.399167592,74698954.29198824,17
STABLE_PRE_MERGE_2022,15000506,2294182.4511465225,1791462.2011542618,835082412.2173343,364
STABLE_PRE_MERGE_2022,15000507,2558302.4383734763,1397445.0596395591,752140916.8818021,294
STABLE_PRE_MERGE_2022,15000508,3412310.8715873654,1301051.817744602,1033930194.0909717,303
STABLE_PRE_MERGE_2022,15000509,3097901.5776555743,2263138.135974585,207559405.70292348,67
STABLE_PRE_MERGE_2022,15000510,3730613.450951309,2386793.677797336,619281832.8579173,166
STABLE_PRE_MERGE_2022,15000511,4681000.791847317,1917043.873753778,763003129.0711126,163
STABLE_PRE_MERGE_2022,15000512,4060509.059626148,2255317.6273877323,998885228.6680324,246
STABLE_PRE_MERGE_2022,15000513,3295189.8471075036,2059055.834999067,375651642.5702554,114
STABLE_PRE_MERGE_2022,15000514,4031444.2889337386,2811148.096777695,149163438.69054833,37
STABLE_PRE_MERGE_2022,15000515,2871607.803505673,1691057.54552,1065366495.1006047,371
STABLE_PRE_MERGE_2022,15000516,2588822.4854466687,1977828.573,983752544.4697341,380
STABLE_PRE_MERGE_2022,15000517,3883259.3182941647,2150114.602,970814829.5735412,250
STABLE_PRE_MERGE_2022,15000518,4617291.491151578,5711786.179,507902064.02667356,110
STABLE_PRE_MERGE_2022,15000519,0.0,0.0,0.0,0
STABLE_PRE_MERGE_2022,15000520,3389162.4907748364,1341783.23787364,843901460.2029343,249
STABLE_PRE_MERGE_2022,15000521,4825525.639209068,4062217.982132587,1688933973.7231739,350
STABLE_PRE_MERGE_2022,15000522,3413695.1183688007,2266656.3411,996798974.5636898,292
STABLE_PRE_MERGE_2022,15000523,10122575.482012957,4480799.995215178,1052747850.1293476,104
STABLE_PRE_MERGE_2022,15000524,4044586.73266296,3515190.099052014,157738882.57385543,39
STABLE_PRE_MERGE_2022,15000525,6390443.749987766,4050067.20048407,664606149.9987277,104
STABLE_PRE_MERGE_2022,15000526,4142545.9820108744,2127436.756598736,1139200145.0529904,275
STABLE_PRE_MERGE_2022,15000527,6175088.9928203365,2407658.2408947507,1642573672.0902095,266
STABLE_PRE_MERGE_2022,15000528,1832284.7097042843,556951.19025,1385207240.536439,756
STABLE_PRE_MERGE_2022,15000529,4138370.138189287,2293040.217754239,1373938885.8788433,332
STABLE_PRE_MERGE_2022,15000530,6540177.640402709,3318768.89404452,1190312330.553293,182
STABLE_PRE_MERGE_2022,15000531,12619398.172536828,4838336.0,63096990.86268414,5
STABLE_PRE_MERGE_2022,15000532,6659083.792730634,3462775.3817651,1571543775.0844297,236
STABLE_PRE_MERGE_2022,15000533,3030067.169552083,1391692.25173797,209074634.69909373,69
STABLE_PRE_MERGE_2022,15000534,6311009.047051787,2543163.1109579997,403904579.0113144,64
STABLE_PRE_MERGE_2022,15000535,4668872.9057279555,3249554.0,1811522687.4224467,388
STABLE_PRE_MERGE_2022,15000536,4071697.185013587,2260713.9624641947,1302943099.2043478,320
STABLE_PRE_MERGE_2022,15000537,0.0,0.0,0.0,0
STABLE_PRE_MERGE_2022,15000538,3987043.2573488946,1278441.00813975,1495141221.5058355,375
STABLE_PRE_MERGE_2022,15000539,10798927.964357428,3811795.4854963627,2159785592.8714857,200
STABLE_PRE_MERGE_2022,15000540,5158735.617324646,3339115.777069408,407540113.768647,79
STABLE_PRE_MERGE_2022,15000541,4372308.526053563,3173524.75827513,760781683.53332,174
STABLE_PRE_MERGE_2022,15000542,4685028.933411023,3521021.3237642106,646533992.8107212,138
STABLE_PRE_MERGE_2022,15000543,1981693.8271438642,615019.857249,65395896.29574752,33
STABLE_PRE_MERGE_2022,15000544,2912073.9567107903,1222425.0,952248183.8444284,327
STABLE_PRE_MERGE_2022,15000545,5985732.512846912,2524374.7124,1203132235.0822294,201
STABLE_PRE_MERGE_2022,15000546,3321609.9798679724,2318815.273558144,245799138.51022997,74
STABLE_PRE_MERGE_2022,15000547,4088050.261538992,2243278.8,1099685520.353989,269
STABLE_PRE_MERGE_2022,15000548,5706833.904253638,2462635.4716,330996366.446711,58
STABLE_PRE_MERGE_2022,15000549,6390267.474108861,2017228.197251916,1028833063.3315266,161
STABLE_PRE_MERGE_2022,15000550,3848970.6542176954,2564407.2273,1197029873.4617033,311
STABLE_PRE_MERGE_2022,15000551,5099725.608446669,2028831.0754804485,40797804.86757335,8
STABLE_PRE_MERGE_2022,15000552,4935975.257856976,4802019.072515478,1461048676.325665,296
STABLE_PRE_MERGE_2022,15000553,4557899.093611223,3143025.497383029,1800370141.976433,395
STABLE_PRE_MERGE_2022,15000554,4370421.19481693,3072300.463546992,244743586.90974808,56
STABLE_PRE_MERGE_2022,15000555,5658650.74552884,3801325.090727395,1346758877.435864,238
STABLE_PRE_MERGE_2022,15000556,4693162.792789048,3587782.327908339,1755242884.5031037,374
STABLE_PRE_MERGE_2022,15000557,5600764.593606038,2942304.7964401064,1299377385.716601,232
STABLE_PRE_MERGE_2022,15000558,5510507.867639663,4990742.714252496,325119964.1907401,59
STABLE_PRE_MERGE_2022,15000559,4868950.032193969,3175975.7432153597,107116900.70826732,22
STABLE_PRE_MERGE_2022,15000560,3956030.1858966644,4069856.022331328,15824120.743586658,4
STABLE_PRE_MERGE_2022,15000561,3662643.9825593857,2165424.632243492,1109781126.715494,303
STABLE_PRE_MERGE_2022,15000562,5303663.028316713,3393718.3329175003,965266671.1536417,182
STABLE_PRE_MERGE_2022,15000563,3178443.9071718836,2539170.360146299,63568878.143437676,20
STABLE_PRE_MERGE_2022,15000564,4081745.827458616,2808627.112809,420419820.22823745,103
STABLE_PRE_MERGE_2022,15000565,3361728.229680007,2326303.929592602,50425923.4452001,15
STABLE_PRE_MERGE_2022,15000566,3456882.04707806,1861517.050337613,594583712.0974263,172
STABLE_PRE_MERGE_2022,15000567,15723955.8837308,1485381.5586815998,377374941.20953923,24
STABLE_PRE_MERGE_2022,15000568,5767537.858122354,2704751.434241232,115350757.16244708,20
STABLE_PRE_MERGE_2022,15000569,4057799.817606816,2189360.597317212,1172704147.28837,289
STABLE_PRE_MERGE_2022,15000570,3509314.7195698526,2394784.070916489,382515304.43311393,109
STABLE_PRE_MERGE_2022,15000571,3984650.1961308005,1621406.5677,561835677.6544429,141
STABLE_PRE_MERGE_2022,15000572,25352356.017080817,3672977.411700776,1876074345.2639804,74
STABLE_PRE_MERGE_2022,15000573,4785712.7225965485,2097379.985761635,650856930.2731307,136
STABLE_PRE_MERGE_2022,15000574,4796424.623257137,2153083.766550284,470049613.0791994,98
STABLE_PRE_MERGE_2022,15000575,3937480.9977929513,1500000.0,452810314.7461894,115
STABLE_PRE_MERGE_2022,15000576,3031526.131845446,1383741.37431,421382132.326517,139
STABLE_PRE_MERGE_2022,15000577,2894980.4497883464,1403891.2394,628210757.6040711,217
STABLE_PRE_MERGE_2022,15000578,2416599.637925679,1458240.6689181,628315905.8606765,260
STABLE_PRE_MERGE_2022,15000579,2464603.3756001843,1242432.8856399516,113371755.27760847,46
STABLE_PRE_MERGE_2022,15000580,2135677.4609492184,1128621.84831534,832914209.7701951,390
STABLE_PRE_MERGE_2022,15000581,10072739.85737316,1573421.022941156,3112476615.928306,309
STABLE_PRE_MERGE_2022,15000582,6144336.6557919765,3030176.8239422953,970805191.6151323,158
STABLE_PRE_MERGE_2022,15000583,4047333.858695736,1925253.6524,1461087522.9891608,361
STABLE_PRE_MERGE_2022,15000584,4303091.696288903,1863148.53258,1123106932.7314038,261
STABLE_PRE_MERGE_2022,15000585,5168577.867599908,3467007.5539261503,1912373811.0119662,370
STABLE_PRE_MERGE_2022,15000586,5534220.197315464,2639921.374233374,1754347802.549002,317
STABLE_PRE_MERGE_2022,15000587,5064248.94534057,4330540.09545,1899093354.5027137,375
STABLE_PRE_MERGE_2022,15000588,7916863.961619872,5565299.638750393,1250864505.9359398,158
STABLE_PRE_MERGE_2022,15000589,5849193.372565805,1555132.87058742,1146441901.0228977,196
STABLE_PRE_MERGE_2022,15000590,9095356.87780958,5670000.0,518435342.03514606,57
STABLE_PRE_MERGE_2022,15000591,6135104.844701592,3150743.1458917903,429457339.1291114,70
STABLE_PRE_MERGE_2022,15000592,4161779.9648636496,2533047.1266565295,299648157.4701828,72
STABLE_PRE_MERGE_2022,15000593,6415205.4185918085,3988439.127051112,1032848072.3932811,161
STABLE_PRE_MERGE_2022,15000594,3626404.4559308486,1891317.43424,373519658.9608774,103
STABLE_PRE_MERGE_2022,15000595,4010454.0381893516,2450525.5451,280731782.6732546,70
STABLE_PRE_MERGE_2022,15000596,3981330.9681109646,2203968.0304490817,1003295403.963963,252
STABLE_PRE_MERGE_2022,15000597,4630019.917057746,2236315.504961262,351881513.6963887,76
STABLE_PRE_MERGE_2022,15000598,3797640.6776955207,1469091.240359115,987386576.2008353,260
STABLE_PRE_MERGE_2022,15000599,6862773.71707343,1378467.0483832532,41176642.30244058,6
STABLE_PRE_MERGE_2022,15000600,4092172.946825906,1776435.573410763,728406784.5350113,178
STABLE_PRE_MERGE_2022,15000601,3933722.6533663603,1505865.711457536,566456062.0847559,144
STABLE_PRE_MERGE_2022,15000602,4548360.918661211,1725320.1454883101,973349236.5934991,214
STABLE_PRE_MERGE_2022,15000603,4831659.770266442,1645372.00548,309226225.29705226,64
STABLE_PRE_MERGE_2022,15000604,3829017.090202049,1683475.97832738,888331964.9268754,232
STABLE_PRE_MERGE_2022,15000605,8345579.941612489,1064828.714470686,968087273.2270486,116
STABLE_PRE_MERGE_2022,15000606,5571743.743617416,3802545.3498491077,557174374.3617417,100
STABLE_PRE_MERGE_2022,15000607,5317922.577126566,2597490.3701647213,776416696.2604786,146
STABLE_PRE_MERGE_2022,15000608,6196254.953402589,2253393.2620359436,706373064.6878952,114
STABLE_PRE_MERGE_2022,15000609,5079963.643304104,2500444.632470373,218438436.66207647,43
STABLE_PRE_MERGE_2022,15000610,3868165.040064005,1470891.6,955436764.8958093,247
STABLE_PRE_MERGE_2022,15000611,4061883.878992751,2283837.5,1112956182.8440137,274
STABLE_PRE_MERGE_2022,15000612,5177970.859097335,2122107.90471,1216823151.8878736,235
STABLE_PRE_MERGE_2022,15000613,4480543.695069631,2372520.147797644,685523185.3456535,153
STABLE_PRE_MERGE_2022,15000614,7340515.604568305,3318824.1917233,1005650637.8258579,137
STABLE_PRE_MERGE_2022,15000615,4724680.564249218,1987413.084779764,406322528.52543277,86
STABLE_PRE_MERGE_2022,15000616,3621614.8448812105,1363298.331823101,648269057.2337366,179
STABLE_PRE_MERGE_2022,15000617,4347650.168068806,2078241.50747205,343464363.27743566,79
STABLE_PRE_MERGE_2022,15000618,3638721.5198877985,1604819.39886504,716828139.4178963,197
STABLE_PRE_MERGE_2022,15000619,5317233.716778435,3949041.892820292,186103180.08724523,35
STABLE_PRE_MERGE_2022,15000620,4378443.459321503,1910117.267736193,389681467.8796137,89
STABLE_PRE_MERGE_2022,15000621,4059023.3493548892,1956651.0342,633207642.4993627,156
STABLE_PRE_MERGE_2022,15000622,3252495.256693163,1402443.5720594246,748073909.0394275,230
STABLE_PRE_MERGE_2022,15000623,6595145.098627267,1986291.922232204,1101389231.4707537,167
STABLE_PRE_MERGE_2022,15000624,3928981.0902945767,2986359.688157928,510767541.73829496,130
STABLE_PRE_MERGE_2022,15000625,4334021.131051408,1839230.7767767454,1144181578.5975718,264
STABLE_PRE_MERGE_2022,15000626,7737025.545454944,6066873.35971224,170214562.00000876,22
STABLE_PRE_MERGE_2022,15000627,3926387.876114798,3159928.720876047,408344339.11593896,104
STABLE_PRE_MERGE_2022,15000628,6057809.224435134,2427507.55699558,551260639.4235972,91
STABLE_PRE_MERGE_2022,15000629,4524634.371656285,1848785.55358075,1361914945.8685417,301
STABLE_PRE_MERGE_2022,15000630,0.0,0.0,0.0,0
STABLE_PRE_MERGE_2022,15000631,4402856.672043422,2441555.519909502,955419897.8334225,217
STABLE_PRE_MERGE_2022,15000632,3480364.647087323,2561938.313255106,1277293825.4810476,367
STABLE_PRE_MERGE_2022,15000633,5042786.879984209,3168748.443947736,605134425.5981051,120
STABLE_PRE_MERGE_2022,15000634,3570741.943830241,2322473.043330528,324937516.88855195,91
STABLE_PRE_MERGE_2022,15000635,5226018.85187443,2845712.234382724,1337860826.079854,256
STABLE_PRE_MERGE_2022,15000636,11267866.021228453,5168861.342880945,270428784.50948286,24
STABLE_PRE_MERGE_2022,15000637,4791508.2592002405,2952716.471115046,220409379.92321107,46
STABLE_PRE_MERGE_2022,15000638,7083017.060851355,1748631.451571489,1211195917.4055817,171
STABLE_PRE_MERGE_2022,15000639,3107586.0387859195,1251535.40281,332511706.1500934,107
STABLE_PRE_MERGE_2022,15000640,4539106.868956602,1384907.76071069,708100671.55723,156
STABLE_PRE_MERGE_2022,15000641,3637212.9618842835,2214697.7690427224,290977036.95074266,80
STABLE_PRE_MERGE_2022,15000642,1414451.970334216,370258.667625,930709396.4799142,658
STABLE_PRE_MERGE_2022,15000643,2304280.35747258,937494.282944618,89866933.94143061,39
STABLE_PRE_MERGE_2022,15000644,3817028.9798356225,1753492.238793456,980976447.817755,257
STABLE_PRE_MERGE_2022,15000645,3125099.8714022115,1710000.0,996906858.9773054,319
STABLE_PRE_MERGE_2022,15000646,3805950.467073169,2569968.302159125,201715374.75487795,53
STABLE_PRE_MERGE_2022,15000647,2837324.0858883783,1426988.326105296,156052824.7238608,55
STABLE_PRE_MERGE_2022,15000648,2941453.750446795,1530000.0,929499385.1411872,316
STABLE_PRE_MERGE_2022,15000649,3634515.290212099,1816202.674253596,265319616.18548322,73
STABLE_PRE_MERGE_2022,15000650,2524864.6598715787,1420876.045427687,108569180.3744779,43
STABLE_PRE_MERGE_2022,15000651,3555319.7157909037,2453342.60903952,362642611.01067215,102
STABLE_PRE_MERGE_2022,15000652,4267983.1419584425,1568803.1894232016,503622010.7510962,118
STABLE_PRE_MERGE_2022,15000653,3679938.664697828,2435689.437252218,1317418041.9618223,358
STABLE_PRE_MERGE_2022,15000654,3183530.4834783482,1459438.3658007989,592136669.9269727,186
STABLE_PRE_MERGE_2022,15000655,5918379.438979994,2572016.99777064,2089187941.9599378,353
STABLE_PRE_MERGE_2022,15000656,4582438.626819053,3053809.119535386,348265335.638248,76
STABLE_PRE_MERGE_2022,15000657,11889520.672097024,4671933.21765553,1830986183.5029416,154
STABLE_PRE_MERGE_2022,15000658,8555678.6399944,2989628.13716955,2900375058.9581013,339
STABLE_PRE_MERGE_2022,15000659,5275011.334099444,1810818.463001121,1229077640.8451703,233
STABLE_PRE_MERGE_2022,15000660,3674717.2476193956,1999016.89137156,73494344.95238791,20
STABLE_PRE_MERGE_2022,15000661,5439142.338777921,2153236.851438946,522157664.5226804,96
STABLE_PRE_MERGE_2022,15000662,7932948.2566299755,2655987.053425816,468043947.14116853,59
STABLE_PRE_MERGE_2022,15000663,4893220.586459911,2236654.9592244504,1037362764.3295012,212
STABLE_PRE_MERGE_2022,15000664,4290538.602935975,3089207.0575386398,394729551.4701097,92
STABLE_PRE_MERGE_2022,15000665,0.0,0.0,0.0,0
STABLE_PRE_MERGE_2022,15000666,5259112.140552217,1549808.3049067,520652101.9146695,99
STABLE_PRE_MERGE_2022,15000667,33874478.92637047,2381781.9414,508117183.89555705,15
STABLE_PRE_MERGE_2022,15000668,3565559.672288305,1496629.8397194538,99835670.82407254,28
STABLE_PRE_MERGE_2022,15000669,2914425.043077716,1306226.01097802,1022963190.1202784,351
STABLE_PRE_MERGE_2022,15000670,4071087.010401974,1525570.14618204,545525659.3938645,134
STABLE_PRE_MERGE_2022,15000671,3351390.305732548,1710000.0,888118431.0191251,265
STABLE_PRE_MERGE_2022,15000672,6212211.256322673,1796698.2381831077,285761717.79084295,46
STABLE_PRE_MERGE_2022,15000673,4535070.529750931,4278162.127,36280564.23800745,8
STABLE_PRE_MERGE_2022,15000674,3653761.6140947943,1871295.445149966,1019399490.3324476,279
STABLE_PRE_MERGE_2022,15000675,3788968.3245131206,3816865.422,829784063.0683734,219
STABLE_PRE_MERGE_2022,15000676,5051496.710766448,2043829.971859371,151544901.32299343,30
STABLE_PRE_MERGE_2022,15000677,4756393.04208705,2236179.036181464,1522045773.467856,320
STABLE_PRE_MERGE_2022,15000678,4773168.8133693235,2109869.296016982,1408084799.9439504,295
STABLE_PRE_MERGE_2022,15000679,0.0,0.0,0.0,0
STABLE_PRE_MERGE_2022,15000680,3684566.352211782,2160612.48528,1057470543.0847814,287
STABLE_PRE_MERGE_2022,15000681,5495224.837754298,3272286.76540711,549522483.7754298,100
STABLE_PRE_MERGE_2022,15000682,3851184.710506872,3722278.080775621,346606623.94561845,90
STABLE_PRE_MERGE_2022,15000683,0.0,0.0,0.0,0
STABLE_PRE_MERGE_2022,15000684,3439027.2346507492,1893428.936494737,708439610.3380543,206
STABLE_PRE_MERGE_2022,15000685,2909675.7870715647,858585.0,1216244478.995914,418
STABLE_PRE_MERGE_2022,15000686,1762201.187132304,375319.847994,859954179.3205644,488
STABLE_PRE_MERGE_2022,15000687,1011139.1927928722,396635.985669,125381259.90631615,124
STABLE_PRE_MERGE_2022,15000688,8663889.300289588,3161978.23471145,320563904.11071473,37
STABLE_PRE_MERGE_2022,15000689,0.0,0.0,0.0,0
STABLE_PRE_MERGE_2022,15000690,3497732.471580946,921645.16308,1612454669.398816,461
STABLE_PRE_MERGE_2022,15000691,6618851.585499552,2365505.2712165834,2118032507.3598566,320
STABLE_PRE_MERGE_2022,15000692,5208897.274668354,2722173.223337484,1744980587.0138984,335
STABLE_PRE_MERGE_2022,15000693,7547084.662859729,1428605.772298609,1599981948.5262625,212
STABLE_PRE_MERGE_2022,15000694,2850848.951012832,2279321.138957278,57016979.02025664,20
STABLE_PRE_MERGE_2022,15000695,3031266.224866168,1459483.0553493574,812379348.2641331,268
STABLE_PRE_MERGE_2022,15000696,4272750.3270477215,1825721.3879704368,1358734604.0011754,318
STABLE_PRE_MERGE_2022,15000697,5253213.440209001,2020505.550196728,845767363.8736492,161
STABLE_PRE_MERGE_2022,15000698,5465365.790724442,3610800.0,420833165.88578206,77
STABLE_PRE_MERGE_2022,15000699,6138083.880214818,3728544.4477680894,748846233.3862078,122
STABLE_PRE_MERGE_2022,15000700,3938532.1422676267,2326030.38073737,964940374.8555685,245
STABLE_PRE_MERGE_2022,15000701,5706564.722716588,3505754.608362171,1398108357.065564,245
STABLE_PRE_MERGE_2022,15000702,4657737.413912768,3681467.748007686,610163601.2225726,131
STABLE_PRE_MERGE_2022,15000703,9577650.488911046,5782664.968681595,574659029.3346628,60
STABLE_PRE_MERGE_2022,15000704,0.0,0.0,0.0,0
STABLE_PRE_MERGE_2022,15000705,3821152.1292691887,4417990.34700736,106992259.61953728,28
STABLE_PRE_MERGE_2022,15000706,4129016.2034796383,2212170.0,1218059780.0264933,295
STABLE_PRE_MERGE_2022,15000707,6427659.247953329,2996854.4687892003,231395732.92631984,36
STABLE_PRE_MERGE_2022,15000708,3838085.0511814514,2713351.21183596,429865525.7323226,112
STABLE_PRE_MERGE_2022,15000709,3674962.6866249135,2502000.0,341771529.85611695,93
STABLE_PRE_MERGE_2022,15000710,2857930.6544765965,1699960.3391445898,245782036.2849873,86
STABLE_PRE_MERGE_2022,15000711,10218333.099265002,3651428.7878,4393883232.68395,430
STABLE_PRE_MERGE_2022,15000712,6904986.110592116,2911275.78765,1898871180.4128318,275
STABLE_PRE_MERGE_2022,15000713,3643632.7270084647,1541891.283294,1216973330.8208272,334
STABLE_PRE_MERGE_2022,15000714,4425531.322855349,3847182.31215661,1588765744.90507,359
STABLE_PRE_MERGE_2022,15000715,5896434.458759123,3946729.1544000003,1025979595.8240875,174
STABLE_PRE_MERGE_2022,15000716,5455862.527623717,4058490.27951117,1669493933.4528573,306
STABLE_PRE_MERGE_2022,15000717,7651276.4466039175,4673240.292910428,1782747412.0587127,233
STABLE_PRE_MERGE_2022,15000718,8736750.507945037,7757422.7326144,375680271.84163654,43
STABLE_PRE_MERGE_2022,15000719,6414268.635399127,6189280.312320208,224499402.23896945,35
STABLE_PRE_MERGE_2022,15000720,6780736.101460289,3414926.43809166,2237642913.4818954,330
STABLE_PRE_MERGE_2022,15000721,5692101.998706662,3502694.072170775,409831343.90687966,72
STABLE_PRE_MERGE_2022,15000722,9319574.889546704,5186712.82844617,615091942.7100824,66
STABLE_PRE_MERGE_2022,15000723,4271018.896667799,1870455.769485,811493590.3668818,190
STABLE_PRE_MERGE_2022,15000724,10724036.935356151,3646716.0058856,3667620631.8918037,342
STABLE_PRE_MERGE_2022,15000725,8187874.538947813,3790055.26267608,1760393025.8737798,215
STABLE_PRE_MERGE_2022,15000726,4984341.249766509,3206237.2735834,1570067493.6764503,315
STABLE_PRE_MERGE_2022,15000727,7537495.097914858,6946537.783708965,407024735.28740233,54
STABLE_PRE_MERGE_2022,15000728,8097553.588188478,4829922.49023615,421072786.5858008,52
STABLE_PRE_MERGE_2022,15000729,5522419.4369337205,3025925.0,215374358.0404151,39
STABLE_PRE_MERGE_2022,15000730,6829145.183719042,2790659.1476778,662427082.820747,97
STABLE_PRE_MERGE_2022,15000731,6250902.796174351,3852000.0,843871877.4835374,135
STABLE_PRE_MERGE_2022,15000732,4692533.7416121,2626922.6864,319092294.4296228,68
STABLE_PRE_MERGE_2022,15000733,6106867.884851733,2370741.3710838,201526640.2001072,33
STABLE_PRE_MERGE_2022,15000734,4334903.900107448,2033492.660098445,767277990.3190184,177
STABLE_PRE_MERGE_2022,15000735,5633047.019436169,3245131.855434392,1988465597.8609679,353
STABLE_PRE_MERGE_2022,15000736,11369482.193619411,4063330.86255,3331258282.7304873,293
STABLE_PRE_MERGE_2022,15000737,0.0,0.0,0.0,0
STABLE_PRE_MERGE_2022,15000738,16521596.524225216,5526617.499376992,2577369057.779134,156
STABLE_PRE_MERGE_2022,15000739,0.0,0.0,0.0,0
STABLE_PRE_MERGE_2022,15000740,2858676.9367167274,1105000.0,328747847.7224237,115
STABLE_PRE_MERGE_2022,15000741,5339336.734691539,2263755.560842512,1158636071.4280639,217
STABLE_PRE_MERGE_2022,15000742,11746990.55424915,5696194.863420704,2196687233.6445913,187
STABLE_PRE_MERGE_2022,15000743,11693596.545908602,6133944.373110367,1543554744.0599356,132
STABLE_PRE_MERGE_2022,15000744,7042048.225478437,3567552.194844414,1943605310.2320485,276
STABLE_PRE_MERGE_2022,15000745,6236406.214825065,2886118.615505923,804496401.7124333,129
STABLE_PRE_MERGE_2022,15000746,7538230.408737251,2609294.0981767448,1115658100.493113,148
STABLE_PRE_MERGE_2022,15000747,10574561.717349758,4091553.4406006597,1078605295.1696754,102
STABLE_PRE_MERGE_2022,15000748,6178185.008619995,3046305.30525,179167365.24997985,29
STABLE_PRE_MERGE_2022,15000749,3952127.737898583,3182260.18596024,225271281.06021923,57
STABLE_PRE_MERGE_2022,15000750,4822696.721643271,2654628.0775880283,1157447213.194385,240
STABLE_PRE_MERGE_2022,15000751,2007213.7834922199,1589655.20958638,18064924.05142998,9
STABLE_PRE_MERGE_2022,15000752,4911380.104087461,2973602.54828326,1247490546.438215,254
STABLE_PRE_MERGE_2022,15000753,5404644.806189238,2925439.411175,1032287157.9821445,191
STABLE_PRE_MERGE_2022,15000754,4477113.86481337,2979888.23714925,488005411.26465726,109
STABLE_PRE_MERGE_2022,15000755,3424713.420566653,2866878.6252288,400691470.2062984,117
STABLE_PRE_MERGE_2022,15000756,5630935.953837719,3185429.766900525,546200787.5222588,97
STABLE_PRE_MERGE_2022,15000757,3501085.589958258,2671115.18329764,927787681.3389384,265
STABLE_PRE_MERGE_2022,15000758,5382557.356710357,2340000.0,1749331140.9308658,325
STABLE_PRE_MERGE_2022,15000759,5461806.144705878,3553623.42296895,1627618231.1223514,298
STABLE_PRE_MERGE_2022,15000760,5831234.757143918,3580043.189012556,1195403125.2145033,205
STABLE_PRE_MERGE_2022,15000761,5668487.387496335,5696182.923985008,1411453359.4865875,249
STABLE_PRE_MERGE_2022,15000762,6524552.782010913,1997620.08459367,3229653627.095402,495
STABLE_PRE_MERGE_2022,15000763,4254975.0002652155,2516741.237775024,1182883050.07373,278
STABLE_PRE_MERGE_2022,15000764,10835058.605392301,6607555.664777653,780124219.5882457,72
STABLE_PRE_MERGE_2022,15000765,7595950.70933923,3055231.5782894697,2218017607.127055,292
STABLE_PRE_MERGE_2022,15000766,15705161.657079631,3865299.340289128,376923879.76991117,24
STABLE_PRE_MERGE_2022,15000767,11630103.607101243,3956400.0,662915905.6047709,57
STABLE_PRE_MERGE_2022,15000768,6487131.12474596,3218418.0750350174,674661636.9735799,104
STABLE_PRE_MERGE_2022,15000769,3062493.5608677147,2348343.2774208197,42874909.852148004,14
STABLE_PRE_MERGE_2022,15000770,5297306.516198522,1849622.39976987,323135697.4881099,61
STABLE_PRE_MERGE_2022,15000771,5174896.488512797,2018462.608241928,931481367.9323034,180
STABLE_PRE_MERGE_2022,15000772,6911774.5033115465,2530709.59300341,711912773.8410892,103
STABLE_PRE_MERGE_2022,15000773,8325815.701283871,3303710.659113328,541178020.5834516,65
STABLE_PRE_MERGE_2022,15000774,5261429.011549368,2090236.1109,594541478.3050785,113
STABLE_PRE_MERGE_2022,15000775,4911637.566502061,2130934.5429933434,1051090439.231441,214
STABLE_PRE_MERGE_2022,15000776,6136825.718888123,3841244.1277193925,932797509.2709947,152
STABLE_PRE_MERGE_2022,15000777,6556941.456790261,2490143.583806283,760605208.9876703,116
STABLE_PRE_MERGE_2022,15000778,5934360.234577014,2870096.853752672,1252150009.49575,211
STABLE_PRE_MERGE_2022,15000779,3849211.109749623,2308419.6355709,1185557021.8028839,308
STABLE_PRE_MERGE_2022,15000780,3852890.682913863,2430433.37029164,342907270.77933383,89
STABLE_PRE_MERGE_2022,15000781,2255739.8001042563,1991108.79774,40603316.40187661,18
STABLE_PRE_MERGE_2022,15000782,11277992.395548018,2690182.7773015,4872092714.876743,432
STABLE_PRE_MERGE_2022,15000783,6454473.322076639,4320280.05040944,393722872.646675,61
STABLE_PRE_MERGE_2022,15000784,2902645.2724625696,1764067.377060765,1172668690.0748782,404
STABLE_PRE_MERGE_2022,15000785,5841599.199604442,4833524.497233704,297921559.17982656,51
STABLE_PRE_MERGE_2022,15000786,8808354.194022447,2565651.2454144,1523845275.5658834,173
STABLE_PRE_MERGE_2022,15000787,4348137.918526881,1306797.73813301,834842480.3571613,192
STABLE_PRE_MERGE_2022,15000788,6238172.390672778,1556508.3964283816,1060489306.4143722,170
STABLE_PRE_MERGE_2022,15000789,6580179.821455524,2289984.8184017222,921225175.0037735,140
STABLE_PRE_MERGE_2022,15000790,6072787.680905633,1841467.791174396,2374459983.2341022,391
STABLE_PRE_MERGE_2022,15000791,11630499.82917069,2919707.905524896,3198387453.02194,275
STABLE_PRE_MERGE_2022,15000792,9992766.104532788,2964940.601591376,2108473648.0564182,211
STABLE_PRE_MERGE_2022,15000793,0.0,0.0,0.0,0
STABLE_PRE_MERGE_2022,15000794,4881301.108796774,2581296.074916804,1893944830.2131484,388
STABLE_PRE_MERGE_2022,15000795,6390347.641877421,7041828.31325,1220556399.5985875,191
STABLE_PRE_MERGE_2022,15000796,4723765.851643519,5059264.272089554,28342595.109861113,6
STABLE_PRE_MERGE_2022,15000797,9958949.580362806,2276081.724927309,268891638.66979575,27
STABLE_PRE_MERGE_2022,15000798,14702550.650367096,4360639.41954,4278442239.256825,291
STABLE_PRE_MERGE_2022,15000799,5844278.5765567245,2309578.60728,1092880093.8161075,187
STABLE_PRE_MERGE_2022,15000800,4770561.678522782,3112335.0,462744482.8167099,97
STABLE_PRE_MERGE_2022,15000801,4671915.358910559,2189910.765984054,79422561.1014795,17
STABLE_PRE_MERGE_2022,15000802,5455479.855103974,3113145.0,616469223.626749,113
STABLE_PRE_MERGE_2022,15000803,3855527.4950774275,1100000.0,790383136.4908726,205
STABLE_PRE_MERGE_2022,15000804,0.0,0.0,0.0,0
STABLE_PRE_MERGE_2022,15000805,2755907.9051075676,868443.058279688,1347638965.5976005,489
STABLE_PRE_MERGE_2022,15000806,1761549.5999901108,450294.42276,1060452859.1940467,602
STABLE_PRE_MERGE_2022,15000807,4247318.649204271,2302671.264951519,530914831.15053385,125
STABLE_PRE_MERGE_2022,15000808,8925375.887896705,3437197.792462865,1606567659.821407,180
STABLE_PRE_MERGE_2022,15000809,6945568.3346673185,2282246.3647060553,2180908457.085538,314
STABLE_PRE_MERGE_2022,15000810,3445805.753033314,1738614.537547474,785643711.6915956,228
STABLE_PRE_MERGE_2022,15000811,4849595.845604617,1290563.396280125,620748268.237391,128
STABLE_PRE_MERGE_2022,15000812,3164299.923193432,1230713.808090832,439837689.32388705,139
STABLE_PRE_MERGE_2022,15000813,2980895.646789524,1171718.541124195,539542112.0689038,181
STABLE_PRE_MERGE_2022,15000814,7989399.404772195,1788193.4837617879,3770996519.052476,472
STABLE_PRE_MERGE_2022,15000815,5329629.505006898,2455768.5530409077,1993281434.87258,374
STABLE_PRE_MERGE_2022,15000816,5016483.728136082,2849538.691588198,1560126439.4503217,311
STABLE_PRE_MERGE_2022,15000817,4437359.272515226,2486676.42643,75435107.63275884,17
STABLE_PRE_MERGE_2022,15000818,4187148.7293047654,1959772.10958,632259458.1250196,151
STABLE_PRE_MERGE_2022,15000819,5904021.825328875,2486676.42,808850990.070056,137
STABLE_PRE_MERGE_2022,15000820,2792301.679327566,1075752.81841746,234553341.06351554,84
STABLE_PRE_MERGE_2022,15000821,6174323.439310857,1998010.407045768,1000240397.1683588,162
STABLE_PRE_MERGE_2022,15000822,5160757.682912446,2993686.8402121756,629612437.3153183,122
STABLE_PRE_MERGE_2022,15000823,3038602.138720154,1795861.64429,106351074.85520539,35
STABLE_PRE_MERGE_2022,15000824,4389332.018825451,2732957.327467142,276527917.1860034,63
STABLE_PRE_MERGE_2022,15000825,6813695.841551805,3307145.705207848,374753271.28534925,55
STABLE_PRE_MERGE_2022,15000826,4396785.7802912025,1539340.8817204805,1688365739.6318219,384
STABLE_PRE_MERGE_2022,15000827,5451510.145554374,1950731.302792568,1744483246.5773997,320
STABLE_PRE_MERGE_2022,15000828,41890991.79053201,5010644.5689,13237553405.808115,316
STABLE_PRE_MERGE_2022,15000829,11008261.068158345,3127345.47290662,3049288315.879862,277
STABLE_PRE_MERGE_2022,15000830,14181391.105353802,7328343.96825,5374747228.929091,379
STABLE_PRE_MERGE_2022,15000831,4176989.3475483237,2956383.55827,697557221.04057,167
STABLE_PRE_MERGE_2022,15000832,8295533.350158187,3189148.8827,1053532735.4700897,127
STABLE_PRE_MERGE_2022,15000833,10656347.15972988,5180988.274435552,1033665674.4937984,97
STABLE_PRE_MERGE_2022,15000834,6687893.075470035,2561916.296782736,1136941822.829906,170
STABLE_PRE_MERGE_2022,15000835,7177032.428187912,2770516.20816,1988037982.6080518,277
STABLE_PRE_MERGE_2022,15000836,14123922.30859436,3256783.947793558,4816257507.230677,341
STABLE_PRE_MERGE_2022,15000837,7563809.156492108,4758935.864918115,484083786.0154949,64
STABLE_PRE_MERGE_2022,15000838,6630455.60523338,748122.001746,358044602.6826025,54
STABLE_PRE_MERGE_2022,15000839,5337610.458925287,3145936.044241872,880705725.7226725,165
STABLE_PRE_MERGE_2022,15000840,5028121.260606301,4085420.15295,804499401.6970081,160
STABLE_PRE_MERGE_2022,15000841,4083448.058859119,1419738.6157826749,171504818.472083,42
STABLE_PRE_MERGE_2022,15000842,5085183.754360803,3520965.409253565,1744218027.7457557,343
STABLE_PRE_MERGE_2022,15000843,5698316.195963214,3390413.554138845,632513097.7519168,111
STABLE_PRE_MERGE_2022,15000844,6374144.689320195,4017772.800162714,2039726300.5824623,320
STABLE_PRE_MERGE_2022,15000845,6806164.420848766,4484591.701698114,1851276722.4708645,272
STABLE_PRE_MERGE_2022,15000846,11571004.644944686,5937998.6110068,3482872398.1283507,301
STABLE_PRE_MERGE_2022,15000847,10184704.672170045,6589351.61458834,2342482074.59911,230
STABLE_PRE_MERGE_2022,15000848,7346669.5941486545,8243813.989509475,1506067266.8004742,205
STABLE_PRE_MERGE_2022,15000849,13038920.410962358,9709873.0944,1916721300.4114666,147
STABLE_PRE_MERGE_2022,15000850,9610027.039189707,6195291.20250489,1922005407.8379414,200
STABLE_PRE_MERGE_2022,15000851,7015992.237000277,6549903.353830992,70159922.37000278,10
STABLE_PRE_MERGE_2022,15000852,6863407.843185814,4728133.123302425,2553187717.665123,372
STABLE_PRE_MERGE_2022,15000853,9944369.086406222,7737079.771669163,517107192.49312353,52
STABLE_PRE_MERGE_2022,15000854,8530668.870959448,4933090.563229671,1808501800.643403,212
STABLE_PRE_MERGE_2022,15000855,5097053.732599547,3397500.526941099,35679376.12819683,7
STABLE_PRE_MERGE_2022,15000856,5525867.554185971,3620525.709581105,839931868.2362676,152
STABLE_PRE_MERGE_2022,15000857,5169224.348443848,2859055.085129422,180922852.19553468,35
STABLE_PRE_MERGE_2022,15000858,5508287.551322125,3795741.77635,506762454.7216355,92
STABLE_PRE_MERGE_2022,15000859,3381608.7415255993,3037958.002803955,273910308.06357354,81
STABLE_PRE_MERGE_2022,15000860,7159853.450216169,3191117.710612914,2026238526.4111757,283
STABLE_PRE_MERGE_2022,15000861,5566182.5057108225,4306530.7279488,1374847078.9105732,247
STABLE_PRE_MERGE_2022,15000862,5734910.274892575,3928913.723038095,412913539.7922654,72
STABLE_PRE_MERGE_2022,15000863,8457483.170311078,7162424.049829292,1150217711.1623068,136
STABLE_PRE_MERGE_2022,15000864,6821639.899900354,4768688.748321624,1521225697.677779,223
STABLE_PRE_MERGE_2022,15000865,6762290.998511642,8513519.44475,196106438.95683762,29
STABLE_PRE_MERGE_2022,15000866,10735720.656290704,4072016.8740289,1406379405.9740822,131
STABLE_PRE_MERGE_2022,15000867,5383662.661957544,3232238.5951215625,861386025.913207,160
STABLE_PRE_MERGE_2022,15000868,6989167.680262052,4726342.966061614,188707527.3670754,27
STABLE_PRE_MERGE_2022,15000869,5848005.414047542,2080360.4879094,1900601759.5654511,325
STABLE_PRE_MERGE_2022,15000870,7230128.697429142,4783702.201963106,636251325.3737645,88
STABLE_PRE_MERGE_2022,15000871,5466329.880182577,3230831.7919978043,1683629603.0962338,308
STABLE_PRE_MERGE_2022,15000872,6798912.481805099,4348528.364857056,761478197.9621711,112
STABLE_PRE_MERGE_2022,15000873,5387681.094895109,4302452.582613354,1583978241.8991618,294
STABLE_PRE_MERGE_2022,15000874,5040806.444599698,4805992.166324466,1688670158.940899,335
STABLE_PRE_MERGE_2022,15000875,7635315.96335674,5433485.654291989,2779255010.6618533,364
STABLE_PRE_MERGE_2022,15000876,7231522.247706857,5999811.191653734,1836806650.9175415,254
STABLE_PRE_MERGE_2022,15000877,9385926.41173841,6533726.289325536,206490381.05824503,22
STABLE_PRE_MERGE_2022,15000878,0.0,0.0,0.0,0
STABLE_PRE_MERGE_2022,15000879,6460584.760589244,4183728.904471427,2093229462.4309149,324
STABLE_PRE_MERGE_2022,15000880,11508900.8661975,5767363.820724003,1841424138.5916,160
STABLE_PRE_MERGE_2022,15000881,8426049.466446478,5198187.500553984,202225187.19471547,24
STABLE_PRE_MERGE_2022,15000882,11520646.331300376,6044220.377844761,138247755.9756045,12
STABLE_PRE_MERGE_2022,15000883,5530302.294001178,4803305.194920601,44242418.35200942,8
STABLE_PRE_MERGE_2022,15000884,8667620.424455274,4302666.0,164684788.0646502,19
STABLE_PRE_MERGE_2022,15000885,7379824.673760207,3648357.49664511,2826472850.0501595,383
STABLE_PRE_MERGE_2022,15000886,4953552.738452192,3940139.847874918,1570276218.089345,317
STABLE_PRE_MERGE_2022,15000887,5967872.91718456,4580087.28118824,513237070.8778721,86
STABLE_PRE_MERGE_2022,15000888,7360416.646197155,3547500.36173727,353299999.01746345,48
STABLE_PRE_MERGE_2022,15000889,6037020.592219601,3999157.171190836,651998223.9597169,108
STABLE_PRE_MERGE_2022,15000890,5300336.885736692,2285587.876042519,938159628.7753944,177
STABLE_PRE_MERGE_2022,15000891,5842749.830320737,3709949.15188872,2231930435.182522,382
STABLE_PRE_MERGE_2022,15000892,4825276.576516322,3883901.1169971386,424624338.7334363,88
STABLE_PRE_MERGE_2022,15000893,7136274.188049842,4289205.290026056,2576194981.885993,361
STABLE_PRE_MERGE_2022,15000894,5293583.188070868,4224244.47371829,1910983530.8935833,361
STABLE_PRE_MERGE_2022,15000895,0.0,0.0,0.0,0
STABLE_PRE_MERGE_2022,15000896,5356925.284233838,5092870.7,1505296004.8697085,281
STABLE_PRE_MERGE_2022,15000897,0.0,0.0,0.0,0
STABLE_PRE_MERGE_2022,15000898,8127355.576312218,5014554.728542139,1007792091.462715,124
STABLE_PRE_MERGE_2022,15000899,5400372.381721034,4711788.41700091,75605213.34409447,14
STABLE_PRE_MERGE_2022,15000900,5738906.871969788,3060840.85062,1279776232.4492629,223
STABLE_PRE_MERGE_2022,15000901,5569300.890880061,5047134.389815356,1776606984.1907396,319
STABLE_PRE_MERGE_2022,15000902,6686380.438393616,4805564.058901712,2019286892.394872,302
STABLE_PRE_MERGE_2022,15000903,7291470.87430709,6300000.0,1276007403.0037408,175
STABLE_PRE_MERGE_2022,15000904,7237909.389884125,2895868.3380154753,767218395.3277173,106
STABLE_PRE_MERGE_2022,15000905,6133957.026715565,2923961.85774,2128483088.2703009,347
STABLE_PRE_MERGE_2022,15000906,10642548.17711986,3416590.2310335473,1489956744.7967806,140
STABLE_PRE_MERGE_2022,15000907,6667042.346253741,3114803.187095352,1726763967.6797187,259
STABLE_PRE_MERGE_2022,15000908,6921303.34451068,3508817.06988,1875673206.3623943,271
STABLE_PRE_MERGE_2022,15000909,9713261.628219496,5788359.8332118,1117025087.245242,115
STABLE_PRE_MERGE_2022,15000910,32103073.674928136,6736077.45554507,5746450187.812137,179
STABLE_PRE_MERGE_2022,15000911,8124857.711806346,4075746.7874370124,1007482356.2639868,124
STABLE_PRE_MERGE_2022,15000912,0.0,0.0,0.0,0
STABLE_PRE_MERGE_2022,15000913,6474303.074153533,2812169.530393145,602110185.8962786,93
STABLE_PRE_MERGE_2022,15000914,6750056.327003198,3189702.34719,897757491.4914253,133
STABLE_PRE_MERGE_2022,15000915,5586860.4790675035,2537037.9125994192,536338605.99048036,96
STABLE_PRE_MERGE_2022,15000916,5283184.116257116,2536159.5,1246831451.4366794,236
STABLE_PRE_MERGE_2022,15000917,3380356.592878203,2368748.822076552,111551767.5649807,33
STABLE_PRE_MERGE_2022,15000918,4142634.1771347695,2197889.953631315,1333928205.0373957,322
STABLE_PRE_MERGE_2022,15000919,13301065.345322415,2989863.9286,2074966193.8702967,156
STABLE_PRE_MERGE_2022,15000920,5952063.061234347,2167687.0,755912008.776762,127
STABLE_PRE_MERGE_2022,15000921,3952673.1668500314,2358048.7131468887,513847511.6905041,130
STABLE_PRE_MERGE_2022,15000922,5143094.709605665,2114042.669350248,735462543.47361,143
STABLE_PRE_MERGE_2022,15000923,6221854.775537949,3683974.4,404420560.4099667,65
STABLE_PRE_MERGE_2022,15000924,4744768.69123185,2216234.42343,711715303.6847775,150
STABLE_PRE_MERGE_2022,15000925,5443178.038738463,3279276.047210211,266715723.8981847,49
STABLE_PRE_MERGE_2022,15000926,5580881.595786099,1821088.7763227578,1562646846.8201077,280
STABLE_PRE_MERGE_2022,15000927,3077083.921797076,1594856.711933401,187702119.22962162,61
STABLE_PRE_MERGE_2022,15000928,4191071.7338780747,2287693.305999452,104776793.34695187,25
STABLE_PRE_MERGE_2022,15000929,4712433.882744346,3100000.0,1663489160.6087542,353
STABLE_PRE_MERGE_2022,15000930,6636075.172740765,3036088.706751,902506223.492744,136
STABLE_PRE_MERGE_2022,15000931,4456738.041115955,2188785.1972407876,623943325.7562338,140
STABLE_PRE_MERGE_2022,15000932,4640272.594875597,4709904.446268424,923414246.3802439,199
STABLE_PRE_MERGE_2022,15000933,4987049.132035412,4075915.389089615,169559670.48920402,34
STABLE_PRE_MERGE_2022,15000934,3720051.916767176,4861317.9615,81841142.16887787,22
STABLE_PRE_MERGE_2022,15000935,4103818.736732107,3605109.760225165,570430804.4057629,139
STABLE_PRE_MERGE_2022,15000936,3638716.9279173273,2739770.3634247426,1579203146.71612,434
STABLE_PRE_MERGE_2022,15000937,6132186.528875631,9901401.231,527368041.48330426,86
STABLE_PRE_MERGE_2022,15000938,4473180.804457877,1718702.521209873,407059453.2056668,91
STABLE_PRE_MERGE_2022,15000939,2684607.2645121524,1104093.050458984,1484587817.2752202,553
STABLE_PRE_MERGE_2022,15000940,2026573.6104555682,411822.435738,1197705003.7792408,591
STABLE_PRE_MERGE_2022,15000941,3619199.0469272207,2080972.0061,430684686.58433926,119
STABLE_PRE_MERGE_2022,15000942,4095246.926016848,2956343.61619617,417715186.4537185,102
STABLE_PRE_MERGE_2022,15000943,4663372.782885333,1193193.45284742,228505266.3613813,49
STABLE_PRE_MERGE_2022,15000944,3559435.9116243175,1720860.22,985963747.519936,277
STABLE_PRE_MERGE_2022,15000945,5927102.002765189,4935000.0,1345452154.627698,227
STABLE_PRE_MERGE_2022,15000946,13445485.53371868,1889193.738390794,1936149916.8554897,144
STABLE_PRE_MERGE_2022,15000947,3453440.3863145662,1760853.37,770117206.1481483,223
STABLE_PRE_MERGE_2022,15000948,3056496.105115423,1805130.9455,1250106906.992208,409
STABLE_PRE_MERGE_2022,15000949,3119500.8509932864,2015793.9484,265157572.33442932,85
STABLE_PRE_MERGE_2022,15000950,5149269.055920583,1887012.7306,1019555273.0722754,198
STABLE_PRE_MERGE_2022,15000951,2218536.759545732,891945.753865064,545760042.84825,246
STABLE_PRE_MERGE_2022,15000952,5856623.854552137,1975694.758773195,948773064.4374461,162
STABLE_PRE_MERGE_2022,15000953,2121950.6112276036,836849.16450624,169756048.8982083,80
STABLE_PRE_MERGE_2022,15000954,5089546.4055890525,1740560.4248178126,1363998436.697866,268
STABLE_PRE_MERGE_2022,15000955,4350530.277524485,1961253.547978466,835301813.2847011,192
STABLE_PRE_MERGE_2022,15000956,4149907.08241427,3993214.424627412,1444167664.680166,348
STABLE_PRE_MERGE_2022,15000957,7078864.816186104,4318207.54133586,219444809.30176923,31
STABLE_PRE_MERGE_2022,15000958,3254671.3156113783,1890000.0,1256303127.825992,386
STABLE_PRE_MERGE_2022,15000959,3148078.6919231964,487251.091488,415546387.33386195,132
STABLE_PRE_MERGE_2022,15000960,1239937.6172305795,455073.195843,698084878.5008162,563
STABLE_PRE_MERGE_2022,15000961,7576533.880791267,4028149.4831878915,106071474.33107774,14
STABLE_PRE_MERGE_2022,15000962,92012422.34082915,1103534.747429633,552074534.0449749,6
STABLE_PRE_MERGE_2022,15000963,3630436.677258564,1291682.6497123914,181521833.8629282,50
STABLE_PRE_MERGE_2022,15000964,3997569.720180863,1507170.0273661825,847484780.6783429,212
STABLE_PRE_MERGE_2022,15000965,4739598.813984326,1662131.927884795,1123284918.9142852,237
STABLE_PRE_MERGE_2022,15000966,1882168.5638026781,904541.051800215,191981193.50787318,102
STABLE_PRE_MERGE_2022,15000967,3282285.495205965,1622400.5865931641,223195413.6740056,68
STABLE_PRE_MERGE_2022,15000968,3145153.611546645,1555169.4663,367982972.55095744,117
STABLE_PRE_MERGE_2022,15000969,4839004.317114057,1582575.1704,716172638.9328804,148
STABLE_PRE_MERGE_2022,15000970,11544483.50336811,2551814.4,473323823.63809246,41
STABLE_PRE_MERGE_2022,15000971,3379906.2113200417,1402364.150869878,1101849424.8903337,326
STABLE_PRE_MERGE_2022,15000972,4787409.360828234,1871928.89712,196283783.7939576,41
STABLE_PRE_MERGE_2022,15000973,2024769.9318245915,683880.45164451,131610045.56859845,65
STABLE_PRE_MERGE_2022,15000974,4023276.571657842,1722981.7857795842,514979401.1722038,128
STABLE_PRE_MERGE_2022,15000975,2474207.349378524,1374671.5458,188039758.5527678,76
STABLE_PRE_MERGE_2022,15000976,3189491.1688014283,1682105.0865664894,153095576.10246855,48
STABLE_PRE_MERGE_2022,15000977,3074599.1277859374,1214760.4052,737903790.668625,240
STABLE_PRE_MERGE_2022,15000978,3528437.5891126473,1311020.7984500001,232876880.88143474,66
STABLE_PRE_MERGE_2022,15000979,2451051.1564164013,903806.159661106,840710546.6508256,343
STABLE_PRE_MERGE_2022,15000980,4761294.335596938,2555145.78336763,266632482.7934285,56
STABLE_PRE_MERGE_2022,15000981,3007836.9658876294,1202813.245601136,739927893.6083568,246
STABLE_PRE_MERGE_2022,15000982,3013531.003293323,1607864.446683396,99446523.10867965,33
STABLE_PRE_MERGE_2022,15000983,2152916.5458118846,1667958.244623639,49517080.55367334,23
STABLE_PRE_MERGE_2022,15000984,5126682.63126379,1141716.43130435,35886778.418846525,7
STABLE_PRE_MERGE_2022,15000985,995008.0977675488,231000.0,546259445.6743842,549
STABLE_PRE_MERGE_2022,15000986,2437837.116284437,847720.428308472,733788972.0016155,301
STABLE_PRE_MERGE_2022,15000987,2419758.7441174667,629551.648941506,1149385403.4557967,475
STABLE_PRE_MERGE_2022,15000988,3029314.7838798724,1356358.8012,421074754.95930225,139
STABLE_PRE_MERGE_2022,15000989,3172286.043988404,2197301.25792,459981476.37831855,145
STABLE_PRE_MERGE_2022,15000990,1643192.480864419,560027.864657793,297417839.0364598,181
STABLE_PRE_MERGE_2022,15000991,2490180.300408832,1306971.1659,82175949.91349144,33
STABLE_PRE_MERGE_2022,15000992,4970186.670689402,1131418.626302276,581511840.4706601,117
STABLE_PRE_MERGE_2022,15000993,5443530.186330275,677304.294513,1703824948.3213758,313
STABLE_PRE_MERGE_2022,15000994,2113806.1398215275,835380.0,209266807.84233123,99
STABLE_PRE_MERGE_2022,15000995,710729.2014894111,258056.595111,264391262.9540609,372
STABLE_PRE_MERGE_2022,15000996,655252.8561569378,255709.316961,122532284.10134736,187
STABLE_PRE_MERGE_2022,15000997,1874989.6344847542,463645.69374,733120947.0835389,391
STABLE_PRE_MERGE_2022,15000998,4972499.729511618,2691260.1987272957,139229992.4263253,28
STABLE_PRE_MERGE_2022,15000999,2786401.279242402,717668.400911463,632513090.3880253,227
STABLE_PRE_MERGE_2022,15001000,2074996.573088411,570622.425901436,70549883.48500597,34
STABLE_POST_MERGE_2022,16000000,1792026.045611638,703500.0,378117495.6240556,211
STABLE_POST_MERGE_2022,16000001,2034423.550640235,1120599.262423665,250234096.7287489,123
STABLE_POST_MERGE_2022,16000002,3033309.5924520586,758770.60978413,272997863.32068527,90
STABLE_POST_MERGE_2022,16000003,5660895.639205643,1113949.707479434,515141503.1677135,91
STABLE_POST_MERGE_2022,16000004,1864746.69650762,1408856.8993,242417070.5459906,130
STABLE_POST_MERGE_2022,16000005,3894839.0553685203,1331826.29325,405063261.7583261,104
STABLE_POST_MERGE_2022,16000006,2519068.533826934,1215343.40976,244349647.7812126,97
STABLE_POST_MERGE_2022,16000007,3608886.2370320093,1003262.56024,378933054.888361,105
STABLE_POST_MERGE_2022,16000008,5370443.005603291,1624793.111325,445746769.46507317,83
STABLE_POST_MERGE_2022,16000009,2456067.9370379336,1237116.3941848576,245606793.70379335,100
STABLE_POST_MERGE_2022,16000010,2651556.843721606,1286468.519639422,289019695.965655,109
STABLE_POST_MERGE_2022,16000011,2022504.720146556,1223346.453525,256858099.4586126,127
STABLE_POST_MERGE_2022,16000012,4029354.065390754,990933.6708582409,620520526.0701761,154
STABLE_POST_MERGE_2022,16000013,10695603.713223957,7953530.5096,994691145.3298279,93
STABLE_POST_MERGE_2022,16000014,2200993.0186822,1259417.091941984,286129092.428686,130
STABLE_POST_MERGE_2022,16000015,5251127.707563204,805296.848766022,409587961.1899299,78
STABLE_POST_MERGE_2022,16000016,3373855.253796646,1937537.3176275934,452096604.00875056,134
STABLE_POST_MERGE_2022,16000017,3456503.0630162153,909743.24917,349106809.36463773,101
STABLE_POST_MERGE_2022,16000018,6553732.243856682,1846987.684905717,425992595.85068434,65
STABLE_POST_MERGE_2022,16000019,4425228.2357390765,2482907.404089788,646083322.4179052,146
STABLE_POST_MERGE_2022,16000020,4046519.6000975454,2352430.97184,408698479.6098521,101
STABLE_POST_MERGE_2022,16000021,3121236.7541220696,2414238.894517716,362063463.4781601,116
STABLE_POST_MERGE_2022,16000022,2025806.3244439906,738210.562974531,293741917.04437864,145
STABLE_POST_MERGE_2022,16000023,7880571.674812498,1187872.49016,890504599.2538122,113
STABLE_POST_MERGE_2022,16000024,3217397.3332815436,968407.724487925,482609599.99223155,150
STABLE_POST_MERGE_2022,16000025,2108610.508681936,1505187.2203,166580230.18587294,79
STABLE_POST_MERGE_2022,16000026,2710116.622860577,1666829.623275,279142012.1546394,103
STABLE_POST_MERGE_2022,16000027,3387963.024742532,1045561.849435,501418527.66189474,148
STABLE_POST_MERGE_2022,16000028,3468259.95138371,2093810.760294396,336421215.28421986,97
STABLE_POST_MERGE_2022,16000029,2485907.740756304,1305839.298897852,256048497.29789934,103
STABLE_POST_MERGE_2022,16000030,2309966.442549121,1309121.926,175557449.6337332,76
STABLE_POST_MERGE_2022,16000031,3575295.253403161,1304012.548583514,604224897.8251343,169
STABLE_POST_MERGE_2022,16000032,2918869.313866059,1690782.1657532007,379453010.8025876,130
STABLE_POST_MERGE_2022,16000033,3358684.26889096,1055471.6,413118165.0735881,123
STABLE_POST_MERGE_2022,16000034,5028472.144464454,1158293.48976,437477076.5684075,87
STABLE_POST_MERGE_2022,16000035,3765092.7632374517,1326003.508140696,259791400.66338417,69
STABLE_POST_MERGE_2022,16000036,3145428.184131921,2312173.031033448,276797680.20360905,88
STABLE_POST_MERGE_2022,16000037,3099969.4030090324,1070869.576593615,381296236.570111,123
STABLE_POST_MERGE_2022,16000038,5289071.019817218,901239.300262059,470727320.76373243,89
STABLE_POST_MERGE_2022,16000039,2602092.7527402495,2488393.79309872,101481617.35686973,39
STABLE_POST_MERGE_2022,16000040,2813029.873120276,2067598.993947705,393824182.23683864,140
STABLE_POST_MERGE_2022,16000041,3616376.4963562293,2029778.065851349,115724047.88339934,32
STABLE_POST_MERGE_2022,16000042,4202250.899987763,1181447.376585,920292947.0973201,219
STABLE_POST_MERGE_2022,16000043,1876634.6293830886,1010025.27219066,349054041.06525445,186
STABLE_POST_MERGE_2022,16000044,1775110.7835421225,1202217.762648976,326620384.17175055,184
STABLE_POST_MERGE_2022,16000045,1192901.079070799,1025831.96469,29822526.976769976,25
STABLE_POST_MERGE_2022,16000046,2771665.5380656,1260000.0,640254739.2931536,231
STABLE_POST_MERGE_2022,16000047,2933972.543360384,1174060.197372,387284375.7235707,132
STABLE_POST_MERGE_2022,16000048,1925997.3678431013,1096631.3527540602,254231652.55528936,132
STABLE_POST_MERGE_2022,16000049,4737788.496285313,1212772.867685283,549583465.5690963,116
STABLE_POST_MERGE_2022,16000050,2401852.1255109217,1606288.4914065944,220970395.5470048,92
STABLE_POST_MERGE_2022,16000051,2959157.2712116917,1903206.181108644,369894658.9014615,125
STABLE_POST_MERGE_2022,16000052,3764484.747194994,1748417.347113438,289865325.5340145,77
STABLE_POST_MERGE_2022,16000053,3404940.044319464,1513547.061023808,490311366.38200283,144
STABLE_POST_MERGE_2022,16000054,1923296.5341674264,1199479.981100908,153863722.73339412,80
STABLE_POST_MERGE_2022,16000055,2122398.914013769,1098933.78222,207995093.57334936,98
STABLE_POST_MERGE_2022,16000056,4254050.007250747,983327.4234,531756250.9063433,125
STABLE_POST_MERGE_2022,16000057,3741932.1274834913,1420381.720025743,493935040.82782084,132
STABLE_POST_MERGE_2022,16000058,2360306.4455327117,1662632.3697102559,202986354.3158132,86
STABLE_POST_MERGE_2022,16000059,2430770.963361047,932564.228968304,274677118.8597983,113
STABLE_POST_MERGE_2022,16000060,3575613.6591609125,747776.351859821,525615207.8966541,147
STABLE_POST_MERGE_2022,16000061,2776969.157490733,1879593.837394142,313797514.7964528,113
STABLE_POST_MERGE_2022,16000062,3469735.3647017847,1352724.6734726545,395549831.57600343,114
STABLE_POST_MERGE_2022,16000063,7111426.470543658,3158540.91946,497799852.9380561,70
STABLE_POST_MERGE_2022,16000064,3423050.7449384057,1185000.0,677764047.4978043,198
STABLE_POST_MERGE_2022,16000065,4925118.50454451,3311293.009609488,507287205.9680845,103
STABLE_POST_MERGE_2022,16000066,2311788.1280767033,1846956.5206282635,263543846.6007442,114
STABLE_POST_MERGE_2022,16000067,2766944.521067021,1080000.0,290529174.7120372,105
STABLE_POST_MERGE_2022,16000068,2913362.161106141,1272476.1491194516,425350875.52149653,146
STABLE_POST_MERGE_2022,16000069,3090271.8540635486,1885130.625073987,358471535.0713716,116
STABLE_POST_MERGE_2022,16000070,3653470.9590107743,1224462.73959,635703946.8678747,174
STABLE_POST_MERGE_2022,16000071,2016639.642617026,693000.0,467860397.08715004,232
STABLE_POST_MERGE_2022,16000072,3300243.0377527615,1152679.9572,353126005.0395455,107
STABLE_POST_MERGE_2022,16000073,1543058.4414470755,693000.0,61722337.65788302,40
STABLE_POST_MERGE_2022,16000074,1633906.568822763,693000.0,589840271.3450174,361
STABLE_POST_MERGE_2022,16000075,1523869.4112915704,693000.0,406873132.8148493,267
STABLE_POST_MERGE_2022,16000076,2446777.5606090915,735000.0,484461957.0006001,198
STABLE_POST_MERGE_2022,16000077,3364568.3290017974,1299982.812822656,360008811.2031923,107
STABLE_POST_MERGE_2022,16000078,2611232.1248600306,1600000.0,284624301.60974336,109
STABLE_POST_MERGE_2022,16000079,3705705.2594561353,1611345.75279257,496564504.76712215,134
STABLE_POST_MERGE_2022,16000080,5470772.741856748,1297407.6598570505,503311092.2508208,92
STABLE_POST_MERGE_2022,16000081,2850055.4251617845,1360873.505649231,236554600.28842813,83
STABLE_POST_MERGE_2022,16000082,2560436.5422160286,826827.234540804,294450202.35484326,115
STABLE_POST_MERGE_2022,16000083,2321814.2222231524,1894124.109037928,248434121.77787733,107
STABLE_POST_MERGE_2022,16000084,3063773.8354121083,1101198.675642242,257357002.17461708,84
STABLE_POST_MERGE_2022,16000085,3659988.836760869,1335614.17006981,453838615.75834775,124
STABLE_POST_MERGE_2022,16000086,2977039.7644310007,1692046.832674146,369152930.7894441,124
STABLE_POST_MERGE_2022,16000087,2689750.871561242,944304.4299032751,263595585.41300172,98
STABLE_POST_MERGE_2022,16000088,1789649.0337884557,1076300.962667328,177175254.3450571,99
STABLE_POST_MERGE_2022,16000089,3880542.0106962495,1137265.5241,454023415.2514612,117
STABLE_POST_MERGE_2022,16000090,1907340.434600524,1170288.3276568125,179290000.85244924,94
STABLE_POST_MERGE_2022,16000091,5602972.528655162,2148985.489479906,571503197.9228265,102
STABLE_POST_MERGE_2022,16000092,2678474.413682731,1387680.431060844,361594045.8471687,135
STABLE_POST_MERGE_2022,16000093,1737833.8680639276,788376.6486869201,156405048.1257535,90
STABLE_POST_MERGE_2022,16000094,4395298.265105414,1312189.779814476,549412283.1381768,125
STABLE_POST_MERGE_2022,16000095,3256224.5818673787,1325358.7730537201,306085110.6955336,94
STABLE_POST_MERGE_2022,16000096,1925719.557999949,1262501.40555,202200553.58999464,105
STABLE_POST_MERGE_2022,16000097,2715532.61642848,1070816.623520644,420907555.5464144,155
STABLE_POST_MERGE_2022,16000098,3952956.3359687603,1376297.5540226,513884323.67593884,130
STABLE_POST_MERGE_2022,16000099,2745885.631991848,1313855.896977846,277334448.83117664,101
STABLE_POST_MERGE_2022,16000100,2735973.427821641,1232133.8890506704,284541236.49345064,104
STABLE_POST_MERGE_2022,16000101,2148893.4188509886,1497869.8064522292,189102620.858887,88
STABLE_POST_MERGE_2022,16000102,5683034.0210172795,1137607.41618,710379252.62716,125
STABLE_POST_MERGE_2022,16000103,1860019.2589033106,965277.228849346,197162041.44375092,106
STABLE_POST_MERGE_2022,16000104,2115301.7907670713,1486787.72520746,205184273.70440593,97
STABLE_POST_MERGE_2022,16000105,3953651.6804144885,885910.8723508071,411179774.7631068,104
STABLE_POST_MERGE_2022,16000106,1774532.5946048168,977093.95077,198747650.59573948,112
STABLE_POST_MERGE_2022,16000107,2496809.5360125294,947138.529658864,264661810.8173281,106
STABLE_POST_MERGE_2022,16000108,4831309.526817568,1223860.9023,681214643.2812771,141
STABLE_POST_MERGE_2022,16000109,2785088.842057544,1329767.7133,303574683.78427225,109
STABLE_POST_MERGE_2022,16000110,2741026.956842011,1178617.48191,285066803.51156914,104
STABLE_POST_MERGE_2022,16000111,7773590.995546107,1140656.0,396453140.77285147,51
STABLE_POST_MERGE_2022,16000112,2509108.2075288733,1166343.132316608,519385398.9584768,207
STABLE_POST_MERGE_2022,16000113,2013527.1056172515,1291357.982968648,132892788.9707386,66
STABLE_POST_MERGE_2022,16000114,4040465.8622681648,1490000.0,472734505.88537526,117
STABLE_POST_MERGE_2022,16000115,2208156.9577868963,1532689.268730319,156779144.00286964,71
STABLE_POST_MERGE_2022,16000116,2584844.0725795934,1100331.4847499998,273993471.6934369,106
STABLE_POST_MERGE_2022,16000117,5045659.334018238,1536529.0893719345,635753076.086298,126
STABLE_POST_MERGE_2022,16000118,3383882.403941823,1254903.105295926,368843182.02965873,109
STABLE_POST_MERGE_2022,16000119,1976182.4733868483,1269143.8005940584,209475342.17900592,106
STABLE_POST_MERGE_2022,16000120,4146587.620769519,1475306.074902737,443684875.42233855,107
STABLE_POST_MERGE_2022,16000121,1881627.11303064,1232000.046979235,199452473.98124784,106
STABLE_POST_MERGE_2022,16000122,2420063.2517147195,951384.760777488,338808855.24006075,140
STABLE_POST_MERGE_2022,16000123,5076786.660987738,1411639.221287505,472141159.47185963,93
STABLE_POST_MERGE_2022,16000124,2545096.129327802,1464686.4718002295,290140958.7433694,114
STABLE_POST_MERGE_2022,16000125,2217064.924880934,1291927.7622747752,212838232.78856966,96
STABLE_POST_MERGE_2022,16000126,6844620.642990681,1379067.765559088,718685167.5140215,105
STABLE_POST_MERGE_2022,16000127,2215052.020281391,817835.369672415,201569733.8456066,91
STABLE_POST_MERGE_2022,16000128,2314995.370277952,1448547.83148,136584726.84639916,59
STABLE_POST_MERGE_2022,16000129,3418374.242914462,1239855.6601,478572394.0080247,140
STABLE_POST_MERGE_2022,16000130,2095272.0937682001,1259753.38939959,220003569.845661,105
STABLE_POST_MERGE_2022,16000131,2098886.2025741623,1420000.0,241371913.29602867,115
STABLE_POST_MERGE_2022,16000132,4597180.596203949,899091.5,533272949.1596581,116
STABLE_POST_MERGE_2022,16000133,3124192.6045000125,1891238.78232963,156209630.22500062,50
STABLE_POST_MERGE_2022,16000134,3616119.0210866127,1152289.81278,441166520.57256675,122
STABLE_POST_MERGE_2022,16000135,2505051.505349401,1620000.0,242989996.0188919,97
STABLE_POST_MERGE_2022,16000136,2195943.4596275715,795626.4800651015,223986232.88201228,102
STABLE_POST_MERGE_2022,16000137,13678242.790860847,1682370.4696619255,328277826.9806603,24
STABLE_POST_MERGE_2022,16000138,2080549.029037897,1034139.8372286339,395304315.5172004,190
STABLE_POST_MERGE_2022,16000139,3047060.6772267586,1181808.61583979,280329582.3048618,92
STABLE_POST_MERGE_2022,16000140,1991653.439219559,1210548.29571,225056838.6318102,113
STABLE_POST_MERGE_2022,16000141,3067772.679964248,1342811.99244,144185315.95831966,47
STABLE_POST_MERGE_2022,16000142,3115967.9282403495,1095110.8829905624,666817136.6434348,214
STABLE_POST_MERGE_2022,16000143,2154687.722762936,997984.56182105,189612519.60313836,88
STABLE_POST_MERGE_2022,16000144,4184290.009206903,759723.589922605,405876130.8930696,97
STABLE_POST_MERGE_2022,16000145,2114996.6766667604,1227817.496744919,188234704.22334167,89
STABLE_POST_MERGE_2022,16000146,1224307.7575632147,651000.0,246085859.27020618,201
STABLE_POST_MERGE_2022,16000147,1676825.0212544855,687859.6180556,352133254.46344197,210
STABLE_POST_MERGE_2022,16000148,3974448.385074387,1051044.12423,433214873.9731082,109
STABLE_POST_MERGE_2022,16000149,1178128.7107497551,714000.0,298066563.8196881,253
STABLE_POST_MERGE_2022,16000150,1871433.3461132955,1046139.482963577,67371600.46007864,36
STABLE_POST_MERGE_2022,16000151,1556376.012452333,714000.0,558738988.4703876,359
STABLE_POST_MERGE_2022,16000152,2380112.2052038093,955121.892392192,254672005.95680758,107
STABLE_POST_MERGE_2022,16000153,6104342.320353538,1162506.91837049,494451727.94863653,81
STABLE_POST_MERGE_2022,16000154,3245727.3474337445,1326461.40145,331064189.43824196,102
STABLE_POST_MERGE_2022,16000155,2054468.106263046,1123175.981594208,88342128.56931098,43
STABLE_POST_MERGE_2022,16000156,3662791.3442265606,1549618.114885932,648314067.9281012,177
STABLE_POST_MERGE_2022,16000157,7028834.927218259,2037400.095773498,1019181064.4466476,145
STABLE_POST_MERGE_2022,16000158,6343120.581053308,2782987.910337848,888036881.3474631,140
STABLE_POST_MERGE_2022,16000159,3431199.4867042103,1381276.147404451,761726286.0483347,222
STABLE_POST_MERGE_2022,16000160,4579952.085594828,2859307.37629016,613713579.469707,134
STABLE_POST_MERGE_2022,16000161,3314965.8390787304,1429163.12291472,434260524.91931367,131
STABLE_POST_MERGE_2022,16000162,3427315.591244618,1236917.9211,308458403.2120156,90
STABLE_POST_MERGE_2022,16000163,5046546.545579112,2166242.49847342,464282282.1932783,92
STABLE_POST_MERGE_2022,16000164,3113056.6172968084,1385160.2375,410923473.48317873,132
STABLE_POST_MERGE_2022,16000165,3984590.833873663,1558450.72131641,438304991.72610295,110
STABLE_POST_MERGE_2022,16000166,4192554.5376858963,1129338.995283576,515684208.13536525,123
STABLE_POST_MERGE_2022,16000167,3439703.3713085833,2243681.897711384,371487964.101327,108
STABLE_POST_MERGE_2022,16000168,2452271.117770014,1483437.09636,272202094.07247156,111
STABLE_POST_MERGE_2022,16000169,2954821.596053066,1211337.93144,369352699.5066333,125
STABLE_POST_MERGE_2022,16000170,4560808.461008457,1323330.454728906,451520037.6398372,99
STABLE_POST_MERGE_2022,16000171,5417882.656895107,1192152.89941444,1034815587.4669654,191
STABLE_POST_MERGE_2022,16000172,2473646.0438196976,1366259.7797,165734284.93591973,67
STABLE_POST_MERGE_2022,16000173,9290153.787575332,1239141.404544328,1328491991.6232727,143
STABLE_POST_MERGE_2022,16000174,3874164.961511889,1678663.66803954,430032310.7278197,111
STABLE_POST_MERGE_2022,16000175,2393327.146504115,1039682.8132138405,210612788.8923621,88
STABLE_POST_MERGE_2022,16000176,4456988.502549814,986699.077245,481354758.2753799,108
STABLE_POST_MERGE_2022,16000177,3998367.672168574,1250653.69152,443818811.6107117,111
STABLE_POST_MERGE_2022,16000178,2728838.744276794,1273930.480467378,294714584.38189375,108
STABLE_POST_MERGE_2022,16000179,3042027.594038523,1398960.9416,374169394.0667383,123
STABLE_POST_MERGE_2022,16000180,3878076.3474199213,1110329.434668594,496393772.4697499,128
STABLE_POST_MERGE_2022,16000181,2808093.733952784,975923.165713747,247112248.587845,88
STABLE_POST_MERGE_2022,16000182,2038216.3134292036,1255878.5498509998,220127361.850354,108
STABLE_POST_MERGE_2022,16000183,3521748.597814482,1093379.95927698,401479340.15085095,114
STABLE_POST_MERGE_2022,16000184,3080250.831284607,1257527.89791,304944832.29717606,99
STABLE_POST_MERGE_2022,16000185,2295118.363782675,1499157.1816079998,238692309.8333982,104
STABLE_POST_MERGE_2022,16000186,15875948.323251512,1008157.27566,333394914.78828174,21
STABLE_POST_MERGE_2022,16000187,2474640.824115554,1251046.207406451,403366454.3308353,163
STABLE_POST_MERGE_2022,16000188,2322859.9171019415,1060278.9879056835,274097470.2180291,118
STABLE_POST_MERGE_2022,16000189,2347889.6485410174,1020000.0,204266399.42306852,87
STABLE_POST_MERGE_2022,16000190,5107956.911518211,1213051.4284,485255906.59423,95
STABLE_POST_MERGE_2022,16000191,2583594.398461708,1077150.907087857,516718879.69234157,200
STABLE_POST_MERGE_2022,16000192,2236663.851560646,1294087.088683326,237086368.26542848,106
STABLE_POST_MERGE_2022,16000193,2420350.2169651687,1222746.6715088615,416300237.318009,172
STABLE_POST_MERGE_2022,16000194,1963970.1242611248,1015576.171204153,221928624.0415071,113
STABLE_POST_MERGE_2022,16000195,2091623.9126082775,1252547.668241659,217528886.91126087,104
STABLE_POST_MERGE_2022,16000196,6513386.4521293575,1009249.3075,866280398.1332046,133
STABLE_POST_MERGE_2022,16000197,2057398.2315677027,1307244.512690366,382676071.0715927,186
STABLE_POST_MERGE_2022,16000198,1762795.9992367334,1316181.10162485,218586703.90535495,124
STABLE_POST_MERGE_2022,16000199,2296423.5095143267,1282349.221532036,264088703.5941476,115
STABLE_POST_MERGE_2022,16000200,1969215.9403399266,712433.41809472,259936504.12487033,132
STABLE_POST_MERGE_2022,16000201,4151854.2122201817,1013327.6383858039,506526213.89086217,122
STABLE_POST_MERGE_2022,16000202,1782874.5606864407,1253031.881241005,144412839.4156017,81
STABLE_POST_MERGE_2022,16000203,2850430.11665841,1277303.4185125,393359356.09886056,138
STABLE_POST_MERGE_2022,16000204,14886764.842173375,2065267.03315268,401942650.73868114,27
STABLE_POST_MERGE_2022,16000205,3646483.014835329,1738557.3391035679,590730248.4033233,162
STABLE_POST_MERGE_2022,16000206,2672603.8302301313,1422752.0132055958,235189137.06025156,88
STABLE_POST_MERGE_2022,16000207,2559880.9275262593,1077501.68625997,294386306.66551983,115
STABLE_POST_MERGE_2022,16000208,2928047.70837392,1260437.43252201,219603578.128044,75
STABLE_POST_MERGE_2022,16000209,2432719.9461423024,814395.3651723571,53519838.81513065,22
STABLE_POST_MERGE_2022,16000210,2866981.9948344403,1091985.850215,590598290.9358947,206
STABLE_POST_MERGE_2022,16000211,9508310.484428337,1908690.754216148,427873971.79927516,45
STABLE_POST_MERGE_2022,16000212,2670730.165977736,1171232.732498777,389926604.23274946,146
STABLE_POST_MERGE_2022,16000213,4282323.568472998,1121766.8481349288,548137416.7645438,128
STABLE_POST_MERGE_2022,16000214,2744149.91496168,2000000.0,337530439.5402866,123
STABLE_POST_MERGE_2022,16000215,4471758.541404292,1164716.074062167,773614227.6629425,173
STABLE_POST_MERGE_2022,16000216,2746335.8282479653,1136947.515482761,71404731.5344471,26
STABLE_POST_MERGE_2022,16000217,3797588.1784003656,1356267.8363,512674404.08404934,135
STABLE_POST_MERGE_2022,16000218,5607493.647724229,1194064.4153,757011642.442771,135
STABLE_POST_MERGE_2022,16000219,2377365.4763333593,693000.0,344717994.0683371,145
STABLE_POST_MERGE_2022,16000220,1762798.1052195062,693000.0,599351355.7746321,340
STABLE_POST_MERGE_2022,16000221,2390510.708318531,1212724.34325,444634991.7472468,186
STABLE_POST_MERGE_2022,16000222,3884528.1415468263,693000.0,1099321464.057752,283
STABLE_POST_MERGE_2022,16000223,1766321.1430494462,978564.4288016,243752317.74082357,138
STABLE_POST_MERGE_2022,16000224,3698529.148353223,1176405.9014,466014672.69250613,126
STABLE_POST_MERGE_2022,16000225,2931857.7415531413,1296120.8684,419255657.0420992,143
STABLE_POST_MERGE_2022,16000226,5397667.6255016085,2428003.674331891,464199415.7931383,86
STABLE_POST_MERGE_2022,16000227,8835426.889128532,1180967.62356,415265063.78904104,47
STABLE_POST_MERGE_2022,16000228,3641667.8764457195,1447434.811178161,666425221.3895667,183
STABLE_POST_MERGE_2022,16000229,3214839.221608244,3053517.270625184,488655561.68445307,152
STABLE_POST_MERGE_2022,16000230,3926176.7260924387,2907595.0277621876,518255327.8442019,132
STABLE_POST_MERGE_2022,16000231,3390765.181276241,2025742.294479132,335685752.94634783,99
STABLE_POST_MERGE_2022,16000232,2250398.8118726653,1221314.4583,285800649.1078285,127
STABLE_POST_MERGE_2022,16000233,6322781.491242461,781098.881855407,455240267.3694572,72
STABLE_POST_MERGE_2022,16000234,3338969.179297165,1586551.8079985534,460777746.7430088,138
STABLE_POST_MERGE_2022,16000235,3309117.839351137,1170000.0,340839137.45316714,103
STABLE_POST_MERGE_2022,16000236,2917953.39153485,1823966.7120898198,315138966.2857638,108
STABLE_POST_MERGE_2022,16000237,2440817.8698649844,1696036.917675,256285876.3358234,105
STABLE_POST_MERGE_2022,16000238,2800888.616034925,1188637.88139,288491527.4515973,103
STABLE_POST_MERGE_2022,16000239,4156238.233119491,2245931.5754106063,598498305.5692067,144
STABLE_POST_MERGE_2022,16000240,4182266.33473088,924409.633552468,556241422.519207,133
STABLE_POST_MERGE_2022,16000241,5171610.532154663,2435128.9085197253,537847495.3440849,104
STABLE_POST_MERGE_2022,16000242,4487586.372481539,1761744.0918,650700024.0098232,145
STABLE_POST_MERGE_2022,16000243,2594775.293250844,1679984.8099460865,347699889.29561305,134
STABLE_POST_MERGE_2022,16000244,3671638.960017643,2055424.475293715,425910119.3620466,116
STABLE_POST_MERGE_2022,16000245,2718700.162436882,850615.800116505,347993620.7919209,128
STABLE_POST_MERGE_2022,16000246,5735701.4147898825,1218274.089568292,418706203.2796614,73
STABLE_POST_MERGE_2022,16000247,2481277.3202282107,1311859.518498244,325047328.9498956,131
STABLE_POST_MERGE_2022,16000248,3157964.5140308193,1259731.4028,375797777.1696675,119
STABLE_POST_MERGE_2022,16000249,2936762.9249171093,1802499.79725,290739529.5667938,99
STABLE_POST_MERGE_2022,16000250,3886785.9790962106,943726.0307328,528602893.15708464,136
STABLE_POST_MERGE_2022,16000251,1905852.5356852566,969301.11413826,215361336.532434,113
STABLE_POST_MERGE_2022,16000252,2573750.6153088887,2089205.469066958,298555071.37583107,116
STABLE_POST_MERGE_2022,16000253,4143052.5023874477,1080000.0,435020512.750682,105
STABLE_POST_MERGE_2022,16000254,3353393.537528638,1941334.173679716,425880979.266137,127
STABLE_POST_MERGE_2022,16000255,2341152.433085849,1104276.881064318,39799591.362459436,17
STABLE_POST_MERGE_2022,16000256,2624060.1962091057,801165.358923272,600909784.9318852,229
STABLE_POST_MERGE_2022,16000257,2905825.989367329,1252924.317312828,421344768.4582627,145
STABLE_POST_MERGE_2022,16000258,4063778.994558192,1823311.922451558,426696794.42861015,105
STABLE_POST_MERGE_2022,16000259,4538263.189463891,1763313.97452,408443687.0517502,90
STABLE_POST_MERGE_2022,16000260,2741853.1205607858,896459.25151446,392084996.24019235,143
STABLE_POST_MERGE_2022,16000261,10070738.077663364,2146942.06271798,1500539973.5718412,149
STABLE_POST_MERGE_2022,16000262,2357351.226206967,807542.558698833,209804259.13242006,89
STABLE_POST_MERGE_2022,16000263,2576405.8802413265,1417358.627263105,267946211.54509795,104
STABLE_POST_MERGE_2022,16000264,3972816.3371552816,1303012.1834,782644818.4195905,197
STABLE_POST_MERGE_2022,16000265,3104239.8272343664,1290789.784868796,456323254.60345185,147
STABLE_POST_MERGE_2022,16000266,2485530.059803672,1251402.260147834,256009596.15977824,103
STABLE_POST_MERGE_2022,16000267,1794647.9936839903,980378.182436411,213563111.24839485,119
STABLE_POST_MERGE_2022,16000268,3632972.0595177766,844691.801508228,490451228.03489983,135
STABLE_POST_MERGE_2022,16000269,2641860.2323273574,1007368.444318698,425339497.4047046,161
STABLE_POST_MERGE_2022,16000270,4348155.232547099,1997303.769107022,500037851.7429164,115
STABLE_POST_MERGE_2022,16000271,3506157.5011437614,2096556.8344274508,406714270.1326763,116
STABLE_POST_MERGE_2022,16000272,18993261.672064,1829069.035621304,2241204877.3035517,118
STABLE_POST_MERGE_2022,16000273,9850451.548869645,1890000.0,423569416.6013948,43
STABLE_POST_MERGE_2022,16000274,15378687.242010992,940855.3878976,3521719378.420517,229
STABLE_POST_MERGE_2022,16000275,27116588.386624146,2832565.360065397,2603192485.115918,96
STABLE_POST_MERGE_2022,16000276,9910142.737313488,3195315.535401656,554967993.2895553,56
STABLE_POST_MERGE_2022,16000277,31696939.30290463,2465182.001839704,2694239840.7468934,85
STABLE_POST_MERGE_2022,16000278,24285319.42762798,1884501.225,5755620704.347832,237
STABLE_POST_MERGE_2022,16000279,17256026.76215943,795096.76810872,2950780576.3292627,171
STABLE_POST_MERGE_2022,16000280,30909109.76482359,2386000.0,3060001866.7175355,99
STABLE_POST_MERGE_2022,16000281,26442307.04371111,3077880.31181124,2882211467.764511,109
STABLE_POST_MERGE_2022,16000282,51258273.887478925,3437574.939058416,8150065548.109149,159
STABLE_POST_MERGE_2022,16000283,9705543.17055436,3324966.56019456,669682478.7682508,69
STABLE_POST_MERGE_2022,16000284,26614929.863909867,2273042.85348,3699475251.0834713,139
STABLE_POST_MERGE_2022,16000285,10104480.61933555,2746990.0,939716697.5982063,93
STABLE_POST_MERGE_2022,16000286,4768502.964582971,2106152.9725,472081793.49371415,99
STABLE_POST_MERGE_2022,16000287,2447262.190310367,1099037.854550253,276540627.50507146,113
STABLE_POST_MERGE_2022,16000288,3419453.953823478,2965590.549764031,468465191.6738165,137
STABLE_POST_MERGE_2022,16000289,2025385.2946458391,812160.595067256,89116952.96441692,44
STABLE_POST_MERGE_2022,16000290,1688634.5515945745,739016.2412271,547117594.7166421,324
STABLE_POST_MERGE_2022,16000291,5734525.444161889,2762156.532965126,630797798.8578078,110
STABLE_POST_MERGE_2022,16000292,4552805.622493322,1529585.6089499998,318696393.57453257,70
STABLE_POST_MERGE_2022,16000293,2828088.7784227883,766500.0,588242465.91194,208
STABLE_POST_MERGE_2022,16000294,2471254.1579713514,766500.0,442354494.2768719,179
STABLE_POST_MERGE_2022,16000295,2440059.54098996,981308.1753369095,87842143.47563857,36
STABLE_POST_MERGE_2022,16000296,2688022.191951127,735000.0,790278524.4336313,294
STABLE_POST_MERGE_2022,16000297,1712546.890653481,735000.0,390460691.0689937,228
STABLE_POST_MERGE_2022,16000298,4421567.344405564,1290460.59702,632284130.2499956,143
STABLE_POST_MERGE_2022,16000299,3311177.555935879,625702.87915254,678791398.9668552,205
STABLE_POST_MERGE_2022,16000300,3959837.235305999,1402071.567455005,376184537.3540699,95
STABLE_POST_MERGE_2022,16000301,3864153.002880907,2343638.011082465,490747431.3658752,127
STABLE_POST_MERGE_2022,16000302,2322186.3566061663,1046123.470615068,280984549.1493461,121
STABLE_POST_MERGE_2022,16000303,23248631.449170392,2437256.915459469,2603846722.307084,112
STABLE_POST_MERGE_2022,16000304,2950804.307971459,888756.632246962,454423863.4276047,154
STABLE_POST_MERGE_2022,16000305,4023182.2314204895,1160422.00209,374155947.5221055,93
STABLE_POST_MERGE_2022,16000306,7192111.262484914,1120000.0,589753123.523763,82
STABLE_POST_MERGE_2022,16000307,3310716.4794715056,1702702.764459984,420460992.8928812,127
STABLE_POST_MERGE_2022,16000308,3782365.0226272293,2670306.049,469013262.8057764,124
STABLE_POST_MERGE_2022,16000309,3449054.7130193147,906677.4719771005,427682784.41439503,124
STABLE_POST_MERGE_2022,16000310,3736378.8334996495,1304548.7729,325064958.5144695,87
STABLE_POST_MERGE_2022,16000311,4068291.698259272,1098359.442499482,484126712.09285337,119
STABLE_POST_MERGE_2022,16000312,19000982.744149424,3863264.4648505975,608031447.8127816,32
STABLE_POST_MERGE_2022,16000313,3531140.6292937007,1791604.1719,540264516.2819362,153
STABLE_POST_MERGE_2022,16000314,3672489.8149775486,1407746.387145,642685717.621071,175
STABLE_POST_MERGE_2022,16000315,6648186.37761431,1369110.11733,585040401.2300593,88
STABLE_POST_MERGE_2022,16000316,4482625.911286956,1504721.044893128,479640972.50770426,107
STABLE_POST_MERGE_2022,16000317,4017913.6458771424,2655651.292989025,389737623.6500828,97
STABLE_POST_MERGE_2022,16000318,3634234.9587662905,865662.50946262,388863140.5879931,107
STABLE_POST_MERGE_2022,16000319,10050415.455631362,1937032.7028857698,623125758.2491444,62
STABLE_POST_MERGE_2022,16000320,2690346.2366019175,1634222.5137701859,258273238.7137841,96
STABLE_POST_MERGE_2022,16000321,2780886.234752854,888177.0159206035,350391665.57885957,126
STABLE_POST_MERGE_2022,16000322,4955240.030738954,3152482.687471112,480658282.9816786,97
STABLE_POST_MERGE_2022,16000323,3081497.7750526774,812936.25,551588101.7344292,179
STABLE_POST_MERGE_2022,16000324,10654121.798549904,3022838.690834848,564668455.3231449,53
STABLE_POST_MERGE_2022,16000325,4056861.876477598,1106354.660637005,503050872.6832222,124
STABLE_POST_MERGE_2022,16000326,2816095.166707792,1131179.25,211207137.5030844,75
STABLE_POST_MERGE_2022,16000327,7159823.917455123,2549938.093716626,723142215.6629674,101
STABLE_POST_MERGE_2022,16000328,7094307.500127416,953855.5550832,595921830.010703,84
STABLE_POST_MERGE_2022,16000329,3519866.496004959,1638461.543076009,380145581.56853557,108
STABLE_POST_MERGE_2022,16000330,3311138.622393776,1417713.6231,307935891.88262117,93
STABLE_POST_MERGE_2022,16000331,6835449.619516976,1112919.15,519494171.08329016,76
STABLE_POST_MERGE_2022,16000332,3575841.9681462203,2030397.02895,386190932.5597918,108
STABLE_POST_MERGE_2022,16000333,3586624.3707725587,1428380.646105,398115305.155754,111
STABLE_POST_MERGE_2022,16000334,3616718.555384365,1818371.979664592,303804358.65228665,84
STABLE_POST_MERGE_2022,16000335,5031115.99661029,1442916.852615,477956019.67797756,95
STABLE_POST_MERGE_2022,16000336,8866077.968087556,1980000.0,434437820.43629026,49
STABLE_POST_MERGE_2022,16000337,3041109.446337204,1729014.77316,453125307.5042434,149
STABLE_POST_MERGE_2022,16000338,13764569.591829628,1431145.998615362,1899510603.6724887,138
STABLE_POST_MERGE_2022,16000339,6564021.8687175205,1389054.711172158,1234036111.318894,188
STABLE_POST_MERGE_2022,16000340,3495252.694268262,1455207.62115746,590697705.3313363,169
STABLE_POST_MERGE_2022,16000341,6942998.804345105,1325455.2957866536,569325901.9562986,82
STABLE_POST_MERGE_2022,16000342,3893290.231190417,1541647.718988801,498341149.5923734,128
STABLE_POST_MERGE_2022,16000343,3203226.0990682053,1439099.26479,307509705.5105477,96
STABLE_POST_MERGE_2022,16000344,3106678.6427257755,1120000.0,307561185.62985176,99
STABLE_POST_MERGE_2022,16000345,4828212.033334661,1490690.0,714575380.9335299,148
STABLE_POST_MERGE_2022,16000346,4045670.1327225845,1539400.2242,360064641.81231004,89
STABLE_POST_MERGE_2022,16000347,2765628.719621277,2415784.033876617,193594010.37348938,70
STABLE_POST_MERGE_2022,16000348,3129363.2323089163,1184117.56641,425593399.5940126,136
STABLE_POST_MERGE_2022,16000349,6161151.812228378,1265422.353736006,492892144.97827023,80
STABLE_POST_MERGE_2022,16000350,5116644.927949359,1868477.9465248631,573064231.9303281,112
STABLE_POST_MERGE_2022,16000351,3060189.1540994304,1301268.500383256,348861563.56733507,114
STABLE_POST_MERGE_2022,16000352,10645415.277733216,3329631.695309656,1288095248.605719,121
STABLE_POST_MERGE_2022,16000353,4722075.731336063,1505310.290616652,604425693.611016,128
STABLE_POST_MERGE_2022,16000354,5808981.702535296,2078245.0912769875,220741304.69634125,38
STABLE_POST_MERGE_2022,16000355,2357937.24994797,1215801.59418,407923144.24099874,173
STABLE_POST_MERGE_2022,16000356,9646256.41718033,1146545.913040976,482312820.8590165,50
STABLE_POST_MERGE_2022,16000357,3335491.597020242,1349853.26202,617065945.4487448,185
STABLE_POST_MERGE_2022,16000358,3066319.6569681223,1356072.461494477,251438211.87138605,82
STABLE_POST_MERGE_2022,16000359,8722705.896426745,3266327.45969556,1212456119.6033175,139
STABLE_POST_MERGE_2022,16000360,6640552.0935363555,2190352.8438,1042566678.6852078,157
STABLE_POST_MERGE_2022,16000361,6510330.911783353,1389016.369676592,579419451.1487185,89
STABLE_POST_MERGE_2022,16000362,4959958.796899665,2298222.275770137,446396291.72096986,90
STABLE_POST_MERGE_2022,16000363,4518435.869339337,1786739.054417048,474435766.28063035,105
STABLE_POST_MERGE_2022,16000364,5685239.094825112,1325471.763293555,608320583.146287,107
STABLE_POST_MERGE_2022,16000365,7283884.426105735,1783809.519118682,604562407.366776,83
STABLE_POST_MERGE_2022,16000366,3642954.076730193,1219472.968734108,411653810.67051184,113
STABLE_POST_MERGE_2022,16000367,3287511.450987928,703500.0,677227358.9035132,206
STABLE_POST_MERGE_2022,16000368,4474438.427981983,703500.0,469816034.9381082,105
STABLE_POST_MERGE_2022,16000369,1946680.8904713045,703500.0,381549454.5323757,196
STABLE_POST_MERGE_2022,16000370,12938113.43631903,2669088.7883626157,414019629.962209,32
STABLE_POST_MERGE_2022,16000371,1715115.327663258,735000.0,533400866.9032732,311
STABLE_POST_MERGE_2022,16000372,1975582.7954242975,735000.0,484017784.87895286,245
STABLE_POST_MERGE_2022,16000373,4430676.352793706,1755256.376625,429775606.2209894,97
STABLE_POST_MERGE_2022,16000374,7212002.265245795,1096835.38354341,555324174.4239262,77
STABLE_POST_MERGE_2022,16000375,3056916.514856151,1176419.93695722,336260816.6341766,110
STABLE_POST_MERGE_2022,16000376,3263620.690060216,1386580.42224,306780344.8656603,94
STABLE_POST_MERGE_2022,16000377,3568516.508327009,1329986.25018,381831266.39098996,107
STABLE_POST_MERGE_2022,16000378,7916374.2984923925,4263185.065919785,1361616379.3406916,172
STABLE_POST_MERGE_2022,16000379,5015012.2971949605,1497661.5433730101,702101721.6072944,140
STABLE_POST_MERGE_2022,16000380,6588568.493399641,1752941.3832,704976828.7937615,107
STABLE_POST_MERGE_2022,16000381,6533777.737340218,1307746.28718,601107551.8353001,92
STABLE_POST_MERGE_2022,16000382,3853631.406258439,1564281.0305369205,362241352.1882933,94
STABLE_POST_MERGE_2022,16000383,4121582.0821319153,1708538.57265,515197760.2664894,125
STABLE_POST_MERGE_2022,16000384,3259786.1511195167,1506306.990749532,299900325.9029955,92
STABLE_POST_MERGE_2022,16000385,1748995.0027368222,1696338.1079600458,24485930.038315512,14
STABLE_POST_MERGE_2022,16000386,2925393.9024492106,1242223.847676244,628959689.0265803,215
STABLE_POST_MERGE_2022,16000387,3005104.1519173663,1597648.29568871,387658435.5973402,129
STABLE_POST_MERGE_2022,16000388,3305858.18135459,1140151.6569269141,396702981.76255083,120
STABLE_POST_MERGE_2022,16000389,3459961.20973459,1481262.92424,342536159.7637244,99
STABLE_POST_MERGE_2022,16000390,3718651.6299279183,770000.0,397895724.40228724,107
STABLE_POST_MERGE_2022,16000391,2731173.273991746,1007057.41642839,406944817.82477015,149
STABLE_POST_MERGE_2022,16000392,3556733.0722768484,1315092.104704014,423251235.60094494,119
STABLE_POST_MERGE_2022,16000393,6188180.194884958,1244206.85328,940603389.6225135,152
STABLE_POST_MERGE_2022,16000394,5789489.467805345,2001253.267065136,677370267.7332253,117
STABLE_POST_MERGE_2022,16000395,3597275.48808995,1353227.14548,406492130.1541643,113
STABLE_POST_MERGE_2022,16000396,3430758.979640252,3098449.110853992,61753661.63352454,18
STABLE_POST_MERGE_2022,16000397,2932326.4578960966,991228.349016,768269531.9687773,262
STABLE_POST_MERGE_2022,16000398,3651964.670565731,837337.525222036,445539689.80901915,122
STABLE_POST_MERGE_2022,16000399,2841471.137123822,1054888.23015,321086238.49499184,113
STABLE_POST_MERGE_2022,16000400,3286231.576486745,1146396.916129506,410778947.0608431,125
STABLE_POST_MERGE_2022,16000401,15180231.796325902,1737028.297583414,364325563.11182165,24
STABLE_POST_MERGE_2022,16000402,2950372.701671642,1197910.991308365,460258141.4607761,156
STABLE_POST_MERGE_2022,16000403,3321097.2519402453,1240000.0,554623241.074021,167
STABLE_POST_MERGE_2022,16000404,2809059.611125807,1467656.314019775,283715020.7237065,101
STABLE_POST_MERGE_2022,16000405,3356704.719727828,1180326.965969646,396091156.92788374,118
STABLE_POST_MERGE_2022,16000406,6726053.903621113,1291412.1242,544810366.1933101,81
STABLE_POST_MERGE_2022,16000407,5026328.080324292,1407532.5,784107180.5305896,156
STABLE_POST_MERGE_2022,16000408,2989210.1386909448,1127202.8414628,400554158.5845866,134
STABLE_POST_MERGE_2022,16000409,2493224.7182736774,1226933.3696203455,179512179.71570477,72
STABLE_POST_MERGE_2022,16000410,3231710.6893266034,1209464.4543,462134628.5737043,143
STABLE_POST_MERGE_2022,16000411,4869852.685956536,1087006.76397,443156594.42204475,91
STABLE_POST_MERGE_2022,16000412,8283783.859247831,2670108.76152664,1010621630.8282354,122
STABLE_POST_MERGE_2022,16000413,5344494.46205328,1620000.0,593238885.2879142,111
STABLE_POST_MERGE_2022,16000414,7275878.867945378,2868692.34571856,916760737.3611176,126
STABLE_POST_MERGE_2022,16000415,6233854.872981745,1350497.9442,791699568.8686816,127
STABLE_POST_MERGE_2022,16000416,3253667.324514624,1180777.1826487365,475035429.37913513,146
STABLE_POST_MERGE_2022,16000417,1617864.491808395,652665.686405139,19414373.90170074,12
STABLE_POST_MERGE_2022,16000418,2921837.580904468,1000368.531,593133028.923607,203
STABLE_POST_MERGE_2022,16000419,4399442.386136437,1118586.046980595,576326952.5838733,131
STABLE_POST_MERGE_2022,16000420,3416159.9379130057,1494525.281025,461181591.6182558,135
STABLE_POST_MERGE_2022,16000421,3478669.4868653417,1067840.097939822,278293558.94922733,80
STABLE_POST_MERGE_2022,16000422,4804256.910038789,1671138.0163247506,490034204.8239565,102
STABLE_POST_MERGE_2022,16000423,3794649.1831781515,1800000.0,345313075.6692118,91
STABLE_POST_MERGE_2022,16000424,3057244.348198499,1155157.6478,354640344.3910259,116
STABLE_POST_MERGE_2022,16000425,1614550.9009149289,953754.6796899,117862215.76678981,73
STABLE_POST_MERGE_2022,16000426,4300093.842946511,1195922.462174974,498810885.78179526,116
STABLE_POST_MERGE_2022,16000427,3197986.6558106807,1978880.665449688,335788598.8601215,105
STABLE_POST_MERGE_2022,16000428,4993983.823646342,1345537.0554034605,639229929.4267318,128
STABLE_POST_MERGE_2022,16000429,5665425.394734342,1636829.948783787,572207964.8681685,101
STABLE_POST_MERGE_2022,16000430,3887697.44826784,1818614.390479068,353780467.7923734,91
STABLE_POST_MERGE_2022,16000431,2744668.480901181,1960127.2807465862,241530826.31930393,88
STABLE_POST_MERGE_2022,16000432,3186854.764988687,1981002.0876900177,363301443.2087103,114
STABLE_POST_MERGE_2022,16000433,5743218.506280165,1049546.5551,574321850.6280165,100
STABLE_POST_MERGE_2022,16000434,3710868.1467642053,1208679.079593416,181832539.19144607,49
STABLE_POST_MERGE_2022,16000435,3047970.536997479,1173556.41309,350516611.7547101,115
STABLE_POST_MERGE_2022,16000436,6382468.84342515,1540946.564528145,536127382.84771264,84
STABLE_POST_MERGE_2022,16000437,3396757.3991854237,2217665.729769458,363453041.7128403,107
STABLE_POST_MERGE_2022,16000438,3507412.8668790855,1652642.840475,368278351.022304,105
STABLE_POST_MERGE_2022,16000439,11255122.01769638,986762.337146872,495225368.77864075,44
STABLE_POST_MERGE_2022,16000440,3738744.9391897204,1399770.01492,613154170.0271142,164
STABLE_POST_MERGE_2022,16000441,3114527.2714887327,1968644.377341415,280307454.43398595,90
STABLE_POST_MERGE_2022,16000442,1837459.8541994127,672000.0,305018335.7971025,166
STABLE_POST_MERGE_2022,16000443,3200411.5525511117,672000.0,588875725.6694045,184
STABLE_POST_MERGE_2022,16000444,3334618.0859567244,651000.0,420161878.8305473,126
STABLE_POST_MERGE_2022,16000445,1877472.7111777589,651000.0,255336288.7201752,136
STABLE_POST_MERGE_2022,16000446,1487977.2353218512,693000.0,424073512.0667276,285
STABLE_POST_MERGE_2022,16000447,5245717.668879664,738154.0992022869,482606025.5369291,92
STABLE_POST_MERGE_2022,16000448,3161192.5118856374,1249530.21513,398310256.4975903,126
STABLE_POST_MERGE_2022,16000449,2563992.8319148794,1296578.64909929,220503383.5446796,86
STABLE_POST_MERGE_2022,16000450,4152918.945062025,957799.1140935209,382068542.9457063,92
STABLE_POST_MERGE_2022,16000451,2455762.727062376,771088.500177913,255399323.6144871,104
STABLE_POST_MERGE_2022,16000452,2286930.5878213053,1217216.72916,244701572.89687964,107
STABLE_POST_MERGE_2022,16000453,2195296.609234676,945000.0,182209618.56647813,83
STABLE_POST_MERGE_2022,16000454,3866724.6927598882,1127237.787,545208181.6791443,141
STABLE_POST_MERGE_2022,16000455,1890760.3251484872,961624.77091464,166386908.61306688,88
STABLE_POST_MERGE_2022,16000456,1746404.9182201747,892943.3721004999,160669252.47625607,92
STABLE_POST_MERGE_2022,16000457,4699979.886697201,1443951.533904148,535797707.08348095,114
STABLE_POST_MERGE_2022,16000458,4075378.6398673737,1739714.0777225,456442407.6651459,112
STABLE_POST_MERGE_2022,16000459,3554950.476368564,1046628.280847916,380379700.9714364,107
STABLE_POST_MERGE_2022,16000460,1859659.2606646514,1357983.5,146913081.59250745,79
STABLE_POST_MERGE_2022,16000461,4210627.046276037,1030262.48098558,547381516.0158848,130
STABLE_POST_MERGE_2022,16000462,2265610.9290614994,1343656.0,274138922.41644144,121
STABLE_POST_MERGE_2022,16000463,2477313.913976778,1006599.36078,260117960.96756166,105
STABLE_POST_MERGE_2022,16000464,5924236.95259013,1197446.693993694,420620823.6338993,71
STABLE_POST_MERGE_2022,16000465,1687612.0943574682,1222913.18079,222764796.4551858,132
STABLE_POST_MERGE_2022,16000466,2939841.157305133,1130466.7155900002,258706021.8428517,88
STABLE_POST_MERGE_2022,16000467,2995100.95264348,1976059.311125862,293519893.35906106,98
STABLE_POST_MERGE_2022,16000468,5469548.212553178,1239558.57416804,667284881.9314877,122
STABLE_POST_MERGE_2022,16000469,2467860.5701090707,938004.871040016,273932523.2821069,111
STABLE_POST_MERGE_2022,16000470,10344824.179367993,1897470.28602181,662068747.4795516,64
STABLE_POST_MERGE_2022,16000471,2567778.2037438783,1353823.3262,369760061.3391185,144
STABLE_POST_MERGE_2022,16000472,2249595.102118137,1836466.789875,238457080.82452253,106
STABLE_POST_MERGE_2022,16000473,3230253.8110431605,809309.6637927999,465156548.79021513,144
STABLE_POST_MERGE_2022,16000474,2329989.3495910284,1512714.2311368734,205039062.7640105,88
STABLE_POST_MERGE_2022,16000475,12700248.097189892,1739661.2329110634,355606946.721317,28
STABLE_POST_MERGE_2022,16000476,2661684.6886482453,1387360.2172,417884496.11777455,157
STABLE_POST_MERGE_2022,16000477,7438335.35247982,3577672.1806642325,788463547.3628609,106
STABLE_POST_MERGE_2022,16000478,4040488.1374015007,1197328.1745471,565668339.2362101,140
STABLE_POST_MERGE_2022,16000479,2743796.6891849996,1497868.9043791406,252429295.40501997,92
STABLE_POST_MERGE_2022,16000480,3118405.660285245,1252823.4149,296248537.7270983,95
STABLE_POST_MERGE_2022,16000481,2181986.5156435156,1602306.6537,250928449.2990043,115
STABLE_POST_MERGE_2022,16000482,3765193.886355797,874038.11635,448058072.4763398,119
STABLE_POST_MERGE_2022,16000483,3515573.33048526,1255000.0,372650773.0314376,106
STABLE_POST_MERGE_2022,16000484,2538615.1445360724,1318937.575264848,322404123.3560812,127
STABLE_POST_MERGE_2022,16000485,5952350.14515553,1664591.15805048,386902759.4351095,65
STABLE_POST_MERGE_2022,16000486,2217780.0680712685,1185019.122160272,195164645.99027163,88
STABLE_POST_MERGE_2022,16000487,2163345.271932295,2029425.188304228,201191110.28970343,93
STABLE_POST_MERGE_2022,16000488,2722126.7171144322,888140.556935649,555313850.2913442,204
STABLE_POST_MERGE_2022,16000489,1834864.7870787662,1119081.2088085841,337615120.82249296,184
STABLE_POST_MERGE_2022,16000490,1804940.198198623,1188040.647863874,231032345.36942375,128
STABLE_POST_MERGE_2022,16000491,2331456.255365405,1140527.16468321,296094944.43140644,127
STABLE_POST_MERGE_2022,16000492,5412054.6679383395,1221734.1491,389667936.0915604,72
STABLE_POST_MERGE_2022,16000493,2805603.478769954,1196193.03309,415229314.8579532,148
STABLE_POST_MERGE_2022,16000494,3000021.3565961183,1833147.055473588,408002904.4970721,136
STABLE_POST_MERGE_2022,16000495,2516817.694582936,1420324.0812660125,362421748.01994276,144
STABLE_POST_MERGE_2022,16000496,12201226.972134564,1124593.758740086,317231901.2754987,26
STABLE_POST_MERGE_2022,16000497,2035015.6042342251,1174753.98531,402933089.6383766,198
STABLE_POST_MERGE_2022,16000498,2074847.6102557199,1172893.3038,257281103.67170927,124
STABLE_POST_MERGE_2022,16000499,3699883.885896578,1798304.520355798,395887575.79093385,107
STABLE_POST_MERGE_2022,16000500,4075661.2594085736,1127653.7849,574668237.5766089,141
STABLE_POST_MERGE_2022,16000501,2494316.8687350783,950315.742737298,244443053.13603765,98
STABLE_POST_MERGE_2022,16000502,2474678.4249696685,1716556.18011156,292012054.1464209,118
STABLE_POST_MERGE_2022,16000503,3603975.8592922785,950814.2937257399,439685054.833658,122
STABLE_POST_MERGE_2022,16000504,4718491.96027242,1145184.9537,542626575.4313283,115
STABLE_POST_MERGE_2022,16000505,2926646.5729976106,1209662.84043,289738010.7267634,99
STABLE_POST_MERGE_2022,16000506,2419644.627443499,856791.1224608296,271000198.27367187,112
STABLE_POST_MERGE_2022,16000507,4764749.980215479,1200000.0,405003748.3183157,85
STABLE_POST_MERGE_2022,16000508,2704757.970415877,1655634.435105735,348913778.18364817,129
STABLE_POST_MERGE_2022,16000509,3199531.228505564,1598719.749907885,303955466.70802855,95
STABLE_POST_MERGE_2022,16000510,1994476.6762570248,1214388.8598,396900858.5751479,199
STABLE_POST_MERGE_2022,16000511,2188457.504157486,1332944.74949533,131307450.24944916,60
STABLE_POST_MERGE_2022,16000512,4679888.986538304,1244056.9930737806,570946456.357673,122
STABLE_POST_MERGE_2022,16000513,3214897.511066422,1565455.86138258,305415263.55131006,95
STABLE_POST_MERGE_2022,16000514,2533891.712522064,2113093.4735493567,354744839.75308895,140
STABLE_POST_MERGE_2022,16000515,1939707.584659832,1004718.0177,188151635.7120037,97
STABLE_POST_MERGE_2022,16000516,4006560.500541232,1123759.8304,540885667.5730664,135
STABLE_POST_MERGE_2022,16000517,1472211.982954171,792305.107420308,207581889.59653813,141
STABLE_POST_MERGE_2022,16000518,1420405.667695375,682500.0,383509530.2777512,270
STABLE_POST_MERGE_2022,16000519,1588229.9855094275,693000.0,276352017.4786404,174
STABLE_POST_MERGE_2022,16000520,1302248.1838946098,693000.0,328166542.3414417,252
STABLE_POST_MERGE_2022,16000521,1971164.2994112365,672000.0,522358539.3439777,265
STABLE_POST_MERGE_2022,16000522,2360959.256523167,1234921.8476,236095925.6523167,100
STABLE_POST_MERGE_2022,16000523,2494737.566007594,672000.0,606221228.5398453,243
STABLE_POST_MERGE_2022,16000524,2768339.352723752,1336594.9341334,293443971.3887177,106
STABLE_POST_MERGE_2022,16000525,14674120.56196033,1276582.123082837,352178893.4870479,24
STABLE_POST_MERGE_2022,16000526,2243316.901329424,1177772.16,325280950.69276655,145
STABLE_POST_MERGE_2022,16000527,2901585.586462245,2432015.591477832,258241117.1951398,89
STABLE_POST_MERGE_2022,16000528,2202076.241479333,929702.377996229,229015929.11385065,104
STABLE_POST_MERGE_2022,16000529,2409737.903928785,1948877.92310869,344592520.26181626,143
STABLE_POST_MERGE_2022,16000530,4164987.4571081796,1117529.02977167,445653657.9105752,107
STABLE_POST_MERGE_2022,16000531,1582736.6005983893,1212650.82873,112374298.64248563,71
STABLE_POST_MERGE_2022,16000532,3207236.0319761056,1461472.0,339967019.3894672,106
STABLE_POST_MERGE_2022,16000533,3896387.9950564164,1121149.6556198983,459773783.41665715,118
STABLE_POST_MERGE_2022,16000534,3464152.8494349807,1232259.6829150282,332558673.5457581,96
STABLE_POST_MERGE_2022,16000535,3245788.3485038267,1247975.1045319228,331070411.54739034,102
STABLE_POST_MERGE_2022,16000536,2635044.713731157,993169.729543935,237154024.23580414,90
STABLE_POST_MERGE_2022,16000537,4024919.9056400713,1120269.45111543,430666429.9034876,107
STABLE_POST_MERGE_2022,16000538,2353752.3127594623,1080000.0,237728983.5887057,101
STABLE_POST_MERGE_2022,16000539,6370799.1000061,907623.895898125,414101941.5003965,65
STABLE_POST_MERGE_2022,16000540,1716046.1124178723,875306.308032564,193913210.70321956,113
STABLE_POST_MERGE_2022,16000541,2459567.016024596,1898638.769006784,177088825.15377092,72
STABLE_POST_MERGE_2022,16000542,2763672.4600839172,1503505.8794485563,309531315.52939874,112
STABLE_POST_MERGE_2022,16000543,2946569.957991877,1133715.50946,353588394.95902526,120
STABLE_POST_MERGE_2022,16000544,9875886.516368415,1857326.165541202,928333332.538631,94
STABLE_POST_MERGE_2022,16000545,5087687.307398981,1328707.7251,569820978.4286859,112
STABLE_POST_MERGE_2022,16000546,2103364.167635072,1239642.249,271333977.6249243,129
STABLE_POST_MERGE_2022,16000547,1875883.628180619,1200942.9993,196967780.958965,105
STABLE_POST_MERGE_2022,16000548,5000336.321094109,945000.0,445029932.57737565,89
STABLE_POST_MERGE_2022,16000549,1773369.6427699537,1198450.30635,180883703.5625353,102
STABLE_POST_MERGE_2022,16000550,2529878.977431143,888763.0895036,215039713.08164716,85
STABLE_POST_MERGE_2022,16000551,4746544.674601681,997815.025417425,360737395.2697277,76
STABLE_POST_MERGE_2022,16000552,2419075.8237354807,980912.17655103,333832463.67549634,138
STABLE_POST_MERGE_2022,16000553,2726322.053457932,1173752.361937214,286263815.6130829,105
STABLE_POST_MERGE_2022,16000554,2622381.4393465645,1409071.70362828,212412896.58707172,81
STABLE_POST_MERGE_2022,16000555,3170544.0929917414,1321695.1746,263155159.71831453,83
STABLE_POST_MERGE_2022,16000556,41894644.07233079,3194734.71396544,335157152.5786463,8
STABLE_POST_MERGE_2022,16000557,2399875.059561431,1013557.745580012,434377385.780619,181
STABLE_POST_MERGE_2022,16000558,2422208.397209613,945000.0,213154338.95444596,88
STABLE_POST_MERGE_2022,16000559,4646528.6179401325,1164090.54671538,432127161.4684323,93
STABLE_POST_MERGE_2022,16000560,2462943.4383036513,1239638.5296182,293090269.1581345,119
STABLE_POST_MERGE_2022,16000561,2115542.0002767364,1089842.780251862,298291422.0390198,141
STABLE_POST_MERGE_2022,16000562,2119742.992824854,1054703.64576795,114466121.61254211,54
STABLE_POST_MERGE_2022,16000563,9614223.622148694,869714.671357766,423025839.3745426,44
STABLE_POST_MERGE_2022,16000564,2010792.4197835384,944633.6984787609,378028974.9193052,188
STABLE_POST_MERGE_2022,16000565,9444458.392364794,1306367.1641,443889544.4411453,47
STABLE_POST_MERGE_2022,16000566,2994093.576754436,1561743.0021,326356199.8662335,109
STABLE_POST_MERGE_2022,16000567,2394461.4583065286,1270168.7073975,234657222.9140398,98
STABLE_POST_MERGE_2022,16000568,1757049.4342771685,583780.6037606,263557415.14157528,150
STABLE_POST_MERGE_2022,16000569,2534731.4706530455,1402404.73646,250938415.5946515,99
STABLE_POST_MERGE_2022,16000570,5118622.86482134,1286650.3173993574,491387795.0228486,96
STABLE_POST_MERGE_2022,16000571,1779470.7350757604,1271974.85136,154813953.95159116,87
STABLE_POST_MERGE_2022,16000572,2025680.2518895038,992557.3408159299,194465304.18139237,96
STABLE_POST_MERGE_2022,16000573,2825908.076043503,1234693.251981786,522792994.068048,185
STABLE_POST_MERGE_2022,16000574,1934328.8015177825,1166121.773237574,191498551.35026047,99
STABLE_POST_MERGE_2022,16000575,2288390.8497195966,1089082.502455,263164947.71775362,115
STABLE_POST_MERGE_2022,16000576,3848698.7700547646,1006341.0481532,434902961.0161884,113
STABLE_POST_MERGE_2022,16000577,1844997.72742855,1235651.6694,208484743.19942614,113
STABLE_POST_MERGE_2022,16000578,2071781.68967004,1087209.943147704,343915760.48522663,166
STABLE_POST_MERGE_2022,16000579,1805079.2738859027,1114359.26067,164262213.92361715,91
STABLE_POST_MERGE_2022,16000580,6938812.413296541,1326261.4026,742452928.2227299,107
STABLE_POST_MERGE_2022,16000581,2076003.4711587534,1058023.554915574,193068322.81776407,93
STABLE_POST_MERGE_2022,16000582,2764188.619947695,1872000.0,257069541.65513566,93
STABLE_POST_MERGE_2022,16000583,2252917.2046549525,986375.8295759549,382995924.7913419,170
STABLE_POST_MERGE_2022,16000584,4106005.7042513536,1913418.326145887,402388559.0166327,98
STABLE_POST_MERGE_2022,16000585,2308797.5229058485,1022790.869360666,228570954.76767898,99
STABLE_POST_MERGE_2022,16000586,4918081.670850087,1309958.503725268,511480493.768409,104
STABLE_POST_MERGE_2022,16000587,3730894.9391341596,1205270.11341,417860233.1830259,112
STABLE_POST_MERGE_2022,16000588,4027950.1425237684,3424059.65975,692807424.5140882,172
STABLE_POST_MERGE_2022,16000589,1710040.0593691778,1285388.23824,15390360.5343226,9
STABLE_POST_MERGE_2022,16000590,3111267.306542015,1140625.9782270342,566250649.7906468,182
STABLE_POST_MERGE_2022,16000591,2331133.4931212156,765003.9484340445,303047354.105758,130
STABLE_POST_MERGE_2022,16000592,1703444.98311741,714000.0,338985551.6403646,199
STABLE_POST_MERGE_2022,16000593,1920003.4050452455,714000.0,297600527.78201306,155
STABLE_POST_MERGE_2022,16000594,4332067.241932652,693000.0,836088977.6930017,193
STABLE_POST_MERGE_2022,16000595,2627091.506026791,1175629.224417439,373046993.8558043,142
STABLE_POST_MERGE_2022,16000596,2139464.176641486,693000.0,586213184.3997672,274
STABLE_POST_MERGE_2022,16000597,1970380.6728412237,682500.0,398016895.9139272,202
STABLE_POST_MERGE_2022,16000598,2970531.0677132406,1158942.342496113,389139569.8704345,131
STABLE_POST_MERGE_2022,16000599,5911206.00560926,3102986.27505978,750723162.712376,127
STABLE_POST_MERGE_2022,16000600,5111803.126522578,2398156.0237299576,500956706.39921266,98
STABLE_POST_MERGE_2022,16000601,8830244.784875548,1695172.699823085,1015478150.260688,115
STABLE_POST_MERGE_2022,16000602,2173530.995134448,1408196.709462664,210832506.52804145,97
STABLE_POST_MERGE_2022,16000603,2485280.758370833,1022939.90919,285807287.21264577,115
STABLE_POST_MERGE_2022,16000604,4049470.58028726,1204267.857151268,441392293.25131136,109
STABLE_POST_MERGE_2022,16000605,2236172.8358064964,1462836.2360947137,232561974.92387563,104
STABLE_POST_MERGE_2022,16000606,1922789.2956027077,1250940.0,159591511.53502473,83
STABLE_POST_MERGE_2022,16000607,3063537.184856516,1293967.973746593,272654809.4522299,89
STABLE_POST_MERGE_2022,16000608,4164897.533682508,950000.0,537271781.8450435,129
STABLE_POST_MERGE_2022,16000609,2198549.916042084,1051292.19501,204465142.1919138,93
STABLE_POST_MERGE_2022,16000610,4634814.619079044,1595485.6806164216,426402944.9552721,92
STABLE_POST_MERGE_2022,16000611,2577006.8807727345,1504557.0081975,201006536.7002733,78
STABLE_POST_MERGE_2022,16000612,4090161.879791687,1315996.0,515360396.85375255,126
STABLE_POST_MERGE_2022,16000613,6254835.311669102,1148608.0,719306060.8419467,115
STABLE_POST_MERGE_2022,16000614,3073316.260707484,1192739.95917,322698207.3742858,105
STABLE_POST_MERGE_2022,16000615,1836732.1417916508,840921.388638,176326285.61199847,96
STABLE_POST_MERGE_2022,16000616,4694907.923184691,1039102.621689442,399067173.4706988,85
STABLE_POST_MERGE_2022,16000617,2274499.568165133,1688953.05515,222900957.68018302,98
STABLE_POST_MERGE_2022,16000618,3209584.41521471,995972.40081,410826805.1474829,128
STABLE_POST_MERGE_2022,16000619,1744068.265498266,870255.9324604735,139525461.23986128,80
STABLE_POST_MERGE_2022,16000620,3960276.2890517027,1060660.27068408,518796193.8657731,131
STABLE_POST_MERGE_2022,16000621,3461947.8927984512,1613948.22418775,387738163.99342656,112
STABLE_POST_MERGE_2022,16000622,2444419.0925043942,1364974.791644559,237108651.97292623,97
STABLE_POST_MERGE_2022,16000623,2930527.6789407237,1211766.044055,313566461.6466574,107
STABLE_POST_MERGE_2022,16000624,2361391.495318811,1246742.1876,221970800.55996823,94
STABLE_POST_MERGE_2022,16000625,3354578.408750237,1075400.744735685,479704712.4512839,143
STABLE_POST_MERGE_2022,16000626,2552154.6281802687,1203260.73273,232246071.16440445,91
STABLE_POST_MERGE_2022,16000627,2964628.1973017477,1174972.61304,373543152.8600202,126
STABLE_POST_MERGE_2022,16000628,3922525.4590175264,1186581.003447935,400097596.8197877,102
STABLE_POST_MERGE_2022,16000629,2208618.7940243036,862764.5659757201,291537680.81120807,132
STABLE_POST_MERGE_2022,16000630,5186400.829734058,1228705.2918,554944888.7815442,107
STABLE_POST_MERGE_2022,16000631,4641356.860931867,1196051.60506412,450211615.51039106,97
STABLE_POST_MERGE_2022,16000632,2324056.692191324,1602570.809807505,209165102.29721916,90
STABLE_POST_MERGE_2022,16000633,2864526.6492549405,673853.9669,378117517.70165217,132
STABLE_POST_MERGE_2022,16000634,4330597.993279226,778232.776940255,229521693.643799,53
STABLE_POST_MERGE_2022,16000635,4832603.7372729,1140463.565963676,604075467.1591125,125
STABLE_POST_MERGE_2022,16000636,2704862.8162016654,1036394.9945171429,48687530.691629976,18
STABLE_POST_MERGE_2022,16000637,3664055.931753786,930725.1,802428249.054079,219
STABLE_POST_MERGE_2022,16000638,3430876.143026967,910991.023692904,559232811.3133956,163
STABLE_POST_MERGE_2022,16000639,5587572.5192258945,1046393.965480702,491706381.6918787,88
STABLE_POST_MERGE_2022,16000640,2752967.4758949825,1234646.528684072,572617234.9861563,208
STABLE_POST_MERGE_2022,16000641,3095496.5078499443,1325799.760474728,309549650.7849944,100
STABLE_POST_MERGE_2022,16000642,3263759.1718121897,1526909.63016,62011424.2644316,19
STABLE_POST_MERGE_2022,16000643,2549865.2666217717,960000.0,543121301.7904373,213
STABLE_POST_MERGE_2022,16000644,2352976.929854895,1422030.246851313,240003646.8451993,102
STABLE_POST_MERGE_2022,16000645,5003391.0639150515,866068.214677125,510345888.5193352,102
STABLE_POST_MERGE_2022,16000646,2595209.7862149505,1656121.2774656797,46713776.15186911,18
STABLE_POST_MERGE_2022,16000647,3161419.102671107,1800000.0,559571181.1727859,177
STABLE_POST_MERGE_2022,16000648,4201102.131209056,1143438.420804768,525137766.401132,125
STABLE_POST_MERGE_2022,16000649,2616308.7759787235,826397.5412,327038596.99734044,125
STABLE_POST_MERGE_2022,16000650,4359443.743586986,1771376.823969354,379271605.6920678,87
STABLE_POST_MERGE_2022,16000651,4148595.570222885,1431088.536122685,385819388.0307283,93
STABLE_POST_MERGE_2022,16000652,3110960.2997356975,1812726.1393100652,460422124.36088324,148
STABLE_POST_MERGE_2022,16000653,3859479.1782594407,1932891.5963298646,501732293.1737273,130
STABLE_POST_MERGE_2022,16000654,11703595.42385108,2122581.778368007,1287395496.6236188,110
STABLE_POST_MERGE_2022,16000655,5024843.301116225,2520000.0,698453218.8551553,139
STABLE_POST_MERGE_2022,16000656,6534805.422308345,2086950.725937949,627341320.5416012,96
STABLE_POST_MERGE_2022,16000657,12782226.519836308,2520000.0,1776729486.257247,139
STABLE_POST_MERGE_2022,16000658,5011961.749676094,2199864.3633773997,661578950.9572445,132
STABLE_POST_MERGE_2022,16000659,4234523.78674039,2203515.808225004,385341664.59337544,91
STABLE_POST_MERGE_2022,16000660,2908039.627724439,2214767.270850433,378045151.60417706,130
STABLE_POST_MERGE_2022,16000661,2774392.114636529,1447648.54326,294085564.15147203,106
STABLE_POST_MERGE_2022,16000662,3576187.6417442136,2177058.786620196,293247386.62302554,82
STABLE_POST_MERGE_2022,16000663,3449744.694299677,1816193.8422,182836468.79788288,53
STABLE_POST_MERGE_2022,16000664,2651580.3931140816,1424832.7539360658,578044525.6988698,218
STABLE_POST_MERGE_2022,16000665,3506617.433055497,1413819.63513,487419823.19471407,139
STABLE_POST_MERGE_2022,16000666,3826028.8168186625,1354415.6007552,394080968.13232225,103
STABLE_POST_MERGE_2022,16000667,2396892.187641689,1200120.0,371518289.0844618,155
STABLE_POST_MERGE_2022,16000668,2702285.4396534925,756000.0,570182227.766887,211
STABLE_POST_MERGE_2022,16000669,1934367.3190357576,745500.0,468116891.20665336,242
STABLE_POST_MERGE_2022,16000670,2796837.853649016,2111955.113968704,411135164.4864054,147
STABLE_POST_MERGE_2022,16000671,2120596.758166198,745500.0,600128882.5610341,283
STABLE_POST_MERGE_2022,16000672,3259453.0022732094,2351597.0333207827,365058736.25459945,112
STABLE_POST_MERGE_2022,16000673,3317476.8232786986,1463096.0314886132,457811801.61246043,138
STABLE_POST_MERGE_2022,16000674,2535591.3717645057,1582227.7254756,266237094.0352731,105
STABLE_POST_MERGE_2022,16000675,3325619.6837225202,2257617.20751,435656178.56765014,131
STABLE_POST_MERGE_2022,16000676,2306494.5205222988,1409810.60439,327522221.91416645,142
STABLE_POST_MERGE_2022,16000677,5133881.681623616,2167738.998688256,580128630.0234686,113
STABLE_POST_MERGE_2022,16000678,2936549.091277191,1274447.045985135,120398512.74236482,41
STABLE_POST_MERGE_2022,16000679,2575630.276218361,964443.73844,613000005.73997,238
STABLE_POST_MERGE_2022,16000680,5381209.3487580875,1993561.506845247,769512936.8724065,143
STABLE_POST_MERGE_2022,16000681,2599402.479759322,1314806.2117006,314527700.050878,121
STABLE_POST_MERGE_2022,16000682,2417923.319086596,1948778.5069253265,328837571.39577705,136
STABLE_POST_MERGE_2022,16000683,2988446.204763005,1925061.0517638116,406428683.84776866,136
STABLE_POST_MERGE_2022,16000684,4575161.72523263,1969075.063309452,603921347.7307072,132
STABLE_POST_MERGE_2022,16000685,4278476.173058321,1315439.414307874,586151235.70899,137
STABLE_POST_MERGE_2022,16000686,2349195.7773907785,1320853.8669444039,244316360.84864098,104
STABLE_POST_MERGE_2022,16000687,2135091.6513862433,1002655.420646684,277561914.6802116,130
STABLE_POST_MERGE_2022,16000688,4107736.8350775926,1880707.4,628483735.7668717,153
STABLE_POST_MERGE_2022,16000689,2662437.1964611355,1207225.009065936,295530528.80718607,111
STABLE_POST_MERGE_2022,16000690,2597791.4619305823,1075944.45327811,314332766.89360046,121
STABLE_POST_MERGE_2022,16000691,3060383.2296493794,1091826.85338692,358064837.86897737,117
STABLE_POST_MERGE_2022,16000692,3632126.630355587,1198623.09701102,479440715.2069375,132
STABLE_POST_MERGE_2022,16000693,2706815.3375043846,860876.618912342,324817840.50052613,120
STABLE_POST_MERGE_2022,16000694,1998728.6785840406,1239402.28257,209866511.25132427,105
STABLE_POST_MERGE_2022,16000695,3305653.698274476,914398.651893831,439651941.87050533,133
STABLE_POST_MERGE_2022,16000696,2522631.4251396917,903876.9123276256,252263142.51396918,100
STABLE_POST_MERGE_2022,16000697,1871996.5948055405,1144516.097805745,177839676.50652635,95
STABLE_POST_MERGE_2022,16000698,3664050.44605018,986483.9717304329,644872878.5048317,176
STABLE_POST_MERGE_2022,16000699,2277114.5563543304,978252.3561053295,337012954.34044087,148
STABLE_POST_MERGE_2022,16000700,1780352.3529010082,1160000.0,162012064.11399174,91
STABLE_POST_MERGE_2022,16000701,2962076.6395942657,1083191.0401013975,319904277.0761807,108
STABLE_POST_MERGE_2022,16000702,17191160.193265382,307642.62993,361014364.058573,21
STABLE_POST_MERGE_2022,16000703,2730784.8172372254,1186145.017492199,464233418.9303283,170
STABLE_POST_MERGE_2022,16000704,1661311.239824723,1232739.69885,46516714.71509224,28
STABLE_POST_MERGE_2022,16000705,4905854.486421518,1184222.859107324,1044947005.6077834,213
STABLE_POST_MERGE_2022,16000706,2456720.2934759753,1099301.52624,297263155.510593,121
STABLE_POST_MERGE_2022,16000707,8371434.913647756,1125716.81454,996200754.724083,119
STABLE_POST_MERGE_2022,16000708,3320869.648961471,1282362.988539588,338728704.19407004,102
STABLE_POST_MERGE_2022,16000709,1870778.388315383,1183582.537323126,218881071.43289983,117
STABLE_POST_MERGE_2022,16000710,2647679.609627342,1140907.45995,275358679.40124357,104
STABLE_POST_MERGE_2022,16000711,4362494.327150698,1408309.9129325724,410074466.75216556,94
STABLE_POST_MERGE_2022,16000712,2238208.710289172,1158653.2166309655,259632210.39354393,116
STABLE_POST_MERGE_2022,16000713,2867248.8479122506,899937.6770287871,286724884.7912251,100
STABLE_POST_MERGE_2022,16000714,2549937.8750867555,704092.183436544,142796521.00485831,56
STABLE_POST_MERGE_2022,16000715,2369493.095006829,902954.6553550744,630285163.2718165,266
STABLE_POST_MERGE_2022,16000716,2228187.846212153,1068614.848759475,267382541.54545835,120
STABLE_POST_MERGE_2022,16000717,1811792.7277666284,1343238.83163,201108992.78209576,111
STABLE_POST_MERGE_2022,16000718,5234046.955859556,765796.974753672,826979419.0258098,158
STABLE_POST_MERGE_2022,16000719,2078013.418152316,1059032.167391818,236893529.66936404,114
STABLE_POST_MERGE_2022,16000720,1839270.8846047488,1088591.447370889,196801984.6527081,107
STABLE_POST_MERGE_2022,16000721,2711167.6029174863,1100748.14766,328051279.95301586,121
STABLE_POST_MERGE_2022,16000722,5547087.975146388,1625066.7354,649009293.0921273,117
STABLE_POST_MERGE_2022,16000723,2222195.344504515,761222.823072465,359995645.8097314,162
STABLE_POST_MERGE_2022,16000724,1321663.5245147003,761382.5824369921,132166352.45147003,100
STABLE_POST_MERGE_2022,16000725,4706719.594564686,1329782.75416,433018202.6999511,92
STABLE_POST_MERGE_2022,16000726,2264007.755936518,1339473.010352298,101880349.0171433,45
STABLE_POST_MERGE_2022,16000727,2956042.0461744536,1096137.045131988,461142559.20321476,156
STABLE_POST_MERGE_2022,16000728,2665752.3068194855,621923.5014522,426520369.0911177,160
STABLE_POST_MERGE_2022,16000729,1865338.8151283031,1232067.588528632,205187269.66411334,110
STABLE_POST_MERGE_2022,16000730,2616406.3805570696,1114717.8853785,282571889.1001635,108
STABLE_POST_MERGE_2022,16000731,4520076.544678156,1282421.8585,438447424.8337811,97
STABLE_POST_MERGE_2022,16000732,2383842.673683166,1545803.617898792,266990379.45251462,112
STABLE_POST_MERGE_2022,16000733,1974501.8614305968,593524.632723939,359359338.7803686,182
STABLE_POST_MERGE_2022,16000734,2820875.3142255726,1443876.239788249,239774401.70917368,85
STABLE_POST_MERGE_2022,16000735,4244275.75227957,1354985.06172,475358884.2553119,112
STABLE_POST_MERGE_2022,16000736,1992634.8100677063,856910.1341789,235130907.58798933,118
STABLE_POST_MERGE_2022,16000737,2362978.270717965,1488953.617747038,243386761.88395038,103
STABLE_POST_MERGE_2022,16000738,2329186.701062356,583236.700010958,319098578.0455428,137
STABLE_POST_MERGE_2022,16000739,4480536.0603622915,1006877.94309,573508615.7263733,128
STABLE_POST_MERGE_2022,16000740,2590152.6985406075,1304764.0713,347080461.6044414,134
STABLE_POST_MERGE_2022,16000741,3035948.007343894,918229.299184134,176084984.42594585,58
STABLE_POST_MERGE_2022,16000742,3185261.716072652,1175362.604485228,391787191.0769362,123
STABLE_POST_MERGE_2022,16000743,3800729.024562998,651000.0,1573501816.1690812,414
STABLE_POST_MERGE_2022,16000744,2013470.0383086356,703500.0,493300159.3856157,245
STABLE_POST_MERGE_2022,16000745,4904357.723023359,1670158.0,505148845.471406,103
STABLE_POST_MERGE_2022,16000746,2152234.9403199404,682500.0,574646729.0654241,267
STABLE_POST_MERGE_2022,16000747,1373833.5979880304,693000.0,273392885.99961805,199
STABLE_POST_MERGE_2022,16000748,1798841.8590307478,649159.100834314,284217013.72685814,158
STABLE_POST_MERGE_2022,16000749,2522596.849270812,1236409.44093,267395266.02270606,106
STABLE_POST_MERGE_2022,16000750,1344129.8635053693,371210.127492111,159951453.75713894,119
STABLE_POST_MERGE_2022,16000751,3087245.5586964907,847088.896447557,487784798.2740455,158
STABLE_POST_MERGE_2022,16000752,1530842.072523757,812177.50245,166861785.9050895,109
STABLE_POST_MERGE_2022,16000753,1956753.6022702523,649701.513013442,279815765.12464607,143
STABLE_POST_MERGE_2022,16000754,8208653.595027816,2606331.997804016,1198463424.874061,146
STABLE_POST_MERGE_2022,16000755,9099791.748932296,2687180.181186104,809881465.6549745,89
STABLE_POST_MERGE_2022,16000756,25441973.666692957,1717660.889633669,2696849208.6694536,106
STABLE_POST_MERGE_2022,16000757,4064217.2889071344,1398389.141161482,731559112.0032842,180
STABLE_POST_MERGE_2022,16000758,2109267.5688179773,833144.762840328,305843797.4786067,145
STABLE_POST_MERGE_2022,16000759,3503055.374533735,1139308.36587,381833035.82417715,109
STABLE_POST_MERGE_2022,16000760,4328073.349949135,1593748.304329062,644882929.1424211,149
STABLE_POST_MERGE_2022,16000761,3097449.6154477657,3396303.304309638,77436240.38619414,25
STABLE_POST_MERGE_2022,16000762,2402620.5653028684,1236967.78453922,502147698.14829946,209
STABLE_POST_MERGE_2022,16000763,2903895.351890782,1342301.43521304,377506395.7458016,130
STABLE_POST_MERGE_2022,16000764,2267795.909115331,1365216.6153085441,208637223.63861045,92
STABLE_POST_MERGE_2022,16000765,3792187.6903287396,1108062.45949361,530906276.6460236,140
STABLE_POST_MERGE_2022,16000766,3672173.8282093434,1219477.0766548929,396594773.4466091,108
STABLE_POST_MERGE_2022,16000767,4985961.720703206,1885061.008509345,408848861.09766287,82
STABLE_POST_MERGE_2022,16000768,2505895.7561590993,767749.8628,463590714.8894334,185
STABLE_POST_MERGE_2022,16000769,2587386.57405376,1200597.8880398194,284612523.1459136,110
STABLE_POST_MERGE_2022,16000770,3032728.9727685302,1126056.480359781,391222037.4871404,129
STABLE_POST_MERGE_2022,16000771,3296858.576436593,967624.825301658,342873291.94940567,104
STABLE_POST_MERGE_2022,16000772,2065125.2218218986,1510280.358632782,177600769.07668328,86
STABLE_POST_MERGE_2022,16000773,3929222.970266698,799162.810310472,459719087.52120364,117
STABLE_POST_MERGE_2022,16000774,1667886.2002390132,901189.6245353951,166788620.0239013,100
STABLE_POST_MERGE_2022,16000775,6485717.645042774,1693413.048514282,1011771952.6266727,156
STABLE_POST_MERGE_2022,16000776,4185946.950119376,1247978.7282996988,426966588.9121764,102
STABLE_POST_MERGE_2022,16000777,5260560.788504953,1648826.859496784,836429165.3722874,159
STABLE_POST_MERGE_2022,16000778,7604545.4152223,982691.165891544,821290904.8440084,108
STABLE_POST_MERGE_2022,16000779,2232468.007921453,1049599.910956045,263431224.93473148,118
STABLE_POST_MERGE_2022,16000780,2221924.175755397,1108669.431346932,231080114.27856126,104
STABLE_POST_MERGE_2022,16000781,3175638.911575019,1293617.278883969,571615004.0835034,180
STABLE_POST_MERGE_2022,16000782,2837818.594885465,1578159.6421400001,419997152.04304886,148
STABLE_POST_MERGE_2022,16000783,3652861.741865187,1461915.13014912,485830611.66806984,133
STABLE_POST_MERGE_2022,16000784,2874834.392451057,1555728.5427995,298982776.81490993,104
STABLE_POST_MERGE_2022,16000785,2299768.476226873,958527.9000036046,225377310.67023358,98
STABLE_POST_MERGE_2022,16000786,3494135.535801065,1321852.6264417574,614967854.3009875,176
STABLE_POST_MERGE_2022,16000787,2774008.9831016636,1218980.019681732,271852880.343963,98
STABLE_POST_MERGE_2022,16000788,2549809.6186981765,1020890.051705888,436017444.7973882,171
STABLE_POST_MERGE_2022,16000789,2117503.084136411,1113253.97802164,580195845.0533767,274
STABLE_POST_MERGE_2022,16000790,2134428.704069563,1040807.908589436,292416732.45753014,137
STABLE_POST_MERGE_2022,16000791,2058273.9261699854,770000.0,253167692.9189082,123
STABLE_POST_MERGE_2022,16000792,2030650.3730903086,1081458.2092499998,280229751.4864626,138
STABLE_POST_MERGE_2022,16000793,4110234.470875864,1558279.089100123,657637515.3401382,160
STABLE_POST_MERGE_2022,16000794,3199131.681797152,1278051.02754232,374298406.7702668,117
STABLE_POST_MERGE_2022,16000795,1885130.5943935926,1249113.91828728,214904887.76086956,114
STABLE_POST_MERGE_2022,16000796,4157703.4399333433,994886.801887268,365877902.7141342,88
STABLE_POST_MERGE_2022,16000797,2376978.1278564297,998702.90313093,473018647.44342947,199
STABLE_POST_MERGE_2022,16000798,2939007.0285368417,2159825.30066688,355619850.45295787,121
STABLE_POST_MERGE_2022,16000799,3541081.1584189697,1383126.199206864,421388657.8518574,119
STABLE_POST_MERGE_2022,16000800,1411168.6928668015,747265.605478232,39512723.40027044,28
STABLE_POST_MERGE_2022,16000801,3353785.97478032,1216693.1395999999,744540486.401231,222
STABLE_POST_MERGE_2022,16000802,0.0,0.0,0.0,0
STABLE_POST_MERGE_2022,16000803,2542667.625949154,1096865.000567212,643294909.365136,253
STABLE_POST_MERGE_2022,16000804,2614810.616441658,1087540.621954668,261481061.64416584,100
STABLE_POST_MERGE_2022,16000805,3459552.413756079,1640928.0543838502,567366595.855997,164
STABLE_POST_MERGE_2022,16000806,2336915.3380572526,1577041.8121902915,243039195.15795428,104
STABLE_POST_MERGE_2022,16000807,933088.9642799775,586153.434975304,21461046.178439483,23
STABLE_POST_MERGE_2022,16000808,3342855.0166490115,1136511.7891799998,641828163.1966102,192
STABLE_POST_MERGE_2022,16000809,4065627.184850344,1221315.037604898,500072143.7365923,123
STABLE_POST_MERGE_2022,16000810,3029958.2271286035,1506210.597675,318145613.84850335,105
STABLE_POST_MERGE_2022,16000811,2743002.1959754624,838017.974236139,345618276.6929083,126
STABLE_POST_MERGE_2022,16000812,3122882.062199157,1137023.942050508,293550913.84672076,94
STABLE_POST_MERGE_2022,16000813,2779027.787228497,1253844.9189920875,294576945.4462207,106
STABLE_POST_MERGE_2022,16000814,2341344.159728308,1045305.627814098,255206513.41038558,109
STABLE_POST_MERGE_2022,16000815,2524359.6186241037,1144124.3565,484677046.7758279,192
STABLE_POST_MERGE_2022,16000816,2423568.3794139773,1661367.1619314682,334452436.35912883,138
STABLE_POST_MERGE_2022,16000817,1482333.4552475489,693000.0,431359035.4770367,291
STABLE_POST_MERGE_2022,16000818,1582388.5568411087,682500.0,351290259.61872613,222
STABLE_POST_MERGE_2022,16000819,1391907.30275791,682500.0,283949089.76261365,204
STABLE_POST_MERGE_2022,16000820,1192458.8757787324,661500.0,215835056.51595056,181
STABLE_POST_MERGE_2022,16000821,2298451.598168126,1130882.450207584,512554706.39149207,223
STABLE_POST_MERGE_2022,16000822,3778837.602010472,1047601.04450617,578162153.1076022,153
STABLE_POST_MERGE_2022,16000823,4251077.323372857,811792.9560586801,391099113.7503028,92
STABLE_POST_MERGE_2022,16000824,1793823.7330588675,666604.338186544,238578556.4968294,133
STABLE_POST_MERGE_2022,16000825,2202279.4255182515,1100000.0,317128237.2746282,144
STABLE_POST_MERGE_2022,16000826,1614108.7942251014,693000.0,230817557.57418948,143
STABLE_POST_MERGE_2022,16000827,3152643.772281619,865966.998956724,501270359.7927774,159
STABLE_POST_MERGE_2022,16000828,2397998.2093686075,1243385.538963684,261381804.8211782,109
STABLE_POST_MERGE_2022,16000829,2139980.699882118,1203600.2620275,205438147.18868333,96
STABLE_POST_MERGE_2022,16000830,4146882.8309191815,968506.38135,427128931.58467567,103
STABLE_POST_MERGE_2022,16000831,1623157.0472854474,867787.699976948,207764102.05253726,128
STABLE_POST_MERGE_2022,16000832,1549939.126886821,652487.24745,184442756.09953168,119
STABLE_POST_MERGE_2022,16000833,3572970.7146575344,1102452.070254248,560956402.2012329,157
STABLE_POST_MERGE_2022,16000834,2334599.636099804,1331999.7163550002,252136760.69877887,108
STABLE_POST_MERGE_2022,16000835,4436947.528360891,2819036.34539982,607861811.3854421,137
STABLE_POST_MERGE_2022,16000836,1605046.1073718306,1450742.129304864,232731685.56891543,145
STABLE_POST_MERGE_2022,16000837,2254370.938702951,857594.5384905001,360699350.1924722,160
STABLE_POST_MERGE_2022,16000838,4784031.049959797,1378441.0638000001,564515663.895256,118
STABLE_POST_MERGE_2022,16000839,2547000.9104726953,1455821.0219645519,417708149.31752205,164
STABLE_POST_MERGE_2022,16000840,1811230.8687361912,1169073.28693899,184745548.6110915,102
STABLE_POST_MERGE_2022,16000841,1599718.2059553533,1096448.5274027963,169570129.83126745,106
STABLE_POST_MERGE_2022,16000842,3532285.065916653,1032117.231301635,505116764.42608136,143
STABLE_POST_MERGE_2022,16000843,5328802.3929260345,927740.5781382525,511565029.72089934,96
STABLE_POST_MERGE_2022,16000844,2232197.4710931093,1126220.965017246,285721276.299918,128
STABLE_POST_MERGE_2022,16000845,1924059.049214575,1334121.9223,248203617.34868017,129
STABLE_POST_MERGE_2022,16000846,2287682.760532006,1259006.133,256220469.1795847,112
STABLE_POST_MERGE_2022,16000847,2489361.496064339,1182304.288801406,355978693.9372004,143
STABLE_POST_MERGE_2022,16000848,3060105.189997526,1486961.697791297,397813674.69967836,130
STABLE_POST_MERGE_2022,16000849,2780598.3892164775,1609553.7186656,266937445.36478186,96
STABLE_POST_MERGE_2022,16000850,5639044.252350018,1123765.896052863,772549062.5719525,137
STABLE_POST_MERGE_2022,16000851,2660900.113784781,1740505.79115,353899715.1333759,133
STABLE_POST_MERGE_2022,16000852,2344357.23436101,843383.74254092,274289796.4202382,117
STABLE_POST_MERGE_2022,16000853,3983100.53396231,1504904.885801954,481955164.6094395,121
STABLE_POST_MERGE_2022,16000854,2557568.538123465,1085078.8382156286,322253635.8035566,126
STABLE_POST_MERGE_2022,16000855,2662682.578148853,926712.598545804,410053117.0349234,154
STABLE_POST_MERGE_2022,16000856,1860872.6877766768,1194406.344332039,195391632.21655107,105
STABLE_POST_MERGE_2022,16000857,2739568.012307624,995095.52928,353404273.5876835,129
STABLE_POST_MERGE_2022,16000858,1738932.7674468185,997027.125795,187804738.8842564,108
STABLE_POST_MERGE_2022,16000859,4920941.231710895,1509483.755591372,546224476.7199093,111
STABLE_POST_MERGE_2022,16000860,1822944.6160618446,974280.08373131,207815686.23105028,114
STABLE_POST_MERGE_2022,16000861,1953632.404408589,1038133.40166,279369433.83042824,143
STABLE_POST_MERGE_2022,16000862,3548230.7055533896,797734.269745805,479011145.2497076,135
STABLE_POST_MERGE_2022,16000863,2385030.480881917,1095273.4490006105,281433596.7440662,118
STABLE_POST_MERGE_2022,16000864,1615268.851190216,945835.4646468,164757422.821402,102
STABLE_POST_MERGE_2022,16000865,1666141.9644136354,1118708.7512098271,229927591.0890817,138
STABLE_POST_MERGE_2022,16000866,3619608.0158473183,1073777.90798889,474168650.0759987,131
STABLE_POST_MERGE_2022,16000867,2119599.768452498,1022001.838099032,254351972.2142998,120
STABLE_POST_MERGE_2022,16000868,2608510.5133924447,875259.186499446,362582961.3615498,139
STABLE_POST_MERGE_2022,16000869,3613706.223491082,1440000.0,430031040.5954388,119
STABLE_POST_MERGE_2022,16000870,22448931.018695794,752265.1825160205,404080758.3365243,18
STABLE_POST_MERGE_2022,16000871,2937856.7019549594,1075614.71742,675707041.4496406,230
STABLE_POST_MERGE_2022,16000872,3390389.546446824,1566408.8206011225,311915838.2731078,92
STABLE_POST_MERGE_2022,16000873,1670869.4765237658,834054.00362663,180453903.4645667,108
STABLE_POST_MERGE_2022,16000874,4514927.908847767,1125187.4478,605000339.7856008,134
STABLE_POST_MERGE_2022,16000875,1998205.3940220631,1239372.032,217804387.94840488,109
STABLE_POST_MERGE_2022,16000876,1896586.626208955,990000.0,218107462.01402983,115
STABLE_POST_MERGE_2022,16000877,4264588.77500938,797086.911699702,592777839.7263038,139
STABLE_POST_MERGE_2022,16000878,2433864.8750270605,1711673.998691286,226349433.37751663,93
STABLE_POST_MERGE_2022,16000879,2409237.8890877822,1880875.3281999999,91551039.78533572,38
STABLE_POST_MERGE_2022,16000880,3190370.989153425,1099302.5106,606170487.9391508,190
STABLE_POST_MERGE_2022,16000881,1873167.0020520878,1253108.839178112,192936201.21136504,103
STABLE_POST_MERGE_2022,16000882,2942362.0581314387,1475970.794219856,479605015.4754245,163
STABLE_POST_MERGE_2022,16000883,1874264.026161779,1299366.355326688,245528587.42719305,131
STABLE_POST_MERGE_2022,16000884,2711591.963100576,2253731.531399942,306409891.83036506,113
STABLE_POST_MERGE_2022,16000885,2700897.4084292725,1544968.131074324,378125637.1800982,140
STABLE_POST_MERGE_2022,16000886,2470806.650945711,2065072.4573375755,350854544.43429095,142
STABLE_POST_MERGE_2022,16000887,1987411.6039989365,1261158.538179368,256376096.9158628,129
STABLE_POST_MERGE_2022,16000888,1451522.833045797,764188.025206825,190149491.1289994,131
STABLE_POST_MERGE_2022,16000889,3454720.688299669,1177601.357597244,542391148.063048,157
STABLE_POST_MERGE_2022,16000890,2918000.086556918,908323.328276804,504814014.9743468,173
STABLE_POST_MERGE_2022,16000891,2988703.364980023,693000.0,514056978.77656394,172
STABLE_POST_MERGE_2022,16000892,1435387.0171909083,693000.0,265546598.18031806,185
STABLE_POST_MERGE_2022,16000893,2281191.914925297,672000.0,625046584.6895313,274
STABLE_POST_MERGE_2022,16000894,2525495.3483780315,1219420.66806,224769086.0056448,89
STABLE_POST_MERGE_2022,16000895,1222926.4889435526,672000.0,328967225.52581567,269
STABLE_POST_MERGE_2022,16000896,2717506.3931475836,893734.652900409,255445600.95587286,94
STABLE_POST_MERGE_2022,16000897,1475795.8091632458,770000.0,72313994.64899905,49
STABLE_POST_MERGE_2022,16000898,3501281.676195095,774956.190185339,595217884.9531661,170
STABLE_POST_MERGE_2022,16000899,4102046.0971788242,1142659.31445,438918932.3981342,107
STABLE_POST_MERGE_2022,16000900,2878138.9992128373,1516500.0,339620401.9071148,118
STABLE_POST_MERGE_2022,16000901,2608122.5368248913,1318826.973905,307758459.34533715,118
STABLE_POST_MERGE_2022,16000902,3813804.5163469836,690357.7380173639,373752842.6020044,98
STABLE_POST_MERGE_2022,16000903,2600325.9120646263,1678309.51737631,377047257.2493708,145
STABLE_POST_MERGE_2022,16000904,2157775.351200251,1170732.78486,235197513.28082734,109
STABLE_POST_MERGE_2022,16000905,3414373.7148932577,1516833.685848945,481426693.79994935,141
STABLE_POST_MERGE_2022,16000906,1770265.030961516,902067.397826933,228364188.99403557,129
STABLE_POST_MERGE_2022,16000907,4941281.928048019,644786.48974833,538599730.1572341,109
STABLE_POST_MERGE_2022,16000908,2745992.048423893,1089773.767675192,269107220.7455415,98
STABLE_POST_MERGE_2022,16000909,7638281.925327345,862787.320316412,450658633.5943133,59
STABLE_POST_MERGE_2022,16000910,2518664.8413133803,1036040.166128365,410542369.134081,163
STABLE_POST_MERGE_2022,16000911,2029579.7555739451,1075019.1508727549,117715625.82328881,58
STABLE_POST_MERGE_2022,16000912,3371834.243885302,1125000.0,468684959.90005696,139
STABLE_POST_MERGE_2022,16000913,4043233.043726348,845245.0872,400280071.32890844,99
STABLE_POST_MERGE_2022,16000914,2056271.4817046144,854833.955419651,238527491.87773526,116
STABLE_POST_MERGE_2022,16000915,1815848.1337067187,729281.330389498,188848205.90549874,104
STABLE_POST_MERGE_2022,16000916,3845291.3892332357,1177075.966402987,469125549.4864548,122
STABLE_POST_MERGE_2022,16000917,7328426.315352054,2038988.740373156,747499484.1659095,102
STABLE_POST_MERGE_2022,16000918,4188981.821266558,1832908.0,473354945.80312103,113
STABLE_POST_MERGE_2022,16000919,6356250.490673275,2134115.5656437203,648337550.048674,102
STABLE_POST_MERGE_2022,16000920,5382371.615690603,1333110.535185726,753532026.1966844,140
STABLE_POST_MERGE_2022,16000921,2641682.415684062,1109094.0,55475330.729365304,21
STABLE_POST_MERGE_2022,16000922,10106024.88033775,1194395.485124448,2496188145.443424,247
STABLE_POST_MERGE_2022,16000923,5747956.165086305,1267761.8975,643771090.4896661,112
STABLE_POST_MERGE_2022,16000924,3619141.615629456,1814136.5992967444,419820427.4130169,116
STABLE_POST_MERGE_2022,16000925,3796309.2883981913,1271224.282185,364445691.68622637,96
STABLE_POST_MERGE_2022,16000926,2186254.504247164,1265037.61644,225184213.93745786,103
STABLE_POST_MERGE_2022,16000927,6038774.367742335,918066.385208898,634071308.6129452,105
STABLE_POST_MERGE_2022,16000928,2799152.8385833628,1162221.684349815,330300034.9528368,118
STABLE_POST_MERGE_2022,16000929,3086099.6524359267,1666787.200274574,354901460.0301316,115
STABLE_POST_MERGE_2022,16000930,4961898.778954797,913667.309511876,520999371.79025376,105
STABLE_POST_MERGE_2022,16000931,2582091.9268998676,1371134.4675,291776387.73968506,113
STABLE_POST_MERGE_2022,16000932,3127655.7413239735,1413592.3531065574,350297443.028285,112
STABLE_POST_MERGE_2022,16000933,2020354.5113904434,1243204.82158988,228300059.7871201,113
STABLE_POST_MERGE_2022,16000934,2127311.1744394414,1190543.9230232942,170184893.9551553,80
STABLE_POST_MERGE_2022,16000935,2912239.3432192495,1148972.6113288798,460133816.2286414,158
STABLE_POST_MERGE_2022,16000936,4524468.423256404,1091911.949923751,429824500.2093584,95
STABLE_POST_MERGE_2022,16000937,4320528.486186049,1035250.928704096,669681915.3588376,155
STABLE_POST_MERGE_2022,16000938,1657509.4459241896,1235043.016819084,316584304.17152023,191
STABLE_POST_MERGE_2022,16000939,4043788.1110513373,1156736.59506,1055428696.9843991,261
STABLE_POST_MERGE_2022,16000940,6008456.487486946,1150427.284296499,486684975.4864426,81
STABLE_POST_MERGE_2022,16000941,3293057.929581361,1567516.34955051,306254387.45106655,93
STABLE_POST_MERGE_2022,16000942,2932227.3964510486,1325895.1772,307883876.6273601,105
STABLE_POST_MERGE_2022,16000943,2961990.0901003433,1322424.86265,473918414.41605496,160
STABLE_POST_MERGE_2022,16000944,2179313.6017625434,918771.826860472,211393419.3709667,97
STABLE_POST_MERGE_2022,16000945,3765262.440353824,1100695.1222448614,549728316.2916583,146
STABLE_POST_MERGE_2022,16000946,7779168.875079364,1794694.717753686,676787692.1319046,87
STABLE_POST_MERGE_2022,16000947,2444725.868942978,1490964.7728046135,254251490.37006968,104
STABLE_POST_MERGE_2022,16000948,2798708.656457915,1905601.990925,229494109.82954904,82
STABLE_POST_MERGE_2022,16000949,1922546.5332519887,860138.449312962,286459433.45454633,149
STABLE_POST_MERGE_2022,16000950,3417749.578835042,1614830.05307,365699204.9353495,107
STABLE_POST_MERGE_2022,16000951,5139825.7845217595,1494796.2440820734,555101184.72835,108
STABLE_POST_MERGE_2022,16000952,2109219.6083968948,1348249.34966652,297399964.78396213,141
STABLE_POST_MERGE_2022,16000953,2823455.154281952,1232979.4977081749,457399734.9936762,162
STABLE_POST_MERGE_2022,16000954,2401473.437508048,1692392.741358435,268965025.0009014,112
STABLE_POST_MERGE_2022,16000955,5637619.086294587,1658611.1210196,501748098.6802182,89
STABLE_POST_MERGE_2022,16000956,3351954.055057369,1260000.0,358659083.8911385,107
STABLE_POST_MERGE_2022,16000957,3461433.165715022,1179360.116264455,294221819.08577687,85
STABLE_POST_MERGE_2022,16000958,1904932.0191520322,886583.276856026,222877046.24078777,117
STABLE_POST_MERGE_2022,16000959,6419403.207978796,1387519.688256399,885877642.7010739,138
STABLE_POST_MERGE_2022,16000960,5149774.04564768,1622184.96555,530426726.70171106,103
STABLE_POST_MERGE_2022,16000961,3588027.6770463036,1069398.0,398271072.1521397,111
STABLE_POST_MERGE_2022,16000962,2013214.413967389,805794.1348987725,213400727.88054323,106
STABLE_POST_MERGE_2022,16000963,5193766.14337191,1171946.206518729,638833235.6347449,123
STABLE_POST_MERGE_2022,16000964,18272015.049244314,2915705.495729224,2539810091.8449597,139
STABLE_POST_MERGE_2022,16000965,1766790.5646675755,703500.0,335690207.28683937,190
STABLE_POST_MERGE_2022,16000966,8717645.350521963,703500.0,1368670320.0319483,157
STABLE_POST_MERGE_2022,16000967,3419146.9805859206,1086072.296475,495776312.18495846,145
STABLE_POST_MERGE_2022,16000968,1653451.1465007325,724500.0,286047048.3446267,173
STABLE_POST_MERGE_2022,16000969,3794158.123407555,724500.0,626036090.3622465,165
STABLE_POST_MERGE_2022,16000970,2641884.866127836,1215645.990765794,253620947.14827228,96
STABLE_POST_MERGE_2022,16000971,2215342.209420843,1013845.194407149,239256958.61745107,108
STABLE_POST_MERGE_2022,16000972,2735120.8482107352,1538599.675060662,322744260.0888668,118
STABLE_POST_MERGE_2022,16000973,2562026.0400813944,1048330.32791445,312567176.8899301,122
STABLE_POST_MERGE_2022,16000974,3652362.0421794606,1095066.7822571471,328712583.79615146,90
STABLE_POST_MERGE_2022,16000975,2060631.215944047,1187891.965961901,197820596.73062852,96
STABLE_POST_MERGE_2022,16000976,3994370.8580735796,945000.0,459352648.6784617,115
STABLE_POST_MERGE_2022,16000977,2149493.2522660457,1148613.076164516,182706926.44261387,85
STABLE_POST_MERGE_2022,16000978,3056512.308195935,652207.995890124,375951013.9081,123
STABLE_POST_MERGE_2022,16000979,1239449.9764530016,1038407.05996236,11155049.788077015,9
STABLE_POST_MERGE_2022,16000980,3295870.328519509,1720990.421695075,672357547.0179799,204
STABLE_POST_MERGE_2022,16000981,4677780.248168062,1299019.4374000002,654889234.7435287,140
STABLE_POST_MERGE_2022,16000982,4555472.456400211,1245549.93363,478324607.92202216,105
STABLE_POST_MERGE_2022,16000983,3540822.493197352,1378562.660241312,421357876.6904849,119
STABLE_POST_MERGE_2022,16000984,4668021.832621771,1105000.0,480806248.76004237,103
STABLE_POST_MERGE_2022,16000985,6333642.217367292,1546452.95624164,665032432.8235657,105
STABLE_POST_MERGE_2022,16000986,6470446.180729493,1279400.67486,782923987.8682686,121
STABLE_POST_MERGE_2022,16000987,2345717.3283464136,1620921.44152452,215805994.20787007,92
STABLE_POST_MERGE_2022,16000988,1769866.1470616066,842785.135649142,189375677.73559192,107
STABLE_POST_MERGE_2022,16000989,4123964.710553966,797968.677985865,383528718.0815188,93
STABLE_POST_MERGE_2022,16000990,2423180.1591312964,1229937.515552177,329552501.6418563,136
STABLE_POST_MERGE_2022,16000991,3443363.0280216173,1016977.28641399,423533652.4466589,123
STABLE_POST_MERGE_2022,16000992,2820991.61900803,1224946.46142,248247262.47270662,88
STABLE_POST_MERGE_2022,16000993,4268455.058246454,1050000.0,456724691.2323706,107
STABLE_POST_MERGE_2022,16000994,2001733.0639058778,929047.263962274,148128246.72903496,74
STABLE_POST_MERGE_2022,16000995,2361207.8787441915,932314.180517439,285706153.32804716,121
STABLE_POST_MERGE_2022,16000996,2881451.441339837,838163.1438089369,340011270.07810074,118
STABLE_POST_MERGE_2022,16000997,4420076.397341559,1142646.5573046426,406647028.5554234,92
STABLE_POST_MERGE_2022,16000998,2416513.398299273,1123197.066999071,236818313.03332877,98
STABLE_POST_MERGE_2022,16000999,2153362.2201167326,1017799.324000138,167962253.16910514,78
STABLE_POST_MERGE_2022,16001000,3950401.0360744684,1935608.267998188,501700931.5814575,127
STABLE_POST_MERGE_2023,17500000,3302892.059921026,1798613.2900232011,462404888.3889437,140
STABLE_POST_MERGE_2023,17500001,5088197.364507466,2098715.417774937,859905354.6017617,169
STABLE_POST_MERGE_2023,17500002,3878673.2414430445,2270664.0,639981084.8381023,165
STABLE_POST_MERGE_2023,17500003,3954295.9663703963,2008769.260105712,541738547.3927443,137
STABLE_POST_MERGE_2023,17500004,3672573.813451432,2051505.289833046,448054005.24107474,122
STABLE_POST_MERGE_2023,17500005,4636716.852004243,1555039.6759800203,704780961.504645,152
STABLE_POST_MERGE_2023,17500006,5188264.5592828,1947815.69901184,669286128.1474812,129
STABLE_POST_MERGE_2023,17500007,2933907.4076811336,2500000.0,313928092.6218813,107
STABLE_POST_MERGE_2023,17500008,7921635.593493143,1922801.53756088,966439542.4061635,122
STABLE_POST_MERGE_2023,17500009,4081324.6454835674,2693107.84069432,457108360.29415953,112
STABLE_POST_MERGE_2023,17500010,3441544.8348175385,1576068.158089686,512790180.3878132,149
STABLE_POST_MERGE_2023,17500011,2055147.1972136477,1493782.1179310181,234286780.48235583,114
STABLE_POST_MERGE_2023,17500012,3785789.006432851,1909971.99936,719299911.2222416,190
STABLE_POST_MERGE_2023,17500013,6059331.5836637085,2111786.028599509,666526474.2030079,110
STABLE_POST_MERGE_2023,17500014,3377857.5568254255,1066942.433813275,513434348.63746464,152
STABLE_POST_MERGE_2023,17500015,2725067.532819909,871026.947961203,872021610.5023708,320
STABLE_POST_MERGE_2023,17500016,1983576.6106583907,1114010.899240968,370928826.19311905,187
STABLE_POST_MERGE_2023,17500017,3270122.3226647824,1658072.1771,470897614.46372867,144
STABLE_POST_MERGE_2023,17500018,3893442.7721914556,1769710.875044594,591803301.3731012,152
STABLE_POST_MERGE_2023,17500019,4317614.779624258,1024368.193738776,621736528.2658932,144
STABLE_POST_MERGE_2023,17500020,3574054.7427102127,1507041.7940101186,528960101.92111146,148
STABLE_POST_MERGE_2023,17500021,3982130.135773202,2118019.994715208,541569698.4651555,136
STABLE_POST_MERGE_2023,17500022,5915148.797862266,2228922.539771976,845866278.0943041,143
STABLE_POST_MERGE_2023,17500023,6228711.284814958,2221255.92977155,828418600.8803895,133
STABLE_POST_MERGE_2023,17500024,2683544.5724481884,1719382.3519899999,316658259.54888624,118
STABLE_POST_MERGE_2023,17500025,3528962.282624654,2019990.1084,624626324.0245638,177
STABLE_POST_MERGE_2023,17500026,5757894.496716201,2140969.317284496,840652596.5205654,146
STABLE_POST_MERGE_2023,17500027,4464568.291508539,1826028.457198336,575929309.6046015,129
STABLE_POST_MERGE_2023,17500028,2543517.5448843883,2247844.317390099,287417482.5719359,113
STABLE_POST_MERGE_2023,17500029,3486929.022364321,1764002.128803138,519552424.33228385,149
STABLE_POST_MERGE_2023,17500030,3013189.8300953326,1615394.351655,400754247.4026792,133
STABLE_POST_MERGE_2023,17500031,12311705.580032416,1537685.023734087,1859067542.5848947,151
STABLE_POST_MERGE_2023,17500032,4840361.120216085,2412074.67319482,677650556.8302518,140
STABLE_POST_MERGE_2023,17500033,4653140.532505465,2595350.405408652,730543063.603358,157
STABLE_POST_MERGE_2023,17500034,4430491.763167986,2089604.427108708,575963929.2118381,130
STABLE_POST_MERGE_2023,17500035,3513773.0588135985,1492994.8189,541121051.0572941,154
STABLE_POST_MERGE_2023,17500036,5775051.505307746,1443480.6307315975,947108446.8704704,164
STABLE_POST_MERGE_2023,17500037,2745056.3192252815,1570780.7797,422738673.16069335,154
STABLE_POST_MERGE_2023,17500038,4383831.398290712,1477510.506788485,710180686.5230954,162
STABLE_POST_MERGE_2023,17500039,2805561.0546566914,1909731.729,381556303.43331003,136
STABLE_POST_MERGE_2023,17500040,6301012.065418745,1671425.336598682,1077473063.1866055,171
STABLE_POST_MERGE_2023,17500041,6974327.517808308,2044918.4202428102,795073337.0301471,114
STABLE_POST_MERGE_2023,17500042,2871558.990653942,1502365.404015,557082444.1868647,194
STABLE_POST_MERGE_2023,17500043,3624499.0075697196,2010286.379772228,496556364.03705156,137
STABLE_POST_MERGE_2023,17500044,5692830.562709116,1109348.703211896,779917787.091149,137
STABLE_POST_MERGE_2023,17500045,2242071.015562967,761400.0,730915151.0735272,326
STABLE_POST_MERGE_2023,17500046,2584910.710537643,1609925.224439132,299849642.4223666,116
STABLE_POST_MERGE_2023,17500047,3812640.9819944915,1236135.006296298,598584634.1731352,157
STABLE_POST_MERGE_2023,17500048,4514880.373971471,1137776.0,627568371.9820344,139
STABLE_POST_MERGE_2023,17500049,6671618.845595913,1594670.0,793922642.6259136,119
STABLE_POST_MERGE_2023,17500050,5296088.171333052,1699160.65657615,1038033281.5812782,196
STABLE_POST_MERGE_2023,17500051,4090345.351470879,2553416.6156505803,499022132.8794472,122
STABLE_POST_MERGE_2023,17500052,3898795.775133053,2125972.675890508,475653084.56623244,122
STABLE_POST_MERGE_2023,17500053,3764502.9375682957,2577860.0,523265908.3219931,139
STABLE_POST_MERGE_2023,17500054,2985397.599737524,2047992.180232395,411984868.7637783,138
STABLE_POST_MERGE_2023,17500055,3353320.7986503667,2250780.320474416,788030387.6828362,235
STABLE_POST_MERGE_2023,17500056,3451072.0419085384,2158803.410544756,769589065.3456041,223
STABLE_POST_MERGE_2023,17500057,2883749.2934544,2448118.977964395,772844810.6457791,268
STABLE_POST_MERGE_2023,17500058,2640128.051485187,2598234.314684216,868602128.9386265,329
STABLE_POST_MERGE_2023,17500059,4123649.22315771,2861285.609605128,1360804243.6420443,330
STABLE_POST_MERGE_2023,17500060,3912725.6474193013,3423758.168340712,1169904968.578371,299
STABLE_POST_MERGE_2023,17500061,5379604.600537676,3276612.785859416,1683816239.9682927,313
STABLE_POST_MERGE_2023,17500062,6649132.704286861,4795457.018702712,1456160062.2388227,219
STABLE_POST_MERGE_2023,17500063,5486962.457241515,4731527.698019704,1816184573.3469415,331
STABLE_POST_MERGE_2023,17500064,6069698.083093895,4723414.618874704,1705585161.3493843,281
STABLE_POST_MERGE_2023,17500065,6424137.541682121,4081499.315284304,546051691.0429803,85
STABLE_POST_MERGE_2023,17500066,5132115.728238167,2944784.820528594,590193308.7473892,115
STABLE_POST_MERGE_2023,17500067,7293562.93242059,3237496.1176867047,1050273062.2685649,144
STABLE_POST_MERGE_2023,17500068,16070927.741669584,3148537.173013088,1205319580.6252189,75
STABLE_POST_MERGE_2023,17500069,3517340.667231616,2020456.917243373,671812067.4412386,191
STABLE_POST_MERGE_2023,17500070,6633650.52457802,2748587.0523045654,756236159.8018943,114
STABLE_POST_MERGE_2023,17500071,8054237.1926983725,4111505.701713335,1353111848.3733265,168
STABLE_POST_MERGE_2023,17500072,4766933.664261016,2287064.1578142527,467159499.09757954,98
STABLE_POST_MERGE_2023,17500073,3894181.269353452,2499128.0,502349383.7465953,129
STABLE_POST_MERGE_2023,17500074,4529526.549240264,2800395.47803392,552602239.0073122,122
STABLE_POST_MERGE_2023,17500075,9484060.51126187,2869241.91698444,1612290286.9145179,170
STABLE_POST_MERGE_2023,17500076,4625652.254937586,2825272.987006001,439436964.2190707,95
STABLE_POST_MERGE_2023,17500077,5064175.319080344,2556505.8844,896359031.4772209,177
STABLE_POST_MERGE_2023,17500078,6623999.515772281,3940461.446086224,847871938.018852,128
STABLE_POST_MERGE_2023,17500079,8385386.058957751,2716936.970364946,880465536.1905638,105
STABLE_POST_MERGE_2023,17500080,4966588.030609318,2159467.0779979117,854253141.2648027,172
STABLE_POST_MERGE_2023,17500081,12579414.28998463,2607822.1523581455,1660482686.2779713,132
STABLE_POST_MERGE_2023,17500082,4276401.832216652,2119143.8551920243,1094758869.047463,256
STABLE_POST_MERGE_2023,17500083,6218398.7607879415,4106992.28634676,715115857.4906132,115
STABLE_POST_MERGE_2023,17500084,5573421.960777707,2828093.333660452,596356149.8032147,107
STABLE_POST_MERGE_2023,17500085,9152571.358843934,2855460.4416,997630278.1139888,109
STABLE_POST_MERGE_2023,17500086,4207265.965700296,2149700.113389252,685784352.4091482,163
STABLE_POST_MERGE_2023,17500087,5938499.852417561,2089546.9223942752,843266979.0432937,142
STABLE_POST_MERGE_2023,17500088,2944782.964912136,972549.749306028,429938312.8771719,146
STABLE_POST_MERGE_2023,17500089,7908552.683288111,3022100.0,1328636850.7924027,168
STABLE_POST_MERGE_2023,17500090,3636347.7361714644,1927160.4203063566,334543991.72777474,92
STABLE_POST_MERGE_2023,17500091,2907097.7269409685,1156570.659695,595955034.0228986,205
STABLE_POST_MERGE_2023,17500092,4161243.097655754,1465077.8740693927,499349171.7186905,120
STABLE_POST_MERGE_2023,17500093,6362323.795539413,1287165.511015316,744391884.0781113,117
STABLE_POST_MERGE_2023,17500094,5033083.088226945,1935455.1741,699598549.2635454,139
STABLE_POST_MERGE_2023,17500095,2582923.097517183,1640189.07922582,299619079.31199324,116
STABLE_POST_MERGE_2023,17500096,4468879.308800369,1672668.895807832,647987499.7760534,145
STABLE_POST_MERGE_2023,17500097,7083225.654031252,1478817.8222398139,934985786.3321252,132
STABLE_POST_MERGE_2023,17500098,3034107.746324308,1316028.8007970005,400502222.5148087,132
STABLE_POST_MERGE_2023,17500099,5370962.057572964,2593620.0,1203095500.896344,224
STABLE_POST_MERGE_2023,17500100,18825068.660525918,3132770.679677968,3068486191.6657248,163
STABLE_POST_MERGE_2023,17500101,4139537.39704486,2667001.8591171,608511997.3655944,147
STABLE_POST_MERGE_2023,17500102,4203871.187206353,1748825.68185,496056800.0903496,118
STABLE_POST_MERGE_2023,17500103,4098676.3684021807,1720659.3993079816,516433222.41867477,126
STABLE_POST_MERGE_2023,17500104,3975916.7194592506,1812341.58546,660002175.4302356,166
STABLE_POST_MERGE_2023,17500105,3101312.4048057585,1449398.075726193,344245676.9334392,111
STABLE_POST_MERGE_2023,17500106,5374332.762733546,1941749.0533,859893242.0373673,160
STABLE_POST_MERGE_2023,17500107,3596616.04779481,1917091.469586818,395627765.2574291,110
STABLE_POST_MERGE_2023,17500108,5006724.555712407,2367962.7,786055755.246848,157
STABLE_POST_MERGE_2023,17500109,2612565.964663015,1366129.580289,266481728.39562756,102
STABLE_POST_MERGE_2023,17500110,4413844.697788285,1196295.0042670374,873941250.1620805,198
STABLE_POST_MERGE_2023,17500111,14492870.218304977,2576738.40571516,2333352105.1471014,161
STABLE_POST_MERGE_2023,17500112,3393432.3918718966,1084195.990138767,549736047.4832473,162
STABLE_POST_MERGE_2023,17500113,7990743.13477079,2745697.0991509613,958889176.1724948,120
STABLE_POST_MERGE_2023,17500114,2963662.8417627006,1228191.280848,376385180.90386295,127
STABLE_POST_MERGE_2023,17500115,3935392.0776370186,3802616.397703592,271542053.3569543,69
STABLE_POST_MERGE_2023,17500116,3961744.18735435,1243929.301326008,923086395.6535635,233
STABLE_POST_MERGE_2023,17500117,4278665.295497856,1311727.842204416,616127802.5516913,144
STABLE_POST_MERGE_2023,17500118,4158283.624222876,1735538.8549,627900827.2576543,151
STABLE_POST_MERGE_2023,17500119,3803230.227013557,1752519.209486416,604713606.0951556,159
STABLE_POST_MERGE_2023,17500120,7693952.6505447,1620000.0,977131986.619177,127
STABLE_POST_MERGE_2023,17500121,3968728.9750215095,1939892.3026,694527570.6287642,175
STABLE_POST_MERGE_2023,17500122,3325937.9929556344,2297328.196228899,385808807.1828536,116
STABLE_POST_MERGE_2023,17500123,5160071.086284409,1867896.9470736894,712089809.9072485,138
STABLE_POST_MERGE_2023,17500124,5468973.345042714,1367101.569789522,727373454.8906809,133
STABLE_POST_MERGE_2023,17500125,4209612.926896972,1890975.113574768,635651551.9614427,151
STABLE_POST_MERGE_2023,17500126,2877481.790382708,1853808.813836875,428744786.7670235,149
STABLE_POST_MERGE_2023,17500127,6119662.313585108,1771521.9179681102,734359477.630213,120
STABLE_POST_MERGE_2023,17500128,3700046.5671966574,1170573.712727508,640108056.1250217,173
STABLE_POST_MERGE_2023,17500129,4018256.8861370254,1664294.312353,514336881.42553926,128
STABLE_POST_MERGE_2023,17500130,3801938.7501901747,1592717.8499830281,494252037.5247227,130
STABLE_POST_MERGE_2023,17500131,4098203.5161270555,1881435.360799233,446704183.25784904,109
STABLE_POST_MERGE_2023,17500132,6056175.690259134,2220873.84345,829696069.5655015,137
STABLE_POST_MERGE_2023,17500133,4007558.4756230386,1854104.16554,601133771.3434558,150
STABLE_POST_MERGE_2023,17500134,1482443.9942569411,928070.805711783,759011325.0595539,512
STABLE_POST_MERGE_2023,17500135,4516940.90349108,2005883.0454,673024194.620171,149
STABLE_POST_MERGE_2023,17500136,3278985.540323895,870391.964536398,659076093.6051029,201
STABLE_POST_MERGE_2023,17500137,3484007.2927807975,513970.18727424,801321677.3395834,230
STABLE_POST_MERGE_2023,17500138,3096671.167638942,1752264.535017858,396373909.4577846,128
STABLE_POST_MERGE_2023,17500139,6929204.940898976,1636854.2184,1143318815.248331,165
STABLE_POST_MERGE_2023,17500140,4790295.977570396,2477520.137028651,589206405.2411587,123
STABLE_POST_MERGE_2023,17500141,3467829.94738706,2043930.5116,457753553.0550919,132
STABLE_POST_MERGE_2023,17500142,7101249.741916581,2851283.184465294,972871214.6425716,137
STABLE_POST_MERGE_2023,17500143,5433555.782324377,2539190.41602293,695495140.1375203,128
STABLE_POST_MERGE_2023,17500144,4266818.479606305,1869693.0,661356864.3389773,155
STABLE_POST_MERGE_2023,17500145,4396759.589241083,1627129.446022176,523214391.11968887,119
STABLE_POST_MERGE_2023,17500146,2213441.4102433384,1473748.1787588445,274466734.870174,124
STABLE_POST_MERGE_2023,17500147,3306318.8514481126,891869.40139,763759654.684514,231
STABLE_POST_MERGE_2023,17500148,2231919.979975042,1363402.94092116,310236877.2165308,139
STABLE_POST_MERGE_2023,17500149,2080131.0385028976,761400.0,640680359.8588924,308
STABLE_POST_MERGE_2023,17500150,4631970.41779678,1340617.6522857756,713323444.3407042,154
STABLE_POST_MERGE_2023,17500151,4911290.905817715,1450991.051544552,741604926.778475,151
STABLE_POST_MERGE_2023,17500152,3330567.1137056937,1566030.69045,432973724.7817402,130
STABLE_POST_MERGE_2023,17500153,4207466.646005705,2581208.377903914,601667730.3788158,143
STABLE_POST_MERGE_2023,17500154,3420200.2889167545,2000000.0,393323033.2254268,115
STABLE_POST_MERGE_2023,17500155,8806113.993307775,2700054.43184664,1171213161.109934,133
STABLE_POST_MERGE_2023,17500156,2884729.864403233,1758879.276324417,337513394.13517827,117
STABLE_POST_MERGE_2023,17500157,4438975.684578885,1416467.97813439,617017620.156465,139
STABLE_POST_MERGE_2023,17500158,3209359.7967446405,2134956.175808977,513497567.4791425,160
STABLE_POST_MERGE_2023,17500159,8614734.434864912,2409750.0827982957,1447275385.0573053,168
STABLE_POST_MERGE_2023,17500160,4992681.85322517,1391411.957656,798829096.5160272,160
STABLE_POST_MERGE_2023,17500161,2739456.602357215,1268232.37898,421876316.7630111,154
STABLE_POST_MERGE_2023,17500162,4441150.044219152,1902615.0453917258,639525606.3675579,144
STABLE_POST_MERGE_2023,17500163,3760537.5877631595,1437504.7267990438,639291389.9197371,170
STABLE_POST_MERGE_2023,17500164,7421825.15120171,1413490.234859514,1187492024.1922736,160
STABLE_POST_MERGE_2023,17500165,3109451.154133614,1277694.0449077426,404228650.03736985,130
STABLE_POST_MERGE_2023,17500166,3294140.733180981,1832097.4444516222,467767984.11169934,142
STABLE_POST_MERGE_2023,17500167,12566096.977129232,1431939.9653121913,2035707710.2949355,162
STABLE_POST_MERGE_2023,17500168,3302088.3230818626,1812923.912175995,376438068.8313323,114
STABLE_POST_MERGE_2023,17500169,11313561.918398995,1964299.901317888,1798856345.0254402,159
STABLE_POST_MERGE_2023,17500170,3353898.5524773127,1677844.640775395,419237319.0596641,125
STABLE_POST_MERGE_2023,17500171,14528250.971228784,1739790.95868,2222822398.598004,153
STABLE_POST_MERGE_2023,17500172,14285006.203500189,1651414.749802809,1742770756.827023,122
STABLE_POST_MERGE_2023,17500173,2518528.6745377476,1346681.585033247,365186657.8079734,145
STABLE_POST_MERGE_2023,17500174,10777212.74169508,1576654.7238,1821348953.3464684,169
STABLE_POST_MERGE_2023,17500175,3489643.282298491,1707513.310224176,530425778.9093706,152
STABLE_POST_MERGE_2023,17500176,12482510.918987803,2077763.617959456,1909824170.605134,153
STABLE_POST_MERGE_2023,17500177,4797446.359551375,1707867.8943348806,585288455.8652678,122
STABLE_POST_MERGE_2023,17500178,15616796.15896611,2575047.5683400882,1655380392.8504076,106
STABLE_POST_MERGE_2023,17500179,17499629.95107732,2156863.723651295,2169954113.9335876,124
STABLE_POST_MERGE_2023,17500180,4041958.876133946,1944669.10007147,549706407.1542166,136
STABLE_POST_MERGE_2023,17500181,12592414.22314509,2300601.6486,1939231790.364344,154
STABLE_POST_MERGE_2023,17500182,3630659.548032767,2499414.599884212,373957933.447375,103
STABLE_POST_MERGE_2023,17500183,12878676.606039856,2669803.9217442954,1725742665.2093406,134
STABLE_POST_MERGE_2023,17500184,13810365.851731608,1908393.674333416,2168227438.7218623,157
STABLE_POST_MERGE_2023,17500185,6172619.684900307,2237458.6389,1370321570.0478683,222
STABLE_POST_MERGE_2023,17500186,2808113.5864473577,1594473.3454099488,292043812.9905252,104
STABLE_POST_MERGE_2023,17500187,3799700.064343212,2813755.547163735,387569406.56300765,102
STABLE_POST_MERGE_2023,17500188,3498327.5122204483,2001700.0,538742436.8819491,154
STABLE_POST_MERGE_2023,17500189,6783484.546275241,2328258.907809655,793667691.9142033,117
STABLE_POST_MERGE_2023,17500190,5571031.064989739,1507173.0572895,846796721.8784404,152
STABLE_POST_MERGE_2023,17500191,4372330.915047014,2292522.1588,590264673.5313469,135
STABLE_POST_MERGE_2023,17500192,3424029.8507553735,2021274.56057346,462244029.85197544,135
STABLE_POST_MERGE_2023,17500193,5141087.48535737,1290317.654835124,920254659.8789693,179
STABLE_POST_MERGE_2023,17500194,5457953.827181437,2123513.4075,791403304.9413084,145
STABLE_POST_MERGE_2023,17500195,4952423.398474486,2375664.495830769,708196545.9818515,143
STABLE_POST_MERGE_2023,17500196,3618982.31857715,2031983.25855,430658895.91068083,119
STABLE_POST_MERGE_2023,17500197,6253262.778778368,1774793.5645,781657847.347296,125
STABLE_POST_MERGE_2023,17500198,3274580.2986548706,1609161.8600599999,582875293.1605669,178
STABLE_POST_MERGE_2023,17500199,5771252.156895983,2613650.66203037,577125215.6895983,100
STABLE_POST_MERGE_2023,17500200,3452305.5803669216,1605382.16166,431538197.5458652,125
STABLE_POST_MERGE_2023,17500201,4939255.228692075,1928358.49812,785341581.3620399,159
STABLE_POST_MERGE_2023,17500202,4208881.8014148045,1839729.868967548,589243452.1980727,140
STABLE_POST_MERGE_2023,17500203,5681576.014733613,1662881.2535,801102218.0774393,141
STABLE_POST_MERGE_2023,17500204,3188198.972935008,1614813.89904,487794442.85905623,153
STABLE_POST_MERGE_2023,17500205,2877252.3980328855,1647517.40244,399938083.3265711,139
STABLE_POST_MERGE_2023,17500206,5207204.294873611,1645414.62074122,645693332.5643277,124
STABLE_POST_MERGE_2023,17500207,3170132.3035070584,2048667.672,437478257.8839741,138
STABLE_POST_MERGE_2023,17500208,3315781.9224437033,683275.320588,938366284.051568,283
STABLE_POST_MERGE_2023,17500209,3330651.739181916,1568122.025346675,512920367.8340151,154
STABLE_POST_MERGE_2023,17500210,2173032.2126808083,1557451.913644578,547604117.5955637,252
STABLE_POST_MERGE_2023,17500211,3802763.544825943,1541072.609609204,1095195900.9098716,288
STABLE_POST_MERGE_2023,17500212,3257893.0484667695,1600074.738769892,420268203.25221324,129
STABLE_POST_MERGE_2023,17500213,3137871.71021505,1483283.364242962,480094371.6629026,153
STABLE_POST_MERGE_2023,17500214,4455563.766898263,921742.67417148,815368169.3423822,183
STABLE_POST_MERGE_2023,17500215,4197799.404076352,1163686.852639997,608680913.591071,145
STABLE_POST_MERGE_2023,17500216,2677760.027348565,1436578.740817301,321331203.2818278,120
STABLE_POST_MERGE_2023,17500217,1810652.556425865,927232.0,367562468.9544506,203
STABLE_POST_MERGE_2023,17500218,2902284.659399935,1441449.879380016,490486107.43858904,169
STABLE_POST_MERGE_2023,17500219,4481203.2813332435,1383830.958627306,837985013.6093166,187
STABLE_POST_MERGE_2023,17500220,5488311.189338867,1877780.476628448,751898632.9394248,137
STABLE_POST_MERGE_2023,17500221,2658079.6008118093,1334262.5022149999,398711940.1217714,150
STABLE_POST_MERGE_2023,17500222,4689576.812955585,1142996.7693120423,665919907.4396931,142
STABLE_POST_MERGE_2023,17500223,4290323.905412728,1191129.302879865,815161542.0284183,190
STABLE_POST_MERGE_2023,17500224,3206835.03305727,1539719.038095,522714110.388335,163
STABLE_POST_MERGE_2023,17500225,5978100.059107236,2060474.364346805,836934008.275013,140
STABLE_POST_MERGE_2023,17500226,5141156.935398232,1382346.0,817443952.7283189,159
STABLE_POST_MERGE_2023,17500227,3340200.832030047,1264888.30401,587875346.4372883,176
STABLE_POST_MERGE_2023,17500228,2766724.2183006722,1433319.0702906242,542277946.7869318,196
STABLE_POST_MERGE_2023,17500229,2644005.717756498,1382346.0,409820886.2522572,155
STABLE_POST_MERGE_2023,17500230,3340654.9804628636,2338310.02274688,400878597.6555436,120
STABLE_POST_MERGE_2023,17500231,5960847.8313379055,1713886.958596096,923931413.8573754,155
STABLE_POST_MERGE_2023,17500232,4143438.9451055517,2340963.51487082,683667425.9424161,165
STABLE_POST_MERGE_2023,17500233,2877819.6509066657,1211354.618796894,463328963.7959732,161
STABLE_POST_MERGE_2023,17500234,4817652.894594265,1925806.332824192,746736198.6621112,155
STABLE_POST_MERGE_2023,17500235,5114443.542914189,1417504.977053898,935943168.3532966,183
STABLE_POST_MERGE_2023,17500236,2833079.7919973596,1387294.094728297,371133452.7516541,131
STABLE_POST_MERGE_2023,17500237,3147107.653186738,1494457.435275,667186822.4755884,212
STABLE_POST_MERGE_2023,17500238,2696892.7616243344,1128316.267354511,364080522.81928515,135
STABLE_POST_MERGE_2023,17500239,2917023.9134905464,1899676.366486956,414217395.7156576,142
STABLE_POST_MERGE_2023,17500240,3686075.004344408,1368868.828260998,538166950.6342835,146
STABLE_POST_MERGE_2023,17500241,4233000.619366235,1141900.82034,660348096.6211326,156
STABLE_POST_MERGE_2023,17500242,2876662.023834849,1075821.500373969,506292516.1949334,176
STABLE_POST_MERGE_2023,17500243,5981433.871287877,1636179.559568128,1429562695.2378025,239
STABLE_POST_MERGE_2023,17500244,3013087.2460211655,2397099.430533844,367596644.0145822,122
STABLE_POST_MERGE_2023,17500245,5813383.176932218,1871852.032405344,924327925.1322227,159
STABLE_POST_MERGE_2023,17500246,2625771.108366296,1771414.266071808,280957508.5951937,107
STABLE_POST_MERGE_2023,17500247,3483838.571788601,1039888.99114297,512124270.0529244,147
STABLE_POST_MERGE_2023,17500248,4308966.499187193,1376099.04712725,646344974.8780789,150
STABLE_POST_MERGE_2023,17500249,2739748.981770777,1049756.913125866,490415067.7369691,179
STABLE_POST_MERGE_2023,17500250,3180453.9641266936,1373484.3142515374,527955358.04503113,166
STABLE_POST_MERGE_2023,17500251,3512035.3075607168,2266447.09383495,467100695.90557534,133
STABLE_POST_MERGE_2023,17500252,27914638.849235266,7066636.251379285,502463499.2862348,18
STABLE_POST_MERGE_2023,17500253,2846400.4097944787,1969143.6883926801,563587281.1393068,198
STABLE_POST_MERGE_2023,17500254,4591296.380283662,2092426.6270672001,569320751.1551741,124
STABLE_POST_MERGE_2023,17500255,6429335.12084904,1869745.490457975,707226863.2933944,110
STABLE_POST_MERGE_2023,17500256,6474842.13930235,1557788.57192099,699282951.0446538,108
STABLE_POST_MERGE_2023,17500257,4283676.159857286,2488742.47399018,518324815.3427316,121
STABLE_POST_MERGE_2023,17500258,3023744.9990381324,825367.0840532065,695461349.7787704,230
STABLE_POST_MERGE_2023,17500259,2859166.683844545,1237565.9141609075,400283335.7382363,140
STABLE_POST_MERGE_2023,17500260,2051885.6896543496,900374.899733498,354976224.3102025,173
STABLE_POST_MERGE_2023,17500261,2650579.5961364,1016867.168248106,416140996.5934148,157
STABLE_POST_MERGE_2023,17500262,4420731.140037098,1378714.207608,610060897.3251195,138
STABLE_POST_MERGE_2023,17500263,6163294.807600963,1820614.3421999998,1047760117.2921637,170
STABLE_POST_MERGE_2023,17500264,4297967.231402885,1960023.56118171,734952396.5698934,171
STABLE_POST_MERGE_2023,17500265,4162672.926627397,2182877.810484894,491195405.34203285,118
STABLE_POST_MERGE_2023,17500266,4772689.727854637,1525979.9281,548859318.7032833,115
STABLE_POST_MERGE_2023,17500267,2869216.1438402943,1060900.299082062,459074583.0144471,160
STABLE_POST_MERGE_2023,17500268,3678818.7872994104,3358587.821469128,662187381.7138939,180
STABLE_POST_MERGE_2023,17500269,5002575.0491602095,1164073.6347786,655337331.4399874,131
STABLE_POST_MERGE_2023,17500270,9703071.107191846,1172234.277245892,1513679092.721928,156
STABLE_POST_MERGE_2023,17500271,2529668.2318892353,1241000.0,311149192.52237594,123
STABLE_POST_MERGE_2023,17500272,2210373.44340833,666011.248938,415550207.360766,188
STABLE_POST_MERGE_2023,17500273,8857636.381873824,1203559.11695838,1434937093.8635595,162
STABLE_POST_MERGE_2023,17500274,1737366.0318732508,1064873.035017246,203271825.72917035,117
STABLE_POST_MERGE_2023,17500275,19214192.351334915,1666678.648890654,2517059198.0248737,131
STABLE_POST_MERGE_2023,17500276,3081063.8132105474,1519235.6116992799,529942975.8722142,172
STABLE_POST_MERGE_2023,17500277,13980670.736999247,2735396.946711503,1915351890.9688969,137
STABLE_POST_MERGE_2023,17500278,2460234.105864857,1708102.0,263245049.32753968,107
STABLE_POST_MERGE_2023,17500279,11124668.179086773,1898473.52748455,1791071576.8329704,161
STABLE_POST_MERGE_2023,17500280,9384084.963503078,2234362.93842109,1238699215.1824062,132
STABLE_POST_MERGE_2023,17500281,4565257.5967367925,2078820.1457264358,538700396.4149415,118
STABLE_POST_MERGE_2023,17500282,19461761.41102172,2070755.908543124,2744108358.9540625,141
STABLE_POST_MERGE_2023,17500283,2864397.997585642,1012722.912656,1366317844.8483512,477
STABLE_POST_MERGE_2023,17500284,10118250.482155954,2012451.25635936,1669511329.5557325,165
STABLE_POST_MERGE_2023,17500285,6952309.325560174,2560361.920171864,1327891081.1819932,191
STABLE_POST_MERGE_2023,17500286,13414427.16242979,2073314.71593354,1958506365.7147493,146
STABLE_POST_MERGE_2023,17500287,12445065.642138787,2514716.69196452,2576128587.922729,207
STABLE_POST_MERGE_2023,17500288,9063002.052968794,4191114.920205801,1649466373.6403205,182
STABLE_POST_MERGE_2023,17500289,3952610.3927861596,2715050.901957702,426881922.42090523,108
STABLE_POST_MERGE_2023,17500290,9102839.554241616,3915428.538487932,1192471981.6056516,131
STABLE_POST_MERGE_2023,17500291,4381620.814880371,2255900.203829716,626571776.5278931,143
STABLE_POST_MERGE_2023,17500292,7039995.55043803,2383936.176407284,992639372.6117622,141
STABLE_POST_MERGE_2023,17500293,5620362.874867038,2014757.13528,888017334.228992,158
STABLE_POST_MERGE_2023,17500294,4166526.733387883,2066124.6043540486,533315421.873649,128
STABLE_POST_MERGE_2023,17500295,4827798.516848038,2277018.2464,608302613.1228528,126
STABLE_POST_MERGE_2023,17500296,8283765.427833932,1601961.28973796,1068605740.1905773,129
STABLE_POST_MERGE_2023,17500297,6501633.30696476,2592313.0,1105277662.184009,170
STABLE_POST_MERGE_2023,17500298,4896089.720898049,1688842.10365,509193330.97339714,104
STABLE_POST_MERGE_2023,17500299,3476772.1495480617,2263645.2892,358107531.40345037,103
STABLE_POST_MERGE_2023,17500300,5031861.190848946,2447985.123555,462931229.558103,92
STABLE_POST_MERGE_2023,17500301,3818790.1727094604,1540245.0,897415690.5867232,235
STABLE_POST_MERGE_2023,17500302,7917385.480095686,1940317.4584527002,1140103509.1337788,144
STABLE_POST_MERGE_2023,17500303,4313717.070319522,2139483.019279632,509018614.29770356,118
STABLE_POST_MERGE_2023,17500304,3318196.7790439837,1613979.81352,424729187.7176299,128
STABLE_POST_MERGE_2023,17500305,5709342.968159119,1749102.302089411,782179986.6377993,137
STABLE_POST_MERGE_2023,17500306,6526369.628234997,1777058.51409,985481813.8634846,151
STABLE_POST_MERGE_2023,17500307,4486167.840942886,1605832.250639712,767134700.8012335,171
STABLE_POST_MERGE_2023,17500308,2583441.8560695034,1701186.919005,372015627.2740085,144
STABLE_POST_MERGE_2023,17500309,8619313.886362094,1679593.59237224,1111891491.3407102,129
STABLE_POST_MERGE_2023,17500310,2959789.887793763,1371098.8556504166,491325121.37376463,166
STABLE_POST_MERGE_2023,17500311,2905709.0826636977,995216.4776819805,569518980.2020848,196
STABLE_POST_MERGE_2023,17500312,3416021.2509597447,1537527.20339981,399674486.36229014,117
STABLE_POST_MERGE_2023,17500313,6836379.246655236,1684869.836119524,881892922.8185254,129
STABLE_POST_MERGE_2023,17500314,4134401.054747017,1820179.7997016916,562278543.4455943,136
STABLE_POST_MERGE_2023,17500315,4145086.522966193,1585917.433725768,766841006.7487457,185
STABLE_POST_MERGE_2023,17500316,2770786.8580847564,1264328.394427048,371285438.98335737,134
STABLE_POST_MERGE_2023,17500317,3762928.270903492,1441690.7381427009,1031042346.2275568,274
STABLE_POST_MERGE_2023,17500318,7163196.837721354,2726640.792934496,830930833.1756771,116
STABLE_POST_MERGE_2023,17500319,4509311.681407963,1654713.241796029,559154648.4945874,124
STABLE_POST_MERGE_2023,17500320,3765581.0984979374,2169695.488061676,470697637.31224215,125
STABLE_POST_MERGE_2023,17500321,4511023.771828061,2270664.0,681164589.5460372,151
STABLE_POST_MERGE_2023,17500322,5478794.380985643,2060297.5019052166,777988802.0999613,142
STABLE_POST_MERGE_2023,17500323,8820924.353672445,1906529.30125,1393706047.8802464,158
STABLE_POST_MERGE_2023,17500324,15892237.113484617,3472176.79245516,3067201762.902531,193
STABLE_POST_MERGE_2023,17500325,4900741.931208876,1654861.25808,641997192.9883628,131
STABLE_POST_MERGE_2023,17500326,3023800.9562353706,1050073.130774349,420308332.9167165,139
STABLE_POST_MERGE_2023,17500327,4259887.972091627,1476729.5397339081,621943643.9253776,146
STABLE_POST_MERGE_2023,17500328,3487833.3087144713,1753159.836994465,495272329.8374549,142
STABLE_POST_MERGE_2023,17500329,2169392.5484434855,1214504.682465212,232125002.68345296,107
STABLE_POST_MERGE_2023,17500330,2623192.398036095,960000.0,626942983.1306267,239
STABLE_POST_MERGE_2023,17500331,4823496.9119246835,1778447.144073438,873052941.0583677,181
STABLE_POST_MERGE_2023,17500332,2917743.615241154,1685019.8686000002,309280823.21556234,106
STABLE_POST_MERGE_2023,17500333,2179242.3400239684,1031863.90045383,353037259.08388287,162
STABLE_POST_MERGE_2023,17500334,10712634.034487396,1994404.75459568,1253378182.0350254,117
STABLE_POST_MERGE_2023,17500335,8101125.680837384,2588573.33930211,1531112753.6782656,189
STABLE_POST_MERGE_2023,17500336,3185355.8365219207,1116831.56155,468247307.96872234,147
STABLE_POST_MERGE_2023,17500337,5575284.554709393,1720160.6961,808416260.4328619,145
STABLE_POST_MERGE_2023,17500338,2344152.9799244087,1219271.37926022,325837264.2094928,139
STABLE_POST_MERGE_2023,17500339,4724920.565197941,2364986.5443342254,1360777122.777007,288
STABLE_POST_MERGE_2023,17500340,4893395.415940119,1769033.0236,768263080.3025987,157
STABLE_POST_MERGE_2023,17500341,4390366.659192405,1691915.3437,544405465.7398582,124
STABLE_POST_MERGE_2023,17500342,4282989.544032728,1986808.101737984,582486577.988451,136
STABLE_POST_MERGE_2023,17500343,4452506.607785569,1920901.660195584,601088392.0510517,135
STABLE_POST_MERGE_2023,17500344,3703939.6491891025,1683850.08924,551887007.7291763,149
STABLE_POST_MERGE_2023,17500345,4446186.398339991,1303968.18828,746959314.9211185,168
STABLE_POST_MERGE_2023,17500346,3209718.428719801,1464384.705627568,471828609.0218107,147
STABLE_POST_MERGE_2023,17500347,2857553.908105094,1351584.403112424,391484885.4103979,137
STABLE_POST_MERGE_2023,17500348,1971797.3633257628,952048.269687775,345064538.5820085,175
STABLE_POST_MERGE_2023,17500349,3449094.7284681466,2480099.398199784,534609682.9125627,155
STABLE_POST_MERGE_2023,17500350,4500229.581334576,1312425.9334732275,702035814.6881939,156
STABLE_POST_MERGE_2023,17500351,7567580.632643651,2395313.019431561,1256218385.018846,166
STABLE_POST_MERGE_2023,17500352,3053962.392972334,1453985.8852969399,451986434.15990543,148
STABLE_POST_MERGE_2023,17500353,2859059.6442304878,1526191.6922970375,360241515.17304146,126
STABLE_POST_MERGE_2023,17500354,3664078.651752423,893466.0,978309000.0178969,267
STABLE_POST_MERGE_2023,17500355,2806848.007399566,1285560.0,376117632.99154186,134
STABLE_POST_MERGE_2023,17500356,4272014.721830111,1396470.0,645074222.9963467,151
STABLE_POST_MERGE_2023,17500357,4172256.8279244606,1519652.94651,542393387.6301799,130
STABLE_POST_MERGE_2023,17500358,3225584.594319981,1449623.044053096,493514442.9309571,153
STABLE_POST_MERGE_2023,17500359,2633470.795294605,1281000.0,355518557.3647717,135
STABLE_POST_MERGE_2023,17500360,5742625.568690312,1647454.82745,953275844.4025918,166
STABLE_POST_MERGE_2023,17500361,3925476.413763462,3400424.58530711,600597891.3058097,153
STABLE_POST_MERGE_2023,17500362,4739260.594095421,3425221.007811328,620843137.8265002,131
STABLE_POST_MERGE_2023,17500363,7265755.24234803,2500000.0,1504011335.1660423,207
STABLE_POST_MERGE_2023,17500364,3314772.900023352,2997296.501487604,447494341.5031525,135
STABLE_POST_MERGE_2023,17500365,4278540.146433685,1583122.6517400001,616109781.0864507,144
STABLE_POST_MERGE_2023,17500366,5473372.097952966,2281893.2739,859319419.3786156,157
STABLE_POST_MERGE_2023,17500367,5003143.155712115,2065671.6644444298,640402323.9311507,128
STABLE_POST_MERGE_2023,17500368,3400555.869880687,1959679.087756192,595097277.2291203,175
STABLE_POST_MERGE_2023,17500369,6856091.119910521,2000463.98948488,925572301.1879203,135
STABLE_POST_MERGE_2023,17500370,5900703.220303703,2034232.1673,1020821657.1125406,173
STABLE_POST_MERGE_2023,17500371,2697037.0279599493,2098125.778431096,374888146.88643295,139
STABLE_POST_MERGE_2023,17500372,8814334.925712857,1757789.369727573,1639466296.1825914,186
STABLE_POST_MERGE_2023,17500373,5559706.86795111,2100000.0,806157495.852911,145
STABLE_POST_MERGE_2023,17500374,2505468.4819185287,1520411.690226208,298150749.3483049,119
STABLE_POST_MERGE_2023,17500375,4095223.46957789,1674620.14986,659330978.6020403,161
STABLE_POST_MERGE_2023,17500376,12428219.386624258,2694938.900235552,1976086882.473257,159
STABLE_POST_MERGE_2023,17500377,3706172.5292215887,1534130.587472035,470683911.21114177,127
STABLE_POST_MERGE_2023,17500378,3941571.716775608,2558222.965943967,626709902.9673216,159
STABLE_POST_MERGE_2023,17500379,19692561.720257964,1859358.811887488,3072039628.3602424,156
STABLE_POST_MERGE_2023,17500380,11584512.802487073,1748925.424285,1830353022.7929575,158
STABLE_POST_MERGE_2023,17500381,3189745.9162197555,1272635.409869837,350872050.78417313,110
STABLE_POST_MERGE_2023,17500382,13097883.59398246,2131611.161293188,1951584655.5033865,149
STABLE_POST_MERGE_2023,17500383,8145174.015002477,2700740.8925406,1156614710.1303518,142
STABLE_POST_MERGE_2023,17500384,3095586.9723278927,1283154.049674973,495293915.5724628,160
STABLE_POST_MERGE_2023,17500385,6955641.240947316,1236013.873743376,1210281575.924833,174
STABLE_POST_MERGE_2023,17500386,16851113.6571318,2546075.480692108,2392858139.3127155,142
STABLE_POST_MERGE_2023,17500387,11451083.093874639,1188222.525215,1717662464.0811958,150
STABLE_POST_MERGE_2023,17500388,8425274.868343685,2445282.0,867803311.4393996,103
STABLE_POST_MERGE_2023,17500389,12894260.997648522,2483878.787540451,1869667844.6590357,145
STABLE_POST_MERGE_2023,17500390,4550840.593699132,2028880.364557419,659871886.0863742,145
STABLE_POST_MERGE_2023,17500391,18968490.381612983,2967810.2697931714,2352092807.3200097,124
STABLE_POST_MERGE_2023,17500392,6747059.970470707,1696305.555980075,897358976.0726041,133
STABLE_POST_MERGE_2023,17500393,5086791.172362779,2952604.790493898,712150764.130789,140
STABLE_POST_MERGE_2023,17500394,4312610.5848442605,1909416.0995,530451101.935844,123
STABLE_POST_MERGE_2023,17500395,4368832.512974407,1852929.364268304,799496349.8743165,183
STABLE_POST_MERGE_2023,17500396,7577613.1798236715,2300822.866545,1197262882.4121401,158
STABLE_POST_MERGE_2023,17500397,5950261.777022215,2153939.59303781,725931936.7967101,122
STABLE_POST_MERGE_2023,17500398,4354023.903412999,1899246.68141622,757600159.1938617,174
STABLE_POST_MERGE_2023,17500399,7820444.6291344,1783456.34031,1087041803.4496815,139
STABLE_POST_MERGE_2023,17500400,4790867.946759086,1878462.2222442161,680303248.4397902,142
STABLE_POST_MERGE_2023,17500401,5445799.619308747,2527749.990279791,969352332.236957,178
STABLE_POST_MERGE_2023,17500402,4844363.950467141,2873725.326424664,591012401.9569912,122
STABLE_POST_MERGE_2023,17500403,7459618.129283556,1399174.17589866,1171160046.2975183,157
STABLE_POST_MERGE_2023,17500404,4965223.5384855075,2295709.4857898178,625618165.8491739,126
STABLE_POST_MERGE_2023,17500405,3998379.510106013,2340511.4396579694,807672661.0414146,202
STABLE_POST_MERGE_2023,17500406,4320645.983752983,2143705.973956863,492553642.14784,114
STABLE_POST_MERGE_2023,17500407,23724516.11490717,3603929.625089696,3938269675.07459,166
STABLE_POST_MERGE_2023,17500408,32212465.606061496,2989768.0511167,5379481756.21227,167
STABLE_POST_MERGE_2023,17500409,9375106.601544037,1877149.17257674,1696894294.8794708,181
STABLE_POST_MERGE_2023,17500410,10492696.694898907,2483754.8967511402,2035583158.8103878,194
STABLE_POST_MERGE_2023,17500411,10174429.914299782,3256472.020845064,1719478655.516663,169
STABLE_POST_MERGE_2023,17500412,8100378.885400226,3005245.4196113152,1409465926.0596395,174
STABLE_POST_MERGE_2023,17500413,11681092.54139514,4141008.986033248,2429667248.6101894,208
STABLE_POST_MERGE_2023,17500414,4739807.796016956,1415089.218718374,1009579060.5516115,213
STABLE_POST_MERGE_2023,17500415,4605607.699214713,1662962.575006201,750714054.9719982,163
STABLE_POST_MERGE_2023,17500416,8930221.534775767,3020823.474746675,1553858547.0509837,174
STABLE_POST_MERGE_2023,17500417,4129881.2799118883,2046628.222362724,714469461.4247566,173
STABLE_POST_MERGE_2023,17500418,8987428.520283878,2554229.32270107,1249252564.319459,139
STABLE_POST_MERGE_2023,17500419,6820118.6333636,2325336.989771556,1166240286.3051755,171
STABLE_POST_MERGE_2023,17500420,6495253.869000788,3411147.874988898,1149659934.8131394,177
STABLE_POST_MERGE_2023,17500421,7517223.831383311,2102541.629182499,1082480231.7191968,144
STABLE_POST_MERGE_2023,17500422,6657359.816357464,1691222.29728552,1131751168.7807689,170
STABLE_POST_MERGE_2023,17500423,6839549.859016447,4462843.84046,964376530.121319,141
STABLE_POST_MERGE_2023,17500424,5411482.351279265,1953987.110100679,952420893.8251507,176
STABLE_POST_MERGE_2023,17500425,7554642.118604008,1539305.456495688,989658117.5371251,131
STABLE_POST_MERGE_2023,17500426,10142339.558727179,2112396.5414,1734340064.5423474,171
STABLE_POST_MERGE_2023,17500427,6184368.416660862,2206928.495807288,1020420788.7490423,165
STABLE_POST_MERGE_2023,17500428,6402929.273732166,3608009.42931021,787560300.6690564,123
STABLE_POST_MERGE_2023,17500429,12848205.67749127,2121738.045315,2543944724.1432714,198
STABLE_POST_MERGE_2023,17500430,3269545.2014233023,1154255.190298995,1562842606.2803385,478
STABLE_POST_MERGE_2023,17500431,6638503.340988373,3717734.5513701164,1593240801.8372097,240
STABLE_POST_MERGE_2023,17500432,5025131.937615449,2890885.717608096,804021110.0184717,160
STABLE_POST_MERGE_2023,17500433,3657613.440753633,485806.333173,1217985275.7709599,333
STABLE_POST_MERGE_2023,17500434,4144665.6682835855,1750000.0,625844515.9108214,151
STABLE_POST_MERGE_2023,17500435,10414046.607500754,3626959.35603648,2239020020.6126623,215
STABLE_POST_MERGE_2023,17500436,4601661.339886217,2929755.95814676,722460830.3621361,157
STABLE_POST_MERGE_2023,17500437,7269937.944740668,1400173.03214242,1199539760.8822103,165
STABLE_POST_MERGE_2023,17500438,5634352.928555484,2894296.844703277,884593409.783211,157
STABLE_POST_MERGE_2023,17500439,12797292.06735826,4211016.440846384,2341904448.3265615,183
STABLE_POST_MERGE_2023,17500440,5343374.233701917,2984627.2970821103,1025927852.8707681,192
STABLE_POST_MERGE_2023,17500441,8738877.638442157,4174313.492915433,1695342261.8577785,194
STABLE_POST_MERGE_2023,17500442,9909586.09038002,4315653.681745695,1952188459.804864,197
STABLE_POST_MERGE_2023,17500443,6889272.5986950565,2965508.035507056,888716165.2316623,129
STABLE_POST_MERGE_2023,17500444,5939223.846699389,4406739.529365304,837430562.3846138,141
STABLE_POST_MERGE_2023,17500445,5319707.659543424,1536017.73676204,276624798.29625803,52
STABLE_POST_MERGE_2023,17500446,6483024.041569574,2675982.1694491906,1996771404.8034286,308
STABLE_POST_MERGE_2023,17500447,7366009.490442415,3992693.161016661,1230123584.9038832,167
STABLE_POST_MERGE_2023,17500448,9178396.11608422,3258098.461033812,1716360073.7077491,187
STABLE_POST_MERGE_2023,17500449,9590699.696852222,4637090.391613176,1687963146.645991,176
STABLE_POST_MERGE_2023,17500450,6742937.71366695,4399533.85056749,1065384158.7593782,158
STABLE_POST_MERGE_2023,17500451,7133280.052770968,4484736.66886,1005792487.4407065,141
STABLE_POST_MERGE_2023,17500452,6608888.221422662,3681032.949882794,1083857668.3133166,164
STABLE_POST_MERGE_2023,17500453,14370143.092211874,4603824.69632718,2169891606.923993,151
STABLE_POST_MERGE_2023,17500454,10797321.724154072,3248277.073047841,1727571475.8646514,160
STABLE_POST_MERGE_2023,17500455,6850616.749843949,4188061.2195976647,1205708547.9725351,176
STABLE_POST_MERGE_2023,17500456,4787673.904336342,3693012.004659138,722938759.5547876,151
STABLE_POST_MERGE_2023,17500457,4139285.409580712,2773251.6187500004,405649970.1389098,98
STABLE_POST_MERGE_2023,17500458,6342689.425234584,4336591.834454126,1097285270.565583,173
STABLE_POST_MERGE_2023,17500459,10833378.41291658,1861777.4656018838,2383343250.8416476,220
STABLE_POST_MERGE_2023,17500460,11850814.195948873,2394129.475825258,1813174571.9801776,153
STABLE_POST_MERGE_2023,17500461,4956574.074829531,2495035.4366226327,624528333.4285209,126
STABLE_POST_MERGE_2023,17500462,4725881.411697917,3173250.0,827029247.0471354,175
STABLE_POST_MERGE_2023,17500463,9193220.433515184,3930312.330480016,1498494930.662975,163
STABLE_POST_MERGE_2023,17500464,8975378.983007934,4581958.872913567,1471962153.2133012,164
STABLE_POST_MERGE_2023,17500465,5893467.906248165,2108511.24373458,942954864.9997064,160
STABLE_POST_MERGE_2023,17500466,8760092.18294969,3873980.8685226883,1401614749.2719505,160
STABLE_POST_MERGE_2023,17500467,10421638.80638139,4325466.6,1594510737.3763525,153
STABLE_POST_MERGE_2023,17500468,7764443.256712594,4744881.12826784,1125844272.2233262,145
STABLE_POST_MERGE_2023,17500469,5980484.985977548,4138465.5491673285,861189837.9807669,144
STABLE_POST_MERGE_2023,17500470,10136685.843313837,1721651.2544753335,1520502876.4970756,150
STABLE_POST_MERGE_2023,17500471,10764115.890081892,3888258.2565,1614617383.5122838,150
STABLE_POST_MERGE_2023,17500472,7492101.080806299,3410046.0,1176259869.686589,157
STABLE_POST_MERGE_2023,17500473,6876512.032960818,2988388.3595,1045229829.0100443,152
STABLE_POST_MERGE_2023,17500474,4629843.801134475,4106149.144761396,782443602.3917261,169
STABLE_POST_MERGE_2023,17500475,20823649.313596714,4537386.351853677,3956493369.583376,190
STABLE_POST_MERGE_2023,17500476,16520023.885698585,4859005.965607255,2758843988.9116635,167
STABLE_POST_MERGE_2023,17500477,4228314.199470119,2890113.025,545452531.7316453,129
STABLE_POST_MERGE_2023,17500478,4340376.7254662225,3977211.026527535,538206713.9578116,124
STABLE_POST_MERGE_2023,17500479,12816874.722438436,4579125.5357736,2781261814.7691407,217
STABLE_POST_MERGE_2023,17500480,31031545.670456827,3372300.277801335,5368457400.989031,173
STABLE_POST_MERGE_2023,17500481,29150156.575875092,5664008.4842009675,5830031315.175018,200
STABLE_POST_MERGE_2023,17500482,21371506.775770772,5730746.868341599,4701731490.66957,220
STABLE_POST_MERGE_2023,17500483,16305033.688813057,5709554.288947364,2755550693.4094067,169
STABLE_POST_MERGE_2023,17500484,8664462.992299987,3862924.451921124,1533609949.6370978,177
STABLE_POST_MERGE_2023,17500485,11298429.99906674,2600575.2078595497,2101507979.8264136,186
STABLE_POST_MERGE_2023,17500486,16115909.714229615,5082093.273051264,2739704651.4190345,170
STABLE_POST_MERGE_2023,17500487,10959581.989152925,5951203.91786158,1830250192.1885386,167
STABLE_POST_MERGE_2023,17500488,10437800.553502686,4740205.979837405,1670048088.5604298,160
STABLE_POST_MERGE_2023,17500489,8598441.677721156,5801532.500417904,1547719501.989808,180
STABLE_POST_MERGE_2023,17500490,16330853.298227796,4905317.616864401,2498620554.628853,153
STABLE_POST_MERGE_2023,17500491,17842342.567858465,5710637.5147794485,2961828866.2645054,166
STABLE_POST_MERGE_2023,17500492,19883042.108104087,4606050.0,3638596705.7830477,183
STABLE_POST_MERGE_2023,17500493,9065386.656524343,5878308.978751315,1568311891.5787113,173
STABLE_POST_MERGE_2023,17500494,9234902.440539403,6042079.31967024,1514524000.248462,164
STABLE_POST_MERGE_2023,17500495,11160729.650445446,5117861.248010768,1819198933.0226078,163
STABLE_POST_MERGE_2023,17500496,32585385.332373388,5525720.44719838,5148490882.514996,158
STABLE_POST_MERGE_2023,17500497,14776828.13560138,5751141.773720714,2305185189.1538153,156
STABLE_POST_MERGE_2023,17500498,6403045.948944241,3415329.18952794,954053846.3926919,149
STABLE_POST_MERGE_2023,17500499,11255961.952961821,6929335.883199085,2251192390.5923643,200
STABLE_POST_MERGE_2023,17500500,9297212.863577891,5579580.055590237,1682795528.3075984,181
STABLE_POST_MERGE_2023,17500501,7598645.343212372,3459864.41434683,1360157516.4350145,179
STABLE_POST_MERGE_2023,17500502,7327432.799925747,3341843.413298675,1194371546.3878968,163
STABLE_POST_MERGE_2023,17500503,13469151.181949643,5553798.01443313,2357101456.8411875,175
STABLE_POST_MERGE_2023,17500504,9271091.910258796,5988902.6950016,1381392694.6285605,149
STABLE_POST_MERGE_2023,17500505,9673252.79754707,6262372.89190053,1538047194.8099842,159
STABLE_POST_MERGE_2023,17500506,8376927.973243269,5514536.742252892,1156016060.3075712,138
STABLE_POST_MERGE_2023,17500507,10785989.466328802,6362666.768539464,1801260240.8769097,167
STABLE_POST_MERGE_2023,17500508,7245690.583831631,5121834.951852385,1050625134.6555865,145
STABLE_POST_MERGE_2023,17500509,7139017.2130675465,4676017.60492896,1149381771.303875,161
STABLE_POST_MERGE_2023,17500510,9017264.614708409,3285040.0,1415710544.5092201,157
STABLE_POST_MERGE_2023,17500511,11647501.363093393,3883230.160923953,1642297692.1961684,141
STABLE_POST_MERGE_2023,17500512,5133365.836438308,3540891.953105024,744338046.2835546,145
STABLE_POST_MERGE_2023,17500513,10525390.494282465,3859752.308895,1641960917.1080647,156
STABLE_POST_MERGE_2023,17500514,7164703.467286269,3181788.6423070896,745129160.597772,104
STABLE_POST_MERGE_2023,17500515,10766853.80432312,6118522.86067421,2368707836.9510865,220
STABLE_POST_MERGE_2023,17500516,24484488.390726503,7389088.401467551,4064425072.8605995,166
STABLE_POST_MERGE_2023,17500517,13671302.308329828,4585197.285779336,2283107485.491081,167
STABLE_POST_MERGE_2023,17500518,7219558.156455159,6407683.341509907,880786095.0875294,122
STABLE_POST_MERGE_2023,17500519,9232973.64254037,5438501.469311128,1431110914.5937572,155
STABLE_POST_MERGE_2023,17500520,13529915.730480496,2758291.77829968,1907718117.99775,141
STABLE_POST_MERGE_2023,17500521,10903501.124350352,5662536.833448016,1875402193.3882606,172
STABLE_POST_MERGE_2023,17500522,6593037.862321954,5071514.591827971,777978467.7539907,118
STABLE_POST_MERGE_2023,17500523,8901510.765696863,3327235.8044673256,1174999421.071986,132
STABLE_POST_MERGE_2023,17500524,7834797.576768738,4105832.623281855,1089036863.1708546,139
STABLE_POST_MERGE_2023,17500525,9562532.757946737,5872268.632774068,1711693363.672466,179
STABLE_POST_MERGE_2023,17500526,13246556.888715716,3127993.164638918,1496860928.424876,113
STABLE_POST_MERGE_2023,17500527,6285564.103598146,2980441.3723828,980548000.1613107,156
STABLE_POST_MERGE_2023,17500528,10278331.445366181,5915412.249789685,1562306379.6956596,152
STABLE_POST_MERGE_2023,17500529,7616703.415664487,3120002.81586,1119655402.1026795,147
STABLE_POST_MERGE_2023,17500530,9318246.17052446,5244029.202026632,1649329572.1828291,177
STABLE_POST_MERGE_2023,17500531,11856849.643199788,3109244.2157618823,1351680859.324776,114
STABLE_POST_MERGE_2023,17500532,7737255.003011248,4771840.320549634,1207011780.4697547,156
STABLE_POST_MERGE_2023,17500533,10995653.963067247,5593241.450371116,1825278557.869163,166
STABLE_POST_MERGE_2023,17500534,31366650.93394651,3456062.9690769,5426430611.572746,173
STABLE_POST_MERGE_2023,17500535,38570742.735972,6259076.99454735,5901323638.603717,153
STABLE_POST_MERGE_2023,17500536,24861356.801773395,3551850.75,2709887891.3933,109
STABLE_POST_MERGE_2023,17500537,30396838.357502185,5634825.72814566,5319446712.562882,175
STABLE_POST_MERGE_2023,17500538,44058945.062080316,5479346.970593234,5595486022.8842,127
STABLE_POST_MERGE_2023,17500539,33735615.947608,6003586.984594151,5937468406.779008,176
STABLE_POST_MERGE_2023,17500540,47197808.397452325,4922484.271667564,6418901942.053516,136
STABLE_POST_MERGE_2023,17500541,33645105.46746685,7184008.742892697,5046765820.120028,150
STABLE_POST_MERGE_2023,17500542,45044169.616687186,6470307.140057428,5990874559.019396,133
STABLE_POST_MERGE_2023,17500543,50232203.89519287,7769707.282332809,5676239040.156795,113
STABLE_POST_MERGE_2023,17500544,46716777.32981644,7650868.136436608,5746163611.567422,123
STABLE_POST_MERGE_2023,17500545,59728627.1065772,5878337.056679056,6629877608.83007,111
STABLE_POST_MERGE_2023,17500546,48076044.69660106,8240739.193008543,6634494168.130947,138
STABLE_POST_MERGE_2023,17500547,27451692.921850305,6294294.6139408,6972730002.149978,254
STABLE_POST_MERGE_2023,17500548,70676481.45519045,9895537.077131145,6148853886.601569,87
STABLE_POST_MERGE_2023,17500549,21083697.994795118,3684219.8510413985,3710730847.0839405,176
STABLE_POST_MERGE_2023,17500550,43299157.909142725,9093196.825427286,6451574528.462266,149
STABLE_POST_MERGE_2023,17500551,46332667.85511157,5526293.315371636,5976914153.309392,129
STABLE_POST_MERGE_2023,17500552,43643536.043153375,5120437.642010782,6459243334.3867,148
STABLE_POST_MERGE_2023,17500553,50984459.52465043,9785488.143862184,6067150683.433401,119
STABLE_POST_MERGE_2023,17500554,22093989.895113315,3934660.593895102,3358286464.057224,152
STABLE_POST_MERGE_2023,17500555,49376589.55568977,8321558.9101632,6270826873.5726,127
STABLE_POST_MERGE_2023,17500556,46270060.94660618,8492152.144704588,6940509141.990928,150
STABLE_POST_MERGE_2023,17500557,65584081.318731606,9817450.166079205,6296071806.598234,96
STABLE_POST_MERGE_2023,17500558,56801373.88089524,4842655.1013,6588959370.183848,116
STABLE_POST_MERGE_2023,17500559,44391095.685161375,8763879.7449683,7058184213.940659,159
STABLE_POST_MERGE_2023,17500560,50603533.09777523,8472109.842240706,6780873435.101881,134
STABLE_POST_MERGE_2023,17500561,51658662.12580655,7591386.756770622,6818943400.606464,132
STABLE_POST_MERGE_2023,17500562,34929859.68448512,3750000.0,4505951899.298581,129
STABLE_POST_MERGE_2023,17500563,10257801.818043284,5764786.016119442,1507896867.2523627,147
STABLE_POST_MERGE_2023,17500564,22102417.0861469,4806014.2731,3713206070.472679,168
STABLE_POST_MERGE_2023,17500565,9379556.467937471,8521539.221279293,1144305889.0883715,122
STABLE_POST_MERGE_2023,17500566,14147173.527882434,4685904.0,1796691038.0410693,127
STABLE_POST_MERGE_2023,17500567,9436507.012872454,4442590.3556,1613642699.2011895,171
STABLE_POST_MERGE_2023,17500568,18257862.126424674,7502439.837081366,2391779938.561632,131
STABLE_POST_MERGE_2023,17500569,8661965.868656605,3855773.74113,1325280777.9044607,153
STABLE_POST_MERGE_2023,17500570,13115446.730011016,6731230.452679168,1993547902.9616745,152
STABLE_POST_MERGE_2023,17500571,20086652.03535611,5189367.875962312,2551004808.4902263,127
STABLE_POST_MERGE_2023,17500572,13208091.597743114,6702043.911181187,1849132823.684036,140
STABLE_POST_MERGE_2023,17500573,8998081.95576342,2938814.554259376,1106764080.5589006,123
STABLE_POST_MERGE_2023,17500574,14911685.937277082,6563184.710591568,2206929518.717008,148
STABLE_POST_MERGE_2023,17500575,10886450.356711088,3595269.716310864,1502330149.22613,138
STABLE_POST_MERGE_2023,17500576,17482918.18476975,6875275.276235585,2517540218.606844,144
STABLE_POST_MERGE_2023,17500577,14176564.94028779,4045944.33068242,1800423747.4165492,127
STABLE_POST_MERGE_2023,17500578,9566438.864221437,6939947.003953779,1396700074.1763299,146
STABLE_POST_MERGE_2023,17500579,5596315.306140258,2259903.830044483,2680635031.6411834,479
STABLE_POST_MERGE_2023,17500580,15003187.470687317,7785886.151713194,2760586494.6064663,184
STABLE_POST_MERGE_2023,17500581,18169372.48251759,4548411.502328408,3070623949.5454726,169
STABLE_POST_MERGE_2023,17500582,20493568.332701236,4147138.6189905,3094528818.2378864,151
STABLE_POST_MERGE_2023,17500583,8510466.820963698,4043899.576225684,1327632824.0703368,156
STABLE_POST_MERGE_2023,17500584,20567767.5843676,4734664.721646662,3475952721.7581244,169
STABLE_POST_MERGE_2023,17500585,7663026.974618305,2797472.575045632,1103475884.345036,144
STABLE_POST_MERGE_2023,17500586,17406625.818430923,7296981.203571048,2715433627.675224,156
STABLE_POST_MERGE_2023,17500587,17965953.575395573,5266186.0,2856586618.487896,159
STABLE_POST_MERGE_2023,17500588,13344829.9593294,6131545.064734113,1935000344.102763,145
STABLE_POST_MERGE_2023,17500589,18082279.211829808,7480000.0,3236727978.917536,179
STABLE_POST_MERGE_2023,17500590,18869362.69718226,6117742.553485535,2754926953.78861,146
STABLE_POST_MERGE_2023,17500591,10739547.827002222,2894231.721502368,2072732730.6114287,193
STABLE_POST_MERGE_2023,17500592,10990914.754759397,7766979.81993297,1791519105.0257816,163
STABLE_POST_MERGE_2023,17500593,17159314.22491641,6883582.7346311435,2470941248.387963,144
STABLE_POST_MERGE_2023,17500594,18883059.39332051,7152040.766978424,2700277493.2448325,143
STABLE_POST_MERGE_2023,17500595,17823559.3188703,6019427.987823891,2762651694.4248962,155
STABLE_POST_MERGE_2023,17500596,9298436.661515439,4467901.9653,1422660809.211862,153
STABLE_POST_MERGE_2023,17500597,20258914.404275864,6136068.520964088,3403497619.9183455,168
STABLE_POST_MERGE_2023,17500598,13104293.839411141,8135170.8424341045,1624932436.0869815,124
STABLE_POST_MERGE_2023,17500599,11879486.73933353,6476926.821621928,2221464020.25537,187
STABLE_POST_MERGE_2023,17500600,10920457.839840913,6690970.355914706,1616227760.2964551,148
STABLE_POST_MERGE_2023,17500601,20955030.775646612,7645385.817728256,3541400201.084277,169
STABLE_POST_MERGE_2023,17500602,13692790.41104104,8462482.608144367,2163460884.944484,158
STABLE_POST_MERGE_2023,17500603,13882972.404177504,5392634.96890492,2582232867.177016,186
STABLE_POST_MERGE_2023,17500604,9367998.643043408,6692894.81235,1245943819.5247734,133
STABLE_POST_MERGE_2023,17500605,11958819.91528161,6672739.22901688,1925370006.3603392,161
STABLE_POST_MERGE_2023,17500606,13836707.065701684,6014057.345209695,1674241554.9499037,121
STABLE_POST_MERGE_2023,17500607,18338950.588358536,5849270.363028249,2897554192.960649,158
STABLE_POST_MERGE_2023,17500608,16489633.01088404,4288003.28586,2918665042.926475,177
STABLE_POST_MERGE_2023,17500609,10679123.20533374,5286933.234816883,1708659712.8533983,160
STABLE_POST_MERGE_2023,17500610,16953926.543704897,4264401.13701,2627858614.274259,155
STABLE_POST_MERGE_2023,17500611,10543596.416639274,7425906.49897875,1465559901.912859,139
STABLE_POST_MERGE_2023,17500612,14700839.437839687,6501626.81520975,2190425076.2381134,149
STABLE_POST_MERGE_2023,17500613,25942994.22153438,8399742.233826239,5240484832.749945,202
STABLE_POST_MERGE_2023,17500614,31141600.54030165,9067007.715869311,5356355292.931884,172
STABLE_POST_MERGE_2023,17500615,15003114.190427136,6300291.052433691,2220460900.183216,148
STABLE_POST_MERGE_2023,17500616,10532669.862300728,6290402.725449568,1685227177.9681163,160
STABLE_POST_MERGE_2023,17500617,21608255.37672743,7909566.212518383,3565362137.1600256,165
STABLE_POST_MERGE_2023,17500618,17008581.63824973,5018177.421975,2483252919.1844606,146
STABLE_POST_MERGE_2023,17500619,11565649.521770636,8104509.36081045,1838938273.9615312,159
STABLE_POST_MERGE_2023,17500620,21916936.180196512,8618057.30817337,2717700086.3443675,124
STABLE_POST_MERGE_2023,17500621,19931157.21505922,7190026.294851512,2949811267.8287644,148
STABLE_POST_MERGE_2023,17500622,22619428.659665015,8670000.0,4229833159.357358,187
STABLE_POST_MERGE_2023,17500623,19677125.015302144,9642552.221917616,3128662877.433041,159
STABLE_POST_MERGE_2023,17500624,10278553.443259688,4330643.0226674685,1952925154.2193408,190
STABLE_POST_MERGE_2023,17500625,11394310.494607707,6825596.1286704205,1617992090.2342944,142
STABLE_POST_MERGE_2023,17500626,16604187.792279381,7302949.138615685,2822711924.6874948,170
STABLE_POST_MERGE_2023,17500627,15256707.802144038,3458390.7828806397,2074912261.0915892,136
STABLE_POST_MERGE_2023,17500628,11491269.858768493,4891639.7705,1873076986.9792643,163
STABLE_POST_MERGE_2023,17500629,13507364.56107115,4749211.82966505,1945060496.7942457,144
STABLE_POST_MERGE_2023,17500630,21148696.11088945,5189740.148006694,2558992229.4176235,121
STABLE_POST_MERGE_2023,17500631,40379651.196167216,9392485.734150255,7308716866.506266,181
STABLE_POST_MERGE_2023,17500632,22821841.371110857,8025128.549604,4039465922.6866217,177
STABLE_POST_MERGE_2023,17500633,15384239.405979201,8327430.454959888,2123025038.0251298,138
STABLE_POST_MERGE_2023,17500634,13639726.01734799,5771211.06925453,1991399998.5328064,146
STABLE_POST_MERGE_2023,17500635,15770040.53852504,6644999.002607196,2318195959.163181,147
STABLE_POST_MERGE_2023,17500636,17995454.59151603,4579533.29367,2681322734.135888,149
STABLE_POST_MERGE_2023,17500637,11926836.002624542,7016002.976842596,1669757040.367436,140
STABLE_POST_MERGE_2023,17500638,18645800.089897472,10771518.470737008,2946036414.2038007,158
STABLE_POST_MERGE_2023,17500639,16319179.79821869,7699348.271304393,2676345486.907865,164
STABLE_POST_MERGE_2023,17500640,12446799.22596948,8134958.32443415,1518509505.5682766,122
STABLE_POST_MERGE_2023,17500641,20271683.720500354,4930653.71694,3669174753.410564,181
STABLE_POST_MERGE_2023,17500642,16235181.953661552,3676978.2922757124,2078103290.0686786,128
STABLE_POST_MERGE_2023,17500643,11255590.281858675,4787941.4835,1632060590.8695078,145
STABLE_POST_MERGE_2023,17500644,15741596.145326873,5069279.3009,2298273037.2177234,146
STABLE_POST_MERGE_2023,17500645,15847262.610024216,4785926.2821,1759046149.712688,111
STABLE_POST_MERGE_2023,17500646,14383747.291445365,5573484.12179958,1884270895.1793427,131
STABLE_POST_MERGE_2023,17500647,30351331.1557412,8816349.873666668,4188483699.4922857,138
STABLE_POST_MERGE_2023,17500648,15391625.878496394,8499462.246526325,2493443392.316416,162
STABLE_POST_MERGE_2023,17500649,15551083.979040207,4399328.275479248,1974987665.3381064,127
STABLE_POST_MERGE_2023,17500650,20016796.653866123,8132520.756837268,2982502701.4260526,149
STABLE_POST_MERGE_2023,17500651,17369929.427233286,8629189.97066595,2900778214.347959,167
STABLE_POST_MERGE_2023,17500652,24996629.43537309,9991601.111648288,3724497785.87059,149
STABLE_POST_MERGE_2023,17500653,12359569.169726055,5787304.336735972,1433710023.6882224,116
STABLE_POST_MERGE_2023,17500654,15396050.411153601,8626638.239648942,2909853527.7080307,189
STABLE_POST_MERGE_2023,17500655,21798771.918713737,9023711.785135938,3226218243.969633,148
STABLE_POST_MERGE_2023,17500656,15349482.647806853,8719696.3040768,2210325501.284187,144
STABLE_POST_MERGE_2023,17500657,22198567.120655283,8724323.6414001,3218792232.495016,145
STABLE_POST_MERGE_2023,17500658,9182727.717712877,3410389.500769896,1212120058.7380998,132
STABLE_POST_MERGE_2023,17500659,15509279.936362838,5171982.555524999,2512503349.6907797,162
STABLE_POST_MERGE_2023,17500660,9373787.609240586,4422351.521775508,1106106937.8903892,118
STABLE_POST_MERGE_2023,17500661,13162020.913796442,5376605.913686,2026951220.724652,154
STABLE_POST_MERGE_2023,17500662,18666618.596632652,7264062.674393075,2202660994.4026527,118
STABLE_POST_MERGE_2023,17500663,16069233.686418317,7259236.89688548,2201485015.0393095,137
STABLE_POST_MERGE_2023,17500664,12851368.832703173,7726517.885806893,2056219013.2325077,160
STABLE_POST_MERGE_2023,17500665,13762743.250780167,6591915.39968559,1830444852.3537621,133
STABLE_POST_MERGE_2023,17500666,26520871.3425307,10274814.967719484,4694194227.627934,177
STABLE_POST_MERGE_2023,17500667,14309822.206095543,7159049.40473949,2847654619.013013,199
STABLE_POST_MERGE_2023,17500668,15699478.696076427,5873223.262354282,2197927017.4507,140
STABLE_POST_MERGE_2023,17500669,10728141.544444198,4541693.9590054285,1416114683.8666341,132
STABLE_POST_MERGE_2023,17500670,13597079.472341027,6021403.95915,1781217410.8766747,131
STABLE_POST_MERGE_2023,17500671,15051824.294085823,7382852.68826853,2152410874.0542727,143
STABLE_POST_MERGE_2023,17500672,9542438.918655565,4369180.849042542,1202347303.7506013,126
STABLE_POST_MERGE_2023,17500673,76940459.85553361,8865369.527067486,14003163693.707119,182
STABLE_POST_MERGE_2023,17500674,21954853.73687238,6446398.821081324,3403002329.2152185,155
STABLE_POST_MERGE_2023,17500675,17960840.72083444,7592875.111977362,2478596019.475153,138
STABLE_POST_MERGE_2023,17500676,21454423.26314931,7200000.0,3432707722.1038895,160
STABLE_POST_MERGE_2023,17500677,15989368.270386979,7466093.145315972,2206532821.313403,138
STABLE_POST_MERGE_2023,17500678,18105932.18950128,6974823.891494286,2371877116.824668,131
STABLE_POST_MERGE_2023,17500679,14381359.93207594,5445268.0,2214729429.539695,154
STABLE_POST_MERGE_2023,17500680,10467806.36486641,4321203.198343232,1067716249.2163738,102
STABLE_POST_MERGE_2023,17500681,22575674.691610627,8464390.451272517,3634683625.349311,161
STABLE_POST_MERGE_2023,17500682,23116820.976288762,5235310.172209568,3028303547.893828,131
STABLE_POST_MERGE_2023,17500683,16647716.203075785,6243915.931448154,2696930024.8982773,162
STABLE_POST_MERGE_2023,17500684,11093805.334366277,4177662.9333878746,1175943365.4428253,106
STABLE_POST_MERGE_2023,17500685,27849871.805262495,8780934.13776405,4595228847.868312,165
STABLE_POST_MERGE_2023,17500686,11077069.575369064,2807279.219635,1971718384.4156933,178
STABLE_POST_MERGE_2023,17500687,18573860.05794362,10248870.0,2971817609.2709794,160
STABLE_POST_MERGE_2023,17500688,23266653.679667935,5438280.547,3280598168.833179,141
STABLE_POST_MERGE_2023,17500689,12685242.178060792,6849344.070534041,2232602623.3386993,176
STABLE_POST_MERGE_2023,17500690,21639804.104021654,9113437.83818835,3267610419.7072697,151
STABLE_POST_MERGE_2023,17500691,13971075.028438648,5476464.0,1969921579.0098493,141
STABLE_POST_MERGE_2023,17500692,14781007.361206297,5159807.242881632,2320618155.7093887,157
STABLE_POST_MERGE_2023,17500693,17234812.81678025,5391134.543,1775185720.1283658,103
STABLE_POST_MERGE_2023,17500694,18229918.61449834,9066593.851355135,2825637385.2472425,155
STABLE_POST_MERGE_2023,17500695,16657857.879869035,7875036.74305899,2482020824.1004863,149
STABLE_POST_MERGE_2023,17500696,21908062.956518702,5421724.0,2782323995.477875,127
STABLE_POST_MERGE_2023,17500697,16294235.456272744,8589001.474020885,2525606495.7222753,155
STABLE_POST_MERGE_2023,17500698,12254816.890917135,7406698.33573312,1973025519.4376588,161
STABLE_POST_MERGE_2023,17500699,15209225.374090035,5688614.6058367,2250965355.365325,148
STABLE_POST_MERGE_2023,17500700,18617331.812484104,8818676.742900737,2401635803.8104496,129
STABLE_POST_MERGE_2023,17500701,11959734.319075914,7676130.601480324,1841799085.1376908,154
STABLE_POST_MERGE_2023,17500702,16396391.693705523,7322792.685300704,2033152570.019485,124
STABLE_POST_MERGE_2023,17500703,13435076.376254106,6334168.0799192395,1800300234.4180503,134
STABLE_POST_MERGE_2023,17500704,32851724.55718631,4679830.499600001,4467834539.777338,136
STABLE_POST_MERGE_2023,17500705,68506298.96154496,9341132.185271066,9864907050.462475,144
STABLE_POST_MERGE_2023,17500706,58656401.63575701,10796705.550684417,9736962671.535664,166
STABLE_POST_MERGE_2023,17500707,16302664.84189872,10699669.387466464,1972622445.8697453,121
STABLE_POST_MERGE_2023,17500708,15228411.081999108,4229476.908241032,1568526341.445908,103
STABLE_POST_MERGE_2023,17500709,24165812.99754857,9873469.609256249,4398177965.55384,182
STABLE_POST_MERGE_2023,17500710,25882727.916163232,9682139.98765668,3131810077.855751,121
STABLE_POST_MERGE_2023,17500711,9223535.204241483,4539288.596663581,959247661.2411141,104
STABLE_POST_MERGE_2023,17500712,21230677.984693885,5313627.839688392,3269524409.642858,154
STABLE_POST_MERGE_2023,17500713,8978433.570788516,4769172.26008,781123720.6586008,87
STABLE_POST_MERGE_2023,17500714,24080761.618840016,9542006.94566227,4262294806.534683,177
STABLE_POST_MERGE_2023,17500715,13543241.433489151,8324469.210011634,1665818696.3191657,123
STABLE_POST_MERGE_2023,17500716,25712942.740835335,9996074.95666136,3548386098.235276,138
STABLE_POST_MERGE_2023,17500717,9594403.424303163,5929535.1099,1180111621.189289,123
STABLE_POST_MERGE_2023,17500718,18375991.85451686,7887738.425278823,2168367038.8329897,118
STABLE_POST_MERGE_2023,17500719,17154042.755960766,10517382.98939086,3036265567.8050556,177
STABLE_POST_MERGE_2023,17500720,8858482.476578964,3277667.40863634,1027583967.2831599,116
STABLE_POST_MERGE_2023,17500721,9903308.752329363,6405768.017807517,1346849990.3167932,136
STABLE_POST_MERGE_2023,17500722,17696300.721367486,8292291.852227448,1840415275.0222185,104
STABLE_POST_MERGE_2023,17500723,8224267.079089799,5090223.425540177,797753906.6717105,97
STABLE_POST_MERGE_2023,17500724,13075688.217687014,7530791.054391293,2222866997.0067925,170
STABLE_POST_MERGE_2023,17500725,8876472.560651327,8430686.37591326,470453045.7145203,53
STABLE_POST_MERGE_2023,17500726,7307957.182064032,3626287.228007364,1563902836.9617028,214
STABLE_POST_MERGE_2023,17500727,9753167.009655498,8214341.121080868,1209392709.1972818,124
STABLE_POST_MERGE_2023,17500728,17859854.79597511,3862505.08634035,2125322720.7210383,119
STABLE_POST_MERGE_2023,17500729,5135770.314867268,2627124.427300458,2511391683.970094,489
STABLE_POST_MERGE_2023,17500730,18809908.1730823,4590980.44515,2614577236.0584397,139
STABLE_POST_MERGE_2023,17500731,15989175.656272398,7447759.594172865,2238484591.8781357,140
STABLE_POST_MERGE_2023,17500732,10122670.50987487,2582779.12410486,2014411431.465099,199
STABLE_POST_MERGE_2023,17500733,8260592.8727143705,1056000.0,2354268968.7235956,285
STABLE_POST_MERGE_2023,17500734,14774746.009577237,7459293.03817428,2319635123.5036263,157
STABLE_POST_MERGE_2023,17500735,17186858.406379305,7988083.59859842,2354599601.673965,137
STABLE_POST_MERGE_2023,17500736,12038703.069790138,4408741.77597,1504837883.7237673,125
STABLE_POST_MERGE_2023,17500737,17933367.610129673,8569077.007976621,2725871876.7397103,152
STABLE_POST_MERGE_2023,17500738,18536885.32204781,8654686.426276421,1112213119.3228686,60
STABLE_POST_MERGE_2023,17500739,9080955.325766526,4786547.96277,2306562652.7446976,254
STABLE_POST_MERGE_2023,17500740,13098053.994266814,6373120.194273336,1231217075.4610806,94
STABLE_POST_MERGE_2023,17500741,12648212.04250065,9044450.706527587,2124899623.1401093,168
STABLE_POST_MERGE_2023,17500742,12439418.773222191,8408807.364354463,1741518628.2511067,140
STABLE_POST_MERGE_2023,17500743,13678759.035691101,6092413.827615147,1832953710.7826076,134
STABLE_POST_MERGE_2023,17500744,18936403.500807595,5125037.3472,3029824560.1292152,160
STABLE_POST_MERGE_2023,17500745,35463369.93339046,8602439.2624107,4503847981.540588,127
STABLE_POST_MERGE_2023,17500746,11228814.768759012,8152628.51878962,1605720511.9325387,143
STABLE_POST_MERGE_2023,17500747,9496748.708013047,4839492.332580167,1310551321.7058005,138
STABLE_POST_MERGE_2023,17500748,29698263.769055117,7119526.114942098,3979567345.0533857,134
STABLE_POST_MERGE_2023,17500749,13233428.761522217,6920130.304741737,1971780885.4668102,149
STABLE_POST_MERGE_2023,17500750,14366172.507327538,6376779.773862117,1953799460.996545,136
STABLE_POST_MERGE_2023,17500751,20397512.332690675,7362555.89157084,3018831825.2382197,148
STABLE_POST_MERGE_2023,17500752,8331268.359607163,7265759.31737973,1224696448.862253,147
STABLE_POST_MERGE_2023,17500753,8777475.18955446,4678574.675118047,1281511377.674951,146
STABLE_POST_MERGE_2023,17500754,8035366.4616215145,5174523.671305696,1349941565.5524144,168
STABLE_POST_MERGE_2023,17500755,7651846.824918616,5042523.253612321,1071258555.4886062,140
STABLE_POST_MERGE_2023,17500756,14881923.409172561,7070078.565514468,2113233124.1025038,142
STABLE_POST_MERGE_2023,17500757,11721571.19356724,7885318.0617543105,1312815973.6795309,112
STABLE_POST_MERGE_2023,17500758,13532918.695667334,2888491.84855,2314129096.959114,171
STABLE_POST_MERGE_2023,17500759,13604235.25537426,4435816.9265,2081447994.0722618,153
STABLE_POST_MERGE_2023,17500760,17298637.182261873,6795305.998110045,2369913293.969877,137
STABLE_POST_MERGE_2023,17500761,13515438.532025896,7111698.0176988,2284109111.9123764,169
STABLE_POST_MERGE_2023,17500762,8816376.564263497,4155607.73431054,1287190978.3824704,146
STABLE_POST_MERGE_2023,17500763,26240865.865456555,6973086.031405525,3148903903.8547864,120
STABLE_POST_MERGE_2023,17500764,12467940.503260886,5463817.271,2256697231.0902205,181
STABLE_POST_MERGE_2023,17500765,13538150.231892409,6024577.24136351,1746421379.9141207,129
STABLE_POST_MERGE_2023,17500766,20389174.44168497,5322777.734728418,3017597817.369375,148
STABLE_POST_MERGE_2023,17500767,4930165.4727285765,2014157.7998114566,808547137.5274866,164
STABLE_POST_MERGE_2023,17500768,8566708.990436018,6263910.995441625,1516307491.3071752,177
STABLE_POST_MERGE_2023,17500769,15047918.620945642,5942879.322347604,1926133583.4810421,128
STABLE_POST_MERGE_2023,17500770,10476042.390952837,6236472.474789375,1749499079.2891238,167
STABLE_POST_MERGE_2023,17500771,12360973.158994637,3787775.4349150714,1606926510.669303,130
STABLE_POST_MERGE_2023,17500772,7728476.54693668,6769287.604480965,981516521.4609584,127
STABLE_POST_MERGE_2023,17500773,13859081.981326962,6115238.07250248,1732385247.6658702,125
STABLE_POST_MERGE_2023,17500774,9641094.907903846,3506816.49516,1397958761.6460576,145
STABLE_POST_MERGE_2023,17500775,14794787.922383863,6021047.610556634,1804964126.5308313,122
STABLE_POST_MERGE_2023,17500776,20487141.666894626,6772369.833613019,3892556916.709979,190
STABLE_POST_MERGE_2023,17500777,24126332.66042443,6996505.567545118,3232928576.496874,134
STABLE_POST_MERGE_2023,17500778,13909315.234970534,4496494.222039999,1502206045.3768177,108
STABLE_POST_MERGE_2023,17500779,9734160.072176786,6028253.327139927,1995502814.7962413,205
STABLE_POST_MERGE_2023,17500780,6396889.878680292,3619934.0731666638,1010708600.8314861,158
STABLE_POST_MERGE_2023,17500781,17311156.37996688,7356985.460807255,2008094140.0761583,116
STABLE_POST_MERGE_2023,17500782,9915875.134923168,6929956.814370876,1298979642.6749349,131
STABLE_POST_MERGE_2023,17500783,8471232.652210487,6509912.444553216,1448580783.5279932,171
STABLE_POST_MERGE_2023,17500784,8756890.220370328,4311050.0,1427373105.9203634,163
STABLE_POST_MERGE_2023,17500785,6387075.408158825,3278160.6146919997,1009157914.4890943,158
STABLE_POST_MERGE_2023,17500786,6596596.699485006,1638403.9892559722,1411671693.6897912,214
STABLE_POST_MERGE_2023,17500787,16108861.93634342,6502913.366838894,2867377424.669129,178
STABLE_POST_MERGE_2023,17500788,14280089.520384558,6706250.471672478,2441895307.9857593,171
STABLE_POST_MERGE_2023,17500789,11693282.799364626,5818681.025347266,1777378985.5034232,152
STABLE_POST_MERGE_2023,17500790,9744247.320134142,4921800.90160239,1646777797.10267,169
STABLE_POST_MERGE_2023,17500791,12548745.44690261,6739853.4,2145835471.4203463,171
STABLE_POST_MERGE_2023,17500792,37400525.333488494,7157219.410076736,5647479325.356763,151
STABLE_POST_MERGE_2023,17500793,27465968.28987606,6899825.289582098,4888942355.597939,178
STABLE_POST_MERGE_2023,17500794,10368822.463860333,6527402.851075273,2156715072.4829493,208
STABLE_POST_MERGE_2023,17500795,10833054.135379009,7047495.894351844,1744121715.7960205,161
STABLE_POST_MERGE_2023,17500796,9725774.49696864,6918987.3589249775,1381059978.569547,142
STABLE_POST_MERGE_2023,17500797,9518127.548965516,7026691.2803973,1399164749.6979308,147
STABLE_POST_MERGE_2023,17500798,11064811.225306498,7228538.4388508275,1659721683.7959747,150
STABLE_POST_MERGE_2023,17500799,12726088.854830619,4393668.691683885,2087078572.1922216,164
STABLE_POST_MERGE_2023,17500800,8888474.058046872,6383753.1410229,1626590752.6225774,183
STABLE_POST_MERGE_2023,17500801,8785137.310695905,3737296.53519999,860943456.4481988,98
STABLE_POST_MERGE_2023,17500802,12021371.609885957,8129088.215140856,2873107814.762744,239
STABLE_POST_MERGE_2023,17500803,15745760.048159469,7557615.33566295,2141423366.5496879,136
STABLE_POST_MERGE_2023,17500804,8023764.818851683,2889556.2592759435,1187517193.1900492,148
STABLE_POST_MERGE_2023,17500805,10160495.796125814,7273526.180307696,1351345940.8847332,133
STABLE_POST_MERGE_2023,17500806,7921777.338517094,5774888.834738922,1235797264.8086667,156
STABLE_POST_MERGE_2023,17500807,15535944.111538881,6078242.048054133,2765398051.853921,178
STABLE_POST_MERGE_2023,17500808,12918756.724649932,6458317.552219179,1666519617.4798412,129
STABLE_POST_MERGE_2023,17500809,16624414.70912858,6989478.358454658,3341507356.5348444,201
STABLE_POST_MERGE_2023,17500810,15592514.349717516,6685212.744716565,2713097496.8508477,174
STABLE_POST_MERGE_2023,17500811,9170711.410675023,5266186.0,871217584.0141271,95
STABLE_POST_MERGE_2023,17500812,12078833.13522936,7299478.394202432,2766052787.9675236,229
STABLE_POST_MERGE_2023,17500813,17674434.94220382,4232334.8391,2810235155.810407,159
STABLE_POST_MERGE_2023,17500814,17241822.55107151,8588694.768584127,2827658898.3757277,164
STABLE_POST_MERGE_2023,17500815,10671626.299477786,8673951.219060736,1803504844.6117458,169
STABLE_POST_MERGE_2023,17500816,17234602.876158293,7215505.33634298,2533486622.795269,147
STABLE_POST_MERGE_2023,17500817,12157605.314072154,7622350.4538509175,1677749533.3419573,138
STABLE_POST_MERGE_2023,17500818,14334354.542142294,8551530.874775644,2336499790.369194,163
STABLE_POST_MERGE_2023,17500819,18078397.097954705,7823813.895129594,3181797889.2400284,176
STABLE_POST_MERGE_2023,17500820,12512684.525739606,8412866.414809344,2052080262.2212954,164
STABLE_POST_MERGE_2023,17500821,17489426.207351696,8661021.09659424,2675882209.724809,153
STABLE_POST_MERGE_2023,17500822,13282792.92715232,8371692.093362176,1979136146.1456957,149
STABLE_POST_MERGE_2023,17500823,11151872.426631428,4937981.5674,1393984053.3289285,125
STABLE_POST_MERGE_2023,17500824,12713017.812448291,7329588.654474723,1894239654.0547955,149
STABLE_POST_MERGE_2023,17500825,13449988.167490046,8150454.50821504,1344998816.7490046,100
STABLE_POST_MERGE_2023,17500826,14576158.52002626,7272627.32982888,2375913838.7642803,163
STABLE_POST_MERGE_2023,17500827,8096194.609202248,4759472.921,1084890077.6331012,134
STABLE_POST_MERGE_2023,17500828,13980606.132370733,7233730.17880275,1943304252.3995318,139
STABLE_POST_MERGE_2023,17500829,11676950.693582123,4919864.23534814,2312036237.3292603,198
STABLE_POST_MERGE_2023,17500830,12458064.404408934,6102720.731827584,1644464501.3819792,132
STABLE_POST_MERGE_2023,17500831,16272974.07166089,7026923.813681616,1903937966.384324,117
STABLE_POST_MERGE_2023,17500832,8064951.847153429,7590512.966627194,1080703547.5185595,134
STABLE_POST_MERGE_2023,17500833,12016345.740704732,3567444.92792,1417928797.4031584,118
STABLE_POST_MERGE_2023,17500834,8306201.72567474,4610479.291847408,1478503907.1701038,178
STABLE_POST_MERGE_2023,17500835,13936495.525749078,3362099.1746284263,1170665624.1629226,84
STABLE_POST_MERGE_2023,17500836,13742255.63231163,6069600.790088704,2858389171.5208187,208
STABLE_POST_MERGE_2023,17500837,10062083.782530421,5756883.07633119,1247698389.0337722,124
STABLE_POST_MERGE_2023,17500838,16341605.445831574,5627003.254931568,2287824762.4164205,140
STABLE_POST_MERGE_2023,17500839,8988148.999109639,3881807.4591,1195423816.881582,133
STABLE_POST_MERGE_2023,17500840,15351083.23124146,5776738.923302004,2410120067.304909,157
STABLE_POST_MERGE_2023,17500841,11441350.513917213,6145403.113037706,1441610164.753569,126
STABLE_POST_MERGE_2023,17500842,11267044.96853528,3337507.186646368,1363312441.1927688,121
STABLE_POST_MERGE_2023,17500843,10802336.65198644,6085962.156904344,1631152834.4499526,151
STABLE_POST_MERGE_2023,17500844,8116923.5205641,4326853.9217353435,1038966210.6322048,128
STABLE_POST_MERGE_2023,17500845,9362953.539430024,5717725.983458905,1198458053.047043,128
STABLE_POST_MERGE_2023,17500846,9413699.147687834,4942520.650517744,1553260359.3684926,165
STABLE_POST_MERGE_2023,17500847,9002458.10341076,3787604.62001691,1152314637.2365773,128
STABLE_POST_MERGE_2023,17500848,6058677.900054833,4796314.96873016,842156228.1076218,139
STABLE_POST_MERGE_2023,17500849,6342886.2987301275,2665324.876284,1490578280.20158,235
STABLE_POST_MERGE_2023,17500850,5640280.472211513,2991219.487730635,1190099179.636629,211
STABLE_POST_MERGE_2023,17500851,6356524.256992157,4032838.76790144,1563704967.2200706,246
STABLE_POST_MERGE_2023,17500852,8241306.696714224,3491732.5471,1178506857.630134,143
STABLE_POST_MERGE_2023,17500853,10196965.423296131,4132376.04465,1193044954.5256474,117
STABLE_POST_MERGE_2023,17500854,7296782.006305026,3346846.768017081,1167485121.008804,160
STABLE_POST_MERGE_2023,17500855,5715528.984724935,2598710.091483572,685863478.1669922,120
STABLE_POST_MERGE_2023,17500856,13429232.006081361,3919788.189264844,2135247888.9669366,159
STABLE_POST_MERGE_2023,17500857,6034923.750936355,3509443.5479,663841612.6029991,110
STABLE_POST_MERGE_2023,17500858,5923496.72941899,2159429.7914547957,1777049018.825697,300
STABLE_POST_MERGE_2023,17500859,17843818.707593728,3498425.900688156,2105570607.49606,118
STABLE_POST_MERGE_2023,17500860,9103496.53279913,4671910.555322994,1147040563.1326904,126
STABLE_POST_MERGE_2023,17500861,10401279.538824847,5217150.806807408,1456179135.4354784,140
STABLE_POST_MERGE_2023,17500862,21484509.042851202,4758112.975149831,3566428501.1132994,166
STABLE_POST_MERGE_2023,17500863,6809760.392433385,4548167.715269247,966985975.7255408,142
STABLE_POST_MERGE_2023,17500864,39505831.248684496,5107858.841623902,6044392181.048728,153
STABLE_POST_MERGE_2023,17500865,11348958.606592221,5057907.379395255,1713692749.5954254,151
STABLE_POST_MERGE_2023,17500866,6751188.8434787225,4608000.0,897908116.1826701,133
STABLE_POST_MERGE_2023,17500867,7029859.359745102,4370225.47965,1040419185.2422751,148
STABLE_POST_MERGE_2023,17500868,10497683.471442912,3886778.697353944,1637638621.5450943,156
STABLE_POST_MERGE_2023,17500869,5801721.467343132,4795919.312663591,672999690.2118033,116
STABLE_POST_MERGE_2023,17500870,5753738.464330366,4392065.84067804,730724784.9699565,127
STABLE_POST_MERGE_2023,17500871,8209924.510732332,5313057.180973193,1297168072.6957085,158
STABLE_POST_MERGE_2023,17500872,7595835.673743315,5104414.673692595,1352058749.92631,178
STABLE_POST_MERGE_2023,17500873,6666870.611382458,5284239.034448088,786690732.1431301,118
STABLE_POST_MERGE_2023,17500874,6586390.302017513,3060845.7070716,928681032.5844693,141
STABLE_POST_MERGE_2023,17500875,8047321.1272903895,4098901.672116193,1786505290.2584665,222
STABLE_POST_MERGE_2023,17500876,15713698.744001744,6038468.185806032,1665652066.8641849,106
STABLE_POST_MERGE_2023,17500877,3707660.648039206,1671157.519253013,2209765746.2313666,596
STABLE_POST_MERGE_2023,17500878,8101226.787271523,5935337.298340043,2333153314.7341986,288
STABLE_POST_MERGE_2023,17500879,7377796.621827682,4315638.72971448,1291114408.8198442,175
STABLE_POST_MERGE_2023,17500880,6828680.296484295,5313157.52113895,1372564739.5933433,201
STABLE_POST_MERGE_2023,17500881,8903469.235903032,6130469.028673836,1664948747.113867,187
STABLE_POST_MERGE_2023,17500882,10907137.191757921,5471850.113865824,2421384456.5702586,222
STABLE_POST_MERGE_2023,17500883,18227477.119623847,7181536.084802271,3189808495.9341736,175
STABLE_POST_MERGE_2023,17500884,10521692.399673933,6315896.115306375,3356419875.4959846,319
STABLE_POST_MERGE_2023,17500885,13424940.092378477,6167418.047723898,2040590894.0415285,152
STABLE_POST_MERGE_2023,17500886,11952258.664030993,6692214.86189564,2390451732.8061986,200
STABLE_POST_MERGE_2023,17500887,9818865.045553634,6127331.48839182,1561199542.2430277,159
STABLE_POST_MERGE_2023,17500888,11421984.097786076,7829216.561331665,1427748012.2232594,125
STABLE_POST_MERGE_2023,17500889,9655786.248084215,6298605.154203298,1409744792.2202954,146
STABLE_POST_MERGE_2023,17500890,8790918.717046138,4965274.93497,1301055970.1228285,148
STABLE_POST_MERGE_2023,17500891,11122739.731624551,7796873.205394284,1523815343.2325635,137
STABLE_POST_MERGE_2023,17500892,18068775.599271495,7360479.897796423,3071691851.876154,170
STABLE_POST_MERGE_2023,17500893,9747825.671683721,4695508.89718,1218478208.9604652,125
STABLE_POST_MERGE_2023,17500894,13103794.223857915,9502861.589781966,2070399487.3695507,158
STABLE_POST_MERGE_2023,17500895,8608311.30347644,5231476.9444,1127688780.7554135,131
STABLE_POST_MERGE_2023,17500896,13493002.300267372,4691112.89837097,1821555310.5360951,135
STABLE_POST_MERGE_2023,17500897,12499041.798576226,6880359.641699776,1862357227.9878578,149
STABLE_POST_MERGE_2023,17500898,15010229.639375914,8206222.635542257,2371616283.0213943,158
STABLE_POST_MERGE_2023,17500899,13418152.708065754,7599691.838072888,2079813669.750192,155
STABLE_POST_MERGE_2023,17500900,16952256.845019545,4222565.38625264,2254650160.3875995,133
STABLE_POST_MERGE_2023,17500901,8038124.764274489,4664696.74062,1004765595.5343112,125
STABLE_POST_MERGE_2023,17500902,10735575.181272501,3888205.06563,1621071852.3721476,151
STABLE_POST_MERGE_2023,17500903,16563213.65148888,4633832.25102,2633550970.586732,159
STABLE_POST_MERGE_2023,17500904,17109247.334852837,8026326.247231074,2275529895.5354276,133
STABLE_POST_MERGE_2023,17500905,17200281.93288015,5391239.071705306,1995232704.2140973,116
STABLE_POST_MERGE_2023,17500906,17332738.73681959,3800446.303423104,2599910810.5229387,150
STABLE_POST_MERGE_2023,17500907,11106432.89710911,4138675.620251048,1810348562.2287848,163
STABLE_POST_MERGE_2023,17500908,8541391.654018803,4104304.046,1742443897.4198358,204
STABLE_POST_MERGE_2023,17500909,12397785.129618114,4273104.1996,2380374744.8866777,192
STABLE_POST_MERGE_2023,17500910,12437958.06794703,4258964.4011,2450277739.385565,197
STABLE_POST_MERGE_2023,17500911,12962110.241601905,4349542.6254,2423914615.1795564,187
STABLE_POST_MERGE_2023,17500912,17660471.92004055,4286920.1613,3549754855.928151,201
STABLE_POST_MERGE_2023,17500913,26749731.258557707,5116968.805947447,3263467213.54404,122
STABLE_POST_MERGE_2023,17500914,24330025.3068106,6013481.523567633,3138573264.578567,129
STABLE_POST_MERGE_2023,17500915,43210333.86956293,8729581.33435732,7475387759.434387,173
STABLE_POST_MERGE_2023,17500916,24689149.38658511,4219982.4943,3481170063.5085,141
STABLE_POST_MERGE_2023,17500917,8809757.363300128,5073413.247482916,1242175788.225318,141
STABLE_POST_MERGE_2023,17500918,10808676.02834134,6795863.995854517,1340275827.514326,124
STABLE_POST_MERGE_2023,17500919,8204372.088686628,5341958.95475,1000933394.8197687,122
STABLE_POST_MERGE_2023,17500920,7432263.025500147,3682273.401415466,787819880.7030156,106
STABLE_POST_MERGE_2023,17500921,6544496.833145293,2376088.68870212,1393977825.4599476,213
STABLE_POST_MERGE_2023,17500922,8524249.350271707,3926776.75901862,1133725163.586137,133
STABLE_POST_MERGE_2023,17500923,8676436.91421284,3402793.214906026,980437371.3060509,113
STABLE_POST_MERGE_2023,17500924,7079025.030988047,3150000.0,1005221554.4003026,142
STABLE_POST_MERGE_2023,17500925,6610971.148137628,3780606.114362133,707373912.8507262,107
STABLE_POST_MERGE_2023,17500926,6377091.411662311,4333008.097677204,809890609.2811135,127
STABLE_POST_MERGE_2023,17500927,7739482.088514499,3438265.8514172602,1052569564.037972,136
STABLE_POST_MERGE_2023,17500928,7353997.375052923,2891771.78859,1044267627.2575151,142
STABLE_POST_MERGE_2023,17500929,8611346.437362544,2993063.1079,1748103326.7845964,203
STABLE_POST_MERGE_2023,17500930,11820263.359059632,2223979.993101705,1122925019.110665,95
STABLE_POST_MERGE_2023,17500931,10329783.794632755,3595322.11514283,1198254920.1773996,116
STABLE_POST_MERGE_2023,17500932,8639692.838071233,2985197.1704724003,1140439454.6254027,132
STABLE_POST_MERGE_2023,17500933,5873995.917617309,4819013.657942997,740123485.6197809,126
STABLE_POST_MERGE_2023,17500934,8368029.449248104,2540869.994112332,962323386.663532,115
STABLE_POST_MERGE_2023,17500935,6409728.08742412,4536011.373499332,1128112143.386645,176
STABLE_POST_MERGE_2023,17500936,3582490.689073903,1683571.83354895,490801224.4031247,137
STABLE_POST_MERGE_2023,17500937,4395178.248506923,2008232.285103072,654881559.0275316,149
STABLE_POST_MERGE_2023,17500938,5036491.851608291,4628379.179490397,644670957.0058613,128
STABLE_POST_MERGE_2023,17500939,6238920.400280013,2327845.605415852,929599139.641722,149
STABLE_POST_MERGE_2023,17500940,9138089.95220629,4104489.4093221426,1133123154.0735798,124
STABLE_POST_MERGE_2023,17500941,5237527.284272755,4015507.95679068,728016292.5139129,139
STABLE_POST_MERGE_2023,17500942,4741269.188382568,3030880.0,749120531.7644458,158
STABLE_POST_MERGE_2023,17500943,6102511.870606654,3862646.606680623,787224031.3082584,129
STABLE_POST_MERGE_2023,17500944,4441802.272679327,2541653.1987,590759702.2663505,133
STABLE_POST_MERGE_2023,17500945,5433099.804242232,3155475.5381826647,728035373.7684591,134
STABLE_POST_MERGE_2023,17500946,6864993.944149836,2472559.56875,1427918740.3831658,208
STABLE_POST_MERGE_2023,17500947,8131838.625184286,2283819.5781597802,1349885211.7805915,166
STABLE_POST_MERGE_2023,17500948,5827767.439000087,4464077.582080884,751781999.6310112,129
STABLE_POST_MERGE_2023,17500949,10786199.41633098,3590120.573541104,1768936704.2782807,164
STABLE_POST_MERGE_2023,17500950,6862522.567346413,3957401.85544764,638214598.7632164,93
STABLE_POST_MERGE_2023,17500951,3842886.431195071,2321193.0272,914606970.6244268,238
STABLE_POST_MERGE_2023,17500952,6203285.988285772,2457013.5203,1370926203.4111555,221
STABLE_POST_MERGE_2023,17500953,4473187.946060764,2275408.2889254726,590460808.8800209,132
STABLE_POST_MERGE_2023,17500954,10417802.501956658,2975485.241161468,1489745757.779802,143
STABLE_POST_MERGE_2023,17500955,3842257.859675024,2489407.56476013,376541270.2481524,98
STABLE_POST_MERGE_2023,17500956,6153969.212327558,2486759.145432562,892325535.7874959,145
STABLE_POST_MERGE_2023,17500957,4502312.210461893,2090727.476026028,648332958.3065126,144
STABLE_POST_MERGE_2023,17500958,4088620.9662842774,3247816.078286024,858610402.9196982,210
STABLE_POST_MERGE_2023,17500959,3678654.5381756737,1952437.89167,349472181.126689,95
STABLE_POST_MERGE_2023,17500960,8556248.088181766,2227896.417914934,1189318484.2572656,139
STABLE_POST_MERGE_2023,17500961,5030175.741761525,2470343.8007,779677239.9730364,155
STABLE_POST_MERGE_2023,17500962,4474254.520433951,1607186.513068064,720354977.7898662,161
STABLE_POST_MERGE_2023,17500963,4788998.38317558,1927569.8643764,636936784.9623522,133
STABLE_POST_MERGE_2023,17500964,4097547.7527584373,2322655.402696696,491705730.3310125,120
STABLE_POST_MERGE_2023,17500965,4501948.159408632,2071669.3217,760829238.9400588,169
STABLE_POST_MERGE_2023,17500966,7488871.772784185,2281990.06899,1063419791.7353542,142
STABLE_POST_MERGE_2023,17500967,5021188.438144635,2262588.55510716,758199454.15984,151
STABLE_POST_MERGE_2023,17500968,4432266.032923837,2086722.6327,540736456.0167081,122
STABLE_POST_MERGE_2023,17500969,3598087.684353609,1920886.551990295,510928451.17821246,142
STABLE_POST_MERGE_2023,17500970,4511612.093372275,3185007.41186826,699299874.4727026,155
STABLE_POST_MERGE_2023,17500971,4028444.968499269,1684165.55787,709006314.4558713,176
STABLE_POST_MERGE_2023,17500972,7181864.58312165,3088969.804379235,854641885.3914764,119
STABLE_POST_MERGE_2023,17500973,5594825.75720248,2008729.43136,1270025446.884963,227
STABLE_POST_MERGE_2023,17500974,5133828.912870788,1703366.03514,1524747187.122624,297
STABLE_POST_MERGE_2023,17500975,4475431.0194112435,2305170.282468988,666839221.8922752,149
STABLE_POST_MERGE_2023,17500976,9217539.59660792,2173838.169101274,1060017053.6099108,115
STABLE_POST_MERGE_2023,17500977,5015234.331384828,2833595.971167646,747269915.3763394,149
STABLE_POST_MERGE_2023,17500978,4120732.565672004,2810059.720429534,906561164.4478409,220
STABLE_POST_MERGE_2023,17500979,4813386.881845608,2823122.992307068,832715930.5592902,173
STABLE_POST_MERGE_2023,17500980,5224474.944577143,2178657.3945,872487315.7443829,167
STABLE_POST_MERGE_2023,17500981,7126878.010417596,3081382.054575959,1104666091.6147275,155
STABLE_POST_MERGE_2023,17500982,5395180.084573216,1206799.8645585,927970974.5465932,172
STABLE_POST_MERGE_2023,17500983,4493376.182719772,3104136.72437088,732420317.7833228,163
STABLE_POST_MERGE_2023,17500984,11378344.413464846,3821512.166018712,1649859939.9524026,145
STABLE_POST_MERGE_2023,17500985,18012150.4703651,1961607.9474,2611761818.2029395,145
STABLE_POST_MERGE_2023,17500986,4914883.715366502,2230190.70709655,692998603.8666768,141
STABLE_POST_MERGE_2023,17500987,5586903.84959098,1944653.81808,731884404.2964184,131
STABLE_POST_MERGE_2023,17500988,8721856.154061394,2316766.2911,1465271833.8823142,168
STABLE_POST_MERGE_2023,17500989,9454388.739341978,1382714.457846321,1049437150.0669596,111
STABLE_POST_MERGE_2023,17500990,15593764.926186524,2638165.2528220452,2370252268.7803516,152
STABLE_POST_MERGE_2023,17500991,11480547.484949287,3310717.939236,1492471173.0434072,130
STABLE_POST_MERGE_2023,17500992,3881492.8697699183,1607685.963091908,589986916.2050276,152
STABLE_POST_MERGE_2023,17500993,11895835.349893194,2923545.629128376,1391812735.9375036,117
STABLE_POST_MERGE_2023,17500994,8284336.713349608,3033488.28096,1366915557.7026854,165
STABLE_POST_MERGE_2023,17500995,6904130.558937175,2185270.1603972,1090852628.3120737,158
STABLE_POST_MERGE_2023,17500996,8756945.679917162,3033276.1729432037,998291807.5105566,114
STABLE_POST_MERGE_2023,17500997,4798649.003854949,2340752.6063,580636529.4664488,121
STABLE_POST_MERGE_2023,17500998,5507802.519550997,2236336.914332446,809646970.3739965,147
STABLE_POST_MERGE_2023,17500999,11577557.752838274,3818860.61954208,1748211220.6785793,151
STABLE_POST_MERGE_2023,17501000,3287969.640061818,1231999.65,588546565.5710654,179
FTX_COLLAPSE_NOV_2022,15970000,3215332.299568248,3353282.932412296,453361854.239123,141
FTX_COLLAPSE_NOV_2022,15970001,3435870.9895734545,3148134.669494702,560046971.3004731,163
FTX_COLLAPSE_NOV_2022,15970002,10198085.606649041,1673108.608921932,2131399891.7896495,209
FTX_COLLAPSE_NOV_2022,15970003,4393291.867292304,2788667.07864,698533406.8994763,159
FTX_COLLAPSE_NOV_2022,15970004,4416944.148039402,3391389.014512925,680209398.798068,154
FTX_COLLAPSE_NOV_2022,15970005,22335535.006871533,4000000.0,4846811096.491122,217
FTX_COLLAPSE_NOV_2022,15970006,5936647.760757979,3356533.66217337,658967901.4441357,111
FTX_COLLAPSE_NOV_2022,15970007,3738051.148310863,1822453.086008655,654158950.954401,175
FTX_COLLAPSE_NOV_2022,15970008,3964785.449007194,2028924.2047295435,539210821.0649784,136
FTX_COLLAPSE_NOV_2022,15970009,13040151.497744288,4084668.637020224,2842753026.508255,218
FTX_COLLAPSE_NOV_2022,15970010,3455169.9975032113,1849305.59172,355882509.74283075,103
FTX_COLLAPSE_NOV_2022,15970011,11707115.665905975,4048536.496709872,2505322752.5038786,214
FTX_COLLAPSE_NOV_2022,15970012,2084311.282745098,989547.558786738,27096046.675686274,13
FTX_COLLAPSE_NOV_2022,15970013,12948203.648618476,2015694.681379248,4363544629.584427,337
FTX_COLLAPSE_NOV_2022,15970014,7909961.07019033,4019353.580883673,1510802564.406353,191
FTX_COLLAPSE_NOV_2022,15970015,6933676.123650724,1859274.9684087876,221877635.95682317,32
FTX_COLLAPSE_NOV_2022,15970016,6090483.962204672,3556675.9107614243,1961135835.8299046,322
FTX_COLLAPSE_NOV_2022,15970017,5076416.332200238,1549977.588738411,949289854.1214443,187
FTX_COLLAPSE_NOV_2022,15970018,4497259.158349765,1978598.90316565,562157394.7937207,125
FTX_COLLAPSE_NOV_2022,15970019,4340213.731345456,2996156.83848,737836334.3287275,170
FTX_COLLAPSE_NOV_2022,15970020,7568387.720039999,2066042.4413,1506109156.2879598,199
FTX_COLLAPSE_NOV_2022,15970021,6840670.566573438,4723757.831969562,1846981052.9748282,270
FTX_COLLAPSE_NOV_2022,15970022,6304777.58941516,4187059.840607526,769182865.9086496,122
FTX_COLLAPSE_NOV_2022,15970023,6494410.210009363,2995360.492301796,1181982658.221704,182
FTX_COLLAPSE_NOV_2022,15970024,5239594.329217957,3646094.549799261,916929007.6131425,175
FTX_COLLAPSE_NOV_2022,15970025,2908568.627567558,1727384.6115669701,453736705.90053904,156
FTX_COLLAPSE_NOV_2022,15970026,5596572.5301663885,4331164.14113168,1141700796.1539433,204
FTX_COLLAPSE_NOV_2022,15970027,4887725.586249562,1584471.652659842,914004684.6286681,187
FTX_COLLAPSE_NOV_2022,15970028,4269481.4456129065,1943230.1500174399,537954662.1472262,126
FTX_COLLAPSE_NOV_2022,15970029,4049087.7358780415,4072589.53748153,732884880.1939255,181
FTX_COLLAPSE_NOV_2022,15970030,3165157.6368310517,2002543.309468508,449452384.43000937,142
FTX_COLLAPSE_NOV_2022,15970031,5070740.514359864,4225066.420530784,862025887.441177,170
FTX_COLLAPSE_NOV_2022,15970032,4394924.214447245,1808262.77242292,597709693.1648253,136
FTX_COLLAPSE_NOV_2022,15970033,3137538.543468023,1806051.74284528,423567703.36818314,135
FTX_COLLAPSE_NOV_2022,15970034,6109973.686946439,3553547.681446808,1069245395.2156268,175
FTX_COLLAPSE_NOV_2022,15970035,5323208.869567371,2235018.102873616,883652672.3481836,166
FTX_COLLAPSE_NOV_2022,15970036,3723476.1377510075,2478860.286931192,659055276.3819283,177
FTX_COLLAPSE_NOV_2022,15970037,3798628.0533298375,1628838.338904,664759909.3327216,175
FTX_COLLAPSE_NOV_2022,15970038,4587720.877674279,2461335.30995778,660631806.3850962,144
FTX_COLLAPSE_NOV_2022,15970039,20172694.90094874,4592592.0694789495,4720410606.822005,234
FTX_COLLAPSE_NOV_2022,15970040,4136918.1570949554,2209075.3489,620537723.5642433,150
FTX_COLLAPSE_NOV_2022,15970041,4613501.838160131,1624656.515897415,166086066.17376474,36
FTX_COLLAPSE_NOV_2022,15970042,11642441.468099674,3962286.275276384,3550944647.7704005,305
FTX_COLLAPSE_NOV_2022,15970043,6724969.349053701,2282568.8386540725,928045770.1694108,138
FTX_COLLAPSE_NOV_2022,15970044,4755235.709342212,2672312.302,718040592.1106741,151
FTX_COLLAPSE_NOV_2022,15970045,3131025.161537212,2250000.0,366329943.89985377,117
FTX_COLLAPSE_NOV_2022,15970046,4302614.840637388,4112360.69393748,653997455.7768829,152
FTX_COLLAPSE_NOV_2022,15970047,6397042.13872894,2114983.986218982,1164261669.248667,182
FTX_COLLAPSE_NOV_2022,15970048,6938044.985219228,2863419.86952,1110087197.6350765,160
FTX_COLLAPSE_NOV_2022,15970049,8103084.040781012,3819721.731512808,1385627370.973553,171
FTX_COLLAPSE_NOV_2022,15970050,3637806.1752924575,2228996.5296,436536741.0350949,120
FTX_COLLAPSE_NOV_2022,15970051,6011091.170079085,2969490.87266868,841552763.8110719,140
FTX_COLLAPSE_NOV_2022,15970052,19526977.809942313,4391551.089564679,4374043029.427078,224
FTX_COLLAPSE_NOV_2022,15970053,6121720.070591324,2041206.94160346,655024047.5532717,107
FTX_COLLAPSE_NOV_2022,15970054,4362081.386591231,4052328.564384658,711019266.0143707,163
FTX_COLLAPSE_NOV_2022,15970055,5784868.2047678325,5679684.337247256,115697364.09535664,20
FTX_COLLAPSE_NOV_2022,15970056,12611689.213670554,3553376.7662,3821341831.742178,303
FTX_COLLAPSE_NOV_2022,15970057,2884441.1957648667,861000.0,969172241.7769952,336
FTX_COLLAPSE_NOV_2022,15970058,5052807.20577691,1215732.222795348,924663718.6571746,183
FTX_COLLAPSE_NOV_2022,15970059,6465688.177041824,4490816.257008497,1092701301.9200683,169
FTX_COLLAPSE_NOV_2022,15970060,5557484.782083771,3797485.767951623,50017363.03875394,9
FTX_COLLAPSE_NOV_2022,15970061,4417761.160872791,2885916.4666216997,1475532227.731512,334
FTX_COLLAPSE_NOV_2022,15970062,8899008.980708905,1357022.0,1592922607.546894,179
FTX_COLLAPSE_NOV_2022,15970063,7029339.646514864,1926425.226610944,808374059.3492093,115
FTX_COLLAPSE_NOV_2022,15970064,4005823.94095585,3413569.378720968,576838647.4976424,144
FTX_COLLAPSE_NOV_2022,15970065,4284613.190828599,1943747.635195367,659830431.3876042,154
FTX_COLLAPSE_NOV_2022,15970066,3526009.760424168,2313976.7274,504219395.740656,143
FTX_COLLAPSE_NOV_2022,15970067,17722223.003335122,1940912.973775398,4288777966.8070993,242
FTX_COLLAPSE_NOV_2022,15970068,7460194.348955349,4351267.040100872,1066807791.9006149,143
FTX_COLLAPSE_NOV_2022,15970069,4040733.426708061,2192340.213,593987813.726085,147
FTX_COLLAPSE_NOV_2022,15970070,11489063.303296031,2191798.202,1769315748.707589,154
FTX_COLLAPSE_NOV_2022,15970071,7383223.067199421,4101285.029902568,1225615029.155104,166
FTX_COLLAPSE_NOV_2022,15970072,8448266.984924285,1813063.289448305,2179652882.1104655,258
FTX_COLLAPSE_NOV_2022,15970073,7136144.192066411,3456102.993775014,877745735.6241685,123
FTX_COLLAPSE_NOV_2022,15970074,3705469.3236259283,2371045.18613915,603991499.7510263,163
FTX_COLLAPSE_NOV_2022,15970075,4788786.84358835,2045840.9519,675218944.9459574,141
FTX_COLLAPSE_NOV_2022,15970076,26734322.38148574,4908233.091565082,4544834804.852576,170
FTX_COLLAPSE_NOV_2022,15970077,3293161.5133847888,1545722.39635136,958310000.3949735,291
FTX_COLLAPSE_NOV_2022,15970078,4350231.860825103,1977191.869459142,1022304487.293899,235
FTX_COLLAPSE_NOV_2022,15970079,5196827.567337039,2475894.864932496,1195270340.487519,230
FTX_COLLAPSE_NOV_2022,15970080,4355233.045218897,2039038.95034286,1232530951.796948,283
FTX_COLLAPSE_NOV_2022,15970081,4867830.919403746,3000000.0,1066054971.3494203,219
FTX_COLLAPSE_NOV_2022,15970082,5374672.834364138,3361133.68301766,1236174751.9037516,230
FTX_COLLAPSE_NOV_2022,15970083,5113243.890317508,2021024.42823063,777213071.3282613,152
FTX_COLLAPSE_NOV_2022,15970084,3621587.5595112415,2027499.598332129,698966398.9856696,193
FTX_COLLAPSE_NOV_2022,15970085,7379620.563793745,1969256.7021055468,974109914.4207743,132
FTX_COLLAPSE_NOV_2022,15970086,6339009.472185918,4573520.717439744,1350209017.5756006,213
FTX_COLLAPSE_NOV_2022,15970087,4994191.098754265,1442912.4,664227416.1343173,133
FTX_COLLAPSE_NOV_2022,15970088,4867346.493599853,2217822.631464706,671693816.1167797,138
FTX_COLLAPSE_NOV_2022,15970089,4839205.878944061,4537205.188617807,851700234.6941547,176
FTX_COLLAPSE_NOV_2022,15970090,5083981.681465957,2259155.3576,676169563.6349723,133
FTX_COLLAPSE_NOV_2022,15970091,5225709.645500556,4590589.751697304,773405027.5340822,148
FTX_COLLAPSE_NOV_2022,15970092,6261038.483037722,1263705.486526184,469577886.22782916,75
FTX_COLLAPSE_NOV_2022,15970093,4647229.305242418,1576917.78239066,896915255.9117867,193
FTX_COLLAPSE_NOV_2022,15970094,5836285.9413148565,3606013.54030104,1301491764.913213,223
FTX_COLLAPSE_NOV_2022,15970095,3596686.249473264,2159992.8937308798,330895134.9515403,92
FTX_COLLAPSE_NOV_2022,15970096,4812728.749946056,1938282.9653286645,712283854.9920163,148
FTX_COLLAPSE_NOV_2022,15970097,6778130.613945305,2464249.580588652,1253954163.5798814,185
FTX_COLLAPSE_NOV_2022,15970098,5228370.437290694,1790115.953009832,878366233.4648366,168
FTX_COLLAPSE_NOV_2022,15970099,5164656.559151789,4242128.993827298,836674362.5825899,162
FTX_COLLAPSE_NOV_2022,15970100,3386123.8595966543,2083379.9661,250573165.61015242,74
FTX_COLLAPSE_NOV_2022,15970101,13948923.865506262,3613341.4858,4003341149.400297,287
FTX_COLLAPSE_NOV_2022,15970102,5306584.189099291,1935644.763796107,1050703669.4416597,198
FTX_COLLAPSE_NOV_2022,15970103,3858300.803143211,1823408.93640261,517012307.6211903,134
FTX_COLLAPSE_NOV_2022,15970104,5695892.236282399,4227440.312142996,1139178447.2564797,200
FTX_COLLAPSE_NOV_2022,15970105,3141410.476670708,2001777.10455,483777213.407289,154
FTX_COLLAPSE_NOV_2022,15970106,2704687.991152894,1957038.183,408407886.66408706,151
FTX_COLLAPSE_NOV_2022,15970107,15881346.23959068,2099043.82595322,4700878486.918841,296
FTX_COLLAPSE_NOV_2022,15970108,3996778.6390306,1992848.4434,683449147.2742326,171
FTX_COLLAPSE_NOV_2022,15970109,3362320.3149668374,1954117.6253,615304617.6389313,183
FTX_COLLAPSE_NOV_2022,15970110,6398263.271987156,1921731.9846,1266856127.853457,198
FTX_COLLAPSE_NOV_2022,15970111,4149964.219707073,1929637.5271,834142808.1611217,201
FTX_COLLAPSE_NOV_2022,15970112,4058854.684185331,2003217.4827,1059361072.5723715,261
FTX_COLLAPSE_NOV_2022,15970113,6434356.09909185,2091266.0188812811,836466292.8819405,130
FTX_COLLAPSE_NOV_2022,15970114,4825249.878590108,1999123.8641,849243978.6318591,176
FTX_COLLAPSE_NOV_2022,15970115,4242927.4781517275,1976694.48756,704325961.3731867,166
FTX_COLLAPSE_NOV_2022,15970116,4288633.645484256,3407429.749942314,716201818.7958707,167
FTX_COLLAPSE_NOV_2022,15970117,6793000.746314753,2640000.0,1202361132.0977113,177
FTX_COLLAPSE_NOV_2022,15970118,3571400.389204367,1949979.7160333726,542852859.1590638,152
FTX_COLLAPSE_NOV_2022,15970119,4030110.670340696,1665191.61279,624667153.9028078,155
FTX_COLLAPSE_NOV_2022,15970120,3409394.841972609,1361455.153442248,68187896.83945218,20
FTX_COLLAPSE_NOV_2022,15970121,18195709.936484132,3730721.721464288,5349538721.326335,294
FTX_COLLAPSE_NOV_2022,15970122,4985755.431871643,1931977.9088770929,1286324901.422884,258
FTX_COLLAPSE_NOV_2022,15970123,4302043.848058046,1891791.16011,576473875.6397781,134
FTX_COLLAPSE_NOV_2022,15970124,4732799.823240253,4293785.840169054,761980771.5416808,161
FTX_COLLAPSE_NOV_2022,15970125,6177185.216200636,3802122.853452354,1538119118.8339584,249
FTX_COLLAPSE_NOV_2022,15970126,8494661.12106708,4733883.0,2268074519.3249106,267
FTX_COLLAPSE_NOV_2022,15970127,11966564.60636054,7031028.4195,2728376730.250203,228
FTX_COLLAPSE_NOV_2022,15970128,12852722.309768513,8112661.260565748,2467722683.4755545,192
FTX_COLLAPSE_NOV_2022,15970129,4762392.345408941,4234440.381726088,542912727.3766192,114
FTX_COLLAPSE_NOV_2022,15970130,4517989.457302848,2189439.05292,546676724.3336446,121
FTX_COLLAPSE_NOV_2022,15970131,4037928.5351465503,2495212.2775,625878922.9477153,155
FTX_COLLAPSE_NOV_2022,15970132,3707800.0859132963,1494576.455562015,504260811.6842083,136
FTX_COLLAPSE_NOV_2022,15970133,9948472.504124299,7747559.739626995,955053360.3959327,96
FTX_COLLAPSE_NOV_2022,15970134,6931506.069302091,2877270.110987824,1656629950.5631998,239
FTX_COLLAPSE_NOV_2022,15970135,4830734.119259549,2144767.2807,1106238113.3104367,229
FTX_COLLAPSE_NOV_2022,15970136,3978364.236376448,2174992.4683,676321920.1839962,170
FTX_COLLAPSE_NOV_2022,15970137,4236682.158204575,2075305.2479,889703253.2229607,210
FTX_COLLAPSE_NOV_2022,15970138,5901806.476741052,3090581.036013974,814449293.7902652,138
FTX_COLLAPSE_NOV_2022,15970139,4497568.357383169,2335954.157684057,832050146.1158863,185
FTX_COLLAPSE_NOV_2022,15970140,7129158.313170375,10172492.68348436,1703868836.8477197,239
FTX_COLLAPSE_NOV_2022,15970141,4034778.394301328,3197684.9533667304,621355872.7224045,154
FTX_COLLAPSE_NOV_2022,15970142,3987525.4419791102,1697127.171829233,506415731.131347,127
FTX_COLLAPSE_NOV_2022,15970143,4414894.812732275,2750406.5306903794,900638541.797384,204
FTX_COLLAPSE_NOV_2022,15970144,7054683.475222284,8001650.161754,1220460241.2134552,173
FTX_COLLAPSE_NOV_2022,15970145,3341470.3225072008,2130748.356,491196137.4085585,147
FTX_COLLAPSE_NOV_2022,15970146,3178778.847309447,1494582.502520016,518140952.1114398,163
FTX_COLLAPSE_NOV_2022,15970147,19818245.61718044,2413350.0,4657287720.037403,235
FTX_COLLAPSE_NOV_2022,15970148,3529816.2647909103,2281092.42710745,342392177.6847183,97
FTX_COLLAPSE_NOV_2022,15970149,6707720.243613821,4199230.849226352,1227512804.5813293,183
FTX_COLLAPSE_NOV_2022,15970150,11530389.671741456,2212794.37464324,1971696633.8677888,171
FTX_COLLAPSE_NOV_2022,15970151,5220503.040795375,4447982.91119796,689106401.3849895,132
FTX_COLLAPSE_NOV_2022,15970152,4446158.555199762,1874381.2659,733616161.6079607,165
FTX_COLLAPSE_NOV_2022,15970153,5322349.818442412,2231967.714337568,654649027.6684166,123
FTX_COLLAPSE_NOV_2022,15970154,5243150.2315273145,4320217.799576336,1011927994.6847717,193
FTX_COLLAPSE_NOV_2022,15970155,4033137.410186698,2306334.625,637235710.8094983,158
FTX_COLLAPSE_NOV_2022,15970156,3721524.7163825287,1932222.6951410421,632659201.7850299,170
FTX_COLLAPSE_NOV_2022,15970157,4814696.841630538,2092788.22817856,1381817993.5479643,287
FTX_COLLAPSE_NOV_2022,15970158,2684124.709341207,982029.4532784,595875685.473748,222
FTX_COLLAPSE_NOV_2022,15970159,4623057.383245623,1658592.9320509047,554766885.9894748,120
FTX_COLLAPSE_NOV_2022,15970160,3774789.7860730537,1932555.42657,524695780.2641545,139
FTX_COLLAPSE_NOV_2022,15970161,5151753.604682271,3439714.469577968,777914794.3070229,151
FTX_COLLAPSE_NOV_2022,15970162,5615708.261372715,2560437.0,1342154274.4680789,239
FTX_COLLAPSE_NOV_2022,15970163,4519743.439187809,1893462.38174,732198437.1484251,162
FTX_COLLAPSE_NOV_2022,15970164,6946220.610029933,4507462.960229568,972470885.4041907,140
FTX_COLLAPSE_NOV_2022,15970165,3508271.153925409,2117999.3521,428009080.7788999,122
FTX_COLLAPSE_NOV_2022,15970166,3276418.355522312,2514953.243653613,452145733.0620791,138
FTX_COLLAPSE_NOV_2022,15970167,3958752.572587811,1921302.09604176,665070432.1947522,168
FTX_COLLAPSE_NOV_2022,15970168,4021383.9996493002,2374592.62020816,691678047.9396796,172
FTX_COLLAPSE_NOV_2022,15970169,4645713.057301216,2269905.9463,747959802.2254957,161
FTX_COLLAPSE_NOV_2022,15970170,3364952.295700646,1997839.3981,477823225.98949176,142
FTX_COLLAPSE_NOV_2022,15970171,3338822.412413476,2174303.1606783243,600988034.2344257,180
FTX_COLLAPSE_NOV_2022,15970172,13480934.327199968,2169737.7925862595,3235424238.5279922,240
FTX_COLLAPSE_NOV_2022,15970173,4918710.288407366,3675899.7736419756,698456860.953846,142
FTX_COLLAPSE_NOV_2022,15970174,5795551.906135766,3353847.689438825,950470512.6062655,164
FTX_COLLAPSE_NOV_2022,15970175,17453968.011686694,4359538.242872334,3473339634.325652,199
FTX_COLLAPSE_NOV_2022,15970176,5850421.595555446,3649568.174010876,1000422092.8399813,171
FTX_COLLAPSE_NOV_2022,15970177,4915718.920741832,2188228.0,771767870.5564675,157
FTX_COLLAPSE_NOV_2022,15970178,3681225.709617156,2107128.03861,489603019.3790818,133
FTX_COLLAPSE_NOV_2022,15970179,4229140.026305315,3930984.585762465,177623881.10482323,42
FTX_COLLAPSE_NOV_2022,15970180,16864917.53435562,3880512.336405216,3929525785.50486,233
FTX_COLLAPSE_NOV_2022,15970181,3519590.7281199275,2220057.280870293,911573998.5830612,259
FTX_COLLAPSE_NOV_2022,15970182,3430984.4109303453,1960942.30479,621008178.3783925,181
FTX_COLLAPSE_NOV_2022,15970183,4680360.345623955,2493965.385188368,547602160.4380027,117
FTX_COLLAPSE_NOV_2022,15970184,3785936.854738627,2033769.86560385,488385854.2612829,129
FTX_COLLAPSE_NOV_2022,15970185,4821437.431060364,3705733.074770012,935358861.6257105,194
FTX_COLLAPSE_NOV_2022,15970186,2740726.5008529513,1668955.930875,416590428.1296486,152
FTX_COLLAPSE_NOV_2022,15970187,19748248.954581708,3177456.196784664,3949649790.916342,200
FTX_COLLAPSE_NOV_2022,15970188,2336996.248004106,2082109.95,53750913.70409443,23
FTX_COLLAPSE_NOV_2022,15970189,13724261.013671484,3538924.866742986,3197752816.185456,233
FTX_COLLAPSE_NOV_2022,15970190,3736547.528038897,2087840.3284,822040456.1685574,220
FTX_COLLAPSE_NOV_2022,15970191,4490194.689577466,3557612.531695296,745372318.4698594,166
FTX_COLLAPSE_NOV_2022,15970192,5959705.812514294,2032029.8160669361,810519990.501944,136
FTX_COLLAPSE_NOV_2022,15970193,4155026.836737303,2276871.9065,727129696.429028,175
FTX_COLLAPSE_NOV_2022,15970194,5164367.000655967,2685131.586794734,883106757.1121703,171
FTX_COLLAPSE_NOV_2022,15970195,4107303.869116618,2273148.5997,636632099.7130758,155
FTX_COLLAPSE_NOV_2022,15970196,2829626.1536116446,1470000.0,70740653.84029111,25
FTX_COLLAPSE_NOV_2022,15970197,18200473.691358563,3410835.319678404,4531917949.148282,249
FTX_COLLAPSE_NOV_2022,15970198,3061066.0576403085,1921418.185584442,177541831.3431379,58
FTX_COLLAPSE_NOV_2022,15970199,4479064.59280617,2764413.356604692,1294449667.320983,289
FTX_COLLAPSE_NOV_2022,15970200,4972972.634034854,2199387.23836843,556972935.0119036,112
FTX_COLLAPSE_NOV_2022,15970201,3852979.4369916264,3266816.663935725,635741607.1036184,165
FTX_COLLAPSE_NOV_2022,15970202,5538408.020987375,2189365.35075,1007990259.8197021,182
FTX_COLLAPSE_NOV_2022,15970203,5114084.205873126,2122339.7036352223,746656294.0574764,146
FTX_COLLAPSE_NOV_2022,15970204,11238014.364638034,3766394.530945084,2348745002.209349,209
FTX_COLLAPSE_NOV_2022,15970205,5835485.528525454,2217109.4,741106662.1227326,127
FTX_COLLAPSE_NOV_2022,15970206,7948323.886169769,3498163.336163754,1716837959.4126701,216
FTX_COLLAPSE_NOV_2022,15970207,7814278.181974378,1951981.9897972299,1250284509.1159005,160
FTX_COLLAPSE_NOV_2022,15970208,10280630.6162544,3994576.011192504,2200054951.878442,214
FTX_COLLAPSE_NOV_2022,15970209,4322696.235640412,2415291.241445954,644081739.1104214,149
FTX_COLLAPSE_NOV_2022,15970210,21478348.881751202,3566532.807182832,3586884263.252451,167
FTX_COLLAPSE_NOV_2022,15970211,4235825.378514122,3588038.5069463444,559128949.9638641,132
FTX_COLLAPSE_NOV_2022,15970212,13403562.187539432,2581458.882474751,2935380119.0711355,219
FTX_COLLAPSE_NOV_2022,15970213,4732380.04903449,2242529.070679496,771377947.9926219,163
FTX_COLLAPSE_NOV_2022,15970214,5170981.024194201,3409531.182783225,780818134.6533244,151
FTX_COLLAPSE_NOV_2022,15970215,3815968.3942289217,1714845.579878508,530419606.7978201,139
FTX_COLLAPSE_NOV_2022,15970216,13198316.518884975,6046443.286009852,3523950510.5422883,267
FTX_COLLAPSE_NOV_2022,15970217,4516588.829667248,2088229.3684,749753745.7247632,166
FTX_COLLAPSE_NOV_2022,15970218,3890614.155297247,2300871.7321659997,389061415.5297247,100
FTX_COLLAPSE_NOV_2022,15970219,18340077.866131157,7015187.774579004,4199877831.344035,229
FTX_COLLAPSE_NOV_2022,15970220,4456016.8872881085,1955858.795,761978887.7262665,171
FTX_COLLAPSE_NOV_2022,15970221,5633326.060926737,3938003.9554,647832497.0065747,115
FTX_COLLAPSE_NOV_2022,15970222,14534149.096512154,2194602.943964123,3255649397.6187224,224
FTX_COLLAPSE_NOV_2022,15970223,4121446.3610654534,1981616.05555,585245383.2712944,142
FTX_COLLAPSE_NOV_2022,15970224,13537458.409189371,5786283.929416367,2680416765.0194955,198
FTX_COLLAPSE_NOV_2022,15970225,3307157.1325962055,2207512.4521,390244541.64635223,118
FTX_COLLAPSE_NOV_2022,15970226,29044729.442432724,5250000.0,1713639037.1035306,59
FTX_COLLAPSE_NOV_2022,15970227,10689287.815273393,1559497.5792,4521568745.860645,423
FTX_COLLAPSE_NOV_2022,15970228,2994694.8044845085,1862829.30943426,883434967.32293,295
FTX_COLLAPSE_NOV_2022,15970229,9005711.114906969,2433655.51488,2116342112.0031378,235
FTX_COLLAPSE_NOV_2022,15970230,6147437.260107194,2204960.3773,1266372075.582082,206
FTX_COLLAPSE_NOV_2022,15970231,3512374.0988786756,2082552.397554296,874581150.6207902,249
FTX_COLLAPSE_NOV_2022,15970232,5084565.559158054,2266764.93727274,864376145.0568691,170
FTX_COLLAPSE_NOV_2022,15970233,6558935.073340258,2727588.791174936,937927715.4876568,143
FTX_COLLAPSE_NOV_2022,15970234,5799844.502745477,3625872.523064675,591584139.2800386,102
FTX_COLLAPSE_NOV_2022,15970235,4518670.340897766,2095021.87083,817879331.7024956,181
FTX_COLLAPSE_NOV_2022,15970236,4719600.229422833,3712234.8355277954,840088840.8372643,178
FTX_COLLAPSE_NOV_2022,15970237,6036878.595315365,2299467.8986,1008158725.417666,167
FTX_COLLAPSE_NOV_2022,15970238,3173348.167628779,2430000.0,60293615.184946805,19
FTX_COLLAPSE_NOV_2022,15970239,6107674.645235438,1893888.47187,1868948441.442044,306
FTX_COLLAPSE_NOV_2022,15970240,4624700.097092103,2344190.7,633583913.3016181,137
FTX_COLLAPSE_NOV_2022,15970241,4404074.0306555005,2579827.52664,629782586.3837366,143
FTX_COLLAPSE_NOV_2022,15970242,3980046.3427342335,1518929.4900185405,541286302.6118557,136
FTX_COLLAPSE_NOV_2022,15970243,5209299.562770724,3997480.439378024,1073115709.9307692,206
FTX_COLLAPSE_NOV_2022,15970244,7268293.395292899,2689260.968587648,981219608.3645413,135
FTX_COLLAPSE_NOV_2022,15970245,5616640.701335001,2139834.9399,763863135.3815601,136
FTX_COLLAPSE_NOV_2022,15970246,3455216.2861584816,2072965.8639626175,628849364.0808437,182
FTX_COLLAPSE_NOV_2022,15970247,3418317.7782309055,1152881.1245169465,581114022.299254,170
FTX_COLLAPSE_NOV_2022,15970248,3543037.33986863,2559917.263801463,520826488.9606886,147
FTX_COLLAPSE_NOV_2022,15970249,23233188.913530543,3117073.8090623403,4460772271.397864,192
FTX_COLLAPSE_NOV_2022,15970250,3307560.6446621916,1746404.588384468,443213126.3847337,134
FTX_COLLAPSE_NOV_2022,15970251,3740155.668571838,3267286.015075751,519881637.93148553,139
FTX_COLLAPSE_NOV_2022,15970252,4039776.0830388446,1710000.0,488812906.0477002,121
FTX_COLLAPSE_NOV_2022,15970253,6887823.177572349,9998676.88225,1756394910.280949,255
FTX_COLLAPSE_NOV_2022,15970254,4603011.3556281375,3325497.3643336687,708863748.7667332,154
FTX_COLLAPSE_NOV_2022,15970255,3467635.580330776,1971494.311209842,499339523.5676317,144
FTX_COLLAPSE_NOV_2022,15970256,6024208.602497877,4473444.814269891,1391592187.1770096,231
FTX_COLLAPSE_NOV_2022,15970257,39178770.896353506,2015318.1184,5837636863.556672,149
FTX_COLLAPSE_NOV_2022,15970258,3427376.549189128,861000.0,1134461637.7816014,331
FTX_COLLAPSE_NOV_2022,15970259,5183416.323612676,3514242.874419641,689394371.0404859,133
FTX_COLLAPSE_NOV_2022,15970260,3565296.911608965,2187280.8967,424270332.4814668,119
FTX_COLLAPSE_NOV_2022,15970261,4288476.599327703,3405243.4200057,810522077.2729359,189
FTX_COLLAPSE_NOV_2022,15970262,5242602.032974242,1912522.748151915,917455355.7704924,175
FTX_COLLAPSE_NOV_2022,15970263,6659089.815411337,4210989.426964048,226409053.72398546,34
FTX_COLLAPSE_NOV_2022,15970264,7488989.101952829,3178542.1772645516,2456388425.440528,328
FTX_COLLAPSE_NOV_2022,15970265,3783125.5984053854,1907904.901404588,484240076.59588933,128
FTX_COLLAPSE_NOV_2022,15970266,3851187.0708569665,2140920.348607537,585380434.7702589,152
FTX_COLLAPSE_NOV_2022,15970267,4298794.301076278,1632433.232468168,554544464.8388399,129
FTX_COLLAPSE_NOV_2022,15970268,34650265.31664722,7200000.0,5647993246.613497,163
FTX_COLLAPSE_NOV_2022,15970269,5329827.7718453,4293288.88282536,1108604176.5438223,208
FTX_COLLAPSE_NOV_2022,15970270,3756148.482282157,2131777.89585,484543154.21439826,129
FTX_COLLAPSE_NOV_2022,15970271,3900124.5140563287,2304436.014466364,514816435.8554354,132
FTX_COLLAPSE_NOV_2022,15970272,4569268.630186103,2098224.0,936700069.1881511,205
FTX_COLLAPSE_NOV_2022,15970273,4723896.20879922,2048330.8012,599934818.5175009,127
FTX_COLLAPSE_NOV_2022,15970274,5748855.318110748,3711884.990511594,845081731.76228,147
FTX_COLLAPSE_NOV_2022,15970275,9319088.94938957,2145125.0228580954,1882455967.7766929,202
FTX_COLLAPSE_NOV_2022,15970276,4972086.969034799,4168677.429015552,805478088.9836376,162
FTX_COLLAPSE_NOV_2022,15970277,14954645.000481762,3112335.0,2377788555.0766,159
FTX_COLLAPSE_NOV_2022,15970278,3111561.946198941,1575000.0,388945243.27486765,125
FTX_COLLAPSE_NOV_2022,15970279,19149055.169703413,7200000.0,4787263792.425853,250
FTX_COLLAPSE_NOV_2022,15970280,3357769.637532493,1798725.077866077,550674220.5553288,164
FTX_COLLAPSE_NOV_2022,15970281,4169395.9903494744,2075312.277739536,846387386.0409433,203
FTX_COLLAPSE_NOV_2022,15970282,6904850.0918167755,2528840.0,780248060.3752956,113
FTX_COLLAPSE_NOV_2022,15970283,16767799.628162628,4070008.187810872,2749919139.018671,164
FTX_COLLAPSE_NOV_2022,15970284,6138995.618933256,4086867.420045952,890154364.7453221,145
FTX_COLLAPSE_NOV_2022,15970285,14452722.951285917,4132958.7286,2962808205.013613,205
FTX_COLLAPSE_NOV_2022,15970286,16134544.369084368,4076034.073649832,3226908873.8168736,200
FTX_COLLAPSE_NOV_2022,15970287,4599046.434735788,1965987.21665804,933606426.251365,203
FTX_COLLAPSE_NOV_2022,15970288,8008494.043659774,2821469.972345465,1057121213.7630901,132
FTX_COLLAPSE_NOV_2022,15970289,4238227.857307824,3856650.0,724736963.599638,171
FTX_COLLAPSE_NOV_2022,15970290,2518852.728801636,380100.0,715354174.9796647,284
FTX_COLLAPSE_NOV_2022,15970291,16169217.873993902,4119488.886781544,3088320613.932835,191
FTX_COLLAPSE_NOV_2022,15970292,6023336.096810295,2000000.0,945663767.1992164,157
FTX_COLLAPSE_NOV_2022,15970293,5950514.456068846,2023888.399340464,654556590.1675731,110
FTX_COLLAPSE_NOV_2022,15970294,6010399.082243164,4238842.126423568,955653454.076663,159
FTX_COLLAPSE_NOV_2022,15970295,4120004.2469726303,2152969.8204,469680484.15487987,114
FTX_COLLAPSE_NOV_2022,15970296,4409859.197030987,2367870.44184,740856345.1012058,168
FTX_COLLAPSE_NOV_2022,15970297,4733229.300516137,2238213.6515,837781586.1913562,177
FTX_COLLAPSE_NOV_2022,15970298,8224832.636057589,3772352.693252781,1126802071.1398897,137
FTX_COLLAPSE_NOV_2022,15970299,2907342.5626037284,3725800.654720095,177347896.31882742,61
FTX_COLLAPSE_NOV_2022,15970300,8921593.53265296,3119590.39902988,2872753117.514253,322
FTX_COLLAPSE_NOV_2022,15970301,6377423.26895136,4137749.71081632,1096916802.259634,172
FTX_COLLAPSE_NOV_2022,15970302,4591249.248889142,1653836.06024,647366144.093369,141
FTX_COLLAPSE_NOV_2022,15970303,4868251.536759909,1893539.180272626,472220399.0657112,97
FTX_COLLAPSE_NOV_2022,15970304,5567809.4864219,3997190.014904289,1046748183.4473172,188
FTX_COLLAPSE_NOV_2022,15970305,3901250.842422037,1912996.1326428489,468150101.0906444,120
FTX_COLLAPSE_NOV_2022,15970306,15339023.987453364,4110191.217410984,3466619421.16446,226
FTX_COLLAPSE_NOV_2022,15970307,3919886.953548713,1834903.8880503,548784173.4968199,140
FTX_COLLAPSE_NOV_2022,15970308,4427813.966025988,3105118.042410136,708450234.564158,160
FTX_COLLAPSE_NOV_2022,15970309,3579605.130015534,1962558.955928937,536940769.5023301,150
FTX_COLLAPSE_NOV_2022,15970310,5079825.264589757,2146898.0607,655297459.1320786,129
FTX_COLLAPSE_NOV_2022,15970311,5113164.087754876,2934825.308733754,879464223.0938387,172
FTX_COLLAPSE_NOV_2022,15970312,15692667.798442654,4491570.814670736,3216996898.680744,205
FTX_COLLAPSE_NOV_2022,15970313,4889551.721631243,2428286.07132,796996930.6258925,163
FTX_COLLAPSE_NOV_2022,15970314,5646417.7107268125,3578464.96416992,1123637124.4346356,199
FTX_COLLAPSE_NOV_2022,15970315,4712033.661149674,2049657.07158,857590126.3292407,182
FTX_COLLAPSE_NOV_2022,15970316,6403707.471107934,7600000.0,1901901118.9190564,297
FTX_COLLAPSE_NOV_2022,15970317,3803133.5932276524,1578888.8471970013,281431885.89884627,74
FTX_COLLAPSE_NOV_2022,15970318,4781254.2440202935,2536313.102578871,1290938645.8854792,270
FTX_COLLAPSE_NOV_2022,15970319,6273732.862766583,3220998.2856326196,853227669.3362553,136
FTX_COLLAPSE_NOV_2022,15970320,11406240.428107556,2410320.629,1574061179.0788426,138
FTX_COLLAPSE_NOV_2022,15970321,22433094.82285711,3246408.5532462867,3903358499.1771374,174
FTX_COLLAPSE_NOV_2022,15970322,27101394.317150366,3896608.937661792,4092310541.889705,151
FTX_COLLAPSE_NOV_2022,15970323,43447017.03230996,4394520.940345092,7690122014.718863,177
FTX_COLLAPSE_NOV_2022,15970324,26481110.51637604,3531760.502425222,3892723245.907278,147
FTX_COLLAPSE_NOV_2022,15970325,12930627.443415318,2467185.3147,1642189685.3137453,127
FTX_COLLAPSE_NOV_2022,15970326,3607719.6390457624,2207499.4781623892,497865310.1883152,138
FTX_COLLAPSE_NOV_2022,15970327,20499584.885071263,2317640.0,4161415731.669466,203
FTX_COLLAPSE_NOV_2022,15970328,32495721.371317297,3061489.56212799,4321930942.3852005,133
FTX_COLLAPSE_NOV_2022,15970329,23858055.857072514,4666983.9241624,4604604780.414995,193
FTX_COLLAPSE_NOV_2022,15970330,26908756.220485393,3609236.4640278863,4789758607.2464,178
FTX_COLLAPSE_NOV_2022,15970331,31958710.39214631,5054817.042300564,5464939477.057019,171
FTX_COLLAPSE_NOV_2022,15970332,10839746.855432292,2210544.865231796,1712680003.158302,158
FTX_COLLAPSE_NOV_2022,15970333,44555265.297501504,4341938.275131613,4277305468.5601444,96
FTX_COLLAPSE_NOV_2022,15970334,13624747.292267606,5000000.0,2588701985.530845,190
FTX_COLLAPSE_NOV_2022,15970335,6380679.482015914,4055660.616980282,1008147358.1585145,158
FTX_COLLAPSE_NOV_2022,15970336,7596897.320912089,8958739.344234642,1466201182.9360332,193
FTX_COLLAPSE_NOV_2022,15970337,5901190.313993822,1712124.83477,891079737.4130671,151
FTX_COLLAPSE_NOV_2022,15970338,6754690.676359733,2320690.037554999,992939529.4248807,147
FTX_COLLAPSE_NOV_2022,15970339,3606685.6693315185,2866837.527592199,591496449.770369,164
FTX_COLLAPSE_NOV_2022,15970340,4915907.980116228,2503422.838926379,678395301.2560394,138
FTX_COLLAPSE_NOV_2022,15970341,4763523.465752274,2630792.962342569,785981371.8491251,165
FTX_COLLAPSE_NOV_2022,15970342,3823433.060511655,1844581.026825,558221226.8347017,146
FTX_COLLAPSE_NOV_2022,15970343,5300904.500017611,3550667.315,667913967.0022191,126
FTX_COLLAPSE_NOV_2022,15970344,4604206.443709578,2346721.230604,814944540.5365953,177
FTX_COLLAPSE_NOV_2022,15970345,5108187.561407113,3650536.046737944,853067322.754988,167
FTX_COLLAPSE_NOV_2022,15970346,3359192.6669410537,3105337.096529712,436695046.70233697,130
FTX_COLLAPSE_NOV_2022,15970347,4396385.191153009,1412272.42283592,580322845.2321973,132
FTX_COLLAPSE_NOV_2022,15970348,5171827.39112439,2711152.4776,951616239.9668877,184
FTX_COLLAPSE_NOV_2022,15970349,4664001.624275224,4343054.385902952,167904058.47390807,36
FTX_COLLAPSE_NOV_2022,15970350,9221640.099027328,2498658.467891928,2692718908.91598,292
FTX_COLLAPSE_NOV_2022,15970351,4222521.669068243,3183949.9605749156,776943987.1085567,184
FTX_COLLAPSE_NOV_2022,15970352,4393287.678673747,1867666.62735,645813288.7650409,147
FTX_COLLAPSE_NOV_2022,15970353,7240699.408429491,2841387.715577112,231702381.06974372,32
FTX_COLLAPSE_NOV_2022,15970354,12232049.68075749,3518794.331111948,3791935401.034822,310
FTX_COLLAPSE_NOV_2022,15970355,6018347.928163788,1946728.1841934745,890715493.3682407,148
FTX_COLLAPSE_NOV_2022,15970356,4113991.237065978,1865288.365319644,522476887.1073792,127
FTX_COLLAPSE_NOV_2022,15970357,12269503.81652791,917374.649729454,2883333396.884059,235
FTX_COLLAPSE_NOV_2022,15970358,4776633.602200188,1169142.599575832,1065189293.2906418,223
FTX_COLLAPSE_NOV_2022,15970359,4576334.536203161,2288932.149,626957831.459833,137
FTX_COLLAPSE_NOV_2022,15970360,4788938.765571969,2535798.4550423925,737496569.8980832,154
FTX_COLLAPSE_NOV_2022,15970361,5880283.755416708,4145451.847568432,829120009.5137558,141
FTX_COLLAPSE_NOV_2022,15970362,23172161.735488184,2772629.51509723,4611260185.362148,199
FTX_COLLAPSE_NOV_2022,15970363,6741034.794417055,2280181.436908928,249418287.39343104,37
FTX_COLLAPSE_NOV_2022,15970364,10600006.773104874,3383410.93318669,2978601903.24247,281
FTX_COLLAPSE_NOV_2022,15970365,3758040.2391600925,1823741.2544220001,496061311.5691322,132
FTX_COLLAPSE_NOV_2022,15970366,4526640.450550919,2859130.371430532,656362865.3298833,145
FTX_COLLAPSE_NOV_2022,15970367,4465646.330151145,1402300.980015742,433167694.02466106,97
FTX_COLLAPSE_NOV_2022,15970368,12870358.747170636,3416324.41159128,2535460673.1926155,197
FTX_COLLAPSE_NOV_2022,15970369,16674390.908191586,4026359.9188,2434461072.5959716,146
FTX_COLLAPSE_NOV_2022,15970370,7684064.941403481,2351003.68802,1237134455.5659604,161
FTX_COLLAPSE_NOV_2022,15970371,6123064.682971859,4144544.640221752,624552597.6631297,102
FTX_COLLAPSE_NOV_2022,15970372,18754130.106116585,3406476.993648447,4294695794.3006983,229
FTX_COLLAPSE_NOV_2022,15970373,7866061.58650491,3092777.413397397,920329205.6210744,117
FTX_COLLAPSE_NOV_2022,15970374,7304879.249788613,4167829.843633672,1366012419.7104707,187
FTX_COLLAPSE_NOV_2022,15970375,6502238.023615209,9535273.5814,2100222881.6277125,323
FTX_COLLAPSE_NOV_2022,15970376,5741662.270799062,3512889.6871371893,597132876.1631025,104
FTX_COLLAPSE_NOV_2022,15970377,10817706.255036615,1575384.4564851802,2531343263.678568,234
FTX_COLLAPSE_NOV_2022,15970378,3159739.65210059,1500000.0,951081635.2822776,301
FTX_COLLAPSE_NOV_2022,15970379,4600786.051410198,2052050.896967136,1233010661.7779331,268
FTX_COLLAPSE_NOV_2022,15970380,3566266.885880037,2012861.2399668,777446181.1218481,218
FTX_COLLAPSE_NOV_2022,15970381,3833893.4356898316,1973057.321516064,463901105.7184696,121
FTX_COLLAPSE_NOV_2022,15970382,4313383.658863619,2135379.7064,1406163072.7895398,326
FTX_COLLAPSE_NOV_2022,15970383,5887483.52829033,1890000.0,959659815.1113238,163
FTX_COLLAPSE_NOV_2022,15970384,3622000.8039217964,2168221.3559,575898127.8235656,159
FTX_COLLAPSE_NOV_2022,15970385,28390532.478947233,7338156.365122508,851715974.368417,30
FTX_COLLAPSE_NOV_2022,15970386,14951808.801577693,4099177.898792235,4022036567.624399,269
FTX_COLLAPSE_NOV_2022,15970387,5151798.882576571,1972536.198925342,798528826.7993685,155
FTX_COLLAPSE_NOV_2022,15970388,6008911.261200772,2960315.4230485824,1141693139.6281466,190
FTX_COLLAPSE_NOV_2022,15970389,5728443.687434777,2283792.664329546,618671918.2429559,108
FTX_COLLAPSE_NOV_2022,15970390,4682082.918704753,2090000.0,585260364.8380941,125
FTX_COLLAPSE_NOV_2022,15970391,27868786.095577274,4141539.179387016,4180317914.336591,150
FTX_COLLAPSE_NOV_2022,15970392,6497852.367951662,4244050.027336,1676445910.9315288,258
FTX_COLLAPSE_NOV_2022,15970393,6054249.175036729,2478196.6,853649133.6801789,141
FTX_COLLAPSE_NOV_2022,15970394,4548877.543118032,2607482.880691918,650489488.6658785,143
FTX_COLLAPSE_NOV_2022,15970395,3974907.289869069,1857684.7466418,639960073.6689202,161
FTX_COLLAPSE_NOV_2022,15970396,7424608.146128634,1551131.974044636,230162852.52998766,31
FTX_COLLAPSE_NOV_2022,15970397,17532247.04717545,3836591.805079136,5855770513.7566,334
FTX_COLLAPSE_NOV_2022,15970398,11409852.46238513,2634453.848674956,2316200049.864181,203
FTX_COLLAPSE_NOV_2022,15970399,8479548.318616576,4261800.891136416,1602634632.218533,189
FTX_COLLAPSE_NOV_2022,15970400,5879547.95081511,2366111.097055155,1117114110.6548707,190
FTX_COLLAPSE_NOV_2022,15970401,6039193.870002841,4297041.236871696,1044780539.5104914,173
FTX_COLLAPSE_NOV_2022,15970402,10613040.852702435,1868539.56282,1836056067.5175214,173
FTX_COLLAPSE_NOV_2022,15970403,18726021.819267616,4378866.635171926,374520436.3853523,20
FTX_COLLAPSE_NOV_2022,15970404,6518661.393775478,3998618.0762,1636184009.837645,251
FTX_COLLAPSE_NOV_2022,15970405,6574707.443382406,2374231.0956,1308366781.2330987,199
FTX_COLLAPSE_NOV_2022,15970406,5466343.982210834,2088735.0889,1093268796.4421668,200
FTX_COLLAPSE_NOV_2022,15970407,3463479.315174646,1400915.25,588791483.5796899,170
FTX_COLLAPSE_NOV_2022,15970408,4164358.1918637995,1673543.2732376,632982445.1632975,152
FTX_COLLAPSE_NOV_2022,15970409,3546091.885183475,2045167.9367,691487917.6107776,195
FTX_COLLAPSE_NOV_2022,15970410,5268443.176214095,1455659.490598252,958856658.0709654,182
FTX_COLLAPSE_NOV_2022,15970411,4988530.955366826,3703969.640924784,1022648845.8501992,205
FTX_COLLAPSE_NOV_2022,15970412,5468732.818307646,2083356.0,1279683479.483989,234
FTX_COLLAPSE_NOV_2022,15970413,5833864.476331951,2246952.5767200002,956753774.1184399,164
FTX_COLLAPSE_NOV_2022,15970414,5677304.547985079,2790318.61584,931077945.8695529,164
FTX_COLLAPSE_NOV_2022,15970415,4752495.452101759,2120107.083906766,560794463.3480076,118
FTX_COLLAPSE_NOV_2022,15970416,4157749.903209167,2343638.227879406,216202994.9668767,52
FTX_COLLAPSE_NOV_2022,15970417,4453189.571866563,2160000.0,1313690923.700636,295
FTX_COLLAPSE_NOV_2022,15970418,5920576.5261126915,3129065.799444036,965053973.7563688,163
FTX_COLLAPSE_NOV_2022,15970419,5679137.874224405,3618447.537894264,1022244817.3603928,180
FTX_COLLAPSE_NOV_2022,15970420,5895773.157878794,2253890.7968,725180098.4190916,123
FTX_COLLAPSE_NOV_2022,15970421,3476115.764838709,1918330.997234772,622224721.9061289,179
FTX_COLLAPSE_NOV_2022,15970422,4171404.232473967,1454672.60456,675767485.6607827,162
FTX_COLLAPSE_NOV_2022,15970423,6963667.579314225,2351158.36556,988840796.26262,142
FTX_COLLAPSE_NOV_2022,15970424,22446544.79987276,4069274.346770192,4511755504.774425,201
FTX_COLLAPSE_NOV_2022,15970425,4727237.454902685,2356166.284,642904293.8667651,136
FTX_COLLAPSE_NOV_2022,15970426,2958827.696208911,1858147.33278642,53258898.5317604,18
FTX_COLLAPSE_NOV_2022,15970427,9306808.673430959,3975139.774404112,1898588969.3799155,204
FTX_COLLAPSE_NOV_2022,15970428,8970371.690122852,1636352.09937,2036274373.6578875,227
FTX_COLLAPSE_NOV_2022,15970429,4564420.174795001,2999661.91994,935706135.8329751,205
FTX_COLLAPSE_NOV_2022,15970430,3922345.500048568,1907957.63592,262797148.50325406,67
FTX_COLLAPSE_NOV_2022,15970431,13195896.919615768,4131783.439402104,3549696271.3766418,269
FTX_COLLAPSE_NOV_2022,15970432,5220380.690615925,2291548.0,1132822609.8636558,217
FTX_COLLAPSE_NOV_2022,15970433,3383641.469334146,1323366.91899471,436489749.5441048,129
FTX_COLLAPSE_NOV_2022,15970434,3365381.130378468,1948750.5743248453,524999456.339041,156
FTX_COLLAPSE_NOV_2022,15970435,5328553.1815343285,2138524.074,991110891.7653852,186
FTX_COLLAPSE_NOV_2022,15970436,14948700.168687014,6048399.031815762,3782021142.6778145,253
FTX_COLLAPSE_NOV_2022,15970437,4946547.58028272,2025102.3432,1261369632.9720936,255
FTX_COLLAPSE_NOV_2022,15970438,7008218.744069928,3139935.375038588,1114306780.3071187,159
FTX_COLLAPSE_NOV_2022,15970439,4308009.897599274,1520291.441244525,448033029.3503245,104
FTX_COLLAPSE_NOV_2022,15970440,4673475.336449731,2058669.2003,663633497.7758619,142
FTX_COLLAPSE_NOV_2022,15970441,5613312.411648434,4188672.388198616,819543612.1006713,146
FTX_COLLAPSE_NOV_2022,15970442,5029491.461852967,1804033.88721,905308463.133534,180
FTX_COLLAPSE_NOV_2022,15970443,5673667.417055278,2404910.611375,947502458.6482314,167
FTX_COLLAPSE_NOV_2022,15970444,20214381.85394982,3897413.88612495,4689736590.116358,232
FTX_COLLAPSE_NOV_2022,15970445,7557777.708663125,3733850.9869999997,90693332.5039575,12
FTX_COLLAPSE_NOV_2022,15970446,3948137.61432285,3083471.35822744,1255507761.3546662,318
FTX_COLLAPSE_NOV_2022,15970447,6287584.430060171,2286922.204823766,943137664.5090256,150
FTX_COLLAPSE_NOV_2022,15970448,7056764.052654305,3223796.4587603323,959719911.1609855,136
FTX_COLLAPSE_NOV_2022,15970449,13526597.266213536,4333590.799959815,2637686466.9116397,195
FTX_COLLAPSE_NOV_2022,15970450,8998094.914221568,4048911.4990549805,1421698996.447008,158
FTX_COLLAPSE_NOV_2022,15970451,5820180.63029228,4224050.37243,1105834319.7555332,190
FTX_COLLAPSE_NOV_2022,15970452,11785148.803645238,4502126.71228404,2085971338.245207,177
FTX_COLLAPSE_NOV_2022,15970453,8712477.214512778,5434458.611474479,1637945716.3284023,188
FTX_COLLAPSE_NOV_2022,15970454,8464739.439629292,4979197.093528584,1151204563.7895837,136
FTX_COLLAPSE_NOV_2022,15970455,5745833.900653934,2618266.3814,1028504268.2170542,179
FTX_COLLAPSE_NOV_2022,15970456,6357897.8910109345,5166596.640350664,1068126845.689837,168
FTX_COLLAPSE_NOV_2022,15970457,6290984.191939203,3669736.978223934,704590229.4971907,112
FTX_COLLAPSE_NOV_2022,15970458,4271933.909948391,976500.0,1448185595.4725046,339
FTX_COLLAPSE_NOV_2022,15970459,7389866.946296634,5251194.806163488,1226717913.0852413,166
FTX_COLLAPSE_NOV_2022,15970460,5135838.575278327,2820850.599908775,929586782.1253772,181
FTX_COLLAPSE_NOV_2022,15970461,10197869.61480497,6222862.753315616,601674307.2734933,59
FTX_COLLAPSE_NOV_2022,15970462,8868195.585375436,4434750.921887064,2784613413.8078866,314
FTX_COLLAPSE_NOV_2022,15970463,68184164.86052963,3179944.871779392,11727676356.011097,172
FTX_COLLAPSE_NOV_2022,15970464,5165792.204431343,3681614.111545216,583734519.1007417,113
FTX_COLLAPSE_NOV_2022,15970465,4640360.605805069,2512449.8519,626448681.7836844,135
FTX_COLLAPSE_NOV_2022,15970466,6532517.780522596,3214273.785323895,1097462987.1277962,168
FTX_COLLAPSE_NOV_2022,15970467,6935740.130394289,3045455.128783584,1075039720.211115,155
FTX_COLLAPSE_NOV_2022,15970468,8921425.514420448,3905545.256470403,2185749251.0330095,245
FTX_COLLAPSE_NOV_2022,15970469,9289096.111734446,4036912.5192945,1560568146.771387,168
FTX_COLLAPSE_NOV_2022,15970470,4580491.652292632,2647847.3438,563400473.2319937,123
FTX_COLLAPSE_NOV_2022,15970471,7307856.025094044,5034946.886378792,1147333395.939765,157
FTX_COLLAPSE_NOV_2022,15970472,5684776.869094055,2271092.693833403,881140414.7095785,155
FTX_COLLAPSE_NOV_2022,15970473,5826986.769020416,2839135.60532,862394041.8150215,148
FTX_COLLAPSE_NOV_2022,15970474,8271479.59914363,12278834.53825,1836268471.0098858,222
FTX_COLLAPSE_NOV_2022,15970475,4844971.879294811,2636672.4938,610466456.7911462,126
FTX_COLLAPSE_NOV_2022,15970476,5030805.2192655075,4991641.826027075,744559172.4512951,148
FTX_COLLAPSE_NOV_2022,15970477,7676531.086357764,2449922.87019132,1212891911.6445267,158
FTX_COLLAPSE_NOV_2022,15970478,7109902.319961156,4156274.754147776,1052265543.354251,148
FTX_COLLAPSE_NOV_2022,15970479,7389334.110516656,5408534.974066112,1064064111.9143984,144
FTX_COLLAPSE_NOV_2022,15970480,6206926.180440235,2682439.3399,670348027.4875454,108
FTX_COLLAPSE_NOV_2022,15970481,4889736.546029704,2858425.504418947,753019428.0885744,154
FTX_COLLAPSE_NOV_2022,15970482,10291222.67744368,1938896.1215268895,1090869603.80903,106
FTX_COLLAPSE_NOV_2022,15970483,6108852.589631378,4203065.425745058,965198709.1617577,158
FTX_COLLAPSE_NOV_2022,15970484,5590024.180299654,2919819.406768638,709933070.898056,127
FTX_COLLAPSE_NOV_2022,15970485,4278284.036132779,2377633.337456361,757256274.3955019,177
FTX_COLLAPSE_NOV_2022,15970486,5878172.00970438,5336361.615595056,1011045585.6691535,172
FTX_COLLAPSE_NOV_2022,15970487,4559232.289743098,2100501.30816,825221044.4435009,181
FTX_COLLAPSE_NOV_2022,15970488,5818432.559974478,3529985.52825,738940935.1167587,127
FTX_COLLAPSE_NOV_2022,15970489,5918955.231481455,3896613.2092748517,1077249852.1296248,182
FTX_COLLAPSE_NOV_2022,15970490,5923491.863572487,2452409.258867376,740436482.9465609,125
FTX_COLLAPSE_NOV_2022,15970491,7314091.9113746965,4977512.318726272,1572529760.9455597,215
FTX_COLLAPSE_NOV_2022,15970492,4737945.057997124,1710122.450383872,668050253.1775945,141
FTX_COLLAPSE_NOV_2022,15970493,15796567.286564928,4204750.916692826,1769215536.0952718,112
FTX_COLLAPSE_NOV_2022,15970494,4771855.414094576,3568455.277672468,911424384.0920639,191
FTX_COLLAPSE_NOV_2022,15970495,6014836.238761293,2577254.18739642,860121582.1428648,143
FTX_COLLAPSE_NOV_2022,15970496,5526396.444941245,4188775.9892479116,1027909738.7590716,186
FTX_COLLAPSE_NOV_2022,15970497,6684323.6156765185,2879931.6226562858,1149703661.896361,172
FTX_COLLAPSE_NOV_2022,15970498,17063835.33720522,1803626.06624,1262723814.9531863,74
FTX_COLLAPSE_NOV_2022,15970499,5106827.87371816,2446645.06589026,1935487764.1391828,379
FTX_COLLAPSE_NOV_2022,15970500,5752008.983319033,4762506.624733955,1018105590.0474689,177
FTX_COLLAPSE_NOV_2022,15970501,5767134.597606322,1400000.0,824700247.4577041,143
FTX_COLLAPSE_NOV_2022,15970502,8956107.38278498,3344108.257283976,1549406577.2218015,173
FTX_COLLAPSE_NOV_2022,15970503,10400610.283861933,5872417.49053756,1612094593.9985998,155
FTX_COLLAPSE_NOV_2022,15970504,6794297.571993219,2334456.281373912,1474362573.1225286,217
FTX_COLLAPSE_NOV_2022,15970505,6807133.076700344,5112251.683011184,1123176957.6555567,165
FTX_COLLAPSE_NOV_2022,15970506,8733725.23906057,2881626.174277515,1493467015.8793573,171
FTX_COLLAPSE_NOV_2022,15970507,6680779.660808359,1342549.8685512012,414208338.9701183,62
FTX_COLLAPSE_NOV_2022,15970508,11717712.831070576,3643342.0041517317,3866845234.25329,330
FTX_COLLAPSE_NOV_2022,15970509,6869493.301010727,4523218.13160504,1380768153.5031562,201
FTX_COLLAPSE_NOV_2022,15970510,6809035.712778026,2693018.650047458,1171154142.5978205,172
FTX_COLLAPSE_NOV_2022,15970511,6313578.445000585,4815560.368528552,972291080.5300901,154
FTX_COLLAPSE_NOV_2022,15970512,7263328.490231673,3189046.45418982,1089499273.534751,150
FTX_COLLAPSE_NOV_2022,15970513,4875918.380618625,2721073.5693,550978777.0099046,113
FTX_COLLAPSE_NOV_2022,15970514,5016742.851629389,4816071.105927833,687293770.6732264,137
FTX_COLLAPSE_NOV_2022,15970515,7646092.00903523,4624493.407969249,1559802769.8431869,204
FTX_COLLAPSE_NOV_2022,15970516,4809028.191076447,2461070.436737462,769444510.5722315,160
FTX_COLLAPSE_NOV_2022,15970517,7903366.443812161,4864887.110139788,1027437637.6955808,130
FTX_COLLAPSE_NOV_2022,15970518,6798500.633302432,2321692.074233987,1108155603.2282963,163
FTX_COLLAPSE_NOV_2022,15970519,5373619.815941707,5250565.384450291,714691435.5202471,133
FTX_COLLAPSE_NOV_2022,15970520,6555878.210132707,2591716.507308104,1016161122.5705695,155
FTX_COLLAPSE_NOV_2022,15970521,5305990.1987678455,2486838.947985,562434961.0693916,106
FTX_COLLAPSE_NOV_2022,15970522,5216545.825022712,2275659.08082,876379698.6038157,168
FTX_COLLAPSE_NOV_2022,15970523,5788459.513823474,2582417.4659785107,1088230388.598813,188
FTX_COLLAPSE_NOV_2022,15970524,4751617.796225264,4500000.0,698487816.0451138,147
FTX_COLLAPSE_NOV_2022,15970525,5780135.631970733,1818292.69238103,1543296213.7361858,267
FTX_COLLAPSE_NOV_2022,15970526,0.0,0.0,0.0,0
FTX_COLLAPSE_NOV_2022,15970527,5002770.951872948,2059692.295520172,1921064045.5192118,384
FTX_COLLAPSE_NOV_2022,15970528,6139938.064981714,2398369.7142,1338506498.1660137,218
FTX_COLLAPSE_NOV_2022,15970529,6668258.7803833205,2429962.88637204,1853775940.946563,278
FTX_COLLAPSE_NOV_2022,15970530,5992686.88868039,2397915.560235398,1018756771.0756663,170
FTX_COLLAPSE_NOV_2022,15970531,15245083.86502643,5390549.546919328,2774605263.43481,182
FTX_COLLAPSE_NOV_2022,15970532,6386148.035503708,4933866.9421719,1034555981.7516007,162
FTX_COLLAPSE_NOV_2022,15970533,9427412.44586376,2592868.0587,1423539279.3254275,151
FTX_COLLAPSE_NOV_2022,15970534,4581698.394379074,2901366.41232,691836457.5512402,151
FTX_COLLAPSE_NOV_2022,15970535,8534679.27119416,5071910.843852118,1886164118.9339094,221
FTX_COLLAPSE_NOV_2022,15970536,3981427.777158792,2453920.373706076,561381316.5793897,141
FTX_COLLAPSE_NOV_2022,15970537,4403308.36516509,2864205.808814634,585640012.566957,133
FTX_COLLAPSE_NOV_2022,15970538,7524835.240522878,2435993.7429,1497442212.8640528,199
FTX_COLLAPSE_NOV_2022,15970539,3609379.5254326374,2121544.778016785,609985139.7981157,169
FTX_COLLAPSE_NOV_2022,15970540,5816157.788288042,2416862.773663191,854975194.8783422,147
FTX_COLLAPSE_NOV_2022,15970541,6777556.5591272665,6188288.6634764,250769592.68770885,37
FTX_COLLAPSE_NOV_2022,15970542,11955078.447779253,2768179.15023,3335466886.930412,279
FTX_COLLAPSE_NOV_2022,15970543,9023607.207658328,2267474.5628,1380611902.7717242,153
FTX_COLLAPSE_NOV_2022,15970544,4292190.505280786,3897559.9158224883,806931814.9927878,188
FTX_COLLAPSE_NOV_2022,15970545,4627344.904673164,1672320.319389217,786648633.7944379,170
FTX_COLLAPSE_NOV_2022,15970546,4898145.666483428,2689667.666876284,798397743.6367989,163
FTX_COLLAPSE_NOV_2022,15970547,5452601.243485187,3720607.964442898,812437585.2792928,149
FTX_COLLAPSE_NOV_2022,15970548,9179315.97311934,4177894.9370484035,1431973291.8066173,156
FTX_COLLAPSE_NOV_2022,15970549,4956142.552092211,4243831.459409092,862368804.0640447,174
FTX_COLLAPSE_NOV_2022,15970550,5259540.014105641,1800000.0,957236282.5672266,182
FTX_COLLAPSE_NOV_2022,15970551,5933505.354448413,4095260.622208836,943427351.3572977,159
FTX_COLLAPSE_NOV_2022,15970552,3365414.432309124,2075641.712976096,393753488.58016753,117
FTX_COLLAPSE_NOV_2022,15970553,5860788.336816111,1838041.34283,1060802688.963716,181
FTX_COLLAPSE_NOV_2022,15970554,5001093.795763184,4292353.99299148,680148756.223793,136
FTX_COLLAPSE_NOV_2022,15970555,13155877.355680982,2176024.80924,3170566442.7191167,241
FTX_COLLAPSE_NOV_2022,15970556,4865182.981371797,861000.0,1396307515.6537056,287
FTX_COLLAPSE_NOV_2022,15970557,5381112.575550212,4425788.052983504,780261323.4547807,145
FTX_COLLAPSE_NOV_2022,15970558,3863056.5596643565,2050557.5998,652856558.5832763,169
FTX_COLLAPSE_NOV_2022,15970559,9191870.196506774,4443708.637881376,2150897625.982585,234
FTX_COLLAPSE_NOV_2022,15970560,4031147.270383139,1649203.754917192,588547501.4759383,146
FTX_COLLAPSE_NOV_2022,15970561,4607214.35723473,2149470.6237846278,645010010.0128622,140
FTX_COLLAPSE_NOV_2022,15970562,4045407.652118402,3051252.641988905,590629517.2092867,146
FTX_COLLAPSE_NOV_2022,15970563,14440623.243884742,3990754.88383962,3595715187.7273006,249
FTX_COLLAPSE_NOV_2022,15970564,3900661.4243277865,3678127.3365521496,631907150.7411014,162
FTX_COLLAPSE_NOV_2022,15970565,17591732.385930534,1544041.047882122,3043369702.7659826,173
FTX_COLLAPSE_NOV_2022,15970566,6673783.232918478,7600000.0,1321409080.1178586,198
FTX_COLLAPSE_NOV_2022,15970567,3949391.827239901,4252632.545446704,205368375.01647484,52
FTX_COLLAPSE_NOV_2022,15970568,16800183.09539221,3065550.99215,4620050351.232858,275
FTX_COLLAPSE_NOV_2022,15970569,4814074.057610071,4063923.2514,890603700.6578633,185
FTX_COLLAPSE_NOV_2022,15970570,4144503.9946991415,1680387.357264,775022247.0087395,187
FTX_COLLAPSE_NOV_2022,15970571,3920558.886772803,2186809.1667,631209980.7704213,161
FTX_COLLAPSE_NOV_2022,15970572,15989800.042541247,3915489.269888652,2782225207.402177,174
FTX_COLLAPSE_NOV_2022,15970573,4104841.5201516016,2002027.05324,586992337.381679,143
FTX_COLLAPSE_NOV_2022,15970574,16568635.10891914,10098211.1587,5219120059.309529,315
FTX_COLLAPSE_NOV_2022,15970575,5169497.619104081,2097036.0,1163136964.2984183,225
FTX_COLLAPSE_NOV_2022,15970576,5705377.901085812,1705421.3733580802,696056103.932469,122
FTX_COLLAPSE_NOV_2022,15970577,12506178.94469207,3673841.875041896,2226099852.1551886,178
FTX_COLLAPSE_NOV_2022,15970578,39488230.26683311,2168746.6660487214,631811684.2693298,16
FTX_COLLAPSE_NOV_2022,15970579,9845807.047554342,2718000.0,3396803431.406248,345
FTX_COLLAPSE_NOV_2022,15970580,5111167.768218365,1861120.6285701292,868898520.597122,170
FTX_COLLAPSE_NOV_2022,15970581,6315179.273393536,1980423.549211173,1079895655.7502947,171
FTX_COLLAPSE_NOV_2022,15970582,6118902.981660447,3725637.5,930073253.2123879,152
FTX_COLLAPSE_NOV_2022,15970583,4699626.2877714215,2285269.557,864731236.9499415,184
FTX_COLLAPSE_NOV_2022,15970584,5143780.219618312,4354452.5384,1054474945.021754,205
FTX_COLLAPSE_NOV_2022,15970585,6814882.653871381,2112159.4623499997,1131270520.5426493,166
FTX_COLLAPSE_NOV_2022,15970586,4999808.251601785,1988016.177718265,719972388.2306571,144
FTX_COLLAPSE_NOV_2022,15970587,5093538.401603365,4052496.478316875,906649835.485399,178
FTX_COLLAPSE_NOV_2022,15970588,5524965.146110744,3945726.757427994,944769039.9849373,171
FTX_COLLAPSE_NOV_2022,15970589,5977340.869094149,2876394.1275,902578471.2332165,151
FTX_COLLAPSE_NOV_2022,15970590,4336411.219275411,2134361.87917407,897637122.3900101,207
FTX_COLLAPSE_NOV_2022,15970591,5345129.984115728,3963804.387161472,844530537.490285,158
FTX_COLLAPSE_NOV_2022,15970592,6852844.023914514,4465054.563050402,1295187520.519843,189
FTX_COLLAPSE_NOV_2022,15970593,5679137.981320929,2251803.9843,988170008.7498416,174
FTX_COLLAPSE_NOV_2022,15970594,12218632.544823794,4549648.571271664,1942762574.6269832,159
FTX_COLLAPSE_NOV_2022,15970595,6318061.47508027,2075308.65140728,985617590.1125221,156
FTX_COLLAPSE_NOV_2022,15970596,6196823.978959208,2495616.31961,873752181.0332484,141
FTX_COLLAPSE_NOV_2022,15970597,5416786.6372607425,4632550.167171088,1061690180.9031056,196
FTX_COLLAPSE_NOV_2022,15970598,4260669.651344189,2237905.1842,583711742.234154,137
FTX_COLLAPSE_NOV_2022,15970599,4845223.142352929,2255774.4096,1012651636.7517622,209
FTX_COLLAPSE_NOV_2022,15970600,18682958.580562726,1634564.573164845,878099053.2864481,47
FTX_COLLAPSE_NOV_2022,15970601,4038502.530205375,1710000.0,698660937.7255299,173
FTX_COLLAPSE_NOV_2022,15970602,5683051.435599852,3503678.55177328,1278686573.0099669,225
FTX_COLLAPSE_NOV_2022,15970603,4697506.959187885,2463769.977,765693634.3476253,163
FTX_COLLAPSE_NOV_2022,15970604,4494161.465769591,3746483.567422694,534805214.42658126,119
FTX_COLLAPSE_NOV_2022,15970605,3226213.0955629554,1796601.9972507826,83881540.48463684,26
FTX_COLLAPSE_NOV_2022,15970606,5710168.899073452,2003801.10471144,1598847291.7405665,280
FTX_COLLAPSE_NOV_2022,15970607,10301256.38416635,4514854.775069992,2647422890.730752,257
FTX_COLLAPSE_NOV_2022,15970608,4254203.300288767,2432102.25,582825852.139561,137
FTX_COLLAPSE_NOV_2022,15970609,4594514.348611563,4500000.0,702960695.3375692,153
FTX_COLLAPSE_NOV_2022,15970610,4076561.9657599055,1434652.444551576,587024923.0694264,144
FTX_COLLAPSE_NOV_2022,15970611,4417886.567523906,1612877.3616,552235820.9404882,125
FTX_COLLAPSE_NOV_2022,15970612,22539500.864213377,3700772.342329208,4327584165.928968,192
FTX_COLLAPSE_NOV_2022,15970613,9024500.130410198,2051117.2716,1425871020.6048114,158
FTX_COLLAPSE_NOV_2022,15970614,4081866.664357001,1919910.87378,722490399.5911891,177
FTX_COLLAPSE_NOV_2022,15970615,4884227.555824625,2227221.9092477513,683791857.8154476,140
FTX_COLLAPSE_NOV_2022,15970616,7354909.368336038,2081015.5076524843,1044397130.3037174,142
FTX_COLLAPSE_NOV_2022,15970617,15341121.079807285,4115004.48210896,3405728879.7172174,222
FTX_COLLAPSE_NOV_2022,15970618,5627250.266780163,3698957.94270212,1660038828.700148,295
FTX_COLLAPSE_NOV_2022,15970619,6432754.801354205,1841664.053939538,900585672.1895888,140
FTX_COLLAPSE_NOV_2022,15970620,4534197.645187925,2128459.79556,630253472.6811215,139
FTX_COLLAPSE_NOV_2022,15970621,5933813.690233274,2092608.0,896005867.2252245,151
FTX_COLLAPSE_NOV_2022,15970622,3761479.312581165,2053556.347,455138996.822321,121
FTX_COLLAPSE_NOV_2022,15970623,4371420.704759746,3658078.355051016,695055892.0567997,159
FTX_COLLAPSE_NOV_2022,15970624,5016797.335703391,1987460.94755193,1058544237.8334155,211
FTX_COLLAPSE_NOV_2022,15970625,8334552.513351207,1436160.56766,1058488169.1956033,127
FTX_COLLAPSE_NOV_2022,15970626,17204510.977012567,4088859.105312368,4283923233.2761292,249
FTX_COLLAPSE_NOV_2022,15970627,4413851.866703647,2624731.881774508,728285558.0061018,165
FTX_COLLAPSE_NOV_2022,15970628,3792683.6235048147,3269764.46605767,413402514.9620248,109
FTX_COLLAPSE_NOV_2022,15970629,15512612.429693474,1979335.4842515,3226623385.3762426,208
FTX_COLLAPSE_NOV_2022,15970630,5724884.105486153,2276228.70987533,807208658.8735476,141
FTX_COLLAPSE_NOV_2022,15970631,15022253.715502473,4040414.84544152,2493694116.7734103,166
FTX_COLLAPSE_NOV_2022,15970632,8755358.164969923,2046857.3932,1208239426.7658494,138
FTX_COLLAPSE_NOV_2022,15970633,5260834.1692452775,4028000.809584264,883820140.4332067,168
FTX_COLLAPSE_NOV_2022,15970634,15247001.613014892,2177112.0,3766009398.414678,247
FTX_COLLAPSE_NOV_2022,15970635,4955557.415126209,2038170.539285796,782978071.589941,158
FTX_COLLAPSE_NOV_2022,15970636,4911551.865917579,4245117.554277344,771113642.94906,157
FTX_COLLAPSE_NOV_2022,15970637,5558378.580770201,2104385.3813,711472458.3385857,128
FTX_COLLAPSE_NOV_2022,15970638,5916969.410240542,5729682.126267873,1254397514.970995,212
FTX_COLLAPSE_NOV_2022,15970639,4267493.48030115,1706667.16138,546239165.4785472,128
FTX_COLLAPSE_NOV_2022,15970640,5531069.77692775,3169008.7308966853,962406141.1854285,174
FTX_COLLAPSE_NOV_2022,15970641,5681960.527291355,3717952.832725294,909113684.3666167,160
FTX_COLLAPSE_NOV_2022,15970642,4010463.2754938044,1858614.5564,597559028.0485768,149
FTX_COLLAPSE_NOV_2022,15970643,16127646.89360963,4093429.56151968,3935145842.0407495,244
FTX_COLLAPSE_NOV_2022,15970644,4228692.334530511,1440012.783650328,545501311.1544359,129
FTX_COLLAPSE_NOV_2022,15970645,5380017.751003904,2275685.6325,785482591.6465701,146
FTX_COLLAPSE_NOV_2022,15970646,5982403.074864593,4343056.557432904,867448445.855366,145
FTX_COLLAPSE_NOV_2022,15970647,3685979.809328814,1906160.16061953,608186668.5392543,165
FTX_COLLAPSE_NOV_2022,15970648,4119689.4898025473,2418855.8551,1289462810.3081973,313
FTX_COLLAPSE_NOV_2022,15970649,5500127.128402275,4506709.741329912,616014238.3810548,112
FTX_COLLAPSE_NOV_2022,15970650,5580843.481686034,2468617.52346,881773270.1063933,158
FTX_COLLAPSE_NOV_2022,15970651,4252365.3212467525,1922373.23110449,650611894.1507531,153
FTX_COLLAPSE_NOV_2022,15970652,3279551.341762311,1824174.09702,600157895.5425029,183
FTX_COLLAPSE_NOV_2022,15970653,2765890.7300361423,882000.0,561475818.1973369,203
FTX_COLLAPSE_NOV_2022,15970654,15472867.439152248,4289448.1672,4131255606.25365,267
FTX_COLLAPSE_NOV_2022,15970655,8879471.261473443,9148571.348763967,1900206849.955317,214
FTX_COLLAPSE_NOV_2022,15970656,5512485.208648342,2167868.14308,617398343.3686143,112
FTX_COLLAPSE_NOV_2022,15970657,5153098.69092562,4183672.9246291,809036494.4753222,157
FTX_COLLAPSE_NOV_2022,15970658,4110411.5375348437,2482806.7206604723,230183046.10195124,56
FTX_COLLAPSE_NOV_2022,15970659,7692687.75876276,1854275.13,2253957513.3174887,293
FTX_COLLAPSE_NOV_2022,15970660,6105667.629389783,3767163.654128322,1044069164.625653,171
FTX_COLLAPSE_NOV_2022,15970661,3425592.5063874465,1864499.45652,438475840.81759316,128
FTX_COLLAPSE_NOV_2022,15970662,27359417.920509163,4108400.551525592,4869976389.850631,178
FTX_COLLAPSE_NOV_2022,15970663,5397905.760275804,2305258.3433472,998612565.6510239,185
FTX_COLLAPSE_NOV_2022,15970664,4108929.106816223,2159940.8503816,612230436.9156172,149
FTX_COLLAPSE_NOV_2022,15970665,11667801.219169922,3380117.23798428,2018529610.9163966,173
FTX_COLLAPSE_NOV_2022,15970666,5906585.529056011,2066083.857900591,1098624908.404418,186
FTX_COLLAPSE_NOV_2022,15970667,4906674.00109247,3764464.52724268,706561056.1573157,144
FTX_COLLAPSE_NOV_2022,15970668,14241247.363894636,1780220.36277,2235875836.131458,157
FTX_COLLAPSE_NOV_2022,15970669,10484445.962318446,2700836.584906166,1352493529.1390796,129
FTX_COLLAPSE_NOV_2022,15970670,17848189.16617937,3991144.58106224,2498746483.265112,140
FTX_COLLAPSE_NOV_2022,15970671,7030227.204773421,2066439.7184,1581801121.07402,225
FTX_COLLAPSE_NOV_2022,15970672,4246245.7228521155,4173471.344925738,670906824.2106342,158
FTX_COLLAPSE_NOV_2022,15970673,3196159.986906227,1504766.8446824,942867196.137337,295
FTX_COLLAPSE_NOV_2022,15970674,3680124.113328359,1853830.23462,776506187.9122838,211
FTX_COLLAPSE_NOV_2022,15970675,3248936.8412659047,1826368.535533594,1094891715.50661,337
FTX_COLLAPSE_NOV_2022,15970676,4235569.318129189,1996361.90948712,529446164.7661487,125
FTX_COLLAPSE_NOV_2022,15970677,3752770.111796713,2141332.570583779,570421056.9931004,152
FTX_COLLAPSE_NOV_2022,15970678,18247359.112245493,2379394.45718,4251634673.1531997,233
FTX_COLLAPSE_NOV_2022,15970679,7031107.973084651,2521984.510709148,1378097162.7245915,196
FTX_COLLAPSE_NOV_2022,15970680,4080295.773122127,1800000.0,510036971.6402659,125
FTX_COLLAPSE_NOV_2022,15970681,11894798.165090147,3000000.0,2224327256.8718576,187
FTX_COLLAPSE_NOV_2022,15970682,4439371.124037705,3197984.863036395,732496235.4662213,165
FTX_COLLAPSE_NOV_2022,15970683,3899695.6490569636,1758201.2829909166,506960434.3774053,130
FTX_COLLAPSE_NOV_2022,15970684,6017810.092282831,2368178.80272,848511223.0118791,141
FTX_COLLAPSE_NOV_2022,15970685,4215345.566797839,4264357.092167664,160183131.53831786,38
FTX_COLLAPSE_NOV_2022,15970686,6448931.532645275,2405564.0,1670273266.9551263,259
FTX_COLLAPSE_NOV_2022,15970687,3431191.3810917847,3164720.368408495,559284195.1179609,163
FTX_COLLAPSE_NOV_2022,15970688,3681458.086351229,1797835.808011582,489633925.48471344,133
FTX_COLLAPSE_NOV_2022,15970689,18498043.801753864,2111847.62349,3570122453.738496,193
FTX_COLLAPSE_NOV_2022,15970690,3468566.469401068,2266673.656437718,468256473.3691442,135
FTX_COLLAPSE_NOV_2022,15970691,4860576.537204646,2167214.974,724225904.0434922,149
FTX_COLLAPSE_NOV_2022,15970692,9977526.068522548,3423325.85973575,1646291801.3062205,165
FTX_COLLAPSE_NOV_2022,15970693,3436892.453421633,1180568.123730632,498349405.7461368,145
FTX_COLLAPSE_NOV_2022,15970694,10962362.050533444,9362630.158,2609042168.0269594,238
FTX_COLLAPSE_NOV_2022,15970695,11525468.165864652,4041718.511766184,1936278651.8652616,168
FTX_COLLAPSE_NOV_2022,15970696,10796161.608942669,1992007.5314,2029678382.481222,188
FTX_COLLAPSE_NOV_2022,15970697,6139700.7169836685,2314396.6755,656947976.7172525,107
FTX_COLLAPSE_NOV_2022,15970698,4114205.786272442,2184994.35315,970952565.5602963,236
FTX_COLLAPSE_NOV_2022,15970699,12623112.4026898,3676514.56981068,2057567321.6384373,163
FTX_COLLAPSE_NOV_2022,15970700,9995078.549256954,1558912.406247136,1799114138.8662517,180
FTX_COLLAPSE_NOV_2022,15970701,9119537.527456455,1759748.527,1595919067.3048797,175
FTX_COLLAPSE_NOV_2022,15970702,4519062.301896264,2539795.848595412,912850584.9830452,202
FTX_COLLAPSE_NOV_2022,15970703,5722289.018284786,1508406.96402,1207402982.8580897,211
FTX_COLLAPSE_NOV_2022,15970704,7123430.592969094,1806032.0791,249320070.7539183,35
FTX_COLLAPSE_NOV_2022,15970705,10439018.582062703,3626437.322409424,1743316103.2044713,167
FTX_COLLAPSE_NOV_2022,15970706,10787897.867527412,1766275.7319278775,3042187198.64273,282
FTX_COLLAPSE_NOV_2022,15970707,4449889.928107149,1996320.2673,934476884.9025013,210
FTX_COLLAPSE_NOV_2022,15970708,3217143.731579709,2004089.0489,530828715.710652,165
FTX_COLLAPSE_NOV_2022,15970709,4181154.87892574,2022099.9541,1354694180.7719398,324
FTX_COLLAPSE_NOV_2022,15970710,3210436.2211632994,1478243.869190153,144469629.95234847,45
FTX_COLLAPSE_NOV_2022,15970711,7686487.378846752,1935431.8476,2797881405.900218,364
FTX_COLLAPSE_NOV_2022,15970712,5741927.34679383,3453089.529823223,872772956.7126622,152
FTX_COLLAPSE_NOV_2022,15970713,7886115.288941395,2990748.22612093,1703400902.4113412,216
FTX_COLLAPSE_NOV_2022,15970714,7020125.378191677,4466434.31565624,1172360938.15801,167
FTX_COLLAPSE_NOV_2022,15970715,5357338.729995676,2293153.908938352,637523308.8694855,119
FTX_COLLAPSE_NOV_2022,15970716,4991095.436113693,2234968.7926,768628697.1615087,154
FTX_COLLAPSE_NOV_2022,15970717,4972316.517314915,4201725.093923112,1014352569.5322425,204
FTX_COLLAPSE_NOV_2022,15970718,4314472.141659198,1948331.01241217,664428709.8155165,154
FTX_COLLAPSE_NOV_2022,15970719,22235498.43687109,6685340.757943887,2712730809.298273,122
FTX_COLLAPSE_NOV_2022,15970720,4636422.316883336,2818028.9641075097,871647395.5740671,188
FTX_COLLAPSE_NOV_2022,15970721,5799910.881827034,2113530.0031,846786988.746747,146
FTX_COLLAPSE_NOV_2022,15970722,7001434.802979499,4099767.985571899,1246255394.9303508,178
FTX_COLLAPSE_NOV_2022,15970723,5038914.934745195,2146632.9104533168,816304219.4287217,162
FTX_COLLAPSE_NOV_2022,15970724,4515772.713544305,1829189.35030273,641239725.3232914,142
FTX_COLLAPSE_NOV_2022,15970725,12086957.354691762,3968530.342708192,1232869650.1785598,102
FTX_COLLAPSE_NOV_2022,15970726,4420512.422503112,2058168.8151,910625559.035641,206
FTX_COLLAPSE_NOV_2022,15970727,4660679.02289124,4431000.0,787654754.8686196,169
FTX_COLLAPSE_NOV_2022,15970728,3280536.424326397,1639827.983349294,478958317.95165396,146
FTX_COLLAPSE_NOV_2022,15970729,3914796.7415716024,2045156.210357932,591134307.977312,151
FTX_COLLAPSE_NOV_2022,15970730,5797270.461362563,4209165.045517864,1026116871.6611737,177
FTX_COLLAPSE_NOV_2022,15970731,3888420.179865867,1893139.6867,618258808.5986729,159
FTX_COLLAPSE_NOV_2022,15970732,21447013.450574774,3758798.838183504,3796121380.751735,177
FTX_COLLAPSE_NOV_2022,15970733,4238898.653709582,1942503.6008,1106352548.618201,261
FTX_COLLAPSE_NOV_2022,15970734,8632476.59518181,2235303.5314664803,828717753.1374537,96
FTX_COLLAPSE_NOV_2022,15970735,9814158.523746254,2825806.29903972,1324911400.7057443,135
FTX_COLLAPSE_NOV_2022,15970736,6985728.383354421,2808425.09178465,782401578.9356952,112
FTX_COLLAPSE_NOV_2022,15970737,4333201.244467786,2623464.229629471,576315765.5142155,133
FTX_COLLAPSE_NOV_2022,15970738,4285619.984170448,1631620.183839139,569987457.8946695,133
FTX_COLLAPSE_NOV_2022,15970739,4306261.200340798,1991907.91927,490913776.83885103,114
FTX_COLLAPSE_NOV_2022,15970740,4496619.444473142,3095952.1126847356,764425305.5604341,170
FTX_COLLAPSE_NOV_2022,15970741,2470456.005054125,1527888.050398713,363157032.7429564,147
FTX_COLLAPSE_NOV_2022,15970742,3308818.806127341,1999980.2487599999,582352109.878412,176
FTX_COLLAPSE_NOV_2022,15970743,4101800.7661084826,1067834.158105,520928697.2957773,127
FTX_COLLAPSE_NOV_2022,15970744,13274574.9046869,2463396.5672532152,2734562430.3655014,206
FTX_COLLAPSE_NOV_2022,15970745,3657029.6569716376,4201610.047782432,175537423.5346386,48
FTX_COLLAPSE_NOV_2022,15970746,10499374.905296687,1966380.66457479,3034319347.6307425,289
FTX_COLLAPSE_NOV_2022,15970747,3355317.2066449793,2622884.460855936,419414650.83062243,125
FTX_COLLAPSE_NOV_2022,15970748,17569786.28460355,2851642.686159897,3496387470.6361065,199
FTX_COLLAPSE_NOV_2022,15970749,14224927.417249667,4488293.35722348,2432462588.349693,171
FTX_COLLAPSE_NOV_2022,15970750,5713788.945164218,3598201.239046128,1034195799.0747234,181
FTX_COLLAPSE_NOV_2022,15970751,12682828.121603468,3095484.6080778716,1471208062.1060023,116
FTX_COLLAPSE_NOV_2022,15970752,21531822.317319784,2274539.51706966,645954669.5195935,30
FTX_COLLAPSE_NOV_2022,15970753,2928235.1164741,984896.5108638,1139083460.308425,389
FTX_COLLAPSE_NOV_2022,15970754,4176270.4301485466,1813853.95152,722494784.4156985,173
FTX_COLLAPSE_NOV_2022,15970755,3961910.6859368645,2634859.582052774,538819853.2874136,136
FTX_COLLAPSE_NOV_2022,15970756,27773393.40898431,2580505.651789904,3971595257.4847565,143
FTX_COLLAPSE_NOV_2022,15970757,4307770.197923582,3311709.266430385,723705393.2511618,168
FTX_COLLAPSE_NOV_2022,15970758,4585011.1117454795,1830800.94048,907832200.1256049,198
FTX_COLLAPSE_NOV_2022,15970759,4760640.289743069,2511975.49992,633165158.5358281,133
FTX_COLLAPSE_NOV_2022,15970760,5047431.765302882,2868329.666701096,600644380.0710429,119
FTX_COLLAPSE_NOV_2022,15970761,4310359.59166198,1941430.483,400863442.02456415,93
FTX_COLLAPSE_NOV_2022,15970762,13347746.292642629,2126009.1321978997,2909808691.796093,218
FTX_COLLAPSE_NOV_2022,15970763,3884194.0657421593,1635338.705,788491395.3456583,203
FTX_COLLAPSE_NOV_2022,15970764,7900833.705937622,2091137.8281552182,1090315051.4193919,138
FTX_COLLAPSE_NOV_2022,15970765,15184643.898322659,3310825.9677284,1624756897.1205244,107
FTX_COLLAPSE_NOV_2022,15970766,5467067.650651506,2571753.806218846,656048118.0781808,120
FTX_COLLAPSE_NOV_2022,15970767,5141774.220553571,3364810.6044,653005326.0103036,127
FTX_COLLAPSE_NOV_2022,15970768,8170648.01332691,1980000.0,988648409.6125561,121
FTX_COLLAPSE_NOV_2022,15970769,4394684.481592567,1540374.5,549335560.1990708,125
FTX_COLLAPSE_NOV_2022,15970770,5028964.364998543,2299246.083309166,734228797.2897872,146
FTX_COLLAPSE_NOV_2022,15970771,4360773.858273608,1982276.8164,776217746.7727021,178
FTX_COLLAPSE_NOV_2022,15970772,4184448.57046345,2257898.3278,673696219.8446155,161
FTX_COLLAPSE_NOV_2022,15970773,3486435.852108525,1415892.2432597175,732151528.9427903,210
FTX_COLLAPSE_NOV_2022,15970774,3578078.919240267,1649351.07758126,665522678.9786897,186
FTX_COLLAPSE_NOV_2022,15970775,17159768.923211902,2385456.9000000004,2848521641.2531757,166
FTX_COLLAPSE_NOV_2022,15970776,4189154.671014153,2363539.4879210787,544590107.2318399,130
FTX_COLLAPSE_NOV_2022,15970777,4957779.004159527,3570255.440216608,818033535.686322,165
FTX_COLLAPSE_NOV_2022,15970778,4682941.064502542,1680464.2258139115,796099980.9654322,170
FTX_COLLAPSE_NOV_2022,15970779,17653727.794542566,3584900.97151848,2577444258.0032144,146
FTX_COLLAPSE_NOV_2022,15970780,10521732.049164534,2935743.144973932,1725564056.0629835,164
FTX_COLLAPSE_NOV_2022,15970781,3789853.6969506396,2117317.292088836,500260687.99748445,132
FTX_COLLAPSE_NOV_2022,15970782,24227450.53808852,2383337.4,3949074437.708429,163
FTX_COLLAPSE_NOV_2022,15970783,4358043.289388311,1688007.262827977,575261714.199257,132
FTX_COLLAPSE_NOV_2022,15970784,5588863.649437172,3023304.6942600003,648308183.334712,116
FTX_COLLAPSE_NOV_2022,15970785,16823273.71828293,4098413.535315672,4323581345.598713,257
FTX_COLLAPSE_NOV_2022,15970786,6858069.269852325,3252487.686,1076716875.366815,157
FTX_COLLAPSE_NOV_2022,15970787,4755613.658810637,4333112.322061488,589696093.692519,124
FTX_COLLAPSE_NOV_2022,15970788,13491288.632101504,2137088.37639,2387958087.881966,177
FTX_COLLAPSE_NOV_2022,15970789,3810263.9069659305,2330724.787316416,594401169.4866852,156
FTX_COLLAPSE_NOV_2022,15970790,3940142.8216315005,2615778.881093307,874711706.4021931,222
FTX_COLLAPSE_NOV_2022,15970791,4623861.973336055,1892257.8278562946,517872541.01363814,112
FTX_COLLAPSE_NOV_2022,15970792,17027476.16719531,4057541.468118304,2758451139.08564,162
FTX_COLLAPSE_NOV_2022,15970793,5260876.449678222,1776915.69559227,804914096.8007679,153
FTX_COLLAPSE_NOV_2022,15970794,11470465.03017326,2012153.169535125,1319103478.469925,115
FTX_COLLAPSE_NOV_2022,15970795,3791362.654778433,2078851.8587874,496668507.77597475,131
FTX_COLLAPSE_NOV_2022,15970796,20575119.03140061,2343814.666921728,2859941545.3646846,139
FTX_COLLAPSE_NOV_2022,15970797,7947178.505582535,4004141.619479712,1311284453.4211183,165
FTX_COLLAPSE_NOV_2022,15970798,7478055.52673789,1600000.0,1069361940.3235183,143
FTX_COLLAPSE_NOV_2022,15970799,11211491.990496112,1720219.54437,1379013514.8310218,123
FTX_COLLAPSE_NOV_2022,15970800,9243852.987600598,3947339.15283704,1608430419.8425043,174
FTX_COLLAPSE_NOV_2022,15970801,9959487.664778665,2746392.44020612,1603477514.029365,161
FTX_COLLAPSE_NOV_2022,15970802,9579969.108270625,2773419.594829809,1360355613.3744287,142
FTX_COLLAPSE_NOV_2022,15970803,8057111.816559152,1825382.8769340324,1176338325.217636,146
FTX_COLLAPSE_NOV_2022,15970804,8136956.108490264,2081207.629788066,1415830362.877306,174
FTX_COLLAPSE_NOV_2022,15970805,9135558.49315095,1850170.2589019116,1699213879.7260766,186
FTX_COLLAPSE_NOV_2022,15970806,11350195.58114612,2050072.6083,1316622687.4129498,116
FTX_COLLAPSE_NOV_2022,15970807,8435514.431863967,2715853.0200714003,1434037453.4168744,170
FTX_COLLAPSE_NOV_2022,15970808,7371489.051122494,9107718.12825,2174589270.0811357,295
FTX_COLLAPSE_NOV_2022,15970809,8104580.81324083,2998240.960660725,1126536733.0404754,139
FTX_COLLAPSE_NOV_2022,15970810,5045576.107607441,1782234.8017775002,201823044.30429763,40
FTX_COLLAPSE_NOV_2022,15970811,12949890.903204212,1972664.0,3574169889.2843623,276
FTX_COLLAPSE_NOV_2022,15970812,9916773.489460787,3444480.0,1695768266.6977947,171
FTX_COLLAPSE_NOV_2022,15970813,5143718.163428453,2346923.32709628,740695415.5336972,144
FTX_COLLAPSE_NOV_2022,15970814,6632169.117259953,2451557.931115483,1280008639.631171,193
FTX_COLLAPSE_NOV_2022,15970815,12625839.040396484,3185959.368995456,1843372499.8978865,146
FTX_COLLAPSE_NOV_2022,15970816,12906054.97616537,2028192.5228,1910096136.4724746,148
FTX_COLLAPSE_NOV_2022,15970817,5615972.061128425,2139565.80050244,937867334.208447,167
FTX_COLLAPSE_NOV_2022,15970818,6725787.921483347,1782433.9246976692,1345157584.2966695,200
FTX_COLLAPSE_NOV_2022,15970819,13187695.476105819,1968358.527,1477021893.3238516,112
FTX_COLLAPSE_NOV_2022,15970820,11635213.973108757,2160628.2534,1570753886.3696823,135
FTX_COLLAPSE_NOV_2022,15970821,9026951.525611365,1775734.692131385,1561662613.930766,173
FTX_COLLAPSE_NOV_2022,15970822,9043450.841085423,4082474.804560824,1193735511.0232759,132
FTX_COLLAPSE_NOV_2022,15970823,7251536.88282261,1408927.141007496,1298025102.0252473,179
FTX_COLLAPSE_NOV_2022,15970824,8463805.861095,1799685.895610928,2403720864.55098,284
FTX_COLLAPSE_NOV_2022,15970825,7123986.5736237,1789039.644887334,1802368603.126796,253
FTX_COLLAPSE_NOV_2022,15970826,4846737.212964707,1736196.123996772,1056588712.4263061,218
FTX_COLLAPSE_NOV_2022,15970827,26280842.98232643,1856084.445552672,5387572811.376918,205
FTX_COLLAPSE_NOV_2022,15970828,15935851.261423942,9362594.2774,4812627080.95003,302
FTX_COLLAPSE_NOV_2022,15970829,13418728.41742374,5223965.416707875,2576395856.145358,192
FTX_COLLAPSE_NOV_2022,15970830,5906257.65839766,4713855.877870784,655594600.0821402,111
FTX_COLLAPSE_NOV_2022,15970831,7039579.921027245,3285278.3421642,1084095307.8381958,154
FTX_COLLAPSE_NOV_2022,15970832,16200958.497641282,9004804.397080308,2089923646.1957254,129
FTX_COLLAPSE_NOV_2022,15970833,11394886.674544413,10680366.322815616,3042434742.1033583,267
FTX_COLLAPSE_NOV_2022,15970834,21916193.947512753,10357425.0,2695691855.544069,123
FTX_COLLAPSE_NOV_2022,15970835,23470790.84595346,12974632.68773377,4060446816.349949,173
FTX_COLLAPSE_NOV_2022,15970836,14294944.389471555,11247171.700471863,6747213751.830574,472
FTX_COLLAPSE_NOV_2022,15970837,13641621.452249516,9096609.932224885,13846245774.033258,1015
FTX_COLLAPSE_NOV_2022,15970838,11569579.477574576,7164152.35808,12136488871.975729,1049
FTX_COLLAPSE_NOV_2022,15970839,8354184.553744038,7527668.757323535,7059285947.913712,845
FTX_COLLAPSE_NOV_2022,15970840,11275672.32964542,9852337.8378,1454561730.524259,129
FTX_COLLAPSE_NOV_2022,15970841,17714950.76995543,20994271.4044,2302943600.094206,130
FTX_COLLAPSE_NOV_2022,15970842,9311798.507858202,9107251.347,1387457977.6708722,149
FTX_COLLAPSE_NOV_2022,15970843,13999121.347025042,4014004.73607,2449846235.7293825,175
FTX_COLLAPSE_NOV_2022,15970844,20674049.797627058,7643895.49494,20736071947.01994,1003
FTX_COLLAPSE_NOV_2022,15970845,15575829.92513942,10073949.471145248,2242919509.2200766,144
FTX_COLLAPSE_NOV_2022,15970846,7363461.927511195,4814699.990804281,530169258.780806,72
FTX_COLLAPSE_NOV_2022,15970847,11227429.6372415,8245606.638959681,1459565852.841395,130
FTX_COLLAPSE_NOV_2022,15970848,10681167.738220107,8467151.3612,10168471686.785542,952
FTX_COLLAPSE_NOV_2022,15970849,13200358.872783324,8085438.0,1650044859.0979154,125
FTX_COLLAPSE_NOV_2022,15970850,7182419.263900637,3512317.324294946,703877087.8622624,98
FTX_COLLAPSE_NOV_2022,15970851,8100030.911155571,6657183.49270077,3815114559.154274,471
FTX_COLLAPSE_NOV_2022,15970852,5015029.780810841,3014459.57946,100300595.61621682,20
FTX_COLLAPSE_NOV_2022,15970853,5141820.727655032,3930510.0,2894845069.669783,563
FTX_COLLAPSE_NOV_2022,15970854,6311237.066815507,2079000.0,1053976590.1581897,167
FTX_COLLAPSE_NOV_2022,15970855,11051364.708000062,8023497.403244048,1514036964.9960084,137
FTX_COLLAPSE_NOV_2022,15970856,5452679.0969108185,4731019.933449015,1161420647.6420043,213
FTX_COLLAPSE_NOV_2022,15970857,7047453.504765703,4423027.03962258,958453676.6481357,136
FTX_COLLAPSE_NOV_2022,15970858,6714011.151201574,2198360.63600189,819109360.4465921,122
FTX_COLLAPSE_NOV_2022,15970859,8003661.542811453,4206708.0,2064944678.045355,258
FTX_COLLAPSE_NOV_2022,15970860,6936392.849857475,3889730.32469,1089013677.4276235,157
FTX_COLLAPSE_NOV_2022,15970861,7638755.302310241,4137134.8045883556,855540593.858747,112
FTX_COLLAPSE_NOV_2022,15970862,5062950.5786891,2949866.06121,886016351.2705926,175
FTX_COLLAPSE_NOV_2022,15970863,5696072.626613096,2252102.88492,626567988.9274406,110
FTX_COLLAPSE_NOV_2022,15970864,6241707.086773645,4082206.44,1516734822.0859957,243
FTX_COLLAPSE_NOV_2022,15970865,5307111.861942055,3102864.4684755,695231653.9144092,131
FTX_COLLAPSE_NOV_2022,15970866,4554939.221067696,3216540.056686872,1557789213.6051521,342
FTX_COLLAPSE_NOV_2022,15970867,22507961.134425238,10775473.757896744,3983909120.7932673,177
FTX_COLLAPSE_NOV_2022,15970868,12341891.537215898,15075952.73835,3319968823.5110765,269
FTX_COLLAPSE_NOV_2022,15970869,5918830.94527612,3761185.86846,739853868.159515,125
FTX_COLLAPSE_NOV_2022,15970870,4373736.463943173,3025752.7481,424252437.00248784,97
FTX_COLLAPSE_NOV_2022,15970871,6923898.854526063,6049246.041970824,893182952.2338622,129
FTX_COLLAPSE_NOV_2022,15970872,4953665.470025446,2272222.45302384,718281493.1536897,145
FTX_COLLAPSE_NOV_2022,15970873,9073713.432827983,6971269.038621305,1642342131.341865,181
FTX_COLLAPSE_NOV_2022,15970874,5271652.577017641,2936161.441831524,764389623.667558,145
FTX_COLLAPSE_NOV_2022,15970875,4871544.527508245,2906308.0014,1057125162.4692891,217
FTX_COLLAPSE_NOV_2022,15970876,4218781.89171176,2791664.423644359,476722353.76342887,113
FTX_COLLAPSE_NOV_2022,15970877,4603989.678368994,1580494.3779678305,893173997.6035849,194
FTX_COLLAPSE_NOV_2022,15970878,2839858.4256392466,1506320.0,70996460.64098117,25
FTX_COLLAPSE_NOV_2022,15970879,6157733.640657318,3020348.144058058,1471698340.117099,239
FTX_COLLAPSE_NOV_2022,15970880,5388384.483599584,2162482.1901893867,700489982.8679459,130
FTX_COLLAPSE_NOV_2022,15970881,3941775.23683029,2093384.315290804,378410422.7357078,96
FTX_COLLAPSE_NOV_2022,15970882,4973018.082112092,2124131.442313388,1740556328.739232,350
FTX_COLLAPSE_NOV_2022,15970883,3377542.772871033,2057719.0458605997,81061026.54890479,24
FTX_COLLAPSE_NOV_2022,15970884,5717722.808416663,2403502.840033464,1458019316.146249,255
FTX_COLLAPSE_NOV_2022,15970885,5982184.1829389585,2521630.289001654,801612680.5138204,134
FTX_COLLAPSE_NOV_2022,15970886,5465259.342494145,4456759.183675088,1278870686.14363,234
FTX_COLLAPSE_NOV_2022,15970887,7024243.058562878,1844540.0,428478826.57233554,61
FTX_COLLAPSE_NOV_2022,15970888,3827141.861270938,2066866.43225,535799860.57793134,140
FTX_COLLAPSE_NOV_2022,15970889,18951041.0347116,4093844.309655808,4245033191.7753983,224
FTX_COLLAPSE_NOV_2022,15970890,3854347.352637275,2261704.9785,659093397.300974,171
FTX_COLLAPSE_NOV_2022,15970891,4342814.65323264,3629650.29131292,751306935.0092466,173
FTX_COLLAPSE_NOV_2022,15970892,4308488.683200684,1850760.0,715209121.4113135,166
FTX_COLLAPSE_NOV_2022,15970893,4074855.689212172,1861461.729077505,460458692.8809754,113
FTX_COLLAPSE_NOV_2022,15970894,3729672.018885046,2364723.83825822,652692603.304883,175
FTX_COLLAPSE_NOV_2022,15970895,3750266.9403128475,1993010.666848245,543788706.3453629,145
FTX_COLLAPSE_NOV_2022,15970896,20392443.21867059,4092461.925577512,4078488643.7341185,200
FTX_COLLAPSE_NOV_2022,15970897,4840954.228503645,1851347.7522,1108578518.327335,229
FTX_COLLAPSE_NOV_2022,15970898,7263415.544652534,4066217.149712504,857083034.268999,118
FTX_COLLAPSE_NOV_2022,15970899,4972223.717776322,3076320.872554539,765722452.5375535,154
FTX_COLLAPSE_NOV_2022,15970900,2746352.208758345,1765727.868118552,414699183.52251005,151
FTX_COLLAPSE_NOV_2022,15970901,20696629.72433747,4072216.7213872,4242809093.4891815,205
FTX_COLLAPSE_NOV_2022,15970902,4683894.673631642,1847848.0986,950830618.7472234,203
FTX_COLLAPSE_NOV_2022,15970903,5079380.875012834,2160873.4155,634922609.3766042,125
FTX_COLLAPSE_NOV_2022,15970904,3472967.6070183627,2172993.462095804,395918307.2000933,114
FTX_COLLAPSE_NOV_2022,15970905,3160849.2951345295,2087707.7657350623,316084929.51345295,100
FTX_COLLAPSE_NOV_2022,15970906,5525547.971374678,4072994.145266,1210095005.7310545,219
FTX_COLLAPSE_NOV_2022,15970907,4269866.938052698,1960512.511114048,683178710.0884317,160
FTX_COLLAPSE_NOV_2022,15970908,10735473.938136658,3568174.65288704,1470759929.524722,137
FTX_COLLAPSE_NOV_2022,15970909,8703957.005575798,3742330.7801543265,1862646799.1932209,214
FTX_COLLAPSE_NOV_2022,15970910,4146508.643670719,2156117.07737,447822933.51643765,108
FTX_COLLAPSE_NOV_2022,15970911,9473741.72727491,2781099.6415,1297902616.6366627,137
FTX_COLLAPSE_NOV_2022,15970912,7646509.361644094,1855055.8872313919,1299906591.479496,170
FTX_COLLAPSE_NOV_2022,15970913,13541826.731195085,4071075.5496712,1868772088.9049218,138
FTX_COLLAPSE_NOV_2022,15970914,10765788.855394505,2657917.777339381,904326263.8531384,84
FTX_COLLAPSE_NOV_2022,15970915,7273371.08572567,1484079.4080259753,465495749.48644286,64
FTX_COLLAPSE_NOV_2022,15970916,4362647.512855796,1697410.72206,894342740.1354382,205
FTX_COLLAPSE_NOV_2022,15970917,8362960.846870721,2313304.445220975,2107466133.4114218,252
FTX_COLLAPSE_NOV_2022,15970918,12765279.458248744,2003713.2,1825434962.5295703,143
FTX_COLLAPSE_NOV_2022,15970919,9683914.298309328,4086218.786700528,455143972.02053845,47
FTX_COLLAPSE_NOV_2022,15970920,7325795.010141509,1748610.0408,1699584442.35283,232
FTX_COLLAPSE_NOV_2022,15970921,4060368.65491665,3332091.573,645598616.1317474,159
FTX_COLLAPSE_NOV_2022,15970922,8209965.356340301,1511759.316174,1165815080.6003227,142
FTX_COLLAPSE_NOV_2022,15970923,12733616.684039861,2685946.187853828,2279317386.4431353,179
FTX_COLLAPSE_NOV_2022,15970924,10487908.330596002,3633821.345588344,1824896049.5237043,174
FTX_COLLAPSE_NOV_2022,15970925,5176508.315483558,1269876.5601783437,590121947.9651256,114
FTX_COLLAPSE_NOV_2022,15970926,2842750.377312138,1738485.280760256,218891779.05303463,77
FTX_COLLAPSE_NOV_2022,15970927,12792563.344638802,2413514.11557292,3377236722.984644,264
FTX_COLLAPSE_NOV_2022,15970928,12628276.763733478,2867676.686616135,2247833263.944559,178
FTX_COLLAPSE_NOV_2022,15970929,9561514.16209021,7779814.6881,2017479488.2010345,211
FTX_COLLAPSE_NOV_2022,15970930,2774292.8001559232,1809276.41142,352335185.61980224,127
FTX_COLLAPSE_NOV_2022,15970931,13325790.782349218,2956405.491538125,2012194408.1347318,151
FTX_COLLAPSE_NOV_2022,15970932,8161128.138112824,7801722.235902857,310122869.2482873,38
FTX_COLLAPSE_NOV_2022,15970933,7022430.831870015,1545251.3239354938,1544934783.0114033,220
FTX_COLLAPSE_NOV_2022,15970934,8265539.760457907,2173963.158588928,1694435650.8938708,205
FTX_COLLAPSE_NOV_2022,15970935,10209719.33991519,1699388.76699,1602925936.366685,157
FTX_COLLAPSE_NOV_2022,15970936,7669692.82318036,2555290.2261,1188802387.5929558,155
FTX_COLLAPSE_NOV_2022,15970937,6414599.471565255,1785860.7077015494,205267183.09008816,32
FTX_COLLAPSE_NOV_2022,15970938,7467648.853131689,1312336.6239434055,2464324121.5334573,330
FTX_COLLAPSE_NOV_2022,15970939,8420741.003206111,2888955.48552502,1263111150.4809167,150
FTX_COLLAPSE_NOV_2022,15970940,8725326.003430877,1666447.370764516,1526932050.6004035,175
FTX_COLLAPSE_NOV_2022,15970941,7079927.202400942,2791813.7354969084,977029953.9313301,138
FTX_COLLAPSE_NOV_2022,15970942,9842979.952343354,2093847.524296212,2303257308.848345,234
FTX_COLLAPSE_NOV_2022,15970943,10131340.545567328,1723041.9731095256,1033396735.6478674,102
FTX_COLLAPSE_NOV_2022,15970944,10183676.356834969,3694666.88298056,2077469976.7943337,204
FTX_COLLAPSE_NOV_2022,15970945,8462821.221823378,1935467.5962,1015538546.6188054,120
FTX_COLLAPSE_NOV_2022,15970946,8282651.500275914,1907798.614672752,1126440604.0375242,136
FTX_COLLAPSE_NOV_2022,15970947,6443284.823798757,1203741.979916974,1456182370.178519,226
FTX_COLLAPSE_NOV_2022,15970948,11475288.569986278,3087861.80253628,1686867419.787983,147
FTX_COLLAPSE_NOV_2022,15970949,17535441.050002463,3232334.4653883046,2981024978.5004187,170
FTX_COLLAPSE_NOV_2022,15970950,12780650.794715606,5004229.26663954,524006682.5833398,41
FTX_COLLAPSE_NOV_2022,15970951,4105072.0583856436,691635.0,1990959948.317037,485
FTX_COLLAPSE_NOV_2022,15970952,5338496.400938656,1178513.118077,1505455985.064701,282
FTX_COLLAPSE_NOV_2022,15970953,9332909.1952323,1419718.66536,149326547.1237168,16
FTX_COLLAPSE_NOV_2022,15970954,8653039.561603945,861747.278419191,2933380411.383737,339
FTX_COLLAPSE_NOV_2022,15970955,10375776.220817883,1761865.9249,1431857118.4728677,138
FTX_COLLAPSE_NOV_2022,15970956,6061454.899070651,1352448.4,1157737885.7224944,191
FTX_COLLAPSE_NOV_2022,15970957,6054205.669255654,2743956.4105436616,1428792537.9443345,236
FTX_COLLAPSE_NOV_2022,15970958,14209726.528615776,1608952.699409646,1506231012.0332723,106
FTX_COLLAPSE_NOV_2022,15970959,11457442.087133333,2659479.824587136,1592584450.1115334,139
FTX_COLLAPSE_NOV_2022,15970960,7476139.311039595,2009465.11864944,1001802667.6793057,134
FTX_COLLAPSE_NOV_2022,15970961,9469472.150507784,2871057.934886125,1713974459.2419088,181
FTX_COLLAPSE_NOV_2022,15970962,8220507.268434764,1800582.6864,1915378193.5453,233
FTX_COLLAPSE_NOV_2022,15970963,12929909.654411262,1851059.8068,1719677984.0366979,133
FTX_COLLAPSE_NOV_2022,15970964,3845346.82736401,3942882.765914848,488359047.0752292,127
FTX_COLLAPSE_NOV_2022,15970965,6031745.139117287,2184537.973006488,874603045.1720066,145
FTX_COLLAPSE_NOV_2022,15970966,2585936.67914391,1644343.132641462,266351477.9518227,103
FTX_COLLAPSE_NOV_2022,15970967,6667412.142142899,2103646.9829895347,2133571885.4857278,320
FTX_COLLAPSE_NOV_2022,15970968,11333833.626086237,3028553.0125275,2119426888.0781264,187
FTX_COLLAPSE_NOV_2022,15970969,14337041.863106562,3909709.430897144,2566330493.4960747,179
FTX_COLLAPSE_NOV_2022,15970970,7022969.308876595,2032592.4893,962146795.3160936,137
FTX_COLLAPSE_NOV_2022,15970971,5125746.298768243,4140868.556090344,691975750.3337128,135
FTX_COLLAPSE_NOV_2022,15970972,3685205.934724655,1908678.954195516,1186636310.981339,322
FTX_COLLAPSE_NOV_2022,15970973,3031803.098879751,1575326.6906833681,576042588.7871526,190
FTX_COLLAPSE_NOV_2022,15970974,3654044.7548430935,1852094.369287425,657728055.8717568,180
FTX_COLLAPSE_NOV_2022,15970975,16400316.395532819,1835321.14437385,4477286375.980459,273
FTX_COLLAPSE_NOV_2022,15970976,2931000.7262164364,1937769.070649392,662406164.1249146,226
FTX_COLLAPSE_NOV_2022,15970977,10006174.65411635,3040063.33812,1590981770.0044997,159
FTX_COLLAPSE_NOV_2022,15970978,7320349.200092159,2842081.82302428,929684348.4117042,127
FTX_COLLAPSE_NOV_2022,15970979,4222608.421276301,3165935.49936,612278221.0850637,145
FTX_COLLAPSE_NOV_2022,15970980,3736541.1893992354,1616243.637159288,586636966.73568,157
FTX_COLLAPSE_NOV_2022,15970981,3944425.9496287983,2001984.8830346835,449664558.257683,114
FTX_COLLAPSE_NOV_2022,15970982,3784261.657617237,1572854.25432,601697603.5611407,159
FTX_COLLAPSE_NOV_2022,15970983,5129696.411798824,3422263.980335997,872048390.0058,170
FTX_COLLAPSE_NOV_2022,15970984,4092288.2626465387,1936997.377567062,544274338.9319897,133
FTX_COLLAPSE_NOV_2022,15970985,6653122.375519768,1863320.4568,924784010.1972479,139
FTX_COLLAPSE_NOV_2022,15970986,6755151.222093097,7600000.0,1486133268.8604813,220
FTX_COLLAPSE_NOV_2022,15970987,9578989.16991795,1880529.45,1676323104.7356415,175
FTX_COLLAPSE_NOV_2022,15970988,14085565.234964615,2098150.483960267,295796869.9342569,21
FTX_COLLAPSE_NOV_2022,15970989,11340302.028537095,2300933.541849765,3379410004.504054,298
FTX_COLLAPSE_NOV_2022,15970990,8762950.72079792,4702012.947085675,1927849158.5755424,220
FTX_COLLAPSE_NOV_2022,15970991,10903137.387351897,4108357.217655328,2038886691.4348047,187
FTX_COLLAPSE_NOV_2022,15970992,4217401.427612031,1822638.0094,645262418.4246407,153
FTX_COLLAPSE_NOV_2022,15970993,9196564.738131424,4240176.901923936,1517433181.791685,165
FTX_COLLAPSE_NOV_2022,15970994,5609096.202602391,2822763.30435584,891846296.2137802,159
FTX_COLLAPSE_NOV_2022,15970995,3139546.338343179,2029903.0720198124,383024653.2778678,122
FTX_COLLAPSE_NOV_2022,15970996,18824095.516460843,3828937.252081872,3557754052.6110992,189
FTX_COLLAPSE_NOV_2022,15970997,4479763.712487826,1747008.930313512,689883611.7231252,154
FTX_COLLAPSE_NOV_2022,15970998,4366248.394312319,2897968.803360375,493386068.5572921,113
FTX_COLLAPSE_NOV_2022,15970999,17661126.500953246,3230000.0,3055374884.6649117,173
FTX_COLLAPSE_NOV_2022,15971000,11231349.865808222,1878153.2008,1763321928.931891,157
LUNA_CRASH_MAY_2022,14800000,4095186.136412637,1374575.112570756,1912451925.7047014,467
LUNA_CRASH_MAY_2022,14800001,5371658.931946443,2884543.611421581,1251596531.1435213,233
LUNA_CRASH_MAY_2022,14800002,5278567.985769533,3047709.9069,311435511.1604024,59
LUNA_CRASH_MAY_2022,14800003,5998211.1831234675,3723126.9337129183,935720944.567261,156
LUNA_CRASH_MAY_2022,14800004,5891928.962999362,2780938.14003,406543098.446956,69
LUNA_CRASH_MAY_2022,14800005,6413280.008460222,3337341.730270065,519475680.68527794,81
LUNA_CRASH_MAY_2022,14800006,3709814.9092598786,1065502.1130717467,526793717.11490273,142
LUNA_CRASH_MAY_2022,14800007,4442632.318742424,3111525.0,1368330754.1726665,308
LUNA_CRASH_MAY_2022,14800008,6610251.228331142,5873385.68626887,2035957378.3259916,308
LUNA_CRASH_MAY_2022,14800009,5415229.280332872,2916525.0843,1131782919.5895703,209
LUNA_CRASH_MAY_2022,14800010,6868925.950094727,3326003.1217,487693742.4567256,71
LUNA_CRASH_MAY_2022,14800011,7149144.686388721,5391677.297968145,371755523.6922135,52
LUNA_CRASH_MAY_2022,14800012,5534776.5130499415,2489822.817904287,332086590.7829965,60
LUNA_CRASH_MAY_2022,14800013,5595593.656342728,2551211.30556,1012802451.7980338,181
LUNA_CRASH_MAY_2022,14800014,4646431.757680099,2041952.6216619085,1189486529.9661055,256
LUNA_CRASH_MAY_2022,14800015,2703246.7210954195,1462056.0782205,51361687.70081297,19
LUNA_CRASH_MAY_2022,14800016,9847070.95671359,2536380.633181392,4096381517.992854,416
LUNA_CRASH_MAY_2022,14800017,6281174.939043189,3469306.125834375,1325327912.138113,211
LUNA_CRASH_MAY_2022,14800018,5181872.729733005,3104701.68843975,1513106837.0820374,292
LUNA_CRASH_MAY_2022,14800019,6830962.5184730245,4640420.772222896,2445484581.613343,358
LUNA_CRASH_MAY_2022,14800020,11949842.719680503,2839389.5484464997,1481780497.2403824,124
LUNA_CRASH_MAY_2022,14800021,15349489.368251283,5139647.96696194,3545732044.066046,231
LUNA_CRASH_MAY_2022,14800022,10941624.948438872,8254976.976169074,1433352868.2454922,131
LUNA_CRASH_MAY_2022,14800023,8302820.300004,8701783.348172352,2881078644.101388,347
LUNA_CRASH_MAY_2022,14800024,8604247.65500644,13354585.27925,516254859.30038637,60
LUNA_CRASH_MAY_2022,14800025,6023244.023572895,3607573.29055748,1288974221.0445995,214
LUNA_CRASH_MAY_2022,14800026,7203750.981739963,6800667.040248306,1959420267.0332701,272
LUNA_CRASH_MAY_2022,14800027,8465214.310139598,3797845.394831043,2209420934.946435,261
LUNA_CRASH_MAY_2022,14800028,8771103.349041747,6320750.000558848,912194748.3003416,104
LUNA_CRASH_MAY_2022,14800029,9328640.76179488,5605000.0,1184737376.7479498,127
LUNA_CRASH_MAY_2022,14800030,12979383.507322872,4494127.993281248,4893227582.260723,377
LUNA_CRASH_MAY_2022,14800031,12401771.246950263,6708647.860488714,3670924289.097278,296
LUNA_CRASH_MAY_2022,14800032,11952250.652853837,7385068.401577156,3394439185.4104896,284
LUNA_CRASH_MAY_2022,14800033,20433258.949258342,8138100.431452894,3902752459.3083434,191
LUNA_CRASH_MAY_2022,14800034,10249091.744631585,6374020.985699775,4427607633.680844,432
LUNA_CRASH_MAY_2022,14800035,24697916.352356397,7455050.061710955,4297437445.310013,174
LUNA_CRASH_MAY_2022,14800036,9365962.035172874,4956262.359106742,3708920965.928458,396
LUNA_CRASH_MAY_2022,14800037,12199149.014582999,6877955.359070282,5111443437.110276,419
LUNA_CRASH_MAY_2022,14800038,16222288.391509285,8146810.558741832,827336707.9669735,51
LUNA_CRASH_MAY_2022,14800039,7488918.145342885,5984622.07604794,134800526.61617193,18
LUNA_CRASH_MAY_2022,14800040,10438424.478009157,7396013.18059022,3413364804.3089943,327
LUNA_CRASH_MAY_2022,14800041,12896299.191989955,8066338.114066649,4410534323.660564,342
LUNA_CRASH_MAY_2022,14800042,15076365.43814693,9084502.42404276,1944851141.520954,129
LUNA_CRASH_MAY_2022,14800043,17196163.683636468,6923620.825191528,1306908439.9563715,76
LUNA_CRASH_MAY_2022,14800044,16384262.901030362,8207797.9908300005,294916732.2185465,18
LUNA_CRASH_MAY_2022,14800045,13049227.266260024,8941309.418746911,2270565544.329244,174
LUNA_CRASH_MAY_2022,14800046,0.0,0.0,0.0,0
LUNA_CRASH_MAY_2022,14800047,10120571.676812122,6146953.280750916,2671830922.6784,264
LUNA_CRASH_MAY_2022,14800048,7490828.68940344,2248987.440741201,666683753.3569062,89
LUNA_CRASH_MAY_2022,14800049,10176642.813413199,4334121.597457,651305140.0584447,64
LUNA_CRASH_MAY_2022,14800050,9214610.910159875,5579376.8062965,3142182320.364517,341
LUNA_CRASH_MAY_2022,14800051,4980779.023269967,4694672.238047295,204211939.95406866,41
LUNA_CRASH_MAY_2022,14800052,9861398.246786898,6924706.671130202,1114338001.8869195,113
LUNA_CRASH_MAY_2022,14800053,6288852.603726045,3492569.511333,383620008.82728875,61
LUNA_CRASH_MAY_2022,14800054,7842143.586873593,3825000.0,3207436727.0312996,409
LUNA_CRASH_MAY_2022,14800055,9215537.297804996,4157947.454627348,3326808964.5076036,361
LUNA_CRASH_MAY_2022,14800056,9875161.961814191,7311183.325013356,3160051827.7805414,320
LUNA_CRASH_MAY_2022,14800057,10908109.411369726,1350018.274983,403600048.2206799,37
LUNA_CRASH_MAY_2022,14800058,8298463.463870684,5154926.0,522803198.22385305,63
LUNA_CRASH_MAY_2022,14800059,16559137.826117653,4778716.024705499,1291612750.437177,78
LUNA_CRASH_MAY_2022,14800060,7043222.146285495,3864850.8526240876,1732632647.9862318,246
LUNA_CRASH_MAY_2022,14800061,7446436.521670155,3435127.6149588823,208500222.60676435,28
LUNA_CRASH_MAY_2022,14800062,7659171.805265709,3897579.445443678,3002395347.664158,392
LUNA_CRASH_MAY_2022,14800063,8482497.27414429,4670049.412031799,568327317.3676674,67
LUNA_CRASH_MAY_2022,14800064,10052527.361221906,4037255.000099726,1065567900.289522,106
LUNA_CRASH_MAY_2022,14800065,8458732.213242967,3984450.34932969,3400410349.723673,402
LUNA_CRASH_MAY_2022,14800066,12774112.24443235,4920038.714777158,1737279265.2427998,136
LUNA_CRASH_MAY_2022,14800067,8712574.409329243,7770000.0,827694568.886278,95
LUNA_CRASH_MAY_2022,14800068,14822321.911993181,2367299.761696164,3379489395.9344454,228
LUNA_CRASH_MAY_2022,14800069,8300661.687407468,4397268.74370048,2365688580.9111285,285
LUNA_CRASH_MAY_2022,14800070,8323775.967534709,4612286.44870798,582664317.7274296,70
LUNA_CRASH_MAY_2022,14800071,9026839.752795277,3737680.89849,776308218.7403939,86
LUNA_CRASH_MAY_2022,14800072,10159527.255421959,6105456.570089448,1645843415.3783574,162
LUNA_CRASH_MAY_2022,14800073,8910170.957922248,4698523.759698972,133652564.36883372,15
LUNA_CRASH_MAY_2022,14800074,6396653.944352427,2949533.73371164,2091705839.8032434,327
LUNA_CRASH_MAY_2022,14800075,8885477.634413844,4124892.814363463,231022418.49475995,26
LUNA_CRASH_MAY_2022,14800076,6596705.316194241,4229343.92482824,2209896280.925071,335
LUNA_CRASH_MAY_2022,14800077,8692150.564485364,3695279.5647799093,625834840.6429462,72
LUNA_CRASH_MAY_2022,14800078,5435262.48039478,3090522.238472133,826159897.0200065,152
LUNA_CRASH_MAY_2022,14800079,5274266.95848057,2831988.597975701,833334179.4399302,158
LUNA_CRASH_MAY_2022,14800080,7067931.918648949,3564443.25567,742132851.4581397,105
LUNA_CRASH_MAY_2022,14800081,5545826.577963533,3644279.9311187584,221833063.1185413,40
LUNA_CRASH_MAY_2022,14800082,10471415.841942364,4230000.0,3570752802.1023464,341
LUNA_CRASH_MAY_2022,14800083,9223566.601724386,7574064.593241728,719438194.9345021,78
LUNA_CRASH_MAY_2022,14800084,5610291.462486736,3000453.1058984585,123426412.17470819,22
LUNA_CRASH_MAY_2022,14800085,10191432.903972942,3230000.0,3597575815.1024485,353
LUNA_CRASH_MAY_2022,14800086,7779848.972872326,6238815.01210998,809104293.1787219,104
LUNA_CRASH_MAY_2022,14800087,5683777.766896897,3026962.348811079,2188254440.2553053,385
LUNA_CRASH_MAY_2022,14800088,10932442.034033203,9834941.0885,2361407479.351172,216
LUNA_CRASH_MAY_2022,14800089,0.0,0.0,0.0,0
LUNA_CRASH_MAY_2022,14800090,5909043.126898572,3463850.936357991,921810727.7961771,156
LUNA_CRASH_MAY_2022,14800091,7409860.46707675,3719896.1147804814,2460073675.069481,332
LUNA_CRASH_MAY_2022,14800092,6976562.232163885,4198027.054032196,481382794.01930803,69
LUNA_CRASH_MAY_2022,14800093,9877102.655100292,3040000.0,3713790598.3177094,376
LUNA_CRASH_MAY_2022,14800094,9256589.365066065,2807871.414012,2249351215.711054,243
LUNA_CRASH_MAY_2022,14800095,12301052.987151828,3568315.1721,5252549625.51383,427
LUNA_CRASH_MAY_2022,14800096,8540766.14992387,4546048.689881673,2340169925.0791407,274
LUNA_CRASH_MAY_2022,14800097,10495222.854142068,5162044.803422042,2623805713.535517,250
LUNA_CRASH_MAY_2022,14800098,9953743.966793561,13395977.65825,99537439.66793561,10
LUNA_CRASH_MAY_2022,14800099,8350868.77522958,4014596.889568893,3916557455.582673,469
LUNA_CRASH_MAY_2022,14800100,6867054.339802295,3712398.7168097296,1524486063.4361095,222
LUNA_CRASH_MAY_2022,14800101,22457009.02592743,6400313.645101992,920737370.0630245,41
LUNA_CRASH_MAY_2022,14800102,7698378.66163399,3486616.0,2224831433.212223,289
LUNA_CRASH_MAY_2022,14800103,18565748.15227163,14225436.0,167091733.37044466,9
LUNA_CRASH_MAY_2022,14800104,9793677.511588665,4398632.950904775,3653041711.8225718,373
LUNA_CRASH_MAY_2022,14800105,10096214.368496189,4499365.03223128,1100487366.1660845,109
LUNA_CRASH_MAY_2022,14800106,0.0,0.0,0.0,0
LUNA_CRASH_MAY_2022,14800107,6999407.414429036,3150000.0,2834760002.8437595,405
LUNA_CRASH_MAY_2022,14800108,7322694.386701391,3092717.65966404,1340053072.7663546,183
LUNA_CRASH_MAY_2022,14800109,21384393.139853403,4658003.0805258,748453759.8948691,35
LUNA_CRASH_MAY_2022,14800110,5907130.94974799,2082237.05305872,2510530653.6428957,425
LUNA_CRASH_MAY_2022,14800111,6499270.482478049,3787172.575119864,513442368.1157658,79
LUNA_CRASH_MAY_2022,14800112,6183938.327091003,3801846.699947292,401955991.26091516,65
LUNA_CRASH_MAY_2022,14800113,9015350.993831994,2740568.248337157,1063811417.2721752,118
LUNA_CRASH_MAY_2022,14800114,5899410.378917103,2863316.971407753,1280172052.2250113,217
LUNA_CRASH_MAY_2022,14800115,5486463.351318738,1627500.0,38405243.45923117,7
LUNA_CRASH_MAY_2022,14800116,8648423.797616994,3040000.0,1764278454.7138667,204
LUNA_CRASH_MAY_2022,14800117,12103950.031780118,3680000.0,3038091457.9768095,251
LUNA_CRASH_MAY_2022,14800118,9812602.609562816,3680000.0,3434410913.3469853,350
LUNA_CRASH_MAY_2022,14800119,7281660.716037209,4080000.0,888362607.3565395,122
LUNA_CRASH_MAY_2022,14800120,6669805.601033152,3840000.0,300141252.04649186,45
LUNA_CRASH_MAY_2022,14800121,8608377.07111757,3680287.360555272,2487820973.552978,289
LUNA_CRASH_MAY_2022,14800122,11650796.889386397,4521321.701600488,1351492439.168822,116
LUNA_CRASH_MAY_2022,14800123,6420955.714826825,3815408.23281,520097412.90097284,81
LUNA_CRASH_MAY_2022,14800124,6423883.598220358,6531057.2631571535,321194179.9110179,50
LUNA_CRASH_MAY_2022,14800125,5555208.788951159,3520000.0,2172086636.479903,391
LUNA_CRASH_MAY_2022,14800126,11623156.933862407,3669888.453261202,3254483941.481474,280
LUNA_CRASH_MAY_2022,14800127,5690655.099167216,4049066.943323892,1012936607.6517644,178
LUNA_CRASH_MAY_2022,14800128,7747348.462493808,7613118.656159483,2882013628.0476966,372
LUNA_CRASH_MAY_2022,14800129,18293319.191977236,3531160.399995,3987943583.8510375,218
LUNA_CRASH_MAY_2022,14800130,8336470.331212769,3880892.348914609,2542623451.0198946,305
LUNA_CRASH_MAY_2022,14800131,8977694.659465648,6558739.764438599,574572458.2058015,64
LUNA_CRASH_MAY_2022,14800132,14435907.613232087,9400358.2904,3825515517.506503,265
LUNA_CRASH_MAY_2022,14800133,18940605.0075843,9561136.911628854,662921175.2654505,35
LUNA_CRASH_MAY_2022,14800134,12283682.758472068,6175098.77634,3230608565.4781537,263
LUNA_CRASH_MAY_2022,14800135,6047728.94902983,2979120.5913047846,278195531.6553722,46
LUNA_CRASH_MAY_2022,14800136,7326281.285421735,3087700.23288,65936531.568795614,9
LUNA_CRASH_MAY_2022,14800137,11606888.15159042,3836653.600504466,3099039136.4746423,267
LUNA_CRASH_MAY_2022,14800138,8453803.839385936,3929628.975244125,2392426486.54622,283
LUNA_CRASH_MAY_2022,14800139,7018901.702944632,2961825.37586265,905438319.6798575,129
LUNA_CRASH_MAY_2022,14800140,7971759.23335928,2843448.928560842,127548147.73374848,16
LUNA_CRASH_MAY_2022,14800141,7817859.464997104,3149365.311162,1524482595.6744354,195
LUNA_CRASH_MAY_2022,14800142,8476968.832257403,3638890.96242819,1534331358.6385899,181
LUNA_CRASH_MAY_2022,14800143,11994489.582101071,3729593.808718071,1307399364.4490168,109
LUNA_CRASH_MAY_2022,14800144,0.0,0.0,0.0,0
LUNA_CRASH_MAY_2022,14800145,8498789.598927038,3642640.57251,1045351120.6680257,123
LUNA_CRASH_MAY_2022,14800146,12564209.893430578,5967252.67976929,2814383016.1284494,224
LUNA_CRASH_MAY_2022,14800147,12238329.681110835,4080000.0,1921417759.934401,157
LUNA_CRASH_MAY_2022,14800148,8613253.580601605,3886481.89339969,301463875.3210562,35
LUNA_CRASH_MAY_2022,14800149,5353422.245309004,4080000.0,749479114.3432605,140
LUNA_CRASH_MAY_2022,14800150,6906549.344154746,4240000.0,324607819.17527306,47
LUNA_CRASH_MAY_2022,14800151,5962352.623954108,3862925.1551607773,2146446944.623479,360
LUNA_CRASH_MAY_2022,14800152,6406019.397578642,3840000.0,858406599.275538,134
LUNA_CRASH_MAY_2022,14800153,5365141.449240828,2507345.04667602,1834878375.6403632,342
LUNA_CRASH_MAY_2022,14800154,8239678.27235998,3623042.5357257584,1977522785.3663952,240
LUNA_CRASH_MAY_2022,14800155,7014266.413781043,7677352.405756488,175356660.34452608,25
LUNA_CRASH_MAY_2022,14800156,4928432.726333881,2541768.54089157,685052148.9604094,139
LUNA_CRASH_MAY_2022,14800157,4205019.3661979735,913041.661266,386861781.69021356,92
LUNA_CRASH_MAY_2022,14800158,6589212.598017383,3188089.344711251,316282204.7048344,48
LUNA_CRASH_MAY_2022,14800159,7724597.833829017,2681159.3802,1398152207.923052,181
LUNA_CRASH_MAY_2022,14800160,7318448.355212038,4908698.17082584,892850699.3358687,122
LUNA_CRASH_MAY_2022,14800161,5506039.4902185295,3843718.8754337234,143157026.74568176,26
LUNA_CRASH_MAY_2022,14800162,7501755.184998591,4891439.94489526,1305305402.189755,174
LUNA_CRASH_MAY_2022,14800163,5656256.319856827,2660622.064446614,2058877300.427885,364
LUNA_CRASH_MAY_2022,14800164,5701177.299172678,5032749.19104276,1641939062.1617312,288
LUNA_CRASH_MAY_2022,14800165,5154302.733691722,2800000.0,917465886.5971265,178
LUNA_CRASH_MAY_2022,14800166,5564902.899209524,2945358.190090793,1001682521.8577143,180
LUNA_CRASH_MAY_2022,14800167,3575287.510589412,2777915.0,82231612.74355647,23
LUNA_CRASH_MAY_2022,14800168,4055060.7979299803,2565762.662670495,389285836.6012781,96
LUNA_CRASH_MAY_2022,14800169,8283138.75518245,2600980.829953848,2758285205.4757557,333
LUNA_CRASH_MAY_2022,14800170,5048636.98831534,2521679.6959207533,100972739.7663068,20
LUNA_CRASH_MAY_2022,14800171,7755416.81301244,6606944.936532211,232662504.3903732,30
LUNA_CRASH_MAY_2022,14800172,5128596.90617363,3066580.1308722487,687231985.4272664,134
LUNA_CRASH_MAY_2022,14800173,5023845.64602899,3390874.10700924,929411444.5153631,185
LUNA_CRASH_MAY_2022,14800174,6163586.52606547,3024009.961790393,1466933593.2035818,238
LUNA_CRASH_MAY_2022,14800175,6176264.934424998,2860041.490641048,1945523454.3438745,315
LUNA_CRASH_MAY_2022,14800176,5711130.005589816,2800000.0,474023790.46395475,83
LUNA_CRASH_MAY_2022,14800177,4867130.741286548,2602747.387771292,1250852600.5106428,257
LUNA_CRASH_MAY_2022,14800178,7310276.213029051,7691637.4215,1213505851.3628225,166
LUNA_CRASH_MAY_2022,14800179,3826141.577123905,2032894.15609,126262672.04508887,33
LUNA_CRASH_MAY_2022,14800180,4605043.829727587,2631189.7370029027,598655697.8645864,130
LUNA_CRASH_MAY_2022,14800181,5238276.913621716,2077398.58726272,277628676.42195094,53
LUNA_CRASH_MAY_2022,14800182,5684374.37796149,2800000.0,1102768629.3245292,194
LUNA_CRASH_MAY_2022,14800183,5771926.978561647,4417133.699535606,450210304.3278085,78
LUNA_CRASH_MAY_2022,14800184,2842740.358213327,1905492.55049634,36955624.65677325,13
LUNA_CRASH_MAY_2022,14800185,4632632.350070905,2336527.745620475,1505605513.773044,325
LUNA_CRASH_MAY_2022,14800186,4926187.419304834,2117911.996284585,684740051.2833719,139
LUNA_CRASH_MAY_2022,14800187,3201248.277423238,1700000.0,467382248.50379276,146
LUNA_CRASH_MAY_2022,14800188,4627043.416683028,2749387.741959852,1559313631.4221807,337
LUNA_CRASH_MAY_2022,14800189,4573226.566607541,2796403.8038657,846046914.8223951,185
LUNA_CRASH_MAY_2022,14800190,4338999.339738455,2600000.0,681222896.3389374,157
LUNA_CRASH_MAY_2022,14800191,0.0,0.0,0.0,0
LUNA_CRASH_MAY_2022,14800192,24109676.232264478,2694786.694488,8221399595.202187,341
LUNA_CRASH_MAY_2022,14800193,5950708.049794981,2800000.0,1707853210.2911596,287
LUNA_CRASH_MAY_2022,14800194,4921764.5522418,2724215.572379392,1328876429.1052861,270
LUNA_CRASH_MAY_2022,14800195,5342606.85075044,3106732.8695,806733634.4633164,151
LUNA_CRASH_MAY_2022,14800196,5184590.63373866,3001635.0475,808796138.863231,156
LUNA_CRASH_MAY_2022,14800197,4524345.076986579,2943670.5575,963685501.3981414,213
LUNA_CRASH_MAY_2022,14800198,4772238.058180863,2800000.0,124078189.51270245,26
LUNA_CRASH_MAY_2022,14800199,4003382.4220232796,2482258.81806,1609359733.6533585,402
LUNA_CRASH_MAY_2022,14800200,3821654.394915841,2999933.7903,294267388.40851974,77
LUNA_CRASH_MAY_2022,14800201,5162624.153797481,2170457.1428498207,2023748668.2886126,392
LUNA_CRASH_MAY_2022,14800202,5427193.4508858975,2800000.0,1682429969.7746282,310
LUNA_CRASH_MAY_2022,14800203,4989034.3962035505,2309104.537004601,1915789208.1421633,384
LUNA_CRASH_MAY_2022,14800204,6513378.542222263,3952165.9816,762065289.4400048,117
LUNA_CRASH_MAY_2022,14800205,6961740.391547561,4485211.33600135,41770442.349285364,6
LUNA_CRASH_MAY_2022,14800206,5884289.074297266,3292419.178,953254830.0361571,162
LUNA_CRASH_MAY_2022,14800207,5610381.440406458,2960000.0,875219504.7034075,156
LUNA_CRASH_MAY_2022,14800208,5241254.718339986,3082615.2763,1006320905.9212774,192
LUNA_CRASH_MAY_2022,14800209,7840266.4510722095,2843082.87381,2359920201.772735,301
LUNA_CRASH_MAY_2022,14800210,0.0,0.0,0.0,0
LUNA_CRASH_MAY_2022,14800211,6364045.369978326,2903871.22662591,1062795576.7863805,167
LUNA_CRASH_MAY_2022,14800212,5082527.174089754,2800000.0,289704048.92311597,57
LUNA_CRASH_MAY_2022,14800213,12167323.778450446,2336773.266092283,170342532.89830625,14
LUNA_CRASH_MAY_2022,14800214,4460852.536915658,2564174.2418,530841451.89296335,119
LUNA_CRASH_MAY_2022,14800215,4348159.14269267,2178869.452558071,1534900177.3705125,353
LUNA_CRASH_MAY_2022,14800216,4508821.573453511,2554817.45175,432846871.0515371,96
LUNA_CRASH_MAY_2022,14800217,4698496.519419247,2800000.0,1738443712.1851215,370
LUNA_CRASH_MAY_2022,14800218,5853428.7300212,2966047.3226,930695168.0733708,159
LUNA_CRASH_MAY_2022,14800219,5248014.969656746,4562137.227692538,1432708086.7162917,273
LUNA_CRASH_MAY_2022,14800220,4816583.703280653,2120944.326213768,303444773.30668116,63
LUNA_CRASH_MAY_2022,14800221,4713667.339193845,2831282.3847993603,839032786.3765044,178
LUNA_CRASH_MAY_2022,14800222,8711992.695525372,2658519.166973415,4059788596.114824,466
LUNA_CRASH_MAY_2022,14800223,11622255.72823355,2800000.0,4218878829.3487787,363
LUNA_CRASH_MAY_2022,14800224,7086465.162152421,6430074.455905363,1452725358.2412462,205
LUNA_CRASH_MAY_2022,14800225,8621751.812976535,3429133.69044438,741470655.915982,86
LUNA_CRASH_MAY_2022,14800226,19693774.50221153,5910731.965822701,5435481762.610382,276
LUNA_CRASH_MAY_2022,14800227,6699474.999112857,3054755.18345082,676646974.9103985,101
LUNA_CRASH_MAY_2022,14800228,4186941.1409726925,1815562.4090353362,284711997.5861431,68
LUNA_CRASH_MAY_2022,14800229,5359191.139941982,3236285.668109234,584151834.253676,109
LUNA_CRASH_MAY_2022,14800230,6347309.618897902,3023688.1653445824,1726468216.3402293,272
LUNA_CRASH_MAY_2022,14800231,5824791.829344247,3776727.101725026,966915443.671145,166
LUNA_CRASH_MAY_2022,14800232,6947722.6586027425,2677052.148225624,1188060574.621069,171
LUNA_CRASH_MAY_2022,14800233,3543084.916172887,2367602.282,46060103.910247535,13
LUNA_CRASH_MAY_2022,14800234,4305150.20856098,2800000.0,1050456650.8888791,244
LUNA_CRASH_MAY_2022,14800235,5982118.844454536,2800000.0,1028924441.2461803,172
LUNA_CRASH_MAY_2022,14800236,12391893.464634245,5962600.158528222,941783903.3122026,76
LUNA_CRASH_MAY_2022,14800237,4897779.375986285,2726862.165576712,1361582666.524187,278
LUNA_CRASH_MAY_2022,14800238,6042765.630977346,2880000.0,2054540314.5322976,340
LUNA_CRASH_MAY_2022,14800239,6704735.947124946,3552315.0160055496,1327537717.5307393,198
LUNA_CRASH_MAY_2022,14800240,10891450.946113933,2998607.7704258133,501006743.5212409,46
LUNA_CRASH_MAY_2022,14800241,4699574.114758378,2800000.0,375965929.18067026,80
LUNA_CRASH_MAY_2022,14800242,8318099.392442077,6644627.34239724,673766050.7878083,81
LUNA_CRASH_MAY_2022,14800243,4967361.233459959,2272208.4752820106,923929189.4235523,186
LUNA_CRASH_MAY_2022,14800244,5198247.663970272,1692630.614106353,2453572897.3939686,472
LUNA_CRASH_MAY_2022,14800245,24873176.59320154,5207032.40613576,6193420971.707184,249
LUNA_CRASH_MAY_2022,14800246,5764039.988531501,2552935.827317004,1423717877.1672807,247
LUNA_CRASH_MAY_2022,14800247,2539990.2338346187,2347415.162336738,10159960.935338475,4
LUNA_CRASH_MAY_2022,14800248,5952643.917672573,3447357.8844,589311747.8495847,99
LUNA_CRASH_MAY_2022,14800249,7481094.3310393235,3052183.818256344,456346754.1933987,61
LUNA_CRASH_MAY_2022,14800250,8166922.836242443,2841477.538342959,661520749.7356379,81
LUNA_CRASH_MAY_2022,14800251,5843059.722408255,3225148.128084662,835557540.3043804,143
LUNA_CRASH_MAY_2022,14800252,5683948.878116579,3178899.119056752,835540485.083137,147
LUNA_CRASH_MAY_2022,14800253,5670838.967546957,3599413.76387899,805259133.3916678,142
LUNA_CRASH_MAY_2022,14800254,5066640.165958379,2503334.27685,668796501.9065061,132
LUNA_CRASH_MAY_2022,14800255,3674729.009852146,2976322.168012133,117591328.31526867,32
LUNA_CRASH_MAY_2022,14800256,4761003.037467622,2810460.0622995077,1780615136.0128906,374
LUNA_CRASH_MAY_2022,14800257,6832075.566878908,3748639.293894675,1585041531.5159068,232
LUNA_CRASH_MAY_2022,14800258,5223945.74526703,2933759.1131551163,188062046.8296131,36
LUNA_CRASH_MAY_2022,14800259,4900101.6025004415,2528792.76105,739915341.9775667,151
LUNA_CRASH_MAY_2022,14800260,5117175.829433659,4933933.0476589445,399139714.6958254,78
LUNA_CRASH_MAY_2022,14800261,5237142.610321945,2108615.763156,1387842791.7353153,265
LUNA_CRASH_MAY_2022,14800262,2779790.622230467,1590408.63053499,200144924.8005936,72
LUNA_CRASH_MAY_2022,14800263,4739060.561688458,2286643.12701587,1383805684.0130296,292
LUNA_CRASH_MAY_2022,14800264,4474049.882163894,2573645.531082934,1409325712.8816268,315
LUNA_CRASH_MAY_2022,14800265,8319146.31824031,2327478.452232466,2196254628.015442,264
LUNA_CRASH_MAY_2022,14800266,11660660.168455023,4811301.263546357,2192204111.669544,188
LUNA_CRASH_MAY_2022,14800267,22386195.199302487,3112335.0,2574412447.919786,115
LUNA_CRASH_MAY_2022,14800268,10087857.970272725,7613316.99325,696062199.9488181,69
LUNA_CRASH_MAY_2022,14800269,11472555.400239393,3293460.0,4967616488.303658,433
LUNA_CRASH_MAY_2022,14800270,6532270.352071454,3331870.519736472,2129520134.775294,326
LUNA_CRASH_MAY_2022,14800271,8349975.411472695,3834490.872675358,2045743975.8108103,245
LUNA_CRASH_MAY_2022,14800272,0.0,0.0,0.0,0
LUNA_CRASH_MAY_2022,14800273,15459714.244777009,4864752.714181854,4900729415.594312,317
LUNA_CRASH_MAY_2022,14800274,12353841.126242151,4308745.863876805,3582613926.610224,290
LUNA_CRASH_MAY_2022,14800275,7337685.089978707,3654491.257426464,2575527466.582526,351
LUNA_CRASH_MAY_2022,14800276,16324823.192185204,4016114.697929014,3917957566.1244493,240
LUNA_CRASH_MAY_2022,14800277,5342865.104802888,1797409.78924506,219057469.29691842,41
LUNA_CRASH_MAY_2022,14800278,7270066.537267527,3276607.90961,1664845237.0342636,229
LUNA_CRASH_MAY_2022,14800279,19963199.126139425,3683259.395534304,2794847877.6595197,140
LUNA_CRASH_MAY_2022,14800280,9870880.861158134,5511339.24012,917991920.0877064,93
LUNA_CRASH_MAY_2022,14800281,7466343.185515154,2904679.94697504,1142350507.3838186,153
LUNA_CRASH_MAY_2022,14800282,4624129.656219339,3435474.570704,73986074.49950942,16
LUNA_CRASH_MAY_2022,14800283,6034736.249834378,2932063.0,1303503029.9642258,216
LUNA_CRASH_MAY_2022,14800284,3986301.624720816,830741.520294,394643860.8473608,99
LUNA_CRASH_MAY_2022,14800285,5916160.31104426,3621830.502669845,1479040077.761065,250
LUNA_CRASH_MAY_2022,14800286,11189499.85496199,9590857.93625,525906493.18321353,47
LUNA_CRASH_MAY_2022,14800287,8793456.046332156,7275553.20221648,1837832313.6834207,209
LUNA_CRASH_MAY_2022,14800288,5410874.083544125,2500377.29404477,1076763942.6252809,199
LUNA_CRASH_MAY_2022,14800289,8410765.416721296,3381526.6275585163,2439121970.849176,290
LUNA_CRASH_MAY_2022,14800290,7162219.093764004,3233944.23786,1339334970.5338688,187
LUNA_CRASH_MAY_2022,14800291,6234855.689170749,2827997.379520344,1028751188.7131736,165
LUNA_CRASH_MAY_2022,14800292,7220666.46705184,2734031.767004902,2411702599.9953146,334
LUNA_CRASH_MAY_2022,14800293,15615933.787660362,3737827.093175,780796689.3830181,50
LUNA_CRASH_MAY_2022,14800294,7445866.276271525,4460422.459570082,1183892737.9271724,159
LUNA_CRASH_MAY_2022,14800295,0.0,0.0,0.0,0
LUNA_CRASH_MAY_2022,14800296,8586386.577804644,6726333.181479491,1476858491.3823986,172
LUNA_CRASH_MAY_2022,14800297,5403068.324901267,3056505.70059,1156256621.528871,214
LUNA_CRASH_MAY_2022,14800298,5142635.900360164,2140469.4660900002,267417066.81872854,52
LUNA_CRASH_MAY_2022,14800299,6511564.600616024,2536341.759681778,2233466658.0112963,343
LUNA_CRASH_MAY_2022,14800300,9303096.447926883,3646851.076857749,921006548.3447614,99
LUNA_CRASH_MAY_2022,14800301,2630875.002499186,1368774.925443889,13154375.01249593,5
LUNA_CRASH_MAY_2022,14800302,4128348.1816499163,2457270.0,342652899.07694304,83
LUNA_CRASH_MAY_2022,14800303,4056015.711083633,2053962.577007208,653018529.4844649,161
LUNA_CRASH_MAY_2022,14800304,9961099.935932416,5570992.834199499,139455399.10305384,14
LUNA_CRASH_MAY_2022,14800305,5766805.549526722,2458679.32665,2623896525.0346584,455
LUNA_CRASH_MAY_2022,14800306,7008209.374113079,3139930.49877846,1962298624.7516623,280
LUNA_CRASH_MAY_2022,14800307,5430978.689507822,2779173.858280892,1298003906.7923694,239
LUNA_CRASH_MAY_2022,14800308,3962491.5859717545,2356988.27119,527011380.9342433,133
LUNA_CRASH_MAY_2022,14800309,7943930.117644163,2881757.733376896,2113085411.2933474,266
LUNA_CRASH_MAY_2022,14800310,6605985.235595172,3351989.7591263,1222107268.5851068,185
LUNA_CRASH_MAY_2022,14800311,5755655.596145374,2797130.066052,834570061.4410791,145
LUNA_CRASH_MAY_2022,14800312,5727647.442026953,2427100.888980265,1437639507.9487653,251
LUNA_CRASH_MAY_2022,14800313,6307534.539058332,5143452.814846143,895669904.5462832,142
LUNA_CRASH_MAY_2022,14800314,4886102.313586901,2370969.955581291,1294817113.1005287,265
LUNA_CRASH_MAY_2022,14800315,5915405.679443444,5850503.849188872,65069462.473877884,11
LUNA_CRASH_MAY_2022,14800316,6579928.976868586,2736545.9517,2151636775.4360275,327
LUNA_CRASH_MAY_2022,14800317,11304510.39930587,2348307.6351524508,3662661369.375102,324
LUNA_CRASH_MAY_2022,14800318,6626513.602331039,3111557.038632,2087351784.734277,315
LUNA_CRASH_MAY_2022,14800319,8919081.283865457,2956788.39953,4067101065.4426484,456
LUNA_CRASH_MAY_2022,14800320,11737551.253594536,3158726.1360721188,2934387813.398634,250
LUNA_CRASH_MAY_2022,14800321,7924335.165223462,6456693.120896158,316973406.60893846,40
LUNA_CRASH_MAY_2022,14800322,15312888.592422742,4095900.0,872834649.7680963,57
LUNA_CRASH_MAY_2022,14800323,7110763.785020599,2847178.61869,1215940607.2385225,171
LUNA_CRASH_MAY_2022,14800324,5756768.188481577,3575782.741549374,748379864.502605,130
LUNA_CRASH_MAY_2022,14800325,7835610.8641795525,3101965.4659380363,1833532942.2180152,234
LUNA_CRASH_MAY_2022,14800326,8461280.10117065,2509371.536608706,803821609.6112118,95
LUNA_CRASH_MAY_2022,14800327,6784800.830931938,3376604.722425,2924249158.131665,431
LUNA_CRASH_MAY_2022,14800328,9575658.626482544,4129266.2034,766052690.1186036,80
LUNA_CRASH_MAY_2022,14800329,6723516.236476125,5170000.0,1297638633.639892,193
LUNA_CRASH_MAY_2022,14800330,6059070.095254005,3577301.95194,284776294.47693825,47
LUNA_CRASH_MAY_2022,14800331,5101774.421897729,2693737.262499494,275495818.7824774,54
LUNA_CRASH_MAY_2022,14800332,4746915.494181941,2675178.1841284353,892420112.9062049,188
LUNA_CRASH_MAY_2022,14800333,3733304.687473426,2170620.006262,335997421.87260836,90
LUNA_CRASH_MAY_2022,14800334,0.0,0.0,0.0,0
LUNA_CRASH_MAY_2022,14800335,12310647.89358406,2967963.733686,4653424903.774775,378
LUNA_CRASH_MAY_2022,14800336,4904887.218221029,2751820.809103586,1682376315.849813,343
LUNA_CRASH_MAY_2022,14800337,5137448.193521724,1838767.921017623,1042901983.2849101,203
LUNA_CRASH_MAY_2022,14800338,5965949.869891903,3925836.496944051,1211087823.5880563,203
LUNA_CRASH_MAY_2022,14800339,5511619.07735805,2236520.6047222693,121255619.7018771,22
LUNA_CRASH_MAY_2022,14800340,3995476.625480525,2100124.863837,579344110.6946762,145
LUNA_CRASH_MAY_2022,14800341,4923287.980091276,2739896.4461704,1624685033.430121,330
LUNA_CRASH_MAY_2022,14800342,6216768.604728278,2149760.907936182,1237136952.3409274,199
LUNA_CRASH_MAY_2022,14800343,13909931.662528561,4655000.0,5494423006.698782,395
LUNA_CRASH_MAY_2022,14800344,5894281.195500997,3219465.424188255,1998161325.274838,339
LUNA_CRASH_MAY_2022,14800345,2124049.1346843974,1452372.927899565,27612638.750897165,13
LUNA_CRASH_MAY_2022,14800346,3802815.2042511795,2422446.58211656,338450553.178355,89
LUNA_CRASH_MAY_2022,14800347,5790550.581638037,3473991.534322413,1511333701.8075278,261
LUNA_CRASH_MAY_2022,14800348,5972700.0964672165,3510000.0,89590501.44700825,15
LUNA_CRASH_MAY_2022,14800349,9459565.059684483,2603394.3207227876,208110431.3130586,22
LUNA_CRASH_MAY_2022,14800350,6608848.4148665555,1763197.103036475,2517971246.0641575,381
LUNA_CRASH_MAY_2022,14800351,5558404.0529388515,2885153.35005,2351204914.393134,423
LUNA_CRASH_MAY_2022,14800352,6851115.815618523,3347226.386377512,1678523374.8265383,245
LUNA_CRASH_MAY_2022,14800353,3031127.206271706,1626902.773401864,960867324.3881308,317
LUNA_CRASH_MAY_2022,14800354,5734759.255715924,1875835.713220924,1628671628.6233225,284
LUNA_CRASH_MAY_2022,14800355,12101834.080155779,3376904.075175,5433723501.989944,449
LUNA_CRASH_MAY_2022,14800356,12668103.718678426,9386568.247507328,342038800.4043175,27
LUNA_CRASH_MAY_2022,14800357,5371752.037894562,3449578.995500166,2019778766.2483552,376
LUNA_CRASH_MAY_2022,14800358,7645116.034518513,4041122.688868248,634544630.8650366,83
LUNA_CRASH_MAY_2022,14800359,12711822.036360744,4334744.9225745,330507372.9453794,26
LUNA_CRASH_MAY_2022,14800360,7641424.927073596,3331196.21379756,978102390.6654203,128
LUNA_CRASH_MAY_2022,14800361,6078354.782813081,3105778.124988,455876608.7109811,75
LUNA_CRASH_MAY_2022,14800362,5807601.925622329,3472032.306092484,2781841322.3730955,479
LUNA_CRASH_MAY_2022,14800363,5191609.224082825,2695239.931545054,1946853459.0310593,375
LUNA_CRASH_MAY_2022,14800364,0.0,0.0,0.0,0
LUNA_CRASH_MAY_2022,14800365,7988374.739304406,3418465.44059039,950616593.9772242,119
LUNA_CRASH_MAY_2022,14800366,53764668.304552026,7581366.18514916,6021642850.109827,112
LUNA_CRASH_MAY_2022,14800367,13669380.203172734,3241335.696755664,5139686956.392948,376
LUNA_CRASH_MAY_2022,14800368,9242986.02739255,4562878.11048,1469634778.3554153,159
LUNA_CRASH_MAY_2022,14800369,7202028.615210972,2650157.120659398,1584446295.3464139,220
LUNA_CRASH_MAY_2022,14800370,5886090.33302844,5880817.19062626,141266167.99268258,24
LUNA_CRASH_MAY_2022,14800371,3479388.922124563,1485646.948435992,688919006.5806634,198
LUNA_CRASH_MAY_2022,14800372,14279539.048198989,4560000.0,2955864582.9771905,207
LUNA_CRASH_MAY_2022,14800373,6180523.823714442,2816959.15796148,933259097.3808807,151
LUNA_CRASH_MAY_2022,14800374,9832534.537387952,4265578.80081,747272624.8414843,76
LUNA_CRASH_MAY_2022,14800375,5955250.847502907,3063448.713245375,2042651040.6934972,343
LUNA_CRASH_MAY_2022,14800376,5086515.117996051,2915322.57958436,137335908.1858934,27
LUNA_CRASH_MAY_2022,14800377,9014669.072511252,4832122.5319264,513836137.1331414,57
LUNA_CRASH_MAY_2022,14800378,4498121.298471133,2646337.068921253,323864733.48992157,72
LUNA_CRASH_MAY_2022,14800379,9520783.131051138,2632931.15936697,4274831625.841961,449
LUNA_CRASH_MAY_2022,14800380,5841989.749831154,3259401.20480744,1454655447.7079573,249
LUNA_CRASH_MAY_2022,14800381,9970843.947103616,3426400.23401886,1764839378.63734,177
LUNA_CRASH_MAY_2022,14800382,5853287.729832857,3520693.611636046,1475028507.91788,252
LUNA_CRASH_MAY_2022,14800383,9504957.908803413,5771987.285048631,2813467541.0058103,296
LUNA_CRASH_MAY_2022,14800384,5254246.8362227045,3052119.84721,893221962.1578598,170
LUNA_CRASH_MAY_2022,14800385,7530612.315393479,2764549.8097724942,1626612260.1249914,216
LUNA_CRASH_MAY_2022,14800386,7877477.026174238,3672324.1418525353,409628805.3610604,52
LUNA_CRASH_MAY_2022,14800387,9633955.714536838,4245840.87741615,1281316110.0333996,133
LUNA_CRASH_MAY_2022,14800388,8637155.859266685,8161503.767646528,215928896.48166713,25
LUNA_CRASH_MAY_2022,14800389,5755926.054606743,2490913.732228376,1122405580.648315,195
LUNA_CRASH_MAY_2022,14800390,6054589.238376437,2646571.9828196503,484367139.070115,80
LUNA_CRASH_MAY_2022,14800391,7160636.597442376,3672520.22389644,379513739.66444594,53
LUNA_CRASH_MAY_2022,14800392,0.0,0.0,0.0,0
LUNA_CRASH_MAY_2022,14800393,5067767.5294148205,1882700.0,2432528414.119114,480
LUNA_CRASH_MAY_2022,14800394,0.0,0.0,0.0,0
LUNA_CRASH_MAY_2022,14800395,4773790.691969095,3495846.880128172,1183900091.6083355,248
LUNA_CRASH_MAY_2022,14800396,6434635.310567931,4966547.191484736,341035671.46010035,53
LUNA_CRASH_MAY_2022,14800397,4887281.989097923,2103603.2613229537,1407537212.8602018,288
LUNA_CRASH_MAY_2022,14800398,4759718.365147572,2667486.26583,1565947342.1335511,329
LUNA_CRASH_MAY_2022,14800399,7147533.899840594,4736619.6457,393114364.4912327,55
LUNA_CRASH_MAY_2022,14800400,5314931.707285318,2455298.349406932,228542063.41326866,43
LUNA_CRASH_MAY_2022,14800401,4840689.567341785,2250027.240129729,745466193.3706349,154
LUNA_CRASH_MAY_2022,14800402,0.0,0.0,0.0,0
LUNA_CRASH_MAY_2022,14800403,5341660.165228306,2263016.3809,1303365080.3157067,244
LUNA_CRASH_MAY_2022,14800404,4929997.352355943,2468321.763895854,862749536.6622901,175
LUNA_CRASH_MAY_2022,14800405,7092125.156177365,5669232.665386296,815594392.960397,115
LUNA_CRASH_MAY_2022,14800406,6869859.936660433,2329784.026073824,1085437869.9923484,158
LUNA_CRASH_MAY_2022,14800407,3510628.0004627313,840000.0,277339612.03655577,79
LUNA_CRASH_MAY_2022,14800408,5456251.564411925,2351745.768559766,447412628.28177786,82
LUNA_CRASH_MAY_2022,14800409,0.0,0.0,0.0,0
LUNA_CRASH_MAY_2022,14800410,4630276.161697186,1981555.964501323,1653008589.7258952,357
LUNA_CRASH_MAY_2022,14800411,4476950.06259617,6042958.79325,967021213.5207727,216
LUNA_CRASH_MAY_2022,14800412,5827248.19752806,2872136.23488,1241203866.0734768,213
LUNA_CRASH_MAY_2022,14800413,4561418.385763595,1779771.650200455,392281981.1756692,86
LUNA_CRASH_MAY_2022,14800414,4414600.635650234,2297990.737008,1408257602.7724247,319
LUNA_CRASH_MAY_2022,14800415,5381369.738298801,6271218.12125,435890948.8022029,81
LUNA_CRASH_MAY_2022,14800416,3907643.4699641047,3112335.0,1352044640.6075802,346
LUNA_CRASH_MAY_2022,14800417,5619763.436326572,3413526.465998907,1466758256.8812351,261
LUNA_CRASH_MAY_2022,14800418,5308313.11409281,2086770.0912809554,806863593.3421072,152
LUNA_CRASH_MAY_2022,14800419,6463753.688202073,2543114.68433748,891998008.971886,138
LUNA_CRASH_MAY_2022,14800420,5909117.749816015,2312650.39386475,650002952.4797617,110
LUNA_CRASH_MAY_2022,14800421,4834960.366810826,1943476.809813,1822780058.287681,377
LUNA_CRASH_MAY_2022,14800422,5367600.66618258,3174197.298930411,263012432.64294642,49
LUNA_CRASH_MAY_2022,14800423,7947533.921673365,4050000.0,961651604.5224771,121
LUNA_CRASH_MAY_2022,14800424,7083700.971514554,4983428.258589771,1898431860.3659005,268
LUNA_CRASH_MAY_2022,14800425,4436689.645127521,2478393.9209981,1104735721.6367526,249
LUNA_CRASH_MAY_2022,14800426,6183008.964287818,3519423.236807066,2151687119.5721607,348
LUNA_CRASH_MAY_2022,14800427,8529779.931300346,5950986.993039078,1868021804.9547758,219
LUNA_CRASH_MAY_2022,14800428,0.0,0.0,0.0,0
LUNA_CRASH_MAY_2022,14800429,5228103.4118844,2563666.187428312,1521378092.8583605,291
LUNA_CRASH_MAY_2022,14800430,5580391.912807049,2897389.096812,1043533287.6949183,187
LUNA_CRASH_MAY_2022,14800431,12140061.005650386,4827158.364272045,461322318.21471465,38
LUNA_CRASH_MAY_2022,14800432,4210796.111543146,3682336.3671500003,25264776.669258874,6
LUNA_CRASH_MAY_2022,14800433,6977487.225720867,2691605.652927256,1297812623.9840813,186
LUNA_CRASH_MAY_2022,14800434,14668792.874421645,3527124.8408759283,1760255144.9305973,120
LUNA_CRASH_MAY_2022,14800435,5802254.218290822,3339908.12904,365542015.7523218,63
LUNA_CRASH_MAY_2022,14800436,3818374.7434416874,2411599.91521986,290196480.50156826,76
LUNA_CRASH_MAY_2022,14800437,2968978.92457304,2389455.178837861,100945283.43548337,34
LUNA_CRASH_MAY_2022,14800438,7693152.679055398,3148632.73899,1323222260.7975285,172
LUNA_CRASH_MAY_2022,14800439,3467841.9976384086,2039551.03557,45081945.96929931,13
LUNA_CRASH_MAY_2022,14800440,3317958.49985866,1548078.76938659,1088290387.9536405,328
LUNA_CRASH_MAY_2022,14800441,6516440.727001487,1147309.9641899795,1954932218.1004462,300
LUNA_CRASH_MAY_2022,14800442,2722759.0917000594,522057.378045,1758902373.2382383,646
LUNA_CRASH_MAY_2022,14800443,4092043.5574262175,1947911.798040768,601530402.941654,147
LUNA_CRASH_MAY_2022,14800444,12092274.046102686,6654433.887632811,507875509.9363128,42
LUNA_CRASH_MAY_2022,14800445,4418080.715899047,2475074.324591141,344610295.8401257,78
LUNA_CRASH_MAY_2022,14800446,7393026.000985855,2319391.3481,1500784278.2001286,203
LUNA_CRASH_MAY_2022,14800447,5480229.030673227,2618318.100536156,1063164431.9506061,194
LUNA_CRASH_MAY_2022,14800448,7209515.529587261,5244520.632468608,576761242.3669809,80
LUNA_CRASH_MAY_2022,14800449,4820439.873746779,2658544.0181473726,1619667797.5789177,336
LUNA_CRASH_MAY_2022,14800450,5285429.8705965895,2508342.93162,1844615024.8382096,349
LUNA_CRASH_MAY_2022,14800451,3715609.816725658,2525898.81654,330689273.68858355,89
LUNA_CRASH_MAY_2022,14800452,5832581.461246013,3558972.80192628,1813932834.44751,311
LUNA_CRASH_MAY_2022,14800453,7285363.442070476,6092393.158123269,2447882116.53568,336
LUNA_CRASH_MAY_2022,14800454,6853021.158267891,5792861.858371908,767538369.7260038,112
LUNA_CRASH_MAY_2022,14800455,0.0,0.0,0.0,0
LUNA_CRASH_MAY_2022,14800456,6187485.005930436,6721828.01575,334124190.32024354,54
LUNA_CRASH_MAY_2022,14800457,7924491.990949584,2313694.0095993965,2012820965.7011943,254
LUNA_CRASH_MAY_2022,14800458,4650829.065534069,2044228.654460188,869705035.2548709,187
LUNA_CRASH_MAY_2022,14800459,6519598.900942839,2610072.722680773,2203624428.5186796,338
LUNA_CRASH_MAY_2022,14800460,8698610.121679679,2534003.582840514,1391777619.4687486,160
LUNA_CRASH_MAY_2022,14800461,6661684.16071223,2716215.358681775,912650730.0175755,137
LUNA_CRASH_MAY_2022,14800462,5447973.199456746,2947456.835745879,871675711.9130793,160
LUNA_CRASH_MAY_2022,14800463,0.0,0.0,0.0,0
LUNA_CRASH_MAY_2022,14800464,9711212.05536074,5283683.843517963,670073631.8198911,69
LUNA_CRASH_MAY_2022,14800465,5498679.742880472,3112812.266148749,1880548472.0651214,342
LUNA_CRASH_MAY_2022,14800466,5452406.145015452,3977262.1546797035,425287679.31120527,78
LUNA_CRASH_MAY_2022,14800467,7588653.687168252,2576198.570052627,2185532261.9044566,288
LUNA_CRASH_MAY_2022,14800468,0.0,0.0,0.0,0
LUNA_CRASH_MAY_2022,14800469,8143952.783929672,2491831.900821672,724811797.7697408,89
LUNA_CRASH_MAY_2022,14800470,3646493.900610659,1903510.641019758,1050190243.3758698,288
LUNA_CRASH_MAY_2022,14800471,4485083.952323475,1794869.950671,1771608161.1677728,395
LUNA_CRASH_MAY_2022,14800472,4092482.6221785755,2314571.2338162,466543018.9283576,114
LUNA_CRASH_MAY_2022,14800473,5965228.481754604,2969941.2066681325,226678682.30667496,38
LUNA_CRASH_MAY_2022,14800474,2962989.976864869,1747351.99002,62222789.51416224,21
LUNA_CRASH_MAY_2022,14800475,4697131.772730811,1534556.421774421,1982189608.0924022,422
LUNA_CRASH_MAY_2022,14800476,8044366.4708124455,3071954.065143043,1045767641.2056179,130
LUNA_CRASH_MAY_2022,14800477,3706494.358170293,2169332.222319636,589332602.9490765,159
LUNA_CRASH_MAY_2022,14800478,4042036.686939599,5135738.12654436,141471284.04288596,35
LUNA_CRASH_MAY_2022,14800479,3790725.3589025736,1935052.0,564818078.4764835,149
LUNA_CRASH_MAY_2022,14800480,4890663.929082021,4254854.366066179,401034442.18472576,82
LUNA_CRASH_MAY_2022,14800481,5125723.429646444,4251697.019431056,169148873.17833263,33
LUNA_CRASH_MAY_2022,14800482,4457567.72013294,2163511.2293499997,1043070846.5111082,234
LUNA_CRASH_MAY_2022,14800483,4879098.783925674,1770476.184461064,1761354660.9971683,361
LUNA_CRASH_MAY_2022,14800484,5200717.229098051,2415186.98592207,941329818.4667473,181
LUNA_CRASH_MAY_2022,14800485,4139610.975828336,2369358.5220439266,256655880.50135684,62
LUNA_CRASH_MAY_2022,14800486,3639822.4042150243,1734750.0,1510526297.7492352,415
LUNA_CRASH_MAY_2022,14800487,16972994.970017448,2364922.855850776,5957521234.476124,351
LUNA_CRASH_MAY_2022,14800488,7166363.087928226,4699212.256112745,644972677.9135404,90
LUNA_CRASH_MAY_2022,14800489,12591657.090000436,2966576.880432942,4293755067.6901484,341
LUNA_CRASH_MAY_2022,14800490,5809697.071140256,2808548.6558654075,1034126078.6629655,178
LUNA_CRASH_MAY_2022,14800491,6348187.879878163,3258315.541933892,793523484.9847704,125
LUNA_CRASH_MAY_2022,14800492,4657929.808563284,2202836.514110854,242212350.04529074,52
LUNA_CRASH_MAY_2022,14800493,4145981.883624051,2492818.4756397996,447766043.43139756,108
LUNA_CRASH_MAY_2022,14800494,5834812.071258065,2638162.415363196,110861429.35390323,19
LUNA_CRASH_MAY_2022,14800495,6204997.344153117,4342107.384029322,1818064221.8368635,293
LUNA_CRASH_MAY_2022,14800496,4205469.6928676665,2073167.684876288,441574317.751105,105
LUNA_CRASH_MAY_2022,14800497,4951992.327697918,2248336.453896344,1817381184.2651358,367
LUNA_CRASH_MAY_2022,14800498,7256468.095480103,7158211.8945,870776171.4576124,120
LUNA_CRASH_MAY_2022,14800499,5483969.521472323,2489245.481890887,230326719.90183756,42
LUNA_CRASH_MAY_2022,14800500,3677823.904357105,2209291.384005,720853485.2539926,196
LUNA_CRASH_MAY_2022,14800501,6060610.321099284,2314526.505837882,684848966.2842191,113
LUNA_CRASH_MAY_2022,14800502,3769380.3343886235,2267782.255505186,271395384.0759809,72
LUNA_CRASH_MAY_2022,14800503,3572364.261642487,764950.986912,275072048.1464715,77
LUNA_CRASH_MAY_2022,14800504,3641665.743480553,2024618.3330508359,1354699656.5747657,372
LUNA_CRASH_MAY_2022,14800505,4877098.566605541,2262666.24512444,1355833401.5163403,278
LUNA_CRASH_MAY_2022,14800506,18323012.927921988,5183102.355836104,2253730590.1344047,123
LUNA_CRASH_MAY_2022,14800507,11716661.004600184,2360883.02492224,1370849337.5382216,117
LUNA_CRASH_MAY_2022,14800508,4117416.4727136297,2348225.385178284,275866903.6718132,67
LUNA_CRASH_MAY_2022,14800509,5462965.999600503,2649535.0,300463129.97802764,55
LUNA_CRASH_MAY_2022,14800510,3485589.367192462,1883453.52803088,596035781.789911,171
LUNA_CRASH_MAY_2022,14800511,3622717.3365833946,1549461.12111,576012056.5167598,159
LUNA_CRASH_MAY_2022,14800512,3555797.2281102925,2022182.05947833,1123631924.0828524,316
LUNA_CRASH_MAY_2022,14800513,3112681.7570459642,1947112.0421774192,93380452.71137893,30
LUNA_CRASH_MAY_2022,14800514,4001789.7618078627,2515762.789668702,252112754.99389535,63
LUNA_CRASH_MAY_2022,14800515,4103422.11059207,2669513.72049,857615221.1137426,209
LUNA_CRASH_MAY_2022,14800516,4073690.608058225,4737953.933,1046938486.2709638,257
LUNA_CRASH_MAY_2022,14800517,3170967.331970233,1695527.57406598,130009660.61077955,41
LUNA_CRASH_MAY_2022,14800518,6572637.0903035775,1827140.898701024,2017799586.7231984,307
LUNA_CRASH_MAY_2022,14800519,5580494.003873957,2127312.0,1568118815.088582,281
LUNA_CRASH_MAY_2022,14800520,6370074.3322187895,4627713.25257798,1344085684.0981646,211
LUNA_CRASH_MAY_2022,14800521,4759047.002371505,2104806.68004525,970845588.483787,204
LUNA_CRASH_MAY_2022,14800522,4500875.281737603,2484763.2396148797,378073523.66595864,84
LUNA_CRASH_MAY_2022,14800523,2078141.8944912108,473701.243869,103907094.72456054,50
LUNA_CRASH_MAY_2022,14800524,6978233.918120832,2933158.958385675,2184187216.3718204,313
LUNA_CRASH_MAY_2022,14800525,17260330.727538764,4362149.21120712,5402483517.719633,313
LUNA_CRASH_MAY_2022,14800526,4488670.5155606,2540857.86910008,1418419882.9171495,316
LUNA_CRASH_MAY_2022,14800527,2671945.629450237,876298.229856,26719456.29450237,10
LUNA_CRASH_MAY_2022,14800528,4938159.430031815,3664729.727723976,271598768.6517498,55
LUNA_CRASH_MAY_2022,14800529,5603527.765641779,2246192.208571392,610784526.4549539,109
LUNA_CRASH_MAY_2022,14800530,12226470.681643536,4395600.0,4364850033.346743,357
LUNA_CRASH_MAY_2022,14800531,7058585.877475953,4854927.849433244,1383482831.9852867,196
LUNA_CRASH_MAY_2022,14800532,8891033.577178136,4146601.0460109273,1600386043.8920643,180
LUNA_CRASH_MAY_2022,14800533,7540880.101747982,6246691.929424297,512779846.9188628,68
LUNA_CRASH_MAY_2022,14800534,7044534.075320671,2350549.95957,1493441223.9679823,212
LUNA_CRASH_MAY_2022,14800535,4335634.5805195905,2143345.833717925,698037167.463654,161
LUNA_CRASH_MAY_2022,14800536,16844777.06070261,1875000.0,6114654073.035048,363
LUNA_CRASH_MAY_2022,14800537,4325340.818692806,2579706.92709153,661777145.2599993,153
LUNA_CRASH_MAY_2022,14800538,3160418.989662043,556336.159239,2354512147.298222,745
LUNA_CRASH_MAY_2022,14800539,7570461.156843194,2706635.4451883,1794199294.1718369,237
LUNA_CRASH_MAY_2022,14800540,6651549.136932635,3071043.909976888,884656035.2120404,133
LUNA_CRASH_MAY_2022,14800541,5878117.058939358,3743494.672229487,182221628.8271201,31
LUNA_CRASH_MAY_2022,14800542,6992212.86766839,3185548.661642373,1104769633.0916057,158
LUNA_CRASH_MAY_2022,14800543,11039799.489023363,5879360.93819238,563029773.9401915,51
LUNA_CRASH_MAY_2022,14800544,4383251.917395384,2579862.9193,262995115.04372302,60
LUNA_CRASH_MAY_2022,14800545,20462881.68916131,2682542.675237992,6998305537.693169,342
LUNA_CRASH_MAY_2022,14800546,5952746.626395983,2550966.679392598,976250446.7289412,164
LUNA_CRASH_MAY_2022,14800547,10404736.011053434,3167720.037478378,2018518786.1443663,194
LUNA_CRASH_MAY_2022,14800548,4851644.814830239,1941886.739016,470609547.0385332,97
LUNA_CRASH_MAY_2022,14800549,7227591.765059365,2007227.608029891,903448970.6324207,125
LUNA_CRASH_MAY_2022,14800550,3512314.4836777616,1649198.870065208,136980264.8634327,39
LUNA_CRASH_MAY_2022,14800551,6915778.274054628,2236681.845825,2136975486.68288,309
LUNA_CRASH_MAY_2022,14800552,3667006.3165534004,1997484.862644012,293360505.32427204,80
LUNA_CRASH_MAY_2022,14800553,6374479.231271428,1641286.821358678,121115105.39415713,19
LUNA_CRASH_MAY_2022,14800554,5747475.534715293,4211616.059206124,2528889235.274729,440
LUNA_CRASH_MAY_2022,14800555,3539935.7307633767,2089431.47394,548690038.2683234,155
LUNA_CRASH_MAY_2022,14800556,5889075.943780564,3532045.904875457,200228582.08853918,34
LUNA_CRASH_MAY_2022,14800557,6035614.1117147785,3679919.612023086,1080374925.9969454,179
LUNA_CRASH_MAY_2022,14800558,4851389.901017987,2715438.712028658,1460268360.2064142,301
LUNA_CRASH_MAY_2022,14800559,4250189.180495605,2312281.0242693,454770242.31302977,107
LUNA_CRASH_MAY_2022,14800560,5169308.597224118,5337837.03175,113724789.1389306,22
LUNA_CRASH_MAY_2022,14800561,3500094.5050209984,2941235.5938,336009072.48201585,96
LUNA_CRASH_MAY_2022,14800562,7940614.669906816,2829155.73765,1842222603.4183815,232
LUNA_CRASH_MAY_2022,14800563,4199831.977850359,2307435.768333591,1264149425.332958,301
LUNA_CRASH_MAY_2022,14800564,4776172.974076285,4278774.2322,1456732757.093267,305
LUNA_CRASH_MAY_2022,14800565,5545476.192503902,4763581.092,898367143.1856321,162
LUNA_CRASH_MAY_2022,14800566,3382145.4970547925,1676243.286808104,1024790085.6076021,303
LUNA_CRASH_MAY_2022,14800567,4039970.4882988706,2680365.490481857,258558111.25112772,64
LUNA_CRASH_MAY_2022,14800568,3797532.0634029154,2155998.311868217,1272173241.2399766,335
LUNA_CRASH_MAY_2022,14800569,10066707.545400895,3105952.512201063,2647544084.4404354,263
LUNA_CRASH_MAY_2022,14800570,4042498.8424813077,2224363.078596092,347654900.45339245,86
LUNA_CRASH_MAY_2022,14800571,3547943.53792855,2353129.23816,156109515.6688562,44
LUNA_CRASH_MAY_2022,14800572,4198987.064107389,2299840.455563132,537470344.2057458,128
LUNA_CRASH_MAY_2022,14800573,22683020.088354416,3319086.9929278,8324668372.426071,367
LUNA_CRASH_MAY_2022,14800574,4782768.121253292,2063160.592392998,1697882683.0449188,355
LUNA_CRASH_MAY_2022,14800575,4753054.077816785,3237317.8986,499070678.1707625,105
LUNA_CRASH_MAY_2022,14800576,7408378.908344512,3251113.042780911,1570576328.5690365,212
LUNA_CRASH_MAY_2022,14800577,3925443.6308944304,2308106.141278434,812566831.5951471,207
LUNA_CRASH_MAY_2022,14800578,3531575.7125092973,2366969.500816732,38847332.83760227,11
LUNA_CRASH_MAY_2022,14800579,7304103.055388799,2493208.281987543,2249663741.05975,308
LUNA_CRASH_MAY_2022,14800580,3526506.1716811983,1941617.747226193,694721715.8211961,197
LUNA_CRASH_MAY_2022,14800581,3497236.734940007,1772690.252395594,612016428.6145012,175
LUNA_CRASH_MAY_2022,14800582,13682064.601598348,4574780.067296101,684103230.0799174,50
LUNA_CRASH_MAY_2022,14800583,6017263.692260312,2196792.056404908,324932239.38205683,54
LUNA_CRASH_MAY_2022,14800584,4023266.7399198376,2214860.670682128,748327613.6250898,186
LUNA_CRASH_MAY_2022,14800585,4464362.73824197,2436171.202882752,2125036663.4031777,476
LUNA_CRASH_MAY_2022,14800586,2297490.721059357,570762.096954,1610540995.4626093,701
LUNA_CRASH_MAY_2022,14800587,8946810.812087925,2813150.747411095,2424585730.0758276,271
LUNA_CRASH_MAY_2022,14800588,6842206.556238882,3286002.7515,2285296989.783787,334
LUNA_CRASH_MAY_2022,14800589,6057784.552197865,5476758.684586092,175675752.0137381,29
LUNA_CRASH_MAY_2022,14800590,18963768.56093579,3127512.028299768,7206232053.1556015,380
LUNA_CRASH_MAY_2022,14800591,0.0,0.0,0.0,0
LUNA_CRASH_MAY_2022,14800592,10378057.497390501,2789604.577487316,2438843511.886768,235
LUNA_CRASH_MAY_2022,14800593,16462378.208678477,3009012.481285188,872506045.0599593,53
LUNA_CRASH_MAY_2022,14800594,5045818.812079916,3329134.2018130664,232107665.35567614,46
LUNA_CRASH_MAY_2022,14800595,5693211.070049601,3296040.42735717,2106488095.9183524,370
LUNA_CRASH_MAY_2022,14800596,5074563.915471078,2795638.321524776,228355376.19619852,45
LUNA_CRASH_MAY_2022,14800597,5252596.443949614,3447715.887259098,1759619808.7231207,335
LUNA_CRASH_MAY_2022,14800598,5430790.408591941,3229624.241022132,1135035195.3957157,209
LUNA_CRASH_MAY_2022,14800599,4591192.007264265,3198693.7686874066,477483968.7554835,104
LUNA_CRASH_MAY_2022,14800600,4506688.562977776,1986534.628995426,405601970.66799986,90
LUNA_CRASH_MAY_2022,14800601,6165827.4810528075,2102217.66702073,980366569.4873964,159
LUNA_CRASH_MAY_2022,14800602,4582316.092579973,2458954.426979388,636941936.8686162,139
LUNA_CRASH_MAY_2022,14800603,6022890.711472925,2591947.928922944,897410716.0094658,149
LUNA_CRASH_MAY_2022,14800604,9152378.405260714,2978594.98066016,466771298.6682964,51
LUNA_CRASH_MAY_2022,14800605,4322767.034987831,2117062.183824777,635446754.1432111,147
LUNA_CRASH_MAY_2022,14800606,25453202.048938792,4775918.196224253,5956049279.451677,234
LUNA_CRASH_MAY_2022,14800607,0.0,0.0,0.0,0
LUNA_CRASH_MAY_2022,14800608,8911842.303249737,3917248.3023,1024861864.8737197,115
LUNA_CRASH_MAY_2022,14800609,2756995.8407986304,1284200.0,124064812.83593836,45
LUNA_CRASH_MAY_2022,14800610,5117052.75589836,2164500.0,2174747421.256803,425
LUNA_CRASH_MAY_2022,14800611,4863617.099760498,1999062.695180508,1497994066.7262335,308
LUNA_CRASH_MAY_2022,14800612,6061116.986418253,3592642.469886928,1915312967.7081678,316
LUNA_CRASH_MAY_2022,14800613,3623178.4489461156,1777247.093171555,333332417.30304265,92
LUNA_CRASH_MAY_2022,14800614,5623595.784289994,3033537.698352324,399275300.68458956,71
LUNA_CRASH_MAY_2022,14800615,6398774.7020083135,2839538.391519924,364730158.01447386,57
LUNA_CRASH_MAY_2022,14800616,5031496.6499750195,1628443.385877356,332078778.8983513,66
LUNA_CRASH_MAY_2022,14800617,5027718.899255537,1912243.3,1327317789.403462,264
LUNA_CRASH_MAY_2022,14800618,5175216.248649466,2701178.12034,1035043249.7298931,200
LUNA_CRASH_MAY_2022,14800619,4856783.518764118,2079291.527191392,1024781322.4592289,211
LUNA_CRASH_MAY_2022,14800620,6108569.063047973,2848126.497073748,714702580.3766129,117
LUNA_CRASH_MAY_2022,14800621,4493738.968596964,2258249.521337052,543742415.2002326,121
LUNA_CRASH_MAY_2022,14800622,3813488.1921031983,2280299.42470099,91523716.61047676,24
LUNA_CRASH_MAY_2022,14800623,5269026.072329875,2236636.05,221299095.03785476,42
LUNA_CRASH_MAY_2022,14800624,3642019.9457012895,2160000.0,877726806.9140108,241
LUNA_CRASH_MAY_2022,14800625,3461483.5971454177,1806382.3570258021,1086905849.5036612,314
LUNA_CRASH_MAY_2022,14800626,3668630.8477378767,2127797.22114704,550294627.1606815,150
LUNA_CRASH_MAY_2022,14800627,2877641.956594311,668366.38917405,178413801.30884728,62
LUNA_CRASH_MAY_2022,14800628,3264152.869506442,1239000.0,434132331.6443568,133
LUNA_CRASH_MAY_2022,14800629,3939141.104221349,2145212.487213448,665714846.613408,169
LUNA_CRASH_MAY_2022,14800630,3621730.2590440926,1971755.093824925,383903407.45867383,106
LUNA_CRASH_MAY_2022,14800631,4067870.9747947487,2200000.0,703741678.6394916,173
LUNA_CRASH_MAY_2022,14800632,2101992.208060216,491525.933178,193383283.1415399,92
LUNA_CRASH_MAY_2022,14800633,2434616.8238952956,454553.187606,1007931365.0926524,414
LUNA_CRASH_MAY_2022,14800634,1597722.7272158463,462319.269006,677434436.3395188,424
LUNA_CRASH_MAY_2022,14800635,4880788.935744649,1171226.481499616,1225078022.8719068,251
LUNA_CRASH_MAY_2022,14800636,4047960.72615409,1922874.4815698098,550522658.7569562,136
LUNA_CRASH_MAY_2022,14800637,4379925.366590373,4324197.422848276,35039402.932722986,8
LUNA_CRASH_MAY_2022,14800638,4750078.917848465,3058384.705190323,470257812.8669981,99
LUNA_CRASH_MAY_2022,14800639,2308824.952413837,991943.367134184,173161871.43103778,75
LUNA_CRASH_MAY_2022,14800640,2444110.8137252885,1464463.440854112,70879213.59803337,29
LUNA_CRASH_MAY_2022,14800641,3850610.019392426,1344598.74372,296496971.4932168,77
LUNA_CRASH_MAY_2022,14800642,3807112.1449939394,1484705.2,1465738175.8226666,385
LUNA_CRASH_MAY_2022,14800643,3449402.5249622525,1716978.4102,700228712.5673373,203
LUNA_CRASH_MAY_2022,14800644,3257884.6494159666,2559428.5277934,511487889.9583068,157
LUNA_CRASH_MAY_2022,14800645,0.0,0.0,0.0,0
LUNA_CRASH_MAY_2022,14800646,5982207.744899568,1683795.079018313,2225381281.102639,372
LUNA_CRASH_MAY_2022,14800647,6132465.627356509,1455261.212605632,2686019944.7821507,438
LUNA_CRASH_MAY_2022,14800648,3576953.5277463673,1731735.16293272,976508313.0747583,273
LUNA_CRASH_MAY_2022,14800649,3370229.656009194,2022412.90346473,754931442.9460595,224
LUNA_CRASH_MAY_2022,14800650,11921379.292864962,5697677.31,4089033097.452682,343
LUNA_CRASH_MAY_2022,14800651,0.0,0.0,0.0,0
LUNA_CRASH_MAY_2022,14800652,5548041.767708446,2111376.6585101914,1375914358.3916945,248
LUNA_CRASH_MAY_2022,14800653,8999276.17480309,2216217.343349183,1412886359.444085,157
LUNA_CRASH_MAY_2022,14800654,10996226.252025753,3434830.15357713,2100279214.136919,191
LUNA_CRASH_MAY_2022,14800655,6667730.859482609,2296865.730455131,2553740919.181839,383
LUNA_CRASH_MAY_2022,14800656,4731329.415686146,2215340.750784,1499831424.7725084,317
LUNA_CRASH_MAY_2022,14800657,5138663.982306952,2390482.8132,1485073890.886709,289
LUNA_CRASH_MAY_2022,14800658,4819834.896050112,1541218.735154372,62657853.64865146,13
LUNA_CRASH_MAY_2022,14800659,4554251.618415697,2499566.756589968,1662301840.7217293,365
LUNA_CRASH_MAY_2022,14800660,10209920.71982705,3914565.01479855,1531488107.9740577,150
LUNA_CRASH_MAY_2022,14800661,5225950.203175478,3320712.0,663695675.8032857,127
LUNA_CRASH_MAY_2022,14800662,5562894.561322423,3056042.094264078,2197343351.722357,395
LUNA_CRASH_MAY_2022,14800663,5708479.463984112,3105866.805197214,1769628633.835075,310
LUNA_CRASH_MAY_2022,14800664,15892511.513379522,3922777.26216,3480460021.430115,219
LUNA_CRASH_MAY_2022,14800665,16040233.028429983,4369905.654723166,5646162026.007354,352
LUNA_CRASH_MAY_2022,14800666,7044672.942647265,2057052.831863752,98625421.19706172,14
LUNA_CRASH_MAY_2022,14800667,22858996.646463893,3574412.202681884,4983261268.929129,218
LUNA_CRASH_MAY_2022,14800668,12181375.214351764,7674295.726793343,803970764.1472164,66
LUNA_CRASH_MAY_2022,14800669,8729677.41080024,3610939.8864,1527693546.8900418,175
LUNA_CRASH_MAY_2022,14800670,59724782.93539522,3768790.9527,9018442223.244678,151
LUNA_CRASH_MAY_2022,14800671,8477911.880025428,3706726.181517662,3297907721.329891,389
LUNA_CRASH_MAY_2022,14800672,13874832.527164908,4658969.7947616,1540106410.5153048,111
LUNA_CRASH_MAY_2022,14800673,2807075.8038553,941558.448369,14035379.0192765,5
LUNA_CRASH_MAY_2022,14800674,7922257.5628475165,3115694.956049438,2162776314.657372,273
LUNA_CRASH_MAY_2022,14800675,7874056.228155029,3540867.645749254,401576867.63590646,51
LUNA_CRASH_MAY_2022,14800676,6125073.951611937,3383365.51692,275628327.8225372,45
LUNA_CRASH_MAY_2022,14800677,8131126.08260423,3704351.3846263797,1154619903.7298007,142
LUNA_CRASH_MAY_2022,14800678,5749882.5405294495,2752358.777189115,86248238.10794175,15
LUNA_CRASH_MAY_2022,14800679,7692014.82026455,1922216.0273817047,799969541.3075132,104
LUNA_CRASH_MAY_2022,14800680,9741784.824733596,2614711.551446312,3565493245.852496,366
LUNA_CRASH_MAY_2022,14800681,8178072.640969517,8492880.93325,2625161317.751215,321
LUNA_CRASH_MAY_2022,14800682,7462984.088855982,3189933.181028688,1306022215.5497968,175
LUNA_CRASH_MAY_2022,14800683,7454232.7293585455,5147077.973683402,849782531.1468742,114
LUNA_CRASH_MAY_2022,14800684,16977948.690637596,7342802.365542138,1103566664.8914437,65
LUNA_CRASH_MAY_2022,14800685,6584138.572239525,3031445.124496838,961284231.5469706,146
LUNA_CRASH_MAY_2022,14800686,9149217.257153424,6055284.230305038,1637709889.0304627,179
LUNA_CRASH_MAY_2022,14800687,7121590.438719701,3111798.1613325,1823127152.3122435,256
LUNA_CRASH_MAY_2022,14800688,6540271.051593027,2457060.91642206,569003581.4885933,87
LUNA_CRASH_MAY_2022,14800689,9650388.867446452,2932277.466132,1727419607.272915,179
LUNA_CRASH_MAY_2022,14800690,14167149.553628292,3136323.069862146,4632657904.036451,327
LUNA_CRASH_MAY_2022,14800691,8698974.006375756,3838109.5930363433,904693296.6630785,104
LUNA_CRASH_MAY_2022,14800692,11462528.402184268,7058282.054183135,951389857.3812943,83
LUNA_CRASH_MAY_2022,14800693,12455679.238141902,4806806.149079763,2017820036.578988,162
LUNA_CRASH_MAY_2022,14800694,9928399.88109729,3309353.078544569,1260906784.899356,127
LUNA_CRASH_MAY_2022,14800695,8969618.146738647,3348515.5496354997,2439736135.912912,272
LUNA_CRASH_MAY_2022,14800696,6723598.314027781,3319588.72727592,773213806.1131948,115
LUNA_CRASH_MAY_2022,14800697,7196134.241025529,5849528.379576899,43176805.44615317,6
LUNA_CRASH_MAY_2022,14800698,10109729.944868991,3643718.5764525,849217315.3689952,84
LUNA_CRASH_MAY_2022,14800699,6104674.914972353,3747540.3231450003,988957336.2255211,162
LUNA_CRASH_MAY_2022,14800700,6721815.049527129,3429770.94334922,1613235611.886511,240
LUNA_CRASH_MAY_2022,14800701,6630362.4550081305,5980929.95414378,99455436.82512195,15
LUNA_CRASH_MAY_2022,14800702,0.0,0.0,0.0,0
LUNA_CRASH_MAY_2022,14800703,8421983.676814163,2395748.0389883993,2257091625.3861957,268
LUNA_CRASH_MAY_2022,14800704,17125096.934887446,6282411.991774392,839129749.8094848,49
LUNA_CRASH_MAY_2022,14800705,7080274.642988098,3095276.151135,686786640.3698455,97
LUNA_CRASH_MAY_2022,14800706,8105219.105291075,2652732.2403,1669675135.6899614,206
LUNA_CRASH_MAY_2022,14800707,2544684.1725144354,603171.033297,117055471.93566403,46
LUNA_CRASH_MAY_2022,14800708,5516479.752124946,2820744.0,479933738.43487024,87
LUNA_CRASH_MAY_2022,14800709,4591287.600820932,1737197.612649,1115682886.9994864,243
LUNA_CRASH_MAY_2022,14800710,7299927.897266958,4805158.0576293,1686283344.2686672,231
LUNA_CRASH_MAY_2022,14800711,7091256.038064773,7368267.150984688,148916376.79936025,21
LUNA_CRASH_MAY_2022,14800712,5942277.268435697,4955358.442390458,160441486.2477638,27
LUNA_CRASH_MAY_2022,14800713,5193565.050372245,3890288.074868769,825776843.009187,159
LUNA_CRASH_MAY_2022,14800714,5535638.700414358,2647395.703624298,1118199017.4837003,202
LUNA_CRASH_MAY_2022,14800715,5577200.904729783,3342258.402361116,987164560.1371715,177
LUNA_CRASH_MAY_2022,14800716,4822922.423635141,1663686.090094444,53052146.659986556,11
LUNA_CRASH_MAY_2022,14800717,3062057.8368045483,1674194.799,1142147573.1280966,373
LUNA_CRASH_MAY_2022,14800718,10422814.483995598,2547827.367420285,302261620.03587234,29
LUNA_CRASH_MAY_2022,14800719,6052519.892374915,2869425.737701102,1609970291.3717275,266
LUNA_CRASH_MAY_2022,14800720,7333983.665329008,4969530.383168673,1349452994.4205375,184
LUNA_CRASH_MAY_2022,14800721,8714655.070939563,2702770.09131888,3677584439.9364953,422
LUNA_CRASH_MAY_2022,14800722,7166038.376579974,3169779.44,2042320937.3252926,285
LUNA_CRASH_MAY_2022,14800723,8486493.523149624,4708169.95992,1171136106.1946483,138
LUNA_CRASH_MAY_2022,14800724,6204447.377642599,2826956.78844648,1451840686.3683681,234
LUNA_CRASH_MAY_2022,14800725,10499642.322663758,3499436.725481976,1490949209.8182535,142
LUNA_CRASH_MAY_2022,14800726,24458635.418446295,7632422.933526808,2837201708.53977,116
LUNA_CRASH_MAY_2022,14800727,10571444.21375354,3955424.1957284,3234861929.408583,306
LUNA_CRASH_MAY_2022,14800728,6898260.365507897,2623425.673384152,1110619918.8467715,161
LUNA_CRASH_MAY_2022,14800729,7709836.874089205,9079346.658505809,69388531.86680284,9
LUNA_CRASH_MAY_2022,14800730,10356770.681076214,9465258.1905,1874575493.2747946,181
LUNA_CRASH_MAY_2022,14800731,6975720.286600688,3830052.0479691,369713175.18983644,53
LUNA_CRASH_MAY_2022,14800732,5976180.116104951,3406249.5941,298809005.80524755,50
LUNA_CRASH_MAY_2022,14800733,4596776.743438258,2599877.8327051587,478064781.3175788,104
LUNA_CRASH_MAY_2022,14800734,8438566.63721138,3030979.426076457,2978814022.9356174,353
LUNA_CRASH_MAY_2022,14800735,5996945.590430222,4929442.159001408,1085447151.8678703,181
LUNA_CRASH_MAY_2022,14800736,4330523.445183065,2571403.39326574,281484023.9368992,65
LUNA_CRASH_MAY_2022,14800737,5178504.250547028,2840850.8602934703,1263555037.1334748,244
LUNA_CRASH_MAY_2022,14800738,6377066.029089159,5099323.235954465,331607433.5126363,52
LUNA_CRASH_MAY_2022,14800739,7369757.217131229,2557974.232933592,700126935.6274668,95
LUNA_CRASH_MAY_2022,14800740,5420059.025740508,2877869.4837012463,1691058416.0310385,312
LUNA_CRASH_MAY_2022,14800741,6797249.272533451,4499174.742496,659333179.4357448,97
LUNA_CRASH_MAY_2022,14800742,6034913.27793029,3207900.370165282,1973416641.883205,327
LUNA_CRASH_MAY_2022,14800743,6349875.615583793,3662912.233634196,711186068.9453849,112
LUNA_CRASH_MAY_2022,14800744,8605724.531506434,4106652.585452209,499132022.82737315,58
LUNA_CRASH_MAY_2022,14800745,6641434.025273224,3185377.5071316524,2244804700.54235,338
LUNA_CRASH_MAY_2022,14800746,0.0,0.0,0.0,0
LUNA_CRASH_MAY_2022,14800747,8590395.867223384,3155813.896425,2327997280.017537,271
LUNA_CRASH_MAY_2022,14800748,9387799.09494758,3509421.460450763,3069810304.0478587,327
LUNA_CRASH_MAY_2022,14800749,7488249.34338604,4003685.031652984,1684856102.261859,225
LUNA_CRASH_MAY_2022,14800750,9238590.158093318,5310803.6161051,1478174425.294931,160
LUNA_CRASH_MAY_2022,14800751,0.0,0.0,0.0,0
LUNA_CRASH_MAY_2022,14800752,6963275.963731834,3061079.382368553,1587626919.730858,228
LUNA_CRASH_MAY_2022,14800753,6798034.625240554,3779611.8951,1787883106.4382658,263
LUNA_CRASH_MAY_2022,14800754,0.0,0.0,0.0,0
LUNA_CRASH_MAY_2022,14800755,7977745.518300036,4464197.650998976,981262698.7509044,123
LUNA_CRASH_MAY_2022,14800756,8180468.338223528,3766138.306874576,1137085099.0130703,139
LUNA_CRASH_MAY_2022,14800757,9479548.213343203,3758259.7626912,2862823560.4296474,302
LUNA_CRASH_MAY_2022,14800758,6713737.4311276255,3009226.480834014,161129698.347063,24
LUNA_CRASH_MAY_2022,14800759,23023551.675846003,8072702.532081168,1381413100.5507603,60
LUNA_CRASH_MAY_2022,14800760,8659973.193866292,4454943.318620176,606198123.5706404,70
LUNA_CRASH_MAY_2022,14800761,7722927.3775207,3417923.821502336,1614091821.9018264,209
LUNA_CRASH_MAY_2022,14800762,7569222.735579321,3848979.24441734,1998274802.1929407,264
LUNA_CRASH_MAY_2022,14800763,6828503.8375248695,3898599.6826115,1140360140.8666532,167
LUNA_CRASH_MAY_2022,14800764,0.0,0.0,0.0,0
LUNA_CRASH_MAY_2022,14800765,12373241.62774865,5783408.7055902,5172015000.398935,418
LUNA_CRASH_MAY_2022,14800766,9022463.464068659,3800481.063890858,2688694112.2924604,298
LUNA_CRASH_MAY_2022,14800767,5793639.031113458,3674660.4383874,1570076177.4317472,271
LUNA_CRASH_MAY_2022,14800768,41380980.91069382,15333680.103,1365572370.052896,33
LUNA_CRASH_MAY_2022,14800769,9785093.55607906,3751294.258328013,2788751663.482532,285
LUNA_CRASH_MAY_2022,14800770,11594069.834146235,9832186.25483304,591297561.541458,51
LUNA_CRASH_MAY_2022,14800771,16529930.921909764,10902413.993,1438103990.2061496,87
LUNA_CRASH_MAY_2022,14800772,8188890.427954837,5281719.11707278,2301078210.255309,281
LUNA_CRASH_MAY_2022,14800773,9067749.007052902,3807678.223532934,553132689.430227,61
LUNA_CRASH_MAY_2022,14800774,10184633.8363908,3284052.614838472,1079571186.657425,106
LUNA_CRASH_MAY_2022,14800775,8464068.167437706,4044948.4708678583,389347135.7021345,46
LUNA_CRASH_MAY_2022,14800776,11835245.013967004,5637101.8449,1739781017.0531495,147
LUNA_CRASH_MAY_2022,14800777,6301462.430864379,3547055.718755615,1858931417.1049917,295
LUNA_CRASH_MAY_2022,14800778,10961519.729349008,8590993.372343848,449422308.9033093,41
LUNA_CRASH_MAY_2022,14800779,8336475.251336873,4878324.710893095,2467596674.3957143,296
LUNA_CRASH_MAY_2022,14800780,8263103.804187092,5909636.132583597,570154162.4889094,69
LUNA_CRASH_MAY_2022,14800781,8195473.946015915,3921570.344773323,1663681211.0412307,203
LUNA_CRASH_MAY_2022,14800782,37875569.39744911,5580940.13532,4545068327.693893,120
LUNA_CRASH_MAY_2022,14800783,4650704.818448871,2146488.2813980514,74411277.09518194,16
LUNA_CRASH_MAY_2022,14800784,6468594.984525659,3026159.01292,1280781806.9360805,198
LUNA_CRASH_MAY_2022,14800785,8695263.141122626,6840000.0,1486889997.131969,171
LUNA_CRASH_MAY_2022,14800786,9545005.946115764,5065862.045318073,1603560998.9474483,168
LUNA_CRASH_MAY_2022,14800787,19475730.84952765,5027544.183811868,6056952294.203099,311
LUNA_CRASH_MAY_2022,14800788,14167672.673216766,7432068.771756912,3428576786.9184575,242
LUNA_CRASH_MAY_2022,14800789,15056623.783649303,6086978.78814,1294869645.39384,86
LUNA_CRASH_MAY_2022,14800790,11685652.698038477,3699096.051013875,1916447042.4783103,164
LUNA_CRASH_MAY_2022,14800791,10331919.368770653,6281240.691454066,454604452.22590876,44
LUNA_CRASH_MAY_2022,14800792,9715644.506328808,4109340.815320424,1680806499.594884,173
LUNA_CRASH_MAY_2022,14800793,9430418.8286322,6548652.75801702,1037346071.149542,110
LUNA_CRASH_MAY_2022,14800794,7879481.207340114,4013528.1107,1434065579.7359006,182
LUNA_CRASH_MAY_2022,14800795,10671799.016348299,3354724.962119529,1152554293.7656162,108
LUNA_CRASH_MAY_2022,14800796,7335450.519785286,3571932.2938275,953608567.5720872,130
LUNA_CRASH_MAY_2022,14800797,12411073.999678694,8590161.811419688,1067352363.9723676,86
LUNA_CRASH_MAY_2022,14800798,12740420.21600268,3646104.3886276083,1936543872.8324075,152
LUNA_CRASH_MAY_2022,14800799,6614160.28346195,6720911.127278236,46299121.98423365,7
LUNA_CRASH_MAY_2022,14800800,6032995.66473832,2802482.04433428,983378293.3523462,163
LUNA_CRASH_MAY_2022,14800801,10382569.608670445,3498933.764389731,3581986514.9913034,345
LUNA_CRASH_MAY_2022,14800802,7724837.855242163,6716350.311774216,1799887220.271424,233
LUNA_CRASH_MAY_2022,14800803,8469916.005837519,3844524.11616,1228137820.8464403,145
LUNA_CRASH_MAY_2022,14800804,10551132.71842426,8229970.694398123,875744015.6292136,83
LUNA_CRASH_MAY_2022,14800805,11131062.255309587,6515277.19974016,2994255746.678279,269
LUNA_CRASH_MAY_2022,14800806,6617662.0798819475,3001180.328836416,72794282.87870142,11
LUNA_CRASH_MAY_2022,14800807,7433242.920012193,3206317.8240405554,1337983725.6021948,180
LUNA_CRASH_MAY_2022,14800808,8336616.25467536,5690842.483162779,1400551530.7854605,168
LUNA_CRASH_MAY_2022,14800809,13361581.120728992,5729581.93368,3193417887.854229,239
LUNA_CRASH_MAY_2022,14800810,8785705.979135288,5576659.389188139,1932855315.4097633,220
LUNA_CRASH_MAY_2022,14800811,8646455.90972697,4503032.390722633,2472886390.1819134,286
LUNA_CRASH_MAY_2022,14800812,10883174.876050772,10932390.532997968,2677261019.50849,246
LUNA_CRASH_MAY_2022,14800813,17435108.92497662,9511470.776791751,802015010.5489246,46
LUNA_CRASH_MAY_2022,14800814,9754953.122239033,4976987.738162247,1502262780.824811,154
LUNA_CRASH_MAY_2022,14800815,8101992.95347494,3584113.4234,640057443.3245202,79
LUNA_CRASH_MAY_2022,14800816,7057855.800147103,3965310.1086496664,748132714.8155929,106
LUNA_CRASH_MAY_2022,14800817,18296952.18095574,3748521.695993028,676987230.6953624,37
LUNA_CRASH_MAY_2022,14800818,6901982.529803394,3669601.364886128,986983501.7618854,143
LUNA_CRASH_MAY_2022,14800819,5772483.992451215,1925817.538467857,126994647.83392674,22
LUNA_CRASH_MAY_2022,14800820,7619669.195062555,3393757.912022344,3154543046.755898,414
LUNA_CRASH_MAY_2022,14800821,8054500.761423318,3779020.3475937,1377319630.2033873,171
LUNA_CRASH_MAY_2022,14800822,5895017.442376582,3330075.4202969437,954992825.6650063,162
LUNA_CRASH_MAY_2022,14800823,12194566.75134607,6724843.08419322,609728337.5673035,50
LUNA_CRASH_MAY_2022,14800824,6852601.971107282,2998282.149085,219283263.07543302,32
LUNA_CRASH_MAY_2022,14800825,5498146.7431735005,3461216.03227,846714598.448719,154
LUNA_CRASH_MAY_2022,14800826,7937400.148822245,3359010.787367823,3071773857.5942087,387
LUNA_CRASH_MAY_2022,14800827,6866738.092213939,5784531.822963439,1730417999.2379127,252
LUNA_CRASH_MAY_2022,14800828,11562221.610835344,4203985.93324548,3769284245.132322,326
LUNA_CRASH_MAY_2022,14800829,8370096.458400152,4380700.75335,1833051124.3896332,219
LUNA_CRASH_MAY_2022,14800830,10104013.206812935,10754802.532243583,586032765.9951502,58
LUNA_CRASH_MAY_2022,14800831,8073602.355492132,5056999.517736812,209913661.24279544,26
LUNA_CRASH_MAY_2022,14800832,0.0,0.0,0.0,0
LUNA_CRASH_MAY_2022,14800833,7138031.024611883,3536932.83605959,2448344641.441876,343
LUNA_CRASH_MAY_2022,14800834,10830419.909424134,4260879.7921,2469335739.3487024,228
LUNA_CRASH_MAY_2022,14800835,9274411.698451405,4703140.9903,2995634978.599804,323
LUNA_CRASH_MAY_2022,14800836,8651389.211245732,5222575.6496,1669718117.7704263,193
LUNA_CRASH_MAY_2022,14800837,10619018.816333534,4467149.201871374,3005182325.0223904,283
LUNA_CRASH_MAY_2022,14800838,12289889.498471132,5939417.8911,503885469.4373164,41
LUNA_CRASH_MAY_2022,14800839,10037587.33493785,5363743.5883,371390731.39270043,37
LUNA_CRASH_MAY_2022,14800840,8345821.2213318385,4114797.332268,1660818423.0450358,199
LUNA_CRASH_MAY_2022,14800841,17738906.448027737,8111308.565759126,1188506732.0178585,67
LUNA_CRASH_MAY_2022,14800842,6537077.156425464,3687506.631762345,424910015.16765517,65
LUNA_CRASH_MAY_2022,14800843,7999381.8312642835,4812909.82872,1543880693.4340067,193
LUNA_CRASH_MAY_2022,14800844,0.0,0.0,0.0,0
LUNA_CRASH_MAY_2022,14800845,6082956.123762973,4151302.0,687374041.9852159,113
LUNA_CRASH_MAY_2022,14800846,8034858.650616165,7699764.582109936,3141629732.3909206,391
LUNA_CRASH_MAY_2022,14800847,9433616.026275337,5891574.418238863,2924420968.1453543,310
LUNA_CRASH_MAY_2022,14800848,7377327.561072437,3772095.82977603,1541861460.2641394,209
LUNA_CRASH_MAY_2022,14800849,10276378.49764329,9468535.032576183,534371681.8774511,52
LUNA_CRASH_MAY_2022,14800850,6683918.952820071,3049421.27357,407719056.12202436,61
LUNA_CRASH_MAY_2022,14800851,5491458.501455967,2170025.198511548,137286462.5363992,25
LUNA_CRASH_MAY_2022,14800852,5624160.681997137,1673288.798214223,1006724762.0774875,179
LUNA_CRASH_MAY_2022,14800853,6723255.46809525,3708964.091071428,2380032435.7057185,354
LUNA_CRASH_MAY_2022,14800854,7564259.5910086995,5682118.1026004795,1785165263.478053,236
LUNA_CRASH_MAY_2022,14800855,6665419.182891373,3478804.716342843,419921408.5221565,63
LUNA_CRASH_MAY_2022,14800856,10317279.485175941,5792342.395024365,3641999658.2671075,353
LUNA_CRASH_MAY_2022,14800857,8970895.794651384,4272531.2818,744584350.9560648,83
LUNA_CRASH_MAY_2022,14800858,16753509.284248648,6747210.958007108,1457555307.7296324,87
LUNA_CRASH_MAY_2022,14800859,10196460.598594481,6535364.161139835,2997759415.9867773,294
LUNA_CRASH_MAY_2022,14800860,5346232.802552063,2438751.485958305,320773968.1531238,60
LUNA_CRASH_MAY_2022,14800861,6129651.758670158,2591634.193064742,484242488.9349425,79
LUNA_CRASH_MAY_2022,14800862,6641932.799782616,5239388.65657218,245751513.5919568,37
LUNA_CRASH_MAY_2022,14800863,8276340.381144474,3500000.0,2946377175.687433,356
LUNA_CRASH_MAY_2022,14800864,7633380.752705986,6338444.998880627,1793844476.8859067,235
LUNA_CRASH_MAY_2022,14800865,12610153.57083492,9364515.939513505,390914760.6958825,31
LUNA_CRASH_MAY_2022,14800866,6449443.687779224,3352195.21482,1889687000.5193124,293
LUNA_CRASH_MAY_2022,14800867,6562979.694925265,3372945.215201143,1627618964.3414657,248
LUNA_CRASH_MAY_2022,14800868,4583935.90456417,3591493.50411676,100846589.90041174,22
LUNA_CRASH_MAY_2022,14800869,6752971.278496185,3190472.98271847,1350594255.699237,200
LUNA_CRASH_MAY_2022,14800870,6181941.21883281,6766689.320170605,327642884.5981389,53
LUNA_CRASH_MAY_2022,14800871,7394404.798358776,5355827.10186192,170071310.36225185,23
LUNA_CRASH_MAY_2022,14800872,4942867.862142309,974879.028217221,365772221.7985308,74
LUNA_CRASH_MAY_2022,14800873,5821728.864405808,3220000.0,1676657912.9488728,288
LUNA_CRASH_MAY_2022,14800874,5052815.106514104,2346178.7739561554,293063276.177818,58
LUNA_CRASH_MAY_2022,14800875,8733707.884446342,5933178.61273621,995642698.8268828,114
LUNA_CRASH_MAY_2022,14800876,0.0,0.0,0.0,0
LUNA_CRASH_MAY_2022,14800877,3412918.6173507865,1346418.7155345557,1133088980.9604611,332
LUNA_CRASH_MAY_2022,14800878,7136892.690888318,3149965.56472876,1698580460.4314198,238
LUNA_CRASH_MAY_2022,14800879,5656417.0851886105,4108213.5215076897,1730863628.0677147,306
LUNA_CRASH_MAY_2022,14800880,7145653.6780788265,4549772.352226216,1972200415.1497562,276
LUNA_CRASH_MAY_2022,14800881,8898345.556005726,4698598.4024807,1299158451.176836,146
LUNA_CRASH_MAY_2022,14800882,9966629.657022996,10894080.665241508,99666296.57022996,10
LUNA_CRASH_MAY_2022,14800883,6672708.238143949,5764487.187230772,593871033.1948115,89
LUNA_CRASH_MAY_2022,14800884,5300526.621294621,2450000.0,365736336.86932886,69
LUNA_CRASH_MAY_2022,14800885,3749741.1623934438,2273089.0214104336,209985505.09403285,56
LUNA_CRASH_MAY_2022,14800886,6084190.6316587385,5545370.910095968,809197354.0106122,133
LUNA_CRASH_MAY_2022,14800887,5995046.248441726,2935364.360487524,803336197.2911913,134
LUNA_CRASH_MAY_2022,14800888,8986100.371226856,8933773.606300056,89861003.71226856,10
LUNA_CRASH_MAY_2022,14800889,18595687.16639834,6047543.863144795,1208719665.815892,65
LUNA_CRASH_MAY_2022,14800890,8033528.363186777,3947773.877652118,1831644466.806585,228
LUNA_CRASH_MAY_2022,14800891,4800539.720508716,2672801.413677675,1497768392.7987194,312
LUNA_CRASH_MAY_2022,14800892,6923423.335867533,8504081.0585,1024666653.708395,148
LUNA_CRASH_MAY_2022,14800893,4483399.577192939,3014269.66245741,434889758.98771507,97
LUNA_CRASH_MAY_2022,14800894,3529334.9262875034,2737304.52903097,201172090.7983877,57
LUNA_CRASH_MAY_2022,14800895,5353893.640277709,2169251.829205704,2264697009.837471,423
LUNA_CRASH_MAY_2022,14800896,4977359.932150687,3042777.211607164,1314023022.0877814,264
LUNA_CRASH_MAY_2022,14800897,11982856.787819004,6984467.815248192,395434273.99802715,33
LUNA_CRASH_MAY_2022,14800898,6505931.872967749,3142447.4118,1776119401.3201954,273
LUNA_CRASH_MAY_2022,14800899,6772683.727567322,4103845.975533513,2004714383.3599272,296
LUNA_CRASH_MAY_2022,14800900,6377379.392997268,3456562.503253332,1116041393.7745218,175
LUNA_CRASH_MAY_2022,14800901,7329067.327021575,4286473.214114999,864829944.5885458,118
LUNA_CRASH_MAY_2022,14800902,5408478.646815023,2824863.2885217494,519213950.0942422,96
LUNA_CRASH_MAY_2022,14800903,5895061.552770596,3647061.0,1727253034.9617846,293
LUNA_CRASH_MAY_2022,14800904,5135772.088112426,2987544.632,1792384458.7512367,349
LUNA_CRASH_MAY_2022,14800905,3638605.3865136174,2958066.790968242,43663264.63816341,12
LUNA_CRASH_MAY_2022,14800906,8594933.529043583,3271202.405703649,807923751.7300968,94
LUNA_CRASH_MAY_2022,14800907,11517836.45173512,3859017.873138345,1151783645.173512,100
LUNA_CRASH_MAY_2022,14800908,5433814.12541701,2618570.171991046,1353019717.2288356,249
LUNA_CRASH_MAY_2022,14800909,11889653.345856242,6309179.892180491,3352882243.5314603,282
LUNA_CRASH_MAY_2022,14800910,10802914.153087147,9238053.57375,237664111.36791724,22
LUNA_CRASH_MAY_2022,14800911,10925720.889030682,4812982.981858386,1999406922.6926148,183
LUNA_CRASH_MAY_2022,14800912,14637970.05280476,3480547.523805144,190293610.6864619,13
LUNA_CRASH_MAY_2022,14800913,6648443.529721419,4984579.878885,1183422948.2904127,178
LUNA_CRASH_MAY_2022,14800914,5067479.61823644,3192000.0,836134137.0090126,165
LUNA_CRASH_MAY_2022,14800915,5715112.238530732,2802865.024605,365767183.26596683,64
LUNA_CRASH_MAY_2022,14800916,5447105.168647559,4766958.861367455,975031825.1879131,179
LUNA_CRASH_MAY_2022,14800917,5561142.626317484,2702475.85581,1562681077.995213,281
LUNA_CRASH_MAY_2022,14800918,6410502.374286844,3963060.367065579,666692246.9258318,104
LUNA_CRASH_MAY_2022,14800919,5711839.924307588,2225012.959864174,1033843026.2996733,181
LUNA_CRASH_MAY_2022,14800920,6365197.734836956,2028996.3321512518,2367853557.3593473,372
LUNA_CRASH_MAY_2022,14800921,6590700.491611173,4166450.8189901016,1660856523.8860157,252
LUNA_CRASH_MAY_2022,14800922,7562463.014094689,3186544.23168,506685021.94434416,67
LUNA_CRASH_MAY_2022,14800923,5718402.979034505,2815845.775,125804865.5387591,22
LUNA_CRASH_MAY_2022,14800924,6676107.665138171,5726352.992245738,313777060.26149404,47
LUNA_CRASH_MAY_2022,14800925,7507849.392821003,3133108.0,818355583.8174893,109
LUNA_CRASH_MAY_2022,14800926,6858946.150003691,3143683.870986476,418395715.15022516,61
LUNA_CRASH_MAY_2022,14800927,5957058.944107977,4368776.2354115,851859429.0074407,143
LUNA_CRASH_MAY_2022,14800928,5787192.920204659,1793075.0,86807893.80306989,15
LUNA_CRASH_MAY_2022,14800929,6538163.391098672,3804543.460672596,1085335122.9223795,166
LUNA_CRASH_MAY_2022,14800930,5567297.484834933,5050745.4393726885,411980013.877785,74
LUNA_CRASH_MAY_2022,14800931,10191736.245482853,3043477.4557110323,1997580304.1146393,196
LUNA_CRASH_MAY_2022,14800932,5588924.251966879,3989286.2361885523,380046849.13374776,68
LUNA_CRASH_MAY_2022,14800933,6676837.891773596,2352681.492891514,1034909873.2249074,155
LUNA_CRASH_MAY_2022,14800934,4900747.815560334,5516032.605916664,102915704.12676702,21
LUNA_CRASH_MAY_2022,14800935,7163943.950781205,2519749.4606710253,2378429391.65936,332
LUNA_CRASH_MAY_2022,14800936,4404918.121195427,2591461.4066823004,1198137728.965156,272
LUNA_CRASH_MAY_2022,14800937,0.0,0.0,0.0,0
LUNA_CRASH_MAY_2022,14800938,4077852.9532366223,2128167.597024,782947767.0214314,192
LUNA_CRASH_MAY_2022,14800939,5011836.096089347,2457445.6401,1538633681.4994297,307
LUNA_CRASH_MAY_2022,14800940,5009157.254805179,4580685.602556629,160293032.15376574,32
LUNA_CRASH_MAY_2022,14800941,5113237.1877909005,4961122.048704,2035068400.7407784,398
LUNA_CRASH_MAY_2022,14800942,10316008.150161885,6084908.180679768,691172546.0608463,67
LUNA_CRASH_MAY_2022,14800943,6109418.997777772,4597159.19268,873646916.6822214,143
LUNA_CRASH_MAY_2022,14800944,4668553.837438803,3178040.985441721,1134458582.4976292,243
LUNA_CRASH_MAY_2022,14800945,4954529.7692546565,3023084.5198,554907334.1565216,112
LUNA_CRASH_MAY_2022,14800946,6497501.420681112,2712168.2570323674,246905053.98588228,38
LUNA_CRASH_MAY_2022,14800947,5625972.5894844895,1300000.0,106893479.2002053,19
LUNA_CRASH_MAY_2022,14800948,10834371.52333974,4824178.86882464,1310958954.3241084,121
LUNA_CRASH_MAY_2022,14800949,6793059.0234631235,3196744.195650234,509479426.7597343,75
LUNA_CRASH_MAY_2022,14800950,4747764.614185682,2124617.8848408,1599996674.9805746,337
LUNA_CRASH_MAY_2022,14800951,4684978.853740162,2073956.96504076,1438288508.09823,307
LUNA_CRASH_MAY_2022,14800952,5954544.621433112,5035980.53232183,482318114.33608204,81
LUNA_CRASH_MAY_2022,14800953,3623747.745515832,1812935.0,83346198.14686415,23
LUNA_CRASH_MAY_2022,14800954,5949286.643163175,2571002.081795624,404551491.7350959,68
LUNA_CRASH_MAY_2022,14800955,4890183.2738330355,2330901.3448429042,1877830377.1518855,384
LUNA_CRASH_MAY_2022,14800956,4487369.9196377285,2822226.110115736,978246642.4810247,218
LUNA_CRASH_MAY_2022,14800957,5156120.275114382,3230389.146095751,1392152474.280883,270
LUNA_CRASH_MAY_2022,14800958,5435998.20836185,2809524.6189,549035819.0445468,101
LUNA_CRASH_MAY_2022,14800959,7004088.740501704,2962922.069268,1772034451.346931,253
LUNA_CRASH_MAY_2022,14800960,4300388.811359881,2912044.9577,98908942.66127726,23
LUNA_CRASH_MAY_2022,14800961,4413952.68103957,2351173.358956376,719474287.0094498,163
LUNA_CRASH_MAY_2022,14800962,5178752.554501077,2372347.2296379735,300367648.1610625,58
LUNA_CRASH_MAY_2022,14800963,4094821.6197536103,2250000.0,528231988.9482157,129
LUNA_CRASH_MAY_2022,14800964,2453150.1448856373,1703151.34353,76047654.49145475,31
LUNA_CRASH_MAY_2022,14800965,5208934.250087542,1838327.075152132,1703321499.7786264,327
LUNA_CRASH_MAY_2022,14800966,4328551.522046854,2167458.59661477,350612673.28579515,81
LUNA_CRASH_MAY_2022,14800967,4364801.744557354,2006206.22742536,1488397394.8940575,341
LUNA_CRASH_MAY_2022,14800968,6922587.551099328,5383623.6989435535,844555681.2341181,122
LUNA_CRASH_MAY_2022,14800969,4122262.0138923153,1982946.6438609674,469937869.58372396,114
LUNA_CRASH_MAY_2022,14800970,4991244.849040982,3243875.3424,813572910.3936801,163
LUNA_CRASH_MAY_2022,14800971,4949316.977346624,2584251.020789542,301908335.6181441,61
LUNA_CRASH_MAY_2022,14800972,4246501.0930977715,1255926.982341696,802588706.5954789,189
LUNA_CRASH_MAY_2022,14800973,5419540.036317631,2134650.677192625,2688091858.013545,496
LUNA_CRASH_MAY_2022,14800974,6027735.20500488,4629863.26894161,1693793592.6063714,281
LUNA_CRASH_MAY_2022,14800975,6095696.336955535,5217835.948536944,1219139267.391107,200
LUNA_CRASH_MAY_2022,14800976,7690831.92841665,3948392.2015132504,1430494738.6854968,186
LUNA_CRASH_MAY_2022,14800977,8962342.413557414,8102963.0575015275,89623424.13557413,10
LUNA_CRASH_MAY_2022,14800978,5392618.701371744,2920158.879592974,997634459.7537726,185
LUNA_CRASH_MAY_2022,14800979,4628576.03510124,2747355.866875,185143041.40404958,40
LUNA_CRASH_MAY_2022,14800980,6587882.653575282,3009938.307975,1482273597.0544384,225
LUNA_CRASH_MAY_2022,14800981,5694307.973426506,3870000.0,1691209468.1076722,297
LUNA_CRASH_MAY_2022,14800982,5572715.749354755,4603900.16016,1237142896.3567555,222
LUNA_CRASH_MAY_2022,14800983,0.0,0.0,0.0,0
LUNA_CRASH_MAY_2022,14800984,4959198.303832003,1918291.7334,495919830.3832003,100
LUNA_CRASH_MAY_2022,14800985,9051341.028056249,2900000.0,3158918018.7916307,349
LUNA_CRASH_MAY_2022,14800986,5929652.588656151,5947996.171730451,770854836.5252995,130
LUNA_CRASH_MAY_2022,14800987,5455001.138461996,2205000.0,1652865344.9539847,303
LUNA_CRASH_MAY_2022,14800988,3975193.9481244353,1485389.327783288,310065127.95370597,78
LUNA_CRASH_MAY_2022,14800989,0.0,0.0,0.0,0
LUNA_CRASH_MAY_2022,14800990,6439113.136124754,3438368.1251059137,257564525.44499016,40
LUNA_CRASH_MAY_2022,14800991,6006864.91682504,2275743.25626,1633867257.376411,272
LUNA_CRASH_MAY_2022,14800992,4347234.428191234,2290004.957514,773807728.2180398,178
LUNA_CRASH_MAY_2022,14800993,4376422.827363438,2610418.9280158,660839846.9318792,151
LUNA_CRASH_MAY_2022,14800994,4534281.120838998,2602536.97175,634799356.9174597,140
LUNA_CRASH_MAY_2022,14800995,5130303.78286131,3153287.007524364,543812200.9832989,106
LUNA_CRASH_MAY_2022,14800996,3110468.931524424,1692338.613900571,612762379.5103115,197
LUNA_CRASH_MAY_2022,14800997,0.0,0.0,0.0,0
LUNA_CRASH_MAY_2022,14800998,3305084.3063538903,1572296.8726734752,442881297.0514213,134
LUNA_CRASH_MAY_2022,14800999,4373458.24087328,2143253.477784264,1495722718.3786616,342
LUNA_CRASH_MAY_2022,14801000,3671829.8486053026,1740376.960308,495697029.56171584,135
USDC_DEPEG_MARCH_2023,16900000,14467894.957767976,3436471.56105755,1533596865.5234056,106
USDC_DEPEG_MARCH_2023,16900001,12053984.460236164,1082525.530715,96431875.68188931,8
USDC_DEPEG_MARCH_2023,16900002,7291424.439704258,2725730.8314,1370787794.6644006,188
USDC_DEPEG_MARCH_2023,16900003,8425557.654855167,2909310.65115,1803069338.139006,214
USDC_DEPEG_MARCH_2023,16900004,6170475.393609332,3600096.0024484606,851525604.3180878,138
USDC_DEPEG_MARCH_2023,16900005,6136837.14104838,5292698.964221721,816199339.7594346,133
USDC_DEPEG_MARCH_2023,16900006,6211536.313142581,2838091.332803925,1105653463.7393794,178
USDC_DEPEG_MARCH_2023,16900007,12569254.757715255,5916954.715647048,1822541939.868712,145
USDC_DEPEG_MARCH_2023,16900008,4973923.703344225,2538459.117687045,567027302.1812416,114
USDC_DEPEG_MARCH_2023,16900009,8119461.636926694,2663959.1312695993,1315352785.1821244,162
USDC_DEPEG_MARCH_2023,16900010,5807972.792837792,2071145.795967924,604029170.4551303,104
USDC_DEPEG_MARCH_2023,16900011,9599914.715867141,2900782.5336853,1449587122.0959382,151
USDC_DEPEG_MARCH_2023,16900012,7295099.406359735,3415830.80687018,1568446372.367343,215
USDC_DEPEG_MARCH_2023,16900013,8016124.384877049,2387802.12248,1082176791.9584017,135
USDC_DEPEG_MARCH_2023,16900014,13727957.48342076,7982545.74466412,247103234.70157367,18
USDC_DEPEG_MARCH_2023,16900015,11461642.252700329,3400562.3182866727,3507262529.3263006,306
USDC_DEPEG_MARCH_2023,16900016,8088618.9965784075,2536099.44254112,784596042.6681055,97
USDC_DEPEG_MARCH_2023,16900017,17594163.965657376,2063177.87955,2234458823.638487,127
USDC_DEPEG_MARCH_2023,16900018,7197575.025033547,3475656.466715741,1058043528.6799314,147
USDC_DEPEG_MARCH_2023,16900019,6711448.637879035,2681962.75953403,885911220.2000327,132
USDC_DEPEG_MARCH_2023,16900020,6679408.68158921,2785391.433945,1202293562.6860578,180
USDC_DEPEG_MARCH_2023,16900021,12661514.581156889,3766389.54358926,1595350837.225768,126
USDC_DEPEG_MARCH_2023,16900022,7076074.294565016,3380716.3006120995,1018954698.4173623,144
USDC_DEPEG_MARCH_2023,16900023,5553849.78510434,2762862.63928444,827523617.9805467,149
USDC_DEPEG_MARCH_2023,16900024,12024452.318041597,2885171.24632464,2236548131.155737,186
USDC_DEPEG_MARCH_2023,16900025,6488594.618689101,3539606.099074812,1174435625.9827273,181
USDC_DEPEG_MARCH_2023,16900026,7037318.170983681,3778413.5810389817,774104998.808205,110
USDC_DEPEG_MARCH_2023,16900027,9797816.648628859,2754148.260791907,1371694330.8080401,140
USDC_DEPEG_MARCH_2023,16900028,8402110.278492546,2706576.46173,1167893328.7104638,139
USDC_DEPEG_MARCH_2023,16900029,5680139.057155028,2625942.5640000002,636175574.4013631,112
USDC_DEPEG_MARCH_2023,16900030,9743092.76432844,2633606.653982155,1490693192.9422514,153
USDC_DEPEG_MARCH_2023,16900031,8410031.59442321,3050705.0,1488575592.2129083,177
USDC_DEPEG_MARCH_2023,16900032,6487454.473873748,3022237.11362,752544718.9693549,116
USDC_DEPEG_MARCH_2023,16900033,14466776.990062997,2681355.43071,2010882001.6187565,139
USDC_DEPEG_MARCH_2023,16900034,5834887.262741633,3117494.13242335,711856246.0544792,122
USDC_DEPEG_MARCH_2023,16900035,10732088.139276233,3822837.830520436,1373707281.8273578,128
USDC_DEPEG_MARCH_2023,16900036,7161207.727192102,2198432.0,1109987197.7147758,155
USDC_DEPEG_MARCH_2023,16900037,9980982.487621589,3682067.033321641,1457223443.192752,146
USDC_DEPEG_MARCH_2023,16900038,11069011.72570227,3291853.1685,1759972864.386661,159
USDC_DEPEG_MARCH_2023,16900039,6553729.195594469,2523149.08686,1015828025.3171427,155
USDC_DEPEG_MARCH_2023,16900040,10013467.33975926,3686858.982437046,1191602613.431352,119
USDC_DEPEG_MARCH_2023,16900041,5144349.5605544625,2527071.158925,2222359010.159528,432
USDC_DEPEG_MARCH_2023,16900042,7829839.145217546,2906795.883145644,1910480751.4330814,244
USDC_DEPEG_MARCH_2023,16900043,13698096.901168764,2739351.10974578,1972525953.768302,144
USDC_DEPEG_MARCH_2023,16900044,8741384.050801137,3355798.5857307157,979035013.6897274,112
USDC_DEPEG_MARCH_2023,16900045,9509383.010318467,2434686.37293,1683160792.8263686,177
USDC_DEPEG_MARCH_2023,16900046,14388876.725726664,4903267.04935,2388553536.4706264,166
USDC_DEPEG_MARCH_2023,16900047,11237070.315822974,4182016.1210079454,1775457109.90003,158
USDC_DEPEG_MARCH_2023,16900048,15673495.567230577,3533895.2400193997,2225636370.546742,142
USDC_DEPEG_MARCH_2023,16900049,11321347.750557486,3251881.965,1618952728.3297205,143
USDC_DEPEG_MARCH_2023,16900050,10559772.288801566,3513245.316830128,1393889942.1218066,132
USDC_DEPEG_MARCH_2023,16900051,12304696.51813345,3931773.051770766,1907227960.3106847,155
USDC_DEPEG_MARCH_2023,16900052,8970664.478740193,3832611.779380122,1569866283.7795339,175
USDC_DEPEG_MARCH_2023,16900053,11545228.077295944,3939394.853656044,2147412422.3770456,186
USDC_DEPEG_MARCH_2023,16900054,6699606.986674866,2994392.99646,877648515.2544074,131
USDC_DEPEG_MARCH_2023,16900055,7423560.3259936655,3174469.8025,1135804729.8770308,153
USDC_DEPEG_MARCH_2023,16900056,7412292.157576354,2707760.92356,807939845.1758226,109
USDC_DEPEG_MARCH_2023,16900057,10651857.807960382,2568529.1540672127,1555171239.9622157,146
USDC_DEPEG_MARCH_2023,16900058,6690927.423652829,4019283.025840936,1003639113.5479243,150
USDC_DEPEG_MARCH_2023,16900059,6966601.385731268,2232755.736536322,1114656221.7170029,160
USDC_DEPEG_MARCH_2023,16900060,13938179.509404158,4037869.7385636,1588952464.072074,114
USDC_DEPEG_MARCH_2023,16900061,5752048.343420134,2864433.1296,1288458828.92611,224
USDC_DEPEG_MARCH_2023,16900062,4884181.021100049,2612435.33808,615406808.6586062,126
USDC_DEPEG_MARCH_2023,16900063,7860887.52294108,3513501.03264,966889165.3217528,123
USDC_DEPEG_MARCH_2023,16900064,6257618.983575708,3149105.433313205,888581895.6677506,142
USDC_DEPEG_MARCH_2023,16900065,5822200.930182719,3382176.802866435,751063919.9935707,129
USDC_DEPEG_MARCH_2023,16900066,6713252.011389125,2859353.09521931,745170973.2641929,111
USDC_DEPEG_MARCH_2023,16900067,7951139.1848961385,3321233.22963306,1709494924.7526698,215
USDC_DEPEG_MARCH_2023,16900068,5228498.937804742,2854249.98282,596048878.9097406,114
USDC_DEPEG_MARCH_2023,16900069,31446621.839318592,6305730.41512512,3867934486.236187,123
USDC_DEPEG_MARCH_2023,16900070,8941374.779580312,3312464.88124181,2011809325.40557,225
USDC_DEPEG_MARCH_2023,16900071,10731401.527364876,2905582.30767,1706292842.8510153,159
USDC_DEPEG_MARCH_2023,16900072,29250990.122628458,6245853.788979147,4036636636.922727,138
USDC_DEPEG_MARCH_2023,16900073,20131499.47478398,4122769.8860291853,2576831932.7723494,128
USDC_DEPEG_MARCH_2023,16900074,6609533.851668445,2492322.8619919484,846020333.013561,128
USDC_DEPEG_MARCH_2023,16900075,15283764.193278464,3682065.60026175,1085147257.722771,71
USDC_DEPEG_MARCH_2023,16900076,6116103.237334761,2869378.256996592,1119246892.4322612,183
USDC_DEPEG_MARCH_2023,16900077,8345610.183609297,4180197.1030023973,1051546883.1347713,126
USDC_DEPEG_MARCH_2023,16900078,19777413.0051044,4015947.673566684,2393066973.6176324,121
USDC_DEPEG_MARCH_2023,16900079,7574161.095899045,2861802.412751645,1007363425.7545729,133
USDC_DEPEG_MARCH_2023,16900080,5909724.149870481,4313091.883899345,791903036.0826445,134
USDC_DEPEG_MARCH_2023,16900081,6840040.9586027255,2717044.32879,1114926676.2522442,163
USDC_DEPEG_MARCH_2023,16900082,4703924.794271489,3369335.074834904,616214148.0495651,131
USDC_DEPEG_MARCH_2023,16900083,9492020.86959068,3218328.371267857,1499739297.3953273,158
USDC_DEPEG_MARCH_2023,16900084,13802137.057293672,2709629.2044,1725267132.161709,125
USDC_DEPEG_MARCH_2023,16900085,18420223.26819292,4391123.36685,5194502961.6304035,282
USDC_DEPEG_MARCH_2023,16900086,10295643.917669775,6932340.670817187,3006328023.959574,292
USDC_DEPEG_MARCH_2023,16900087,8168806.127121091,4718424.186513498,1421372266.1190698,174
USDC_DEPEG_MARCH_2023,16900088,7502629.322231331,4568015.930095555,2130746727.5136979,284
USDC_DEPEG_MARCH_2023,16900089,11526154.877255399,5158984.348167504,2189969426.678526,190
USDC_DEPEG_MARCH_2023,16900090,7605107.161220315,5427011.757177549,1232027360.117691,162
USDC_DEPEG_MARCH_2023,16900091,8299069.452845672,5510961.274466538,1576823196.0406778,190
USDC_DEPEG_MARCH_2023,16900092,7967104.014516195,5753946.872151894,1203032706.1919456,151
USDC_DEPEG_MARCH_2023,16900093,13663920.809497802,5727205.296817554,2063252042.234168,151
USDC_DEPEG_MARCH_2023,16900094,10394877.154470693,5769645.226955764,1486467433.0893092,143
USDC_DEPEG_MARCH_2023,16900095,11204223.307126494,5674497.062405433,1579795486.3048356,141
USDC_DEPEG_MARCH_2023,16900096,16157642.774493571,5492343.297902769,2084335917.9096706,129
USDC_DEPEG_MARCH_2023,16900097,6419195.338593165,5343729.172960224,1065586426.2064655,166
USDC_DEPEG_MARCH_2023,16900098,13583956.255078284,5120874.0,2024009482.0066643,149
USDC_DEPEG_MARCH_2023,16900099,8535970.835846623,5150261.353404738,1655978342.154245,194
USDC_DEPEG_MARCH_2023,16900100,9041672.988883104,4349040.070580872,1392417640.287998,154
USDC_DEPEG_MARCH_2023,16900101,7825941.924542214,5183739.040927922,1189543172.5304165,152
USDC_DEPEG_MARCH_2023,16900102,14472372.49946891,7132460.259585934,2416886207.411308,167
USDC_DEPEG_MARCH_2023,16900103,9618416.019210242,5141491.048442849,1692841219.3810024,176
USDC_DEPEG_MARCH_2023,16900104,15130187.208613578,5038940.601195138,1830752652.242243,121
USDC_DEPEG_MARCH_2023,16900105,8498077.362067765,4979898.874968715,1232221217.499826,145
USDC_DEPEG_MARCH_2023,16900106,4692253.351827273,3324169.941656091,624069695.7930273,133
USDC_DEPEG_MARCH_2023,16900107,6459051.472920191,4746582.82350024,167935338.29592496,26
USDC_DEPEG_MARCH_2023,16900108,16211938.887778698,4259080.506301049,4085408599.720232,252
USDC_DEPEG_MARCH_2023,16900109,10493805.719084729,4003581.013007103,2770364709.8383684,264
USDC_DEPEG_MARCH_2023,16900110,7795673.411732588,3734053.62764,1083598604.2308297,139
USDC_DEPEG_MARCH_2023,16900111,11659396.276417948,3364298.8766299007,1678953063.8041844,144
USDC_DEPEG_MARCH_2023,16900112,8065373.720506922,4740578.761149179,1016237088.7838722,126
USDC_DEPEG_MARCH_2023,16900113,5888777.74749985,3897364.3194,906871773.1149769,154
USDC_DEPEG_MARCH_2023,16900114,8173305.94149556,4570545.513250024,1569274740.7671475,192
USDC_DEPEG_MARCH_2023,16900115,8087474.277104027,4121731.1919,1107983975.9632516,137
USDC_DEPEG_MARCH_2023,16900116,11636224.931836627,3568639.380498817,1768706189.6391673,152
USDC_DEPEG_MARCH_2023,16900117,5621331.072048981,2792805.6134313103,955626282.2483268,170
USDC_DEPEG_MARCH_2023,16900118,15054170.483782392,4042974.0085649,1776392117.0863223,118
USDC_DEPEG_MARCH_2023,16900119,10674310.121316614,4223652.3712432,1355637385.4072099,127
USDC_DEPEG_MARCH_2023,16900120,12657695.2507462,3813517.16214,1911311982.8626761,151
USDC_DEPEG_MARCH_2023,16900121,13515881.299061267,2545953.6040968513,2000350432.2610674,148
USDC_DEPEG_MARCH_2023,16900122,13528264.771395275,2958648.82425,1799259214.5955715,133
USDC_DEPEG_MARCH_2023,16900123,6808706.733307339,3510382.372893616,844279634.9301101,124
USDC_DEPEG_MARCH_2023,16900124,13312864.437267434,3221441.9308429593,1730672376.8447664,130
USDC_DEPEG_MARCH_2023,16900125,6859412.769699604,3003865.7712125,850567183.4427509,124
USDC_DEPEG_MARCH_2023,16900126,10520857.076165278,3044122.9401931902,1704378846.338775,162
USDC_DEPEG_MARCH_2023,16900127,26029263.51346241,3957287.8996268706,3800272472.965512,146
USDC_DEPEG_MARCH_2023,16900128,10703039.133913295,3076517.22345,1402098126.5426416,131
USDC_DEPEG_MARCH_2023,16900129,12170546.367894968,2880000.0,1691705945.1374006,139
USDC_DEPEG_MARCH_2023,16900130,5670173.433426661,3165907.658949228,941248789.9488258,166
USDC_DEPEG_MARCH_2023,16900131,7752785.219411631,3699267.741,1232692849.8864493,159
USDC_DEPEG_MARCH_2023,16900132,9781970.028465366,2906738.8519550003,1858574305.4084196,190
USDC_DEPEG_MARCH_2023,16900133,6593684.675188696,2977668.17546871,1219831664.9099088,185
USDC_DEPEG_MARCH_2023,16900134,6935474.654288455,5446827.705905976,901611705.0574992,130
USDC_DEPEG_MARCH_2023,16900135,13982138.916762315,4631259.533671418,2293070782.3490195,164
USDC_DEPEG_MARCH_2023,16900136,5366517.0651342,3300284.3785,627882496.6207014,117
USDC_DEPEG_MARCH_2023,16900137,7548021.707913937,3702344.905026489,890666561.5338446,118
USDC_DEPEG_MARCH_2023,16900138,9629881.76629264,2603547.2990699997,1791158008.5304308,186
USDC_DEPEG_MARCH_2023,16900139,6888427.866702768,3416994.377581568,1026375752.1387124,149
USDC_DEPEG_MARCH_2023,16900140,11145018.870419227,5346660.0,1727477924.9149802,155
USDC_DEPEG_MARCH_2023,16900141,10910407.629455054,4347515.826728856,1647471552.0477133,151
USDC_DEPEG_MARCH_2023,16900142,6664280.435811265,2701186.07985,879685017.527087,132
USDC_DEPEG_MARCH_2023,16900143,14496816.33948289,2563974.08984,2478955594.051574,171
USDC_DEPEG_MARCH_2023,16900144,4864383.434973522,2833351.56216,539946561.282061,111
USDC_DEPEG_MARCH_2023,16900145,10633461.887973936,2602406.45763,2105425453.8188396,198
USDC_DEPEG_MARCH_2023,16900146,8564165.775674632,2765367.831222855,1096213219.2863529,128
USDC_DEPEG_MARCH_2023,16900147,7396637.256275969,3021144.15429,909786382.5219442,123
USDC_DEPEG_MARCH_2023,16900148,7437981.054756181,3677831.4190499997,520658673.8329327,70
USDC_DEPEG_MARCH_2023,16900149,4926790.104313709,2654973.032570112,1192283205.2439175,242
USDC_DEPEG_MARCH_2023,16900150,7551720.682092973,2574541.12552,702310023.4346465,93
USDC_DEPEG_MARCH_2023,16900151,7067716.255597929,3552247.555181787,1166173182.1736581,165
USDC_DEPEG_MARCH_2023,16900152,9517696.00931448,6321863.485724288,1456207489.4251153,153
USDC_DEPEG_MARCH_2023,16900153,4452459.265492559,1839759.965560053,952826282.8154078,214
USDC_DEPEG_MARCH_2023,16900154,10039883.317177838,7223155.834947939,2158574913.193235,215
USDC_DEPEG_MARCH_2023,16900155,10077350.887129406,2615146.6971124997,1410829124.1981168,140
USDC_DEPEG_MARCH_2023,16900156,3792124.3014001325,2510974.04427,572610769.51142,151
USDC_DEPEG_MARCH_2023,16900157,7192229.9304799335,2170497.888583238,899028741.3099917,125
USDC_DEPEG_MARCH_2023,16900158,10200313.17489531,3043118.765052568,1652450734.3330405,162
USDC_DEPEG_MARCH_2023,16900159,5504758.386583174,2294596.190015322,721123348.6423957,131
USDC_DEPEG_MARCH_2023,16900160,6774484.592224734,2941907.8568,1104240988.5326316,163
USDC_DEPEG_MARCH_2023,16900161,10343319.963930942,2850000.0,1179138475.8881273,114
USDC_DEPEG_MARCH_2023,16900162,6354532.309739442,2495019.29958,908698120.2927401,143
USDC_DEPEG_MARCH_2023,16900163,6043535.139343937,2244476.059472375,1045531579.1065011,173
USDC_DEPEG_MARCH_2023,16900164,5418036.400566601,1809872.262028116,823541532.8861234,152
USDC_DEPEG_MARCH_2023,16900165,4990923.93723258,2250620.6444,973230167.7603531,195
USDC_DEPEG_MARCH_2023,16900166,14602875.798115913,2701545.0,1971388232.7456481,135
USDC_DEPEG_MARCH_2023,16900167,6426236.537386306,2356105.46949,1478034403.5988503,230
USDC_DEPEG_MARCH_2023,16900168,18062914.635234457,2301253.2552304203,3865463731.9401736,214
USDC_DEPEG_MARCH_2023,16900169,17742650.38986417,4296520.10919007,2643654908.0897613,149
USDC_DEPEG_MARCH_2023,16900170,21647056.632152595,4839768.275386655,3766587853.994551,174
USDC_DEPEG_MARCH_2023,16900171,6331308.556511952,2958809.870294164,747094409.6684103,118
USDC_DEPEG_MARCH_2023,16900172,12656849.483992785,3336992.1133022,1670704131.8870478,132
USDC_DEPEG_MARCH_2023,16900173,6604384.083686569,2860334.7152,970844460.3019257,147
USDC_DEPEG_MARCH_2023,16900174,10769470.072616545,3134020.6155552557,1292336408.7139854,120
USDC_DEPEG_MARCH_2023,16900175,4617092.424875383,2012958.41487,780288619.8039398,169
USDC_DEPEG_MARCH_2023,16900176,9087628.819002481,3112657.49987132,2617237099.8727145,288
USDC_DEPEG_MARCH_2023,16900177,13646943.904610394,4182619.391482246,1951512978.3592863,143
USDC_DEPEG_MARCH_2023,16900178,4956785.6101209475,2492336.961763282,465937847.3513691,94
USDC_DEPEG_MARCH_2023,16900179,9608685.724171786,2300468.887167978,1518172344.4191422,158
USDC_DEPEG_MARCH_2023,16900180,7983074.1671005,3509535.35873563,1077715012.5585675,135
USDC_DEPEG_MARCH_2023,16900181,9085968.614039417,2887954.5402028975,1235691731.5093608,136
USDC_DEPEG_MARCH_2023,16900182,6718288.859064464,3309921.4318,1162263972.6181524,173
USDC_DEPEG_MARCH_2023,16900183,6277745.812225626,3930765.3838961422,677996547.7203676,108
USDC_DEPEG_MARCH_2023,16900184,9665136.616660638,2806794.382690192,1488431038.9657383,154
USDC_DEPEG_MARCH_2023,16900185,6084526.741812764,3703719.939695567,1758428228.3838887,289
USDC_DEPEG_MARCH_2023,16900186,3903211.680438351,1409650.323885045,1088996058.8423,279
USDC_DEPEG_MARCH_2023,16900187,5952634.907505774,2976556.081097914,1488158726.8764434,250
USDC_DEPEG_MARCH_2023,16900188,6999040.151657184,1511934.507979588,1266826267.4499502,181
USDC_DEPEG_MARCH_2023,16900189,6541803.176061537,3306487.9642593777,876601625.5922459,134
USDC_DEPEG_MARCH_2023,16900190,11650243.758907571,3265730.08627892,1724236076.3183205,148
USDC_DEPEG_MARCH_2023,16900191,6504695.9637516355,3330087.2934,995218482.4540002,153
USDC_DEPEG_MARCH_2023,16900192,6956284.302411381,3638923.2934,1231262321.5268145,177
USDC_DEPEG_MARCH_2023,16900193,11463771.41096633,4310273.2371651605,1467362740.6036901,128
USDC_DEPEG_MARCH_2023,16900194,7847146.4155317545,3884073.77938198,996587594.7725328,127
USDC_DEPEG_MARCH_2023,16900195,6073573.700271916,2777829.8819983955,996066086.8445942,164
USDC_DEPEG_MARCH_2023,16900196,10305729.947060054,2863943.85708,1453107922.5354676,141
USDC_DEPEG_MARCH_2023,16900197,6287653.633120246,2921193.16524,1125490000.328524,179
USDC_DEPEG_MARCH_2023,16900198,7561359.532404971,3074871.622462883,1111519851.2635307,147
USDC_DEPEG_MARCH_2023,16900199,6847398.879260743,1906986.2616476,1431106365.7654953,209
USDC_DEPEG_MARCH_2023,16900200,10049161.576483492,5628094.80053652,1979684830.5672479,197
USDC_DEPEG_MARCH_2023,16900201,5443103.472331635,3862544.055457472,734818968.7647707,135
USDC_DEPEG_MARCH_2023,16900202,8139275.326041549,3198719.082195,1277866226.1885233,157
USDC_DEPEG_MARCH_2023,16900203,9031718.134228567,3427287.41838,1210250229.986628,134
USDC_DEPEG_MARCH_2023,16900204,14948859.41629542,3603138.0064785,1868607427.0369275,125
USDC_DEPEG_MARCH_2023,16900205,6158949.3709056815,2327026.400369619,1040862443.6830602,169
USDC_DEPEG_MARCH_2023,16900206,5676112.770899914,2772449.7668,828712464.5513874,146
USDC_DEPEG_MARCH_2023,16900207,6546783.898150092,3810456.853199538,1060578991.500315,162
USDC_DEPEG_MARCH_2023,16900208,9562923.777775597,3456563.663755598,1004106996.6664376,105
USDC_DEPEG_MARCH_2023,16900209,5086223.219739586,2647379.08125,701898804.3240628,138
USDC_DEPEG_MARCH_2023,16900210,4984773.769058894,2399550.0713834157,727776970.2825986,146
USDC_DEPEG_MARCH_2023,16900211,11507636.77061215,2722909.03764138,1323378228.6203973,115
USDC_DEPEG_MARCH_2023,16900212,5807032.140036719,2827819.464862485,888475917.4256179,153
USDC_DEPEG_MARCH_2023,16900213,9785652.998900127,3331926.3668833217,1252563583.8592162,128
USDC_DEPEG_MARCH_2023,16900214,3300115.8692595745,2289852.60239778,376213209.0955915,114
USDC_DEPEG_MARCH_2023,16900215,4059165.3755507334,2030561.168152007,848365563.4901032,209
USDC_DEPEG_MARCH_2023,16900216,7697640.499157371,2361730.157505,1400970570.8466415,182
USDC_DEPEG_MARCH_2023,16900217,5548687.088972855,2390227.803067445,610355579.7870141,110
USDC_DEPEG_MARCH_2023,16900218,4551277.855804336,2183941.857830678,591666121.2545637,130
USDC_DEPEG_MARCH_2023,16900219,7623228.080461243,2178195.98121,1417920422.9657912,186
USDC_DEPEG_MARCH_2023,16900220,5004191.333857741,2636226.650041284,655549064.7353641,131
USDC_DEPEG_MARCH_2023,16900221,10838936.196803818,2430722.489,1311511279.813262,121
USDC_DEPEG_MARCH_2023,16900222,4404110.749887335,2499356.8171,550513843.7359169,125
USDC_DEPEG_MARCH_2023,16900223,7984426.143845669,2131703.418642288,782473762.0968755,98
USDC_DEPEG_MARCH_2023,16900224,3110991.8063540887,1996705.5399,622198361.2708178,200
USDC_DEPEG_MARCH_2023,16900225,5834069.631915324,2298206.517,851774166.2596374,146
USDC_DEPEG_MARCH_2023,16900226,4683797.538917023,2752005.47286,711937225.9153875,152
USDC_DEPEG_MARCH_2023,16900227,4457948.136417436,2436140.2895,548327620.7793447,123
USDC_DEPEG_MARCH_2023,16900228,8769422.854816101,1984151.40111,1543418422.447634,176
USDC_DEPEG_MARCH_2023,16900229,4368721.580584462,2393797.29842297,646570793.9265003,148
USDC_DEPEG_MARCH_2023,16900230,5107760.511406953,2573903.413073498,837672723.8707404,164
USDC_DEPEG_MARCH_2023,16900231,11674536.44669932,2067756.9503600001,1377595300.7105198,118
USDC_DEPEG_MARCH_2023,16900232,6665070.20010745,2967402.565496122,839798845.2135386,126
USDC_DEPEG_MARCH_2023,16900233,8629026.307671815,2281678.46289,1113144393.6896641,129
USDC_DEPEG_MARCH_2023,16900234,4662221.735817948,2099683.258632925,648048821.2786949,139
USDC_DEPEG_MARCH_2023,16900235,4537185.348619857,1411972.0088,930122996.4670706,205
USDC_DEPEG_MARCH_2023,16900236,5424542.866821416,525034.687254,813681430.0232123,150
USDC_DEPEG_MARCH_2023,16900237,8170065.613526281,2000024.87184,1446101613.5941517,177
USDC_DEPEG_MARCH_2023,16900238,6749676.1495285295,2138280.45903,776212757.1957809,115
USDC_DEPEG_MARCH_2023,16900239,3899105.908817064,2319644.10174,791518499.489864,203
USDC_DEPEG_MARCH_2023,16900240,6982977.145983519,1613875.375235556,1291850772.006951,185
USDC_DEPEG_MARCH_2023,16900241,6131589.542614386,2027864.0,545711469.2926804,89
USDC_DEPEG_MARCH_2023,16900242,4881503.790511815,1903576.84731,898196697.4541739,184
USDC_DEPEG_MARCH_2023,16900243,3830479.230635909,2046117.80043,448166069.98440135,117
USDC_DEPEG_MARCH_2023,16900244,3516298.2251547743,2686579.1592252683,267238665.11176285,76
USDC_DEPEG_MARCH_2023,16900245,6785467.136000938,2010458.55636,1119602077.4401548,165
USDC_DEPEG_MARCH_2023,16900246,3657932.7235568287,2563581.87678868,274344954.26676214,75
USDC_DEPEG_MARCH_2023,16900247,6402227.654586364,1875094.14546,1017954197.0792319,159
USDC_DEPEG_MARCH_2023,16900248,4522967.794155534,2045377.1407477641,732720782.6531966,162
USDC_DEPEG_MARCH_2023,16900249,3676333.110298603,2288622.876363443,624976628.7507625,170
USDC_DEPEG_MARCH_2023,16900250,3037677.1700447304,1216672.74227499,665251300.2397959,219
USDC_DEPEG_MARCH_2023,16900251,3700657.3874771693,2262351.0,1162006419.6678312,314
USDC_DEPEG_MARCH_2023,16900252,8716703.303088669,2346038.4904,1237771869.038591,142
USDC_DEPEG_MARCH_2023,16900253,6741271.853903253,2153479.737374981,781987535.0527773,116
USDC_DEPEG_MARCH_2023,16900254,5846117.186837513,2336931.6745896125,105230109.36307523,18
USDC_DEPEG_MARCH_2023,16900255,6048240.73484645,1864865.46861,1663266202.082774,275
USDC_DEPEG_MARCH_2023,16900256,5572673.115268092,2899007.50141919,624139388.9100263,112
USDC_DEPEG_MARCH_2023,16900257,10540829.085259907,4156235.4475460853,2635207271.3149767,250
USDC_DEPEG_MARCH_2023,16900258,4843888.185606697,883440.875486392,2078028031.625273,429
USDC_DEPEG_MARCH_2023,16900259,5999870.936589831,989144.884693678,863981414.8689356,144
USDC_DEPEG_MARCH_2023,16900260,8125653.044664588,4864866.0,609423978.3498441,75
USDC_DEPEG_MARCH_2023,16900261,11601129.766356517,3565786.921848297,1542950258.9254167,133
USDC_DEPEG_MARCH_2023,16900262,8384976.741080502,2890591.434365,989427255.4474993,118
USDC_DEPEG_MARCH_2023,16900263,9439732.712265952,1095351.880811066,2114500127.5475733,224
USDC_DEPEG_MARCH_2023,16900264,7032132.627597481,647430.0,1167334016.181182,166
USDC_DEPEG_MARCH_2023,16900265,4288811.545768704,2159366.5757734915,677632224.2314553,158
USDC_DEPEG_MARCH_2023,16900266,7654387.499649826,2987172.936,819019462.4625314,107
USDC_DEPEG_MARCH_2023,16900267,9410743.440309566,2216979.530624992,1176342930.0386956,125
USDC_DEPEG_MARCH_2023,16900268,5682351.409464866,2643999.605839584,858035062.8291948,151
USDC_DEPEG_MARCH_2023,16900269,7542498.289831191,3366918.908271204,701452340.9543008,93
USDC_DEPEG_MARCH_2023,16900270,8254151.481314474,2205601.91748,1147327055.9027119,139
USDC_DEPEG_MARCH_2023,16900271,3773806.031147421,1515845.541574548,403797245.33277404,107
USDC_DEPEG_MARCH_2023,16900272,4588552.82628038,2973311.799266908,665340159.8106551,145
USDC_DEPEG_MARCH_2023,16900273,7747538.517609199,5719710.98157584,1557255242.039449,201
USDC_DEPEG_MARCH_2023,16900274,4267541.215312626,2700488.559086775,439556745.1772005,103
USDC_DEPEG_MARCH_2023,16900275,6090842.188364491,3098610.065308755,870990432.9361222,143
USDC_DEPEG_MARCH_2023,16900276,8115530.577157543,3135660.31690335,933286016.3731174,115
USDC_DEPEG_MARCH_2023,16900277,10381028.073156169,2103611.35464,1588297295.1928937,153
USDC_DEPEG_MARCH_2023,16900278,3839449.7182157794,1704161.88022261,430018368.4401673,112
USDC_DEPEG_MARCH_2023,16900279,3494804.8844591705,1742420.9106,419376586.1351005,120
USDC_DEPEG_MARCH_2023,16900280,6082458.530569454,1961232.30747,1003605657.5439599,165
USDC_DEPEG_MARCH_2023,16900281,5461925.64168775,2104726.538924919,639045300.0774667,117
USDC_DEPEG_MARCH_2023,16900282,9122766.765667005,2082405.16134,1039995411.2860385,114
USDC_DEPEG_MARCH_2023,16900283,2471935.0887553976,816014.14104749,617983772.1888494,250
USDC_DEPEG_MARCH_2023,16900284,10943363.304474758,2781684.8922336,1225656690.101173,112
USDC_DEPEG_MARCH_2023,16900285,7336672.845210395,2054004.4525950002,1100500926.7815592,150
USDC_DEPEG_MARCH_2023,16900286,3983865.182036477,1748326.1718561375,438225170.0240125,110
USDC_DEPEG_MARCH_2023,16900287,3332300.983628434,2079302.4,429866826.888068,129
USDC_DEPEG_MARCH_2023,16900288,12111841.432892714,1958892.3411581172,1695657800.60498,140
USDC_DEPEG_MARCH_2023,16900289,2872738.0386816757,1845272.25293238,307382970.1389393,107
USDC_DEPEG_MARCH_2023,16900290,10299608.070955312,2063102.11362,1637637683.2818947,159
USDC_DEPEG_MARCH_2023,16900291,3805151.154203117,1889555.12415,376709964.2661086,99
USDC_DEPEG_MARCH_2023,16900292,5310002.336638333,2041061.263515,626580275.7233233,118
USDC_DEPEG_MARCH_2023,16900293,5552447.715425847,2695031.91836526,755132889.2979152,136
USDC_DEPEG_MARCH_2023,16900294,3009817.649976743,1509542.945560344,240785411.99813944,80
USDC_DEPEG_MARCH_2023,16900295,3207229.6306837043,2049315.05756643,314308503.807003,98
USDC_DEPEG_MARCH_2023,16900296,17641284.37350404,8982866.22435,4128060543.3999453,234
USDC_DEPEG_MARCH_2023,16900297,5018737.2596902605,4240897.3116975855,883297757.7054858,176
USDC_DEPEG_MARCH_2023,16900298,5149938.467807384,2198531.137945,715841447.0252264,139
USDC_DEPEG_MARCH_2023,16900299,5773573.499687574,2826960.030867328,819847436.9556355,142
USDC_DEPEG_MARCH_2023,16900300,3802134.014364561,2157770.85129,498079555.8817575,131
USDC_DEPEG_MARCH_2023,16900301,7715961.456136544,2445450.5592,1033938835.1222969,134
USDC_DEPEG_MARCH_2023,16900302,3500191.8426319505,2643234.076967484,416522829.2732021,119
USDC_DEPEG_MARCH_2023,16900303,7790253.969078753,2733002.171322844,1542470285.877593,198
USDC_DEPEG_MARCH_2023,16900304,10961187.601944434,2974245.077461746,1666100515.495554,152
USDC_DEPEG_MARCH_2023,16900305,11698024.331089593,2707254.6281932,1146406384.4467802,98
USDC_DEPEG_MARCH_2023,16900306,8156624.326355925,2873515.752951263,1247963521.9324565,153
USDC_DEPEG_MARCH_2023,16900307,4871305.395272563,2856552.082245422,545586204.2705271,112
USDC_DEPEG_MARCH_2023,16900308,3712655.8997142096,803337.076593902,976428501.6248372,263
USDC_DEPEG_MARCH_2023,16900309,15400916.27265335,2311042.889033649,1078064139.0857346,70
USDC_DEPEG_MARCH_2023,16900310,5881408.3742205305,2310436.6720564645,1164518858.095665,198
USDC_DEPEG_MARCH_2023,16900311,5631202.584513397,2509924.973335472,788368361.8318756,140
USDC_DEPEG_MARCH_2023,16900312,5584518.553442762,2740865.77634936,703649337.733788,126
USDC_DEPEG_MARCH_2023,16900313,4243703.263685072,2316345.640725095,551681424.2790593,130
USDC_DEPEG_MARCH_2023,16900314,8993214.41113514,2040970.8454977975,1187104302.2698386,132
USDC_DEPEG_MARCH_2023,16900315,11241672.237172559,3000283.224813183,1708734180.0502288,152
USDC_DEPEG_MARCH_2023,16900316,4794563.925323804,2238673.292612864,608909618.516123,127
USDC_DEPEG_MARCH_2023,16900317,8846007.793413747,2933445.80942212,1229595083.2845109,139
USDC_DEPEG_MARCH_2023,16900318,4690787.650258693,2196084.9373749997,544131367.4300084,116
USDC_DEPEG_MARCH_2023,16900319,8955305.943296865,2770710.0442899996,1217921608.2883737,136
USDC_DEPEG_MARCH_2023,16900320,4773324.552334178,2151614.20181906,587118919.9371039,123
USDC_DEPEG_MARCH_2023,16900321,6377127.448370429,2417368.5685,650466999.7337837,102
USDC_DEPEG_MARCH_2023,16900322,8552332.768390106,2653152.486808212,1120355592.6591039,131
USDC_DEPEG_MARCH_2023,16900323,6905521.600758121,1579492.69247,987489588.9084114,143
USDC_DEPEG_MARCH_2023,16900324,7629237.804782368,2731724.592577252,1068093292.6695316,140
USDC_DEPEG_MARCH_2023,16900325,4854038.120795232,2199105.7191026798,611608803.2201992,126
USDC_DEPEG_MARCH_2023,16900326,4602442.3647011975,2580675.9326280802,644341931.0581677,140
USDC_DEPEG_MARCH_2023,16900327,6790664.871636782,2198207.3525,726601141.2651356,107
USDC_DEPEG_MARCH_2023,16900328,5043730.476672833,2257373.75765,716209727.6875423,142
USDC_DEPEG_MARCH_2023,16900329,8239228.497278827,1606696.922233039,1178209675.1108723,143
USDC_DEPEG_MARCH_2023,16900330,9278929.715355624,1973936.7316529325,1076355846.9812524,116
USDC_DEPEG_MARCH_2023,16900331,6313644.385344487,3441941.0541556804,656619016.0758266,104
USDC_DEPEG_MARCH_2023,16900332,9548126.075029565,2178548.243647105,849783220.6776313,89
USDC_DEPEG_MARCH_2023,16900333,4533579.279820132,2277565.3212,1178730612.7532344,260
USDC_DEPEG_MARCH_2023,16900334,4484922.485021769,1033731.862275555,1049471861.4950941,234
USDC_DEPEG_MARCH_2023,16900335,4012789.463977947,2184344.634774624,786506734.9396776,196
USDC_DEPEG_MARCH_2023,16900336,7559138.695115814,2603122.5289787278,1179225636.438067,156
USDC_DEPEG_MARCH_2023,16900337,4681499.1005064845,2256201.132436344,514964901.0557133,110
USDC_DEPEG_MARCH_2023,16900338,7823605.367969075,1625639.7687,1376954544.7625573,176
USDC_DEPEG_MARCH_2023,16900339,18141491.40085546,2659053.1399499997,2249544933.706077,124
USDC_DEPEG_MARCH_2023,16900340,7712618.372272104,2753901.9864986385,1234018939.5635366,160
USDC_DEPEG_MARCH_2023,16900341,11236373.979236985,1958123.838808449,1247237511.6953053,111
USDC_DEPEG_MARCH_2023,16900342,4938672.515704306,2411836.564210086,1279116181.5674152,259
USDC_DEPEG_MARCH_2023,16900343,12119939.446083058,2686301.95067325,1296833520.7308872,107
USDC_DEPEG_MARCH_2023,16900344,9209836.304963695,2797602.6689,1243327901.1700988,135
USDC_DEPEG_MARCH_2023,16900345,5323872.843492111,2325922.528068889,612245377.0015928,115
USDC_DEPEG_MARCH_2023,16900346,13862218.884016119,3189201.729203706,1400084107.285628,101
USDC_DEPEG_MARCH_2023,16900347,6910626.05137308,3959022.353918704,746347613.5482926,108
USDC_DEPEG_MARCH_2023,16900348,6880509.836720743,2616741.005174744,694931493.508795,101
USDC_DEPEG_MARCH_2023,16900349,3640441.834170013,2248560.37699654,447774345.60291165,123
USDC_DEPEG_MARCH_2023,16900350,3701753.1001469716,2110790.006877792,451613878.21793056,122
USDC_DEPEG_MARCH_2023,16900351,5024496.554452742,2243175.77938776,612988579.6432346,122
USDC_DEPEG_MARCH_2023,16900352,7230534.678029625,2045749.52133,1178577152.5188289,163
USDC_DEPEG_MARCH_2023,16900353,5907911.134736543,2435298.675779256,449001246.23997724,76
USDC_DEPEG_MARCH_2023,16900354,4693017.19925104,1959296.089063509,933910422.6509569,199
USDC_DEPEG_MARCH_2023,16900355,5160187.593598414,2375046.854685133,614062323.6382113,119
USDC_DEPEG_MARCH_2023,16900356,4723696.395462419,2926179.141715224,647146406.1783514,137
USDC_DEPEG_MARCH_2023,16900357,8141035.994755142,1873712.7942642,1042052607.3286582,128
USDC_DEPEG_MARCH_2023,16900358,6051477.012084166,1978045.72641,810897919.6192782,134
USDC_DEPEG_MARCH_2023,16900359,5066957.403182933,2464150.2312,572566186.5596714,113
USDC_DEPEG_MARCH_2023,16900360,6798737.3890022,2007119.169037199,788653537.1242552,116
USDC_DEPEG_MARCH_2023,16900361,3870004.262664225,2489535.4263,460530507.25704277,119
USDC_DEPEG_MARCH_2023,16900362,9430295.094923947,1970581.88367,1423974559.3335161,151
USDC_DEPEG_MARCH_2023,16900363,11340123.341921799,2331242.2052182606,1292774060.979085,114
USDC_DEPEG_MARCH_2023,16900364,6760220.7439072905,2791368.868503592,790945827.037153,117
USDC_DEPEG_MARCH_2023,16900365,4285743.777540046,1952314.27083,510003509.5272655,119
USDC_DEPEG_MARCH_2023,16900366,8256668.783836404,1952314.27083,1197216973.6562786,145
USDC_DEPEG_MARCH_2023,16900367,4662036.106438488,1550548.827523916,624712838.2627573,134
USDC_DEPEG_MARCH_2023,16900368,2743040.484975605,1858827.43395,337393979.6519994,123
USDC_DEPEG_MARCH_2023,16900369,9455815.90801533,1854834.50817,1560209624.8225293,165
USDC_DEPEG_MARCH_2023,16900370,4841584.005221278,2546697.7066553403,610039584.657881,126
USDC_DEPEG_MARCH_2023,16900371,4939779.032775427,2609082.49488,528556356.5069707,107
USDC_DEPEG_MARCH_2023,16900372,7608924.303056981,2038018.8028,1164165418.3677182,153
USDC_DEPEG_MARCH_2023,16900373,7280465.728474067,1895200.0,764448901.489777,105
USDC_DEPEG_MARCH_2023,16900374,4549914.344853493,2537021.82334731,450441520.14049584,99
USDC_DEPEG_MARCH_2023,16900375,5496740.367435699,2836867.54267846,665105584.4597197,121
USDC_DEPEG_MARCH_2023,16900376,6418549.673315184,2630764.522373112,686784815.0447247,107
USDC_DEPEG_MARCH_2023,16900377,8040945.018608458,2233325.0983,989036237.2888404,123
USDC_DEPEG_MARCH_2023,16900378,5917101.337130088,2085710.03258473,917150707.2551637,155
USDC_DEPEG_MARCH_2023,16900379,7624807.246294603,3018255.380245354,777730339.1220495,102
USDC_DEPEG_MARCH_2023,16900380,4510712.811621301,2485060.617411445,595414091.1340117,132
USDC_DEPEG_MARCH_2023,16900381,8352962.796219502,2817625.3412753083,952237758.7690232,114
USDC_DEPEG_MARCH_2023,16900382,6397746.856718933,2160000.0,812513850.8033046,127
USDC_DEPEG_MARCH_2023,16900383,4620650.6239890875,1994947.56018,660753039.2304395,143
USDC_DEPEG_MARCH_2023,16900384,8161504.27660582,2975677.98475157,1044672547.405545,128
USDC_DEPEG_MARCH_2023,16900385,11158050.610633641,2627212.956282108,1249701668.3909678,112
USDC_DEPEG_MARCH_2023,16900386,5195039.464430716,2569528.0,784450959.1290381,151
USDC_DEPEG_MARCH_2023,16900387,4381532.439555889,1630449.599590032,810583501.3178395,185
USDC_DEPEG_MARCH_2023,16900388,3405737.0956228385,2141478.8891,432528611.1441005,127
USDC_DEPEG_MARCH_2023,16900389,8615529.356504824,1966199.47855,1326791520.901743,154
USDC_DEPEG_MARCH_2023,16900390,3382527.237933431,1464355.289239575,361930414.4588771,107
USDC_DEPEG_MARCH_2023,16900391,5453466.10014757,2052628.0559999999,730764457.4197743,134
USDC_DEPEG_MARCH_2023,16900392,4526861.716436612,2192818.2969,516062235.67377377,114
USDC_DEPEG_MARCH_2023,16900393,3847727.9004472033,2561764.926141212,473270531.755006,123
USDC_DEPEG_MARCH_2023,16900394,7416299.959963981,2107801.946145,986367894.6752095,133
USDC_DEPEG_MARCH_2023,16900395,3980970.7119096695,1968979.380536654,636955313.9055471,160
USDC_DEPEG_MARCH_2023,16900396,7887563.294312418,4425140.432908256,985945411.7890522,125
USDC_DEPEG_MARCH_2023,16900397,3740293.888675648,1208780.0,916372002.7255337,245
USDC_DEPEG_MARCH_2023,16900398,3815235.27561508,3230763.7207271177,419675880.3176588,110
USDC_DEPEG_MARCH_2023,16900399,8869735.985180939,3698057.441193375,1259502509.8956933,142
USDC_DEPEG_MARCH_2023,16900400,15396334.006769745,4010496.7634201553,1847560080.8123693,120
USDC_DEPEG_MARCH_2023,16900401,5763202.950531598,2714685.83420976,685821151.1132601,119
USDC_DEPEG_MARCH_2023,16900402,11248043.353396216,4822274.732007008,67488260.1203773,6
USDC_DEPEG_MARCH_2023,16900403,4109161.639577585,1840493.136065454,1220421006.9545426,297
USDC_DEPEG_MARCH_2023,16900404,4637269.760658857,2105378.0463641705,612119608.4069692,132
USDC_DEPEG_MARCH_2023,16900405,7689419.588633445,2189139.009194778,961177448.5791806,125
USDC_DEPEG_MARCH_2023,16900406,5449673.12344808,3335269.495567662,735705871.6654909,135
USDC_DEPEG_MARCH_2023,16900407,6504615.58075194,3771967.493021172,1372473887.5386593,211
USDC_DEPEG_MARCH_2023,16900408,4943817.652470831,2868501.902061708,697078288.9983871,141
USDC_DEPEG_MARCH_2023,16900409,5335383.444177474,2789288.496519811,720276764.963959,135
USDC_DEPEG_MARCH_2023,16900410,4191823.171832251,2031736.92073,477867841.5888766,114
USDC_DEPEG_MARCH_2023,16900411,6843481.875361617,2178031.5673,978617908.1767112,143
USDC_DEPEG_MARCH_2023,16900412,3537942.2172908126,884142.29999282,742967865.6310706,210
USDC_DEPEG_MARCH_2023,16900413,8448949.62293516,2759565.2031472865,895588660.0311269,106
USDC_DEPEG_MARCH_2023,16900414,4451371.506733805,1959232.511731145,578678295.8753947,130
USDC_DEPEG_MARCH_2023,16900415,3638155.659032979,1892262.83184,556637815.8320458,153
USDC_DEPEG_MARCH_2023,16900416,4927509.782219359,2091961.806174898,670141330.3818328,136
USDC_DEPEG_MARCH_2023,16900417,5306445.026516961,2317439.0673925,753515193.7654084,142
USDC_DEPEG_MARCH_2023,16900418,4112379.7335100737,2518769.495816014,1081555869.9131494,263
USDC_DEPEG_MARCH_2023,16900419,4578636.384716825,2909036.01201864,434970456.5480983,95
USDC_DEPEG_MARCH_2023,16900420,7938893.71796667,3787462.150516135,833583840.3865004,105
USDC_DEPEG_MARCH_2023,16900421,7172029.204255165,4741757.315997576,1319653373.5829504,184
USDC_DEPEG_MARCH_2023,16900422,4992849.193387867,2622654.172944118,534234863.6925018,107
USDC_DEPEG_MARCH_2023,16900423,4099238.516806466,2264009.3254,512404814.60080826,125
USDC_DEPEG_MARCH_2023,16900424,4430608.942942027,1984025.754,682313777.2130722,154
USDC_DEPEG_MARCH_2023,16900425,3471704.33165491,2696137.9045550562,388830885.1453499,112
USDC_DEPEG_MARCH_2023,16900426,6231585.147123427,1440000.0,1053137889.8638592,169
USDC_DEPEG_MARCH_2023,16900427,5591615.08701082,2527838.071915736,726909961.3114066,130
USDC_DEPEG_MARCH_2023,16900428,4243339.088419715,2037129.416190246,615284167.8208587,145
USDC_DEPEG_MARCH_2023,16900429,3780694.223649103,2108887.51771405,529297191.31087446,140
USDC_DEPEG_MARCH_2023,16900430,4318070.759114505,1991089.630330632,608847977.0351452,141
USDC_DEPEG_MARCH_2023,16900431,5156078.783689001,1623137.24228,649665926.744814,126
USDC_DEPEG_MARCH_2023,16900432,8165090.831764619,2620306.9232146,947150536.4846958,116
USDC_DEPEG_MARCH_2023,16900433,4663080.631143115,2133484.7613495053,624852804.5731775,134
USDC_DEPEG_MARCH_2023,16900434,3678223.8421120187,1801121.61301334,525986009.4220187,143
USDC_DEPEG_MARCH_2023,16900435,5573409.596854043,1510000.0,300964118.23011833,54
USDC_DEPEG_MARCH_2023,16900436,2882459.8608829402,1607124.26142,985801272.4219656,342
USDC_DEPEG_MARCH_2023,16900437,2964543.864118117,1785018.21183,601802404.4159777,203
USDC_DEPEG_MARCH_2023,16900438,10425990.137476886,2699278.847839126,1261544806.6347032,121
USDC_DEPEG_MARCH_2023,16900439,4488937.155598093,2797701.822558534,547650332.9829674,122
USDC_DEPEG_MARCH_2023,16900440,3361699.8048299723,1914347.3241753525,315999781.6540174,94
USDC_DEPEG_MARCH_2023,16900441,4385298.115989885,1756593.9373050001,245576694.4954336,56
USDC_DEPEG_MARCH_2023,16900442,4357016.460116406,1799714.5614995998,1298390905.114689,298
USDC_DEPEG_MARCH_2023,16900443,4070383.2183795227,1936603.41136245,577994417.0098922,142
USDC_DEPEG_MARCH_2023,16900444,4872071.711955901,2463893.05667264,735682828.505341,151
USDC_DEPEG_MARCH_2023,16900445,3578418.2293071956,3669712.925382675,497400133.8737002,139
USDC_DEPEG_MARCH_2023,16900446,3757572.9997121394,1128430.2170020826,751514599.9424279,200
USDC_DEPEG_MARCH_2023,16900447,8573898.725744493,1203043.226257245,985998353.4606168,115
USDC_DEPEG_MARCH_2023,16900448,3748804.105395004,1992328.93782,453605296.7527955,121
USDC_DEPEG_MARCH_2023,16900449,3237319.833088169,1735304.20317,420851578.30146194,130
USDC_DEPEG_MARCH_2023,16900450,4210692.064998254,1746933.240913025,644235885.9447329,153
USDC_DEPEG_MARCH_2023,16900451,2994962.455943198,1266246.056019191,631937078.2040148,211
USDC_DEPEG_MARCH_2023,16900452,4916835.245844363,1176528.698683645,511350865.56781375,104
USDC_DEPEG_MARCH_2023,16900453,9590729.99963025,2454277.01178364,1198841249.9537814,125
USDC_DEPEG_MARCH_2023,16900454,5140957.578915022,2457869.61252,591210121.5752276,115
USDC_DEPEG_MARCH_2023,16900455,6758596.185676846,1747275.55479,1081375389.7082953,160
USDC_DEPEG_MARCH_2023,16900456,4639874.513036372,4578957.29172,941894526.1463835,203
USDC_DEPEG_MARCH_2023,16900457,3817389.585061794,2076189.96681,500078035.643095,131
USDC_DEPEG_MARCH_2023,16900458,6138964.802131199,2041626.616800694,748953705.8600063,122
USDC_DEPEG_MARCH_2023,16900459,10030817.375670495,1505931.6278212639,1283944624.0858233,128
USDC_DEPEG_MARCH_2023,16900460,4316514.273897215,2289632.027071947,716541369.4669377,166
USDC_DEPEG_MARCH_2023,16900461,6481143.505836208,2560437.0,1069388678.4629743,165
USDC_DEPEG_MARCH_2023,16900462,4617211.271049875,1983230.665143023,609471887.7785835,132
USDC_DEPEG_MARCH_2023,16900463,3646264.514913097,1780118.97507,488599444.99835503,134
USDC_DEPEG_MARCH_2023,16900464,3458631.726344276,2021944.057875,466915283.0564773,135
USDC_DEPEG_MARCH_2023,16900465,3923746.4121528645,1804501.9413856934,463002076.63403803,118
USDC_DEPEG_MARCH_2023,16900466,4381050.292758475,1823139.55935,617728091.278945,141
USDC_DEPEG_MARCH_2023,16900467,4974223.553044233,1514656.422901906,611829497.0244406,123
USDC_DEPEG_MARCH_2023,16900468,4408533.737081428,1860621.652812343,581926453.2947485,132
USDC_DEPEG_MARCH_2023,16900469,3568694.864465028,2293911.93549767,506754670.754034,142
USDC_DEPEG_MARCH_2023,16900470,7060224.00129438,2251224.0,868407552.1592088,123
USDC_DEPEG_MARCH_2023,16900471,3178165.4454005593,1713808.908428562,581604276.5083023,183
USDC_DEPEG_MARCH_2023,16900472,5748213.971912561,2386279.208614144,695533890.6014199,121
USDC_DEPEG_MARCH_2023,16900473,3396799.2760916133,1972634.3682,234379150.0503213,69
USDC_DEPEG_MARCH_2023,16900474,7348435.418788762,2126547.0,2182485319.3802624,297
USDC_DEPEG_MARCH_2023,16900475,12532945.332786767,2154634.0788574,2757247973.2130885,220
USDC_DEPEG_MARCH_2023,16900476,6950603.230552057,1397114.52420098,896627816.7412153,129
USDC_DEPEG_MARCH_2023,16900477,4133765.571538255,2488626.65478,529121993.15689665,128
USDC_DEPEG_MARCH_2023,16900478,2806833.632697304,1863710.45622,339626869.5563738,121
USDC_DEPEG_MARCH_2023,16900479,4620736.811249602,2598556.93174816,706972732.121189,153
USDC_DEPEG_MARCH_2023,16900480,2659501.0542735197,1405246.47851579,284566612.8072666,107
USDC_DEPEG_MARCH_2023,16900481,4528389.13223387,4149624.935372968,982660441.6947498,217
USDC_DEPEG_MARCH_2023,16900482,5330192.494228787,1399027.550038454,1124670616.282274,211
USDC_DEPEG_MARCH_2023,16900483,3541069.5610007844,1871728.979153202,651556799.2241443,184
USDC_DEPEG_MARCH_2023,16900484,4322461.887690018,1620051.477510376,708883749.5811629,164
USDC_DEPEG_MARCH_2023,16900485,3688256.7573152035,1475937.259450136,538485486.5680197,146
USDC_DEPEG_MARCH_2023,16900486,3718668.194154295,2160000.0,635892261.2003845,171
USDC_DEPEG_MARCH_2023,16900487,7330006.373924906,1299896.2286114,791640688.3838899,108
USDC_DEPEG_MARCH_2023,16900488,6063609.320285345,1826657.32419,1097513286.9716475,181
USDC_DEPEG_MARCH_2023,16900489,8388270.207838952,2053312.91506552,1014980695.1485132,121
USDC_DEPEG_MARCH_2023,16900490,7515760.493205552,2020900.424144205,819217893.7594051,109
USDC_DEPEG_MARCH_2023,16900491,7012934.704681815,1871231.036372777,869603903.380545,124
USDC_DEPEG_MARCH_2023,16900492,9868595.651801834,2590384.870198048,1391471986.9040587,141
USDC_DEPEG_MARCH_2023,16900493,9569323.944420245,2078722.9101,1205734816.9969509,126
USDC_DEPEG_MARCH_2023,16900494,3614396.588464675,1866160.986765,599989833.6851361,166
USDC_DEPEG_MARCH_2023,16900495,3650259.2376602115,2136991.554540962,434380849.2815652,119
USDC_DEPEG_MARCH_2023,16900496,7062684.649689886,1630335.46257,1165342967.198831,165
USDC_DEPEG_MARCH_2023,16900497,4345710.749705892,1911783.2724,1012550604.6814728,233
USDC_DEPEG_MARCH_2023,16900498,4889154.54389916,1988811.94404,567141927.0923026,116
USDC_DEPEG_MARCH_2023,16900499,4921084.516298396,2021678.3670426,590530141.9558074,120
USDC_DEPEG_MARCH_2023,16900500,3525210.6900918307,1773341.004375,500579917.99303997,142
USDC_DEPEG_MARCH_2023,16900501,3787330.2941093873,1942289.22115,431755653.52847016,114
USDC_DEPEG_MARCH_2023,16900502,7785471.380682275,2481200.103228952,1012111279.4886957,130
USDC_DEPEG_MARCH_2023,16900503,6246623.160210177,2248695.1968,830800880.3079536,133
USDC_DEPEG_MARCH_2023,16900504,8812601.25040826,2534133.94072177,1163263365.0538902,132
USDC_DEPEG_MARCH_2023,16900505,4682502.386130059,1723164.025157748,721105367.4640291,154
USDC_DEPEG_MARCH_2023,16900506,3778879.3109275326,1953208.809825,495033189.73150676,131
USDC_DEPEG_MARCH_2023,16900507,7685136.8482372295,1671927.6357,1490916548.5580225,194
USDC_DEPEG_MARCH_2023,16900508,5352364.293365391,2601563.84256524,647636079.4972123,121
USDC_DEPEG_MARCH_2023,16900509,20594032.762197442,2187374.039638029,2553660062.5124826,124
USDC_DEPEG_MARCH_2023,16900510,5505731.264098581,1894340.852215257,671699214.2200269,122
USDC_DEPEG_MARCH_2023,16900511,7117984.366264632,1759302.4,832804170.8529619,117
USDC_DEPEG_MARCH_2023,16900512,4050322.629137505,1934649.018,639950975.4037257,158
USDC_DEPEG_MARCH_2023,16900513,5201116.417223566,1946753.4512,655340668.5701693,126
USDC_DEPEG_MARCH_2023,16900514,5890898.354227957,1877603.3996,1125161585.6575398,191
USDC_DEPEG_MARCH_2023,16900515,5160550.014215492,1946459.9338,345756850.95243794,67
USDC_DEPEG_MARCH_2023,16900516,8848216.98471216,1860101.4336,2884518737.016164,326
USDC_DEPEG_MARCH_2023,16900517,5176665.876992453,2663658.27558476,740263220.4099208,143
USDC_DEPEG_MARCH_2023,16900518,3961134.7661807328,1951610.628,534753193.43439895,135
USDC_DEPEG_MARCH_2023,16900519,2476755.8538321243,1379347.810248408,433432274.42062175,175
USDC_DEPEG_MARCH_2023,16900520,5601417.91544844,1669543.35507,1092276493.512446,195
USDC_DEPEG_MARCH_2023,16900521,3638268.98062183,1849497.039772532,643973609.570064,177
USDC_DEPEG_MARCH_2023,16900522,7561835.842470391,1709183.03589,1172084555.5829105,155
USDC_DEPEG_MARCH_2023,16900523,3254007.0566668105,1845724.70844,439290952.6500194,135
USDC_DEPEG_MARCH_2023,16900524,5414516.361625303,1925080.8589,790519388.7972941,146
USDC_DEPEG_MARCH_2023,16900525,8720502.48492608,1825028.886141279,985416780.7966471,113
USDC_DEPEG_MARCH_2023,16900526,3829059.2251289515,1937313.14526,379076863.2877662,99
USDC_DEPEG_MARCH_2023,16900527,3337035.0197950546,1674070.680202564,664069968.9392159,199
USDC_DEPEG_MARCH_2023,16900528,2735745.1085330457,1951610.628,459605178.2335517,168
USDC_DEPEG_MARCH_2023,16900529,5790317.854260868,1951610.628,885918631.7019129,153
USDC_DEPEG_MARCH_2023,16900530,5168862.885834532,1951610.628,956239633.8793885,185
USDC_DEPEG_MARCH_2023,16900531,3504013.2579943663,2062340.346190874,462529750.05525637,132
USDC_DEPEG_MARCH_2023,16900532,4806869.234668166,1739260.65699,874850200.7096063,182
USDC_DEPEG_MARCH_2023,16900533,4451482.784940061,1928240.061239016,556435348.1175077,125
USDC_DEPEG_MARCH_2023,16900534,4866555.9551451,1673454.12309,1002510526.7598906,206
USDC_DEPEG_MARCH_2023,16900535,4844184.068720874,1778590.399544216,828355475.7512695,171
USDC_DEPEG_MARCH_2023,16900536,4193504.2697246214,2234789.11550344,566123076.4128239,135
USDC_DEPEG_MARCH_2023,16900537,14293105.375529736,3456138.453542363,943344954.7849625,66
USDC_DEPEG_MARCH_2023,16900538,3054826.9810263766,1392873.0774874738,922557748.2699658,302
USDC_DEPEG_MARCH_2023,16900539,6664540.05184634,3491192.705595084,873054746.7918706,131
USDC_DEPEG_MARCH_2023,16900540,4025588.804440802,2152292.023814859,507224189.35954106,126
USDC_DEPEG_MARCH_2023,16900541,12082984.398439523,2296564.958689287,1462041112.2111824,121
USDC_DEPEG_MARCH_2023,16900542,2432761.96331499,1951610.628,544938679.7825577,224
USDC_DEPEG_MARCH_2023,16900543,3497285.7493711547,1951610.628,594538577.3930963,170
USDC_DEPEG_MARCH_2023,16900544,3257866.1213654173,2329740.34134305,579900169.6030443,178
USDC_DEPEG_MARCH_2023,16900545,6559316.315608442,1511375.314206744,977338131.0256579,149
USDC_DEPEG_MARCH_2023,16900546,5096989.798954792,1891652.637088,356789285.9268355,70
USDC_DEPEG_MARCH_2023,16900547,4474428.174154466,1587707.44758,783024930.4770316,175
USDC_DEPEG_MARCH_2023,16900548,3479583.5919306474,1623801.2683950001,438427532.58326155,126
USDC_DEPEG_MARCH_2023,16900549,7713590.339078144,1681555.5616907,948771611.7066118,123
USDC_DEPEG_MARCH_2023,16900550,4543216.450788785,1749772.678556148,654223168.913585,144
USDC_DEPEG_MARCH_2023,16900551,3451581.254115166,1328079.67152,445253981.78085643,129
USDC_DEPEG_MARCH_2023,16900552,4167214.6278604437,3538849.704699204,920954432.757158,221
USDC_DEPEG_MARCH_2023,16900553,4346405.537529874,2192598.008367216,560686314.3413537,129
USDC_DEPEG_MARCH_2023,16900554,17692088.22459304,3982679.37837818,2777657851.2611074,157
USDC_DEPEG_MARCH_2023,16900555,5896700.992346806,2218825.965824512,813744736.9438593,138
USDC_DEPEG_MARCH_2023,16900556,4892745.797181577,2506304.15883104,479489088.12379456,98
USDC_DEPEG_MARCH_2023,16900557,4731495.497146671,1951610.628,695529838.0805606,147
USDC_DEPEG_MARCH_2023,16900558,4089795.394417801,1171076.096852029,601199922.9794167,147
USDC_DEPEG_MARCH_2023,16900559,3840779.209486557,1300813.809223981,491619738.8142793,128
USDC_DEPEG_MARCH_2023,16900560,7127940.006374065,1879417.46697,1026423360.9178654,144
USDC_DEPEG_MARCH_2023,16900561,4344063.9466794515,1730475.549104749,443094522.56130403,102
USDC_DEPEG_MARCH_2023,16900562,4352919.403490806,1701936.7668,674702507.541075,155
USDC_DEPEG_MARCH_2023,16900563,3188164.325124418,1257608.366225226,357074404.4139348,112
USDC_DEPEG_MARCH_2023,16900564,2641642.937708606,1624576.69989,607577875.6729794,230
USDC_DEPEG_MARCH_2023,16900565,4069828.718379689,1924360.4999,671521738.5326487,165
USDC_DEPEG_MARCH_2023,16900566,4222518.967809866,1935706.9427,434919453.6844162,103
USDC_DEPEG_MARCH_2023,16900567,6294353.901041677,1726801.2788077,843443422.7395848,134
USDC_DEPEG_MARCH_2023,16900568,27229840.10300998,4199383.94188084,1715479926.4896288,63
USDC_DEPEG_MARCH_2023,16900569,2928747.052099717,1548781.19763773,547675698.742647,187
USDC_DEPEG_MARCH_2023,16900570,9404810.962601364,1353065.3457127493,1166196559.362569,124
USDC_DEPEG_MARCH_2023,16900571,5155278.161061232,2333219.0,726894220.7096337,141
USDC_DEPEG_MARCH_2023,16900572,6896549.581398441,1847868.9055,1144827230.5121412,166
USDC_DEPEG_MARCH_2023,16900573,4324773.353240264,1917604.29637324,475725068.856429,110
USDC_DEPEG_MARCH_2023,16900574,2833575.6848697593,1394514.0,396700595.8817663,140
USDC_DEPEG_MARCH_2023,16900575,4802976.893087716,2225940.234625,725249510.856245,151
USDC_DEPEG_MARCH_2023,16900576,4377120.372770753,1729356.881,652190935.5428421,149
USDC_DEPEG_MARCH_2023,16900577,3672678.9793188847,1800346.11498,532538452.0012383,145
USDC_DEPEG_MARCH_2023,16900578,3684810.9031134006,1659304.52339537,504819093.72653586,137
USDC_DEPEG_MARCH_2023,16900579,4640854.431165709,2298344.414134506,436240316.52957666,94
USDC_DEPEG_MARCH_2023,16900580,8061217.31910035,1734003.235535,773876862.6336336,96
USDC_DEPEG_MARCH_2023,16900581,3226992.6560303154,1678293.0,906784936.3445187,281
USDC_DEPEG_MARCH_2023,16900582,2711720.317045699,1566885.4956,602001910.3841451,222
USDC_DEPEG_MARCH_2023,16900583,5253284.826596459,1240837.232221076,803752578.4692583,153
USDC_DEPEG_MARCH_2023,16900584,2964299.6815184737,1229765.727522843,483180848.0875112,163
USDC_DEPEG_MARCH_2023,16900585,5480651.157658989,599384.241498,1068726975.7435029,195
USDC_DEPEG_MARCH_2023,16900586,2340861.1279760203,604544.243149119,458808781.0833,196
USDC_DEPEG_MARCH_2023,16900587,4073734.523613309,1849260.0884849806,692534869.0142626,170
USDC_DEPEG_MARCH_2023,16900588,3716979.1088420562,1916137.5792,509226137.9113617,137
USDC_DEPEG_MARCH_2023,16900589,3754499.2359828777,1865465.0403,683318860.9488838,182
USDC_DEPEG_MARCH_2023,16900590,3112133.1991705606,1112486.727,606865973.8382593,195
USDC_DEPEG_MARCH_2023,16900591,3630452.989393384,1416083.956094655,493741606.55750024,136
USDC_DEPEG_MARCH_2023,16900592,5625426.577999615,1928617.1173,798810574.0759454,142
USDC_DEPEG_MARCH_2023,16900593,8006327.230773499,4291024.455758232,1064841521.6928754,133
USDC_DEPEG_MARCH_2023,16900594,3812026.3612972246,2478851.375215608,598488138.7236643,157
USDC_DEPEG_MARCH_2023,16900595,4577538.799644149,4988337.65675,1185582549.1078346,259
USDC_DEPEG_MARCH_2023,16900596,4127776.023732521,2455179.6462307065,528355331.0377627,128
USDC_DEPEG_MARCH_2023,16900597,3768550.056091688,2483308.362694793,455994556.78709424,121
USDC_DEPEG_MARCH_2023,16900598,9181664.405678384,2661957.02623156,964074762.5962303,105
USDC_DEPEG_MARCH_2023,16900599,5172734.570727063,2602413.81720108,600037210.2043394,116
USDC_DEPEG_MARCH_2023,16900600,4981575.108499178,5193198.7055,1170670150.4973068,235
USDC_DEPEG_MARCH_2023,16900601,4600779.190482159,1909277.99082,446275581.47676945,97
USDC_DEPEG_MARCH_2023,16900602,3829482.3597676,2121548.996226477,463367365.5318796,121
USDC_DEPEG_MARCH_2023,16900603,8155407.881962215,2137963.12846932,782919156.6683726,96
USDC_DEPEG_MARCH_2023,16900604,2660976.851922723,1746539.52309,337944060.1941858,127
USDC_DEPEG_MARCH_2023,16900605,7314985.059173204,1968992.0817075,892428177.2191309,122
USDC_DEPEG_MARCH_2023,16900606,5819152.454303132,2556799.124379435,733213209.2421947,126
USDC_DEPEG_MARCH_2023,16900607,4427969.254237835,1705740.45651,730614926.9492428,165
USDC_DEPEG_MARCH_2023,16900608,6705810.447791245,2358602.583413376,683992665.6747069,102
USDC_DEPEG_MARCH_2023,16900609,3253976.1132878195,1519584.01299,673573055.4505787,207
USDC_DEPEG_MARCH_2023,16900610,4469080.384222315,1354437.195757406,545227806.8751224,122
USDC_DEPEG_MARCH_2023,16900611,5594188.478520782,1857882.761469,766403821.557347,137
USDC_DEPEG_MARCH_2023,16900612,4181790.5250961836,1800000.0,631450369.2895237,151
USDC_DEPEG_MARCH_2023,16900613,3821419.774854091,1800000.0,397427656.58482546,104
USDC_DEPEG_MARCH_2023,16900614,4505894.376296944,1851869.4891025,711931311.4549172,158
USDC_DEPEG_MARCH_2023,16900615,3680604.284811441,1800000.0,489520369.8799216,133
USDC_DEPEG_MARCH_2023,16900616,3494612.7486718823,2003232.851697762,359945113.1132039,103
USDC_DEPEG_MARCH_2023,16900617,2264521.1197186923,1800000.0,79258239.19015422,35
USDC_DEPEG_MARCH_2023,16900618,4766574.564819687,1803173.354614286,1210709939.4642005,254
USDC_DEPEG_MARCH_2023,16900619,3242446.8359814254,1835728.9883953459,389093620.317771,120
USDC_DEPEG_MARCH_2023,16900620,5791856.533334077,1686123.225703903,932488901.8667865,161
USDC_DEPEG_MARCH_2023,16900621,3724966.0682849395,2055212.161412114,409746267.51134336,110
USDC_DEPEG_MARCH_2023,16900622,4284422.1448060265,1800000.0,612672366.7072618,143
USDC_DEPEG_MARCH_2023,16900623,6556363.735760543,2002156.455516048,793320012.0270257,121
USDC_DEPEG_MARCH_2023,16900624,2652619.3968866537,1800000.0,209556932.35404566,79
USDC_DEPEG_MARCH_2023,16900625,4404237.414354721,1800000.0,920485619.6001368,209
USDC_DEPEG_MARCH_2023,16900626,5121491.240716062,1762315.35417,578728510.200915,113
USDC_DEPEG_MARCH_2023,16900627,7099556.897619272,1993784.304576174,930041953.5881246,131
USDC_DEPEG_MARCH_2023,16900628,3077101.810965524,1586300.6337725446,301555977.47462136,98
USDC_DEPEG_MARCH_2023,16900629,4137600.865678237,1530000.0,575126520.3292749,139
USDC_DEPEG_MARCH_2023,16900630,5045115.194869123,1800000.0,1357135987.419794,269
USDC_DEPEG_MARCH_2023,16900631,2687200.197267028,1340934.806916051,655676848.1331549,244
USDC_DEPEG_MARCH_2023,16900632,1949730.887261367,1733964.018548594,87737889.92676151,45
USDC_DEPEG_MARCH_2023,16900633,3935413.868778054,1658405.9627,1223913713.1899748,311
USDC_DEPEG_MARCH_2023,16900634,4955943.277524085,2193261.646498516,530285930.6950771,107
USDC_DEPEG_MARCH_2023,16900635,2928849.0299186334,1800000.0,418825411.2783646,143
USDC_DEPEG_MARCH_2023,16900636,6243558.845507229,1615484.769504661,955264503.362606,153
USDC_DEPEG_MARCH_2023,16900637,2972161.8112890064,1800000.0,442852109.88206196,149
USDC_DEPEG_MARCH_2023,16900638,5974055.424712245,2171114.1389,985719145.0775205,165
USDC_DEPEG_MARCH_2023,16900639,3437296.5195828914,2348561.81157876,360916134.5562036,105
USDC_DEPEG_MARCH_2023,16900640,4040293.8684691903,1800000.0,642406725.0866013,159
USDC_DEPEG_MARCH_2023,16900641,3838993.65413685,2273478.09873716,529781124.2708853,138
USDC_DEPEG_MARCH_2023,16900642,2629035.4422753556,1998208.49755086,215580906.26657915,82
USDC_DEPEG_MARCH_2023,16900643,7045893.087807938,1868504.06169504,1204847718.0151575,171
USDC_DEPEG_MARCH_2023,16900644,3519444.8057197006,1483350.04449,531436165.66367483,151
USDC_DEPEG_MARCH_2023,16900645,6346185.998324877,1800000.0,844042737.7772086,133
USDC_DEPEG_MARCH_2023,16900646,3229773.7836622796,1800000.0,426330139.4434209,132
USDC_DEPEG_MARCH_2023,16900647,3550751.406217201,1532491.934611539,798919066.3988702,225
USDC_DEPEG_MARCH_2023,16900648,4368725.902807861,1800000.0,502403478.82290393,115
USDC_DEPEG_MARCH_2023,16900649,3991099.4395777425,1331174.3364849775,654540308.0907497,164
USDC_DEPEG_MARCH_2023,16900650,9203600.85644274,1824392.034172416,1417354531.892182,154
USDC_DEPEG_MARCH_2023,16900651,3234409.272966174,1508417.386849843,439879661.1233997,136
USDC_DEPEG_MARCH_2023,16900652,4882483.181871141,1800000.0,624957847.2795061,128
USDC_DEPEG_MARCH_2023,16900653,5244316.191026833,2145329.57551336,173062434.3038855,33
USDC_DEPEG_MARCH_2023,16900654,5882437.957037264,1741298.62785,1564728496.571912,266
USDC_DEPEG_MARCH_2023,16900655,2735814.333325631,1467053.656486264,536219609.3318237,196
USDC_DEPEG_MARCH_2023,16900656,8213715.715972755,2222328.587723595,1240271073.111886,151
USDC_DEPEG_MARCH_2023,16900657,4843510.16707297,1800000.0,610282281.0511943,126
USDC_DEPEG_MARCH_2023,16900658,17446217.313216504,1800000.0,2913518291.307156,167
USDC_DEPEG_MARCH_2023,16900659,24082122.627287835,2157110.4502597703,2215555281.7104807,92
USDC_DEPEG_MARCH_2023,16900660,2658766.9940142757,1800000.0,130279582.7066995,49
USDC_DEPEG_MARCH_2023,16900661,10499908.834915243,1651710.9152475,3023973744.4555902,288
USDC_DEPEG_MARCH_2023,16900662,30053870.686933078,2866614.50880152,2223986430.833048,74
USDC_DEPEG_MARCH_2023,16900663,4179543.676542347,1462758.77486727,840088278.9850117,201
USDC_DEPEG_MARCH_2023,16900664,13701731.81783715,1882963.3178,2329294409.0323157,170
USDC_DEPEG_MARCH_2023,16900665,17860022.19227686,1828075.2757,2607563240.072422,146
USDC_DEPEG_MARCH_2023,16900666,19582957.698125765,2478622.0162685234,2467452669.963846,126
USDC_DEPEG_MARCH_2023,16900667,16635294.11254786,2337625.45328612,2229129411.0814133,134
USDC_DEPEG_MARCH_2023,16900668,17683413.338234324,2822020.765068336,2404944213.999868,136
USDC_DEPEG_MARCH_2023,16900669,7921922.928968267,2381714.668972002,903099213.9023824,114
USDC_DEPEG_MARCH_2023,16900670,23631968.346421484,2529622.167219216,2930364074.956264,124
USDC_DEPEG_MARCH_2023,16900671,18650652.58683139,3122723.986593984,2573790056.982732,138
USDC_DEPEG_MARCH_2023,16900672,24441734.505224746,2548555.31868336,2933008140.6269693,120
USDC_DEPEG_MARCH_2023,16900673,22878754.235304777,2881019.550593328,2516662965.8835254,110
USDC_DEPEG_MARCH_2023,16900674,20542852.894604135,2502518.244520001,2855456552.3499746,139
USDC_DEPEG_MARCH_2023,16900675,29798683.178508207,2892752.718644625,2294498604.745132,77
USDC_DEPEG_MARCH_2023,16900676,4671829.3378192885,1946198.0664588371,738149035.3754476,158
USDC_DEPEG_MARCH_2023,16900677,11778226.172068005,2844304.013965225,1189600843.3788686,101
USDC_DEPEG_MARCH_2023,16900678,27616600.385837357,3233980.970745534,3479691648.615507,126
USDC_DEPEG_MARCH_2023,16900679,27199245.515245486,2075278.4494697624,3209510970.7989674,118
USDC_DEPEG_MARCH_2023,16900680,31550458.95568477,2550484.24467595,3565201861.992379,113
USDC_DEPEG_MARCH_2023,16900681,30947778.229568683,2683747.796405088,3156673379.4160056,102
USDC_DEPEG_MARCH_2023,16900682,19359822.369169425,2902061.766820202,1955342059.2861118,101
USDC_DEPEG_MARCH_2023,16900683,35703265.159299165,3869202.68098885,4748534266.186789,133
USDC_DEPEG_MARCH_2023,16900684,29530329.428855173,3027637.06468,3130214919.458648,106
USDC_DEPEG_MARCH_2023,16900685,24895057.434452374,2546114.5767,3111882179.3065467,125
USDC_DEPEG_MARCH_2023,16900686,28122879.274591316,3145614.014715399,2952902323.832088,105
USDC_DEPEG_MARCH_2023,16900687,27481922.055922057,2987622.1492606644,3792505243.717244,138
USDC_DEPEG_MARCH_2023,16900688,22913602.518669374,3081416.946455214,2978768327.4270186,130
USDC_DEPEG_MARCH_2023,16900689,28133311.32454358,5042459.960101151,3319730736.2961426,118
USDC_DEPEG_MARCH_2023,16900690,6907841.227622358,2307653.006445,676968440.3069911,98
USDC_DEPEG_MARCH_2023,16900691,17673003.377310473,2209732.379588916,2969064567.3881593,168
USDC_DEPEG_MARCH_2023,16900692,23861110.69146033,4301499.950451981,3412138828.878827,143
USDC_DEPEG_MARCH_2023,16900693,24739623.46386467,5260083.278501616,3117192556.4469485,126
USDC_DEPEG_MARCH_2023,16900694,25971400.088490278,2228973.930947869,2934768209.9994016,113
USDC_DEPEG_MARCH_2023,16900695,25781993.765319113,3487325.0,3970427039.8591433,154
USDC_DEPEG_MARCH_2023,16900696,27979747.93209401,3215913.482747637,3133731768.3945293,112
USDC_DEPEG_MARCH_2023,16900697,24452636.623267204,3190195.202182062,3447821763.880676,141
USDC_DEPEG_MARCH_2023,16900698,10184364.159481449,2707899.1664,1110095693.383478,109
USDC_DEPEG_MARCH_2023,16900699,29496643.24186651,2970000.0,3215134113.3634496,109
USDC_DEPEG_MARCH_2023,16900700,4537754.665197714,2364106.51835526,77141829.30836114,17
USDC_DEPEG_MARCH_2023,16900701,16324026.973244399,2161541.69883,3672906068.9799895,225
USDC_DEPEG_MARCH_2023,16900702,26402384.42157853,14752751.4042,6178157954.649376,234
USDC_DEPEG_MARCH_2023,16900703,28462681.87951869,3505275.36564152,3728611326.2169485,131
USDC_DEPEG_MARCH_2023,16900704,7120843.729009668,2788070.0819,925709684.7712569,130
USDC_DEPEG_MARCH_2023,16900705,28814252.387744248,3179035.5337994397,3169567762.6518674,110
USDC_DEPEG_MARCH_2023,16900706,8846968.536286792,3320435.678424732,1964027015.0556679,222
USDC_DEPEG_MARCH_2023,16900707,5502399.935464446,6570446.27470784,16507199.806393338,3
USDC_DEPEG_MARCH_2023,16900708,10773884.6863248,2374350.84236,1486796086.7128224,138
USDC_DEPEG_MARCH_2023,16900709,7175793.088924022,2773430.629358013,1277291169.828476,178
USDC_DEPEG_MARCH_2023,16900710,6121194.062344865,2649188.473723324,581513435.9227622,95
USDC_DEPEG_MARCH_2023,16900711,14246949.180676656,2815978.570805894,1424694918.0676656,100
USDC_DEPEG_MARCH_2023,16900712,11814212.380795803,2646351.26,1216863875.2219677,103
USDC_DEPEG_MARCH_2023,16900713,6817226.462101789,3033193.00944,729443231.4448915,107
USDC_DEPEG_MARCH_2023,16900714,6668731.425078798,2353719.183954143,640198216.8075646,96
USDC_DEPEG_MARCH_2023,16900715,4052177.0639948905,2358675.71092814,470052539.4234073,116
USDC_DEPEG_MARCH_2023,16900716,9631543.484714508,1962204.73560332,1232837566.043457,128
USDC_DEPEG_MARCH_2023,16900717,10611302.184420552,2674423.491967689,1538638816.7409801,145
USDC_DEPEG_MARCH_2023,16900718,4725320.615218321,2387122.4883,600115718.1327268,127
USDC_DEPEG_MARCH_2023,16900719,12852331.618752813,2763372.4197139395,1388051814.8253038,108
USDC_DEPEG_MARCH_2023,16900720,8240152.009984192,2171410.6544,1095940217.3278975,133
USDC_DEPEG_MARCH_2023,16900721,16986750.201351285,6117892.28232,3652151293.290526,215
USDC_DEPEG_MARCH_2023,16900722,13383521.255796824,3177579.364080507,1646173114.4630094,123
USDC_DEPEG_MARCH_2023,16900723,21254637.823622216,3214994.113966448,2741848279.247266,129
USDC_DEPEG_MARCH_2023,16900724,9950870.606037276,2806007.127566344,1283662308.1788087,129
USDC_DEPEG_MARCH_2023,16900725,13573917.179013964,2617404.5841,1628870061.4816756,120
USDC_DEPEG_MARCH_2023,16900726,6298661.660951096,3037784.81581929,642463489.4170117,102
USDC_DEPEG_MARCH_2023,16900727,16502700.963724583,3595462.7571324,2706442958.050832,164
USDC_DEPEG_MARCH_2023,16900728,16126080.964275545,2544805.9275,2080264444.3915453,129
USDC_DEPEG_MARCH_2023,16900729,8508663.301362688,2662468.6836,1514542067.6425583,178
USDC_DEPEG_MARCH_2023,16900730,37847061.95029279,3854823.56245476,5639212230.593625,149
USDC_DEPEG_MARCH_2023,16900731,18812937.0058681,4370264.659420095,3386328661.056258,180
USDC_DEPEG_MARCH_2023,16900732,38555320.488466695,5124366.721200435,5629076791.316137,146
USDC_DEPEG_MARCH_2023,16900733,18608834.83928588,3650063.192897094,3368199105.9107447,181
USDC_DEPEG_MARCH_2023,16900734,8622483.508244267,3110553.365130567,1207147691.1541972,140
USDC_DEPEG_MARCH_2023,16900735,12219314.994421002,2824545.0,1319686019.397468,108
USDC_DEPEG_MARCH_2023,16900736,13178384.276509177,2539684.070805,1489157423.245537,113
USDC_DEPEG_MARCH_2023,16900737,9821549.210624505,3034029.615993477,1266979848.170561,129
USDC_DEPEG_MARCH_2023,16900738,7736892.721941146,2336409.43668608,1067691195.6278782,138
USDC_DEPEG_MARCH_2023,16900739,2751685.975709617,1248853.942767,63288777.441321194,23
USDC_DEPEG_MARCH_2023,16900740,5386146.844028244,1978151.54904,1486576528.9517953,276
USDC_DEPEG_MARCH_2023,16900741,6656521.800564571,3818588.6511785826,971852182.8824275,146
USDC_DEPEG_MARCH_2023,16900742,10680067.011100201,2820532.5787017597,1238887773.2876234,116
USDC_DEPEG_MARCH_2023,16900743,8983174.6845182,2856553.279711836,1122896835.564775,125
USDC_DEPEG_MARCH_2023,16900744,6654930.685832094,2824738.203780504,818556474.3573476,123
USDC_DEPEG_MARCH_2023,16900745,7721292.263376567,2383931.268681738,1158193839.506485,150
USDC_DEPEG_MARCH_2023,16900746,7396616.133027997,2629091.742,983749945.6927236,133
USDC_DEPEG_MARCH_2023,16900747,6749327.130069599,2858882.615506463,803169928.4782822,119
USDC_DEPEG_MARCH_2023,16900748,8413340.215880185,2727362.0,1085320887.848544,129
USDC_DEPEG_MARCH_2023,16900749,11585767.82961524,2707284.0,1123819479.4726784,97
USDC_DEPEG_MARCH_2023,16900750,6051392.534989804,2204735.5296,829040777.2936032,137
USDC_DEPEG_MARCH_2023,16900751,15339886.652949104,2152060.356696032,1840786398.3538926,120
USDC_DEPEG_MARCH_2023,16900752,10887107.334860908,1915207.1304188818,1219356021.5044217,112
USDC_DEPEG_MARCH_2023,16900753,6867551.8084348515,1902324.0645,762298250.7362685,111
USDC_DEPEG_MARCH_2023,16900754,7517568.652740901,2149759.33515,1120117729.2583942,149
USDC_DEPEG_MARCH_2023,16900755,4373755.711631716,1869855.2606588465,638568333.8982306,146
USDC_DEPEG_MARCH_2023,16900756,4557729.070280765,1990153.1731,679101631.471834,149
USDC_DEPEG_MARCH_2023,16900757,7092031.354963062,1927479.053926134,950332201.5650504,134
USDC_DEPEG_MARCH_2023,16900758,5154382.921959675,1731707.45667,778311821.2159109,151
USDC_DEPEG_MARCH_2023,16900759,8960283.50578453,2410000.0,1012512036.153652,113
USDC_DEPEG_MARCH_2023,16900760,5219547.380054444,1491253.193618664,762053917.4879489,146
USDC_DEPEG_MARCH_2023,16900761,5095019.805697345,1900000.0,672542614.3520496,132
USDC_DEPEG_MARCH_2023,16900762,4922270.300844138,2084816.1689,689117842.1181793,140
USDC_DEPEG_MARCH_2023,16900763,6501322.91070448,2426233.281516468,1059715634.4448302,163
USDC_DEPEG_MARCH_2023,16900764,4569675.152420036,1876662.99522675,589488094.6621846,129
USDC_DEPEG_MARCH_2023,16900765,8304784.679514198,2493892.42117956,1129450716.413931,136
USDC_DEPEG_MARCH_2023,16900766,4983310.679554964,1924358.1484,702646805.81725,141
USDC_DEPEG_MARCH_2023,16900767,8417269.311610272,2353318.299000064,1060575933.2628944,126
USDC_DEPEG_MARCH_2023,16900768,13151009.250559755,3187253.054132378,1959500378.3334033,149
USDC_DEPEG_MARCH_2023,16900769,12525696.37075496,4234203.62514708,1954008633.8377738,156
USDC_DEPEG_MARCH_2023,16900770,9362185.215262841,3883365.161961533,1460500893.5810032,156
USDC_DEPEG_MARCH_2023,16900771,10712815.480625335,4573732.953860218,1542645429.2100482,144
USDC_DEPEG_MARCH_2023,16900772,5854466.305992129,1999735.272546352,720099355.6370319,123
USDC_DEPEG_MARCH_2023,16900773,9993796.256393056,2052798.685172792,1069336199.434057,107
USDC_DEPEG_MARCH_2023,16900774,6790311.6347571565,1725000.0,889530824.1531875,131
USDC_DEPEG_MARCH_2023,16900775,3800528.847172654,1905411.46024,467465048.2022364,123
USDC_DEPEG_MARCH_2023,16900776,4074136.789400309,2239080.0,541860192.990241,133
USDC_DEPEG_MARCH_2023,16900777,5337827.06360115,1614114.691653881,886079292.557791,166
USDC_DEPEG_MARCH_2023,16900778,6492900.493310669,3423437.070815925,1623225123.3276675,250
USDC_DEPEG_MARCH_2023,16900779,8151999.065045744,1424936.27217561,1671159808.3343775,205
USDC_DEPEG_MARCH_2023,16900780,5264621.239025748,1931199.853064132,1121364323.9124844,213
USDC_DEPEG_MARCH_2023,16900781,4249109.522161519,1652400.699978842,607622661.6690972,143
USDC_DEPEG_MARCH_2023,16900782,9841488.80612382,1845314.4024847376,1200661634.347106,122
USDC_DEPEG_MARCH_2023,16900783,5320089.822445012,1837607.7577136974,627770599.0485114,118
USDC_DEPEG_MARCH_2023,16900784,6362986.714642762,1477146.991123381,954448007.1964144,150
USDC_DEPEG_MARCH_2023,16900785,10674409.579014387,2189130.4431,1355650016.5348272,127
USDC_DEPEG_MARCH_2023,16900786,5312434.50625724,2418369.4810534474,679991616.8009267,128
USDC_DEPEG_MARCH_2023,16900787,5318693.690026353,1684856.5957860001,606331080.6630043,114
USDC_DEPEG_MARCH_2023,16900788,6191227.896598025,1856896.043530215,1102038565.5944486,178
USDC_DEPEG_MARCH_2023,16900789,5574579.52724679,2439847.70885844,618778327.5243937,111
USDC_DEPEG_MARCH_2023,16900790,8317522.456713157,2038478.5372460985,1214358278.680121,146
USDC_DEPEG_MARCH_2023,16900791,7679264.40991277,2337875.231078053,1105814075.0274389,144
USDC_DEPEG_MARCH_2023,16900792,6747364.104892319,1900963.8529,701725866.9088012,104
USDC_DEPEG_MARCH_2023,16900793,9061085.07601587,2307005.997809544,1522262292.770666,168
USDC_DEPEG_MARCH_2023,16900794,8133550.276768129,1815820.02342,1195631890.684915,147
USDC_DEPEG_MARCH_2023,16900795,11182167.179286737,2967062.082303475,1353042228.693695,121
USDC_DEPEG_MARCH_2023,16900796,8560045.30891092,2520120.6074826,1463767747.8237672,171
USDC_DEPEG_MARCH_2023,16900797,8577972.658844054,2158970.1421160833,1097980500.3320389,128
USDC_DEPEG_MARCH_2023,16900798,10703295.38135417,1894051.8460849999,1348615218.0506253,126
USDC_DEPEG_MARCH_2023,16900799,7720268.569651594,1780084.572083598,895551154.079585,116
USDC_DEPEG_MARCH_2023,16900800,6214964.599863071,2208591.364195494,957104548.3789129,154
USDC_DEPEG_MARCH_2023,16900801,10882180.00707356,2275814.67156,554991180.3607516,51
USDC_DEPEG_MARCH_2023,16900802,6255772.110799546,1977378.174195303,1413804497.0406976,226
USDC_DEPEG_MARCH_2023,16900803,4622238.323363079,1908864.34704264,513068453.8933017,111
USDC_DEPEG_MARCH_2023,16900804,11336295.81519139,1670278.682130923,1519063639.2356462,134
USDC_DEPEG_MARCH_2023,16900805,9743742.31429864,2106964.13294248,1490792574.0876918,153
USDC_DEPEG_MARCH_2023,16900806,4491954.963483355,1747877.180426399,467163316.20226896,104
USDC_DEPEG_MARCH_2023,16900807,14846566.010162855,2989537.28616462,1484656601.0162854,100
USDC_DEPEG_MARCH_2023,16900808,4034489.539788833,1486475.05842,734277096.2415676,182
USDC_DEPEG_MARCH_2023,16900809,4533336.39878714,1622467.9444499998,689067132.6156453,152
USDC_DEPEG_MARCH_2023,16900810,9654279.541662846,2108711.129900424,1650881801.6243467,171
USDC_DEPEG_MARCH_2023,16900811,3309091.044726359,1766240.8947,506290929.843133,153
USDC_DEPEG_MARCH_2023,16900812,5162709.619094769,1713152.7519,1017053794.9616693,197
USDC_DEPEG_MARCH_2023,16900813,7288216.370622589,1844191.4816,1399337543.159537,192
USDC_DEPEG_MARCH_2023,16900814,5222316.757306421,1767745.1915,851237631.4409466,163
USDC_DEPEG_MARCH_2023,16900815,4169147.6399710407,1752074.7103,587849817.2359167,141
USDC_DEPEG_MARCH_2023,16900816,5267993.121169187,1709488.918782,642695160.7826408,122
USDC_DEPEG_MARCH_2023,16900817,3919868.761081989,1724722.5434,489983595.1352486,125
USDC_DEPEG_MARCH_2023,16900818,4081757.4489512,1682666.7223,967376515.4014344,237
USDC_DEPEG_MARCH_2023,16900819,8363445.987454548,1777528.2705,1120701762.3189094,134
USDC_DEPEG_MARCH_2023,16900820,3863407.632419049,1798588.723961049,452018692.9930287,117
USDC_DEPEG_MARCH_2023,16900821,8114563.674619624,2227164.88413938,1152268041.7959867,142
USDC_DEPEG_MARCH_2023,16900822,5600625.878570382,2142967.223799927,683276357.1855866,122
USDC_DEPEG_MARCH_2023,16900823,4816289.784554106,1910896.025208624,476812688.67085654,99
USDC_DEPEG_MARCH_2023,16900824,4261545.447681509,1708675.6024500001,784124362.3733977,184
USDC_DEPEG_MARCH_2023,16900825,6409244.736589523,1870634.2684,647333718.3955418,101
USDC_DEPEG_MARCH_2023,16900826,7479158.9329107925,1639427.925656829,890019913.0163844,119
USDC_DEPEG_MARCH_2023,16900827,5493529.518138325,1456657.401367694,895445311.4565469,163
USDC_DEPEG_MARCH_2023,16900828,3414117.441151688,1615777.64703,392623505.7324441,115
USDC_DEPEG_MARCH_2023,16900829,6436650.747533629,1479804.7997650001,888257803.1596408,138
USDC_DEPEG_MARCH_2023,16900830,2472356.0634552035,1833428.1115154305,89004818.28438734,36
USDC_DEPEG_MARCH_2023,16900831,5671963.91934489,1876185.0,1780996670.6742954,314
USDC_DEPEG_MARCH_2023,16900832,7210622.904679545,1446209.722801482,1514230809.9827044,210
USDC_DEPEG_MARCH_2023,16900833,5169257.532872698,1238795.757407264,873604523.055486,169
USDC_DEPEG_MARCH_2023,16900834,5165749.232008107,2296462.849258496,552735167.8248675,107
USDC_DEPEG_MARCH_2023,16900835,4763523.20589584,1795962.5763,514460506.2367507,108
USDC_DEPEG_MARCH_2023,16900836,6176724.729393983,1753292.6385,963569057.7854614,156
USDC_DEPEG_MARCH_2023,16900837,5342547.457338297,1768741.44017808,667818432.1672871,125
USDC_DEPEG_MARCH_2023,16900838,4580894.740883689,1655279.079064328,572611842.6104611,125
USDC_DEPEG_MARCH_2023,16900839,3617590.144340121,1549141.49362,463051538.4755355,128
USDC_DEPEG_MARCH_2023,16900840,4068472.9664315446,1815743.2627327,675366512.4276364,166
USDC_DEPEG_MARCH_2023,16900841,8739481.718874523,1926979.4401363456,1520669819.084167,174
USDC_DEPEG_MARCH_2023,16900842,5132903.520585002,3354337.7420556946,626214229.5113703,122
USDC_DEPEG_MARCH_2023,16900843,6740147.085153695,944898.3650239776,80881765.02184434,12
USDC_DEPEG_MARCH_2023,16900844,4239156.0845738705,2160000.4305197233,1170007079.3423884,276
USDC_DEPEG_MARCH_2023,16900845,2741748.7139866063,1533418.69419,660761440.0707722,241
USDC_DEPEG_MARCH_2023,16900846,4242274.208928048,1893536.783751198,381804678.8035243,90
USDC_DEPEG_MARCH_2023,16900847,7162504.3337117825,1768762.3401,873825528.7128375,122
USDC_DEPEG_MARCH_2023,16900848,4921468.696363892,1501519.040063706,708691492.2764004,144
USDC_DEPEG_MARCH_2023,16900849,8621122.354057463,1714306.00059,1172472640.151815,136
USDC_DEPEG_MARCH_2023,16900850,5572545.184621761,1913622.4429784,646415241.4161242,116
USDC_DEPEG_MARCH_2023,16900851,4101287.681168589,1877705.384779692,520863535.50841075,127
USDC_DEPEG_MARCH_2023,16900852,7067780.719711392,1800000.0,819862563.4865215,116
USDC_DEPEG_MARCH_2023,16900853,3189686.1948667583,855578.22432781,634747552.778485,199
USDC_DEPEG_MARCH_2023,16900854,2234179.1838545455,527879.360000664,368639565.336,165
USDC_DEPEG_MARCH_2023,16900855,3815825.791431923,1630292.3992,553294739.7576288,145
USDC_DEPEG_MARCH_2023,16900856,3662503.3870417816,1640964.7785175,520075480.959933,142
USDC_DEPEG_MARCH_2023,16900857,2761376.9378366247,895241.406333744,466672702.4943896,169
USDC_DEPEG_MARCH_2023,16900858,2843101.2199448026,1385723.15928,483327207.3906164,170
USDC_DEPEG_MARCH_2023,16900859,5792222.571594602,1700000.0,857248940.5960011,148
USDC_DEPEG_MARCH_2023,16900860,5894181.722127626,1920669.0198649275,789820350.7651018,134
USDC_DEPEG_MARCH_2023,16900861,6722970.2347712675,1707138.0568,793310487.7030096,118
USDC_DEPEG_MARCH_2023,16900862,2676613.329869295,1418485.007208,364019412.8622241,136
USDC_DEPEG_MARCH_2023,16900863,4479770.865414197,4121800.81775,1003468673.8527801,224
USDC_DEPEG_MARCH_2023,16900864,3682232.666368707,1842043.8332,471325781.2951945,128
USDC_DEPEG_MARCH_2023,16900865,3695931.201030841,1794447.568202185,480471056.13400936,130
USDC_DEPEG_MARCH_2023,16900866,1933556.5065456042,843970.953514129,29003347.598184064,15
USDC_DEPEG_MARCH_2023,16900867,7620225.359658019,1700000.0,2011739494.949717,264
USDC_DEPEG_MARCH_2023,16900868,9653749.41779865,2032018.132385436,1129488681.882442,117
USDC_DEPEG_MARCH_2023,16900869,3136043.266332227,1911780.3391786888,784010816.5830567,250
USDC_DEPEG_MARCH_2023,16900870,3494707.623042302,1721475.14688185,307534270.8277226,88
USDC_DEPEG_MARCH_2023,16900871,6222981.008827413,1692802.218727922,609852138.8650866,98
USDC_DEPEG_MARCH_2023,16900872,3734072.3076702696,1700000.0,668398943.0729783,179
USDC_DEPEG_MARCH_2023,16900873,5325303.25041487,3113158.12577824,846723216.8159642,159
USDC_DEPEG_MARCH_2023,16900874,8544908.469348995,3198616.81955888,1392820080.5038862,163
USDC_DEPEG_MARCH_2023,16900875,4060027.6198143684,2278902.233562048,507503452.47679603,125
USDC_DEPEG_MARCH_2023,16900876,4152510.9860876105,2214476.733207994,473386252.4139876,114
USDC_DEPEG_MARCH_2023,16900877,5167927.211461781,2189654.72196,852707989.8911939,165
USDC_DEPEG_MARCH_2023,16900878,4181679.9783289493,1987840.950859746,535255037.2261055,128
USDC_DEPEG_MARCH_2023,16900879,3822977.503576839,1700000.0,569623648.032949,149
USDC_DEPEG_MARCH_2023,16900880,1910370.6252384668,1217376.7170720275,252168922.5314776,132
USDC_DEPEG_MARCH_2023,16900881,7828321.800709885,1819249.0884639919,1409097924.1277792,180
USDC_DEPEG_MARCH_2023,16900882,2860504.4088708973,1700000.0,403331121.65079653,141
USDC_DEPEG_MARCH_2023,16900883,5144564.400266232,1575038.11932,550468390.8284868,107
USDC_DEPEG_MARCH_2023,16900884,4288157.241847635,1700000.0,673240686.9700787,157
USDC_DEPEG_MARCH_2023,16900885,13706367.12117575,3575757.099844896,1905185029.843429,139
USDC_DEPEG_MARCH_2023,16900886,7419303.177865115,1700000.0,1105476173.501902,149
USDC_DEPEG_MARCH_2023,16900887,4602548.09346061,1363186.759490208,612138896.4302611,133
USDC_DEPEG_MARCH_2023,16900888,8380814.566075282,2946303.938011153,1123029151.8540878,134
USDC_DEPEG_MARCH_2023,16900889,2458280.593176171,1686369.2982312301,368742088.97642565,150
USDC_DEPEG_MARCH_2023,16900890,2935687.108942082,1829934.75206237,369896575.72670233,126
USDC_DEPEG_MARCH_2023,16900891,5789391.216855325,2205343.515152828,741042075.7574816,128
USDC_DEPEG_MARCH_2023,16900892,3133896.0760025387,1578290.206318565,423075970.2603427,135
USDC_DEPEG_MARCH_2023,16900893,3144885.542014712,1402687.88883,506326572.26436865,161
USDC_DEPEG_MARCH_2023,16900894,5839957.104428618,1706694.1957525,770874337.7845776,132
USDC_DEPEG_MARCH_2023,16900895,3013569.4302577404,1700000.0,319438359.6073205,106
USDC_DEPEG_MARCH_2023,16900896,3346086.8717370722,1347639.02325,1067401712.0841261,319
USDC_DEPEG_MARCH_2023,16900897,7410867.076227968,1700000.0,807784511.3088485,109
USDC_DEPEG_MARCH_2023,16900898,3583814.207189137,1700000.0,516069245.8352357,144
USDC_DEPEG_MARCH_2023,16900899,2506737.28515156,1421119.1745,340916270.7806121,136
USDC_DEPEG_MARCH_2023,16900900,3581318.7008297467,1700000.0,727007696.2684386,203
USDC_DEPEG_MARCH_2023,16900901,22302530.835143488,2024843.0287814778,2631698638.5469317,118
USDC_DEPEG_MARCH_2023,16900902,6068180.42658225,1616477.3667000025,837408898.8683505,138
USDC_DEPEG_MARCH_2023,16900903,12320928.184173383,1915230.06509124,1700288089.415927,138
USDC_DEPEG_MARCH_2023,16900904,3379804.3199448586,2087521.841819972,446134170.2327213,132
USDC_DEPEG_MARCH_2023,16900905,4850941.237927032,1700000.0,727641185.6890547,150
USDC_DEPEG_MARCH_2023,16900906,2327327.413501748,1437452.026248,304879891.16872895,131
USDC_DEPEG_MARCH_2023,16900907,5340621.743794218,1409781.784996752,902565074.7012228,169
USDC_DEPEG_MARCH_2023,16900908,3506648.399568835,1700000.0,399757917.5508472,114
USDC_DEPEG_MARCH_2023,16900909,3223399.929346881,1563670.1281,383584591.59227884,119
USDC_DEPEG_MARCH_2023,16900910,2724319.694399071,1343054.37468332,681079923.5997677,250
USDC_DEPEG_MARCH_2023,16900911,3505338.148838489,1467175.1811127448,434661930.4559726,124
USDC_DEPEG_MARCH_2023,16900912,6002188.294395517,1154128.236311064,774282289.9770217,129
USDC_DEPEG_MARCH_2023,16900913,3073749.7192267296,1361075.91804,494873704.79550344,161
USDC_DEPEG_MARCH_2023,16900914,2752223.8711850825,1620854.07292248,294487954.21680385,107
USDC_DEPEG_MARCH_2023,16900915,2915857.90515193,1750806.13622607,860178082.0198194,295
USDC_DEPEG_MARCH_2023,16900916,4756248.600629742,1285873.8663711315,808562262.1070561,170
USDC_DEPEG_MARCH_2023,16900917,3190206.333079234,1663516.4514,354112902.971795,111
USDC_DEPEG_MARCH_2023,16900918,3322671.4193060338,1700000.0,511691398.5731292,154
USDC_DEPEG_MARCH_2023,16900919,3240980.138927358,1605904.66476,392158596.81021035,121
USDC_DEPEG_MARCH_2023,16900920,3944379.609513177,1700000.0,595601321.0364897,151
USDC_DEPEG_MARCH_2023,16900921,6056743.8377604075,1700000.0,738922748.2067697,122
USDC_DEPEG_MARCH_2023,16900922,3323705.885552313,1363693.7090817734,365607647.41075444,110
USDC_DEPEG_MARCH_2023,16900923,3294661.235492238,1418716.04284167,639164279.6854942,194
USDC_DEPEG_MARCH_2023,16900924,4706158.579177187,1503568.18017,625919091.0305659,133
USDC_DEPEG_MARCH_2023,16900925,2981248.2885232936,1700000.0,402468518.9506446,135
USDC_DEPEG_MARCH_2023,16900926,4244824.496757787,1641743.8247,513623764.10769224,121
USDC_DEPEG_MARCH_2023,16900927,4340913.654357145,1753697.0,1284910441.6897147,296
USDC_DEPEG_MARCH_2023,16900928,3085530.79797753,1598029.260718128,697329960.3429217,226
USDC_DEPEG_MARCH_2023,16900929,5792087.085868086,1605368.898900004,752971321.1628511,130
USDC_DEPEG_MARCH_2023,16900930,4759901.615827675,945450.776042058,852022389.2331538,179
USDC_DEPEG_MARCH_2023,16900931,3719820.615286136,1395219.21174,267827084.3006018,72
USDC_DEPEG_MARCH_2023,16900932,2856916.4703058046,1465826.37795,848504191.6808239,297
USDC_DEPEG_MARCH_2023,16900933,3321319.044673594,1800933.334817675,431771475.80756724,130
USDC_DEPEG_MARCH_2023,16900934,7963935.490926821,3325987.972322037,1799849420.9494615,226
USDC_DEPEG_MARCH_2023,16900935,35479583.144988984,2491828.021730295,532193747.1748347,15
USDC_DEPEG_MARCH_2023,16900936,4981812.80341785,1687068.6797,1195635072.8202841,240
USDC_DEPEG_MARCH_2023,16900937,10266315.221355272,1705854.180406416,1283289402.669409,125
USDC_DEPEG_MARCH_2023,16900938,7443820.624828052,2395326.929121384,982584322.4773028,132
USDC_DEPEG_MARCH_2023,16900939,3785145.981354072,1342717.264975343,461787809.72519684,122
USDC_DEPEG_MARCH_2023,16900940,8129728.313456407,754113.580475886,65037826.507651255,8
USDC_DEPEG_MARCH_2023,16900941,6800897.555840974,1700000.0,2305504271.43009,339
USDC_DEPEG_MARCH_2023,16900942,5804161.0935584875,2230657.902913333,1137615574.3374636,196
USDC_DEPEG_MARCH_2023,16900943,3349283.8545338423,1838047.883415,381818359.416858,114
USDC_DEPEG_MARCH_2023,16900944,5340011.454132282,2154820.53110962,736921580.670255,138
USDC_DEPEG_MARCH_2023,16900945,6802892.527999087,1341004.973955,666683467.7439106,98
USDC_DEPEG_MARCH_2023,16900946,4358156.786334569,2125872.8731199997,688588772.2408619,158
USDC_DEPEG_MARCH_2023,16900947,3536822.451030085,1596309.30351,452713273.73185086,128
USDC_DEPEG_MARCH_2023,16900948,4077153.035217642,1578098.7677417952,456641139.9443759,112
USDC_DEPEG_MARCH_2023,16900949,2627125.089627164,1591475.019479146,501780892.1187883,191
USDC_DEPEG_MARCH_2023,16900950,4883072.920048149,2163885.42186757,449242708.64442974,92
USDC_DEPEG_MARCH_2023,16900951,3667541.546099788,1312150.573042782,711503059.9433589,194
USDC_DEPEG_MARCH_2023,16900952,8125351.743333305,3007178.13961655,869412636.5366637,107
USDC_DEPEG_MARCH_2023,16900953,6875241.58398887,2363701.1809749473,921282372.2545085,134
USDC_DEPEG_MARCH_2023,16900954,7706995.327928761,1775321.3086,824648500.0883775,107
USDC_DEPEG_MARCH_2023,16900955,4983973.341426119,2975212.14181329,702740241.1410828,141
USDC_DEPEG_MARCH_2023,16900956,3744169.8364825207,1700000.0,535416286.61700046,143
USDC_DEPEG_MARCH_2023,16900957,3181790.9825739674,1792854.31412628,334088053.17026657,105
USDC_DEPEG_MARCH_2023,16900958,6857520.259778983,1409423.26482,1076630680.7853003,157
USDC_DEPEG_MARCH_2023,16900959,4136945.098599267,1738230.302504186,591583149.0996952,143
USDC_DEPEG_MARCH_2023,16900960,4250941.979126312,1610573.6981,514363979.4742837,121
USDC_DEPEG_MARCH_2023,16900961,3766426.3356740964,1623324.8409,636526050.7289222,169
USDC_DEPEG_MARCH_2023,16900962,3673052.0655354196,1700000.0,521573393.3060296,142
USDC_DEPEG_MARCH_2023,16900963,13258482.90104811,3612439.300441784,2187649678.6729383,165
USDC_DEPEG_MARCH_2023,16900964,5327063.33245591,1054907.421517022,996160843.1692551,187
USDC_DEPEG_MARCH_2023,16900965,8315902.509449215,3325659.409181925,1305596693.9835267,157
USDC_DEPEG_MARCH_2023,16900966,4741683.546314435,1711098.7681,692285797.7619076,146
USDC_DEPEG_MARCH_2023,16900967,3083173.0407141168,1700000.0,394646149.21140695,128
USDC_DEPEG_MARCH_2023,16900968,3629032.908630832,1445482.993187866,551613002.1118865,152
USDC_DEPEG_MARCH_2023,16900969,11096686.87845156,1700000.0,1586826223.618573,143
USDC_DEPEG_MARCH_2023,16900970,12316496.389591202,1800000.0,258646424.18141523,21
USDC_DEPEG_MARCH_2023,16900971,7008572.004157273,1629653.61783,1548894412.9187574,221
USDC_DEPEG_MARCH_2023,16900972,3193292.6571752187,1622651.6442827662,491767069.2049837,154
USDC_DEPEG_MARCH_2023,16900973,5538781.579269004,2188965.08412184,664653789.5122805,120
USDC_DEPEG_MARCH_2023,16900974,5629601.985668324,1714686.302175,951402735.5779468,169
USDC_DEPEG_MARCH_2023,16900975,5795124.1567462105,1700000.0,759161264.5337536,131
USDC_DEPEG_MARCH_2023,16900976,6589224.18315964,1923805.8361232583,790706901.9791569,120
USDC_DEPEG_MARCH_2023,16900977,10385504.383982714,1700000.0,1246260526.0779257,120
USDC_DEPEG_MARCH_2023,16900978,3019706.442658669,1700000.0,401620956.873603,133
USDC_DEPEG_MARCH_2023,16900979,5370239.516650972,1975535.1988407,692760897.6479753,129
USDC_DEPEG_MARCH_2023,16900980,8467369.788216557,3137064.907326948,1227768619.291401,145
USDC_DEPEG_MARCH_2023,16900981,5878789.289659648,2253567.67896,887697182.7386068,151
USDC_DEPEG_MARCH_2023,16900982,3746682.502445982,2039126.6796050551,487068725.31797767,130
USDC_DEPEG_MARCH_2023,16900983,7078296.168843695,2187195.870260348,856473836.4300871,121
USDC_DEPEG_MARCH_2023,16900984,3879807.110992028,1575785.696378288,535413381.31689984,138
USDC_DEPEG_MARCH_2023,16900985,3281654.801124983,1702968.007,508656494.1743724,155
USDC_DEPEG_MARCH_2023,16900986,3784369.094335194,1783186.8487166748,423849338.56554174,112
USDC_DEPEG_MARCH_2023,16900987,7806017.41872692,1436369.86404,1420695170.2082994,182
USDC_DEPEG_MARCH_2023,16900988,7000893.857872065,2221761.646694032,749095642.792311,107
USDC_DEPEG_MARCH_2023,16900989,3556666.640302637,2336194.855400588,423243330.1960138,119
USDC_DEPEG_MARCH_2023,16900990,6657527.154035302,2156503.86611028,1125122089.031966,169
USDC_DEPEG_MARCH_2023,16900991,4268510.125622621,1510960.668996355,516489725.2003371,121
USDC_DEPEG_MARCH_2023,16900992,7539467.573640765,1395810.39438,980130784.5732994,130
USDC_DEPEG_MARCH_2023,16900993,7205543.202736412,1693745.96315,1052009307.5995162,146
USDC_DEPEG_MARCH_2023,16900994,2340212.3441051994,1814697.78571265,290186330.66904473,124
USDC_DEPEG_MARCH_2023,16900995,5237215.250770177,2811703.66919505,633703045.3431914,121
USDC_DEPEG_MARCH_2023,16900996,8133599.968097941,1620540.52321035,1130570395.5656137,139
USDC_DEPEG_MARCH_2023,16900997,10928952.439804953,2737015.15443758,1398905912.295034,128
USDC_DEPEG_MARCH_2023,16900998,3742828.120449786,1757433.8337027375,441653718.21307474,118
USDC_DEPEG_MARCH_2023,16900999,4116125.940681434,1480569.87006,662696276.4497108,161
USDC_DEPEG_MARCH_2023,16901000,3951800.6484869723,1858179.5486,422842669.38810605,107
