block_id,total_gas,total_mev_captured,block_bid,builder_type,builder_id
1,692890025,7474520,404114798.90033025,attack,3164
2,1159820253,466600,767724600.1545515,attack,3158
3,1022145512,730900,752597188.3109658,attack,3152
4,1128103844,352840,931857030.1463826,attack,3158
5,1431628576,817500,1333289936.0748394,attack,3151
6,1253303820,978500,1211268450.0,attack,3156
7,919641570,773300,877400990.0,attack,3165
8,739770424,313100,697069636.0,attack,3164
9,855901753,4715500,817603356.0,attack,3158
10,1191883788,419100,1149288978.0,attack,3165
11,1104566894,350180,1061903152.0,attack,3162
12,1066932927,317400,1024236394.0,attack,3156
13,1045526180,317400,1002829636.0,attack,3158
14,1253236372,1169200,1211391614.0,attack,3157
15,741797750,1351600,700135384.0,attack,3156
16,1423105734,528500,1380620252.0,attack,3164
17,1176215083,372600,1133573688.0,attack,3165
18,1256693851,400200,1214080042.0,attack,3164
19,1104077369,561200,1061624548.0,attack,3164
20,1133052669,409600,1090448236.0,attack,3161
21,1176656460,527600,1134170014.0,attack,3162
22,1172149811,391200,1129526952.0,attack,3164
23,1092796619,348130,1050130678.0,attack,3164
24,743858671,287940,701132532.0,attack,3158
25,796564807,451930,754002650.0,attack,3152
26,1261932519,400200,1219318618.0,attack,3161
27,1346514556,427800,1303928240.0,attack,3162
28,1340453021,683800,1298122690.0,attack,3165
29,669914014,2019000,628918876.0,attack,3163
30,1094948594,1404000,1053338444.0,attack,3160
31,1209279619,658900,1166924356.0,attack,3165
32,663635494,406300,621027624.0,attack,3155
33,952488250,386600,952874850.0,normal,3166
34,751913764,1043900,709943476.0,attack,3163
35,1115399844,401200,1072786844.0,attack,3159
36,927896090,426200,928322290.0,normal,3171
37,1297905510,514000,1298419510.0,normal,3184
38,1085935332,385500,1086320832.0,normal,3168
39,849364938,629400,849994338.0,normal,3195
40,744933646,422200,702341592.0,attack,3164
41,1170322427,801300,1128109460.0,attack,3160
42,1126012298,619440,1126631738.0,normal,3181
43,1220708622,567100,1221275722.0,normal,3170
44,659606958,207100,659814058.0,normal,3196
45,1176733696,372600,1134091982.0,attack,3157
46,1236461574,386400,1236847974.0,normal,3171
47,891867650,276000,892143650.0,normal,3190
48,961821946,391800,962213746.0,normal,3184
49,603169173,360400,560515218.0,attack,3160
50,1257423291,449300,1214858222.0,attack,3162
