block_id,total_gas,total_mev_captured,block_bid,builder_type,builder_id
1,823615081,4706000,448221858.73428863,attack,2755
2,1178330412,4900900,675543154.469775,attack,2754
3,1516471059,6378600,910074091.8953507,attack,2752
4,1284063327,5559200,795733016.0571746,attack,2753
5,1512472144,6340180,977814630.3050706,attack,2754
6,986511491,4537000,651805270.01611,attack,2752
7,1592956284,6697000,1111185201.2062657,attack,2753
8,1110110594,4617940,794035062.9734734,attack,2752
9,1220003139,4887000,908912407.8666725,attack,2752
10,1061595950,4221600,816424325.782641,attack,2754
11,1235113787,5102000,991938164.6236995,attack,2755
12,1043856502,4211800,864327579.8093373,attack,2755
13,1050333755,4182540,902899415.4020511,attack,2753
14,1035634008,4163000,923539042.3009614,attack,2755
15,1254385416,5249000,1170054501.8276744,attack,2752
16,1130974994,4525000,1090544223.755435,attack,2754
17,1166747731,5015000,1128581512.0,attack,2755
18,921234699,3857200,881910670.0,attack,2754
19,1220466352,5170000,1182455110.0,attack,2754
20,1195669703,4887000,1157375448.0,attack,2753
21,1169647054,5133000,1131598786.0,attack,2753
22,765239620,3077000,725135344.0,attack,2755
23,919589896,3901000,880309610.0,attack,2754
24,1081419294,4706100,1042944096.0,attack,2751
25,1000685975,4163000,961667666.0,attack,2751
26,1509468104,6335000,1472621778.0,attack,2752
27,1000694619,4163000,961676282.0,attack,2753
28,1200356268,4887000,1162061918.0,attack,2751
29,1281764346,5265400,1243848382.0,attack,2755
30,938271744,21533900,916624270.0,attack,2754
31,1420734598,6039100,1383592308.0,attack,2752
32,1106004894,4525000,1067348492.0,attack,2751
33,1025313367,4487400,986619354.0,attack,2751
34,664863244,3540800,625222624.0,attack,2755
35,1082502644,4525000,1043846212.0,attack,2754
36,1180909833,12077000,1149805388.0,attack,2755
37,922059445,3865600,882743590.0,attack,2755
38,829118726,7759000,793696262.0,attack,2751
39,1340854609,5626300,1303299430.0,attack,2751
40,925230159,3801000,885849670.0,attack,2751
41,1369083384,5611000,1331512880.0,attack,2755
42,1277994812,5279200,1240092494.0,attack,2751
43,1471047350,5973000,1433838816.0,attack,2751
44,914546314,3847500,875212270.0,attack,2754
45,1424878208,6019500,1387716148.0,attack,2752
46,1010092001,5307700,972218130.0,attack,2753
47,1291626755,5249000,1253694170.0,attack,2755
48,1082764769,4592500,1044175672.0,attack,2752
49,1539951184,6335000,1503104570.0,attack,2753
50,915990994,4777800,877587170.0,attack,2753
