block_id,total_gas,total_mev_captured,block_bid,builder_type,builder_id
1,1938200441,44114000,1340959765.2718556,attack,3259
2,2150001605,46991000,1879542443.8143532,attack,3252
3,2126002781,46991000,2189893712.0,attack,3264
4,2113303957,47026600,2216827464.0,attack,3268
5,2150005133,46994130,2272803146.0,attack,3280
6,2150006309,46991000,2349061668.0,attack,3267
7,2137007485,46991000,2330185220.0,attack,3263
8,2137008661,46991000,2347156772.0,attack,3254
9,2126009837,46991000,2377341924.0,attack,3269
10,2126011013,46991000,2380937076.0,attack,3253
11,2113312189,46991000,2384541528.0,attack,3253
12,2137013365,46991000,2433622480.0,attack,3252
13,2134014541,46991000,2460920232.0,attack,3276
14,2113315717,46991000,2462259384.0,attack,3255
15,2134016893,46991000,2501622136.0,attack,3257
16,2124017688,46032000,2563210088.0,normal,3294
17,2100318840,46032000,2553262240.0,normal,3289
18,2113120421,46991000,2534541572.0,attack,3276
19,2137021597,47015700,2593786624.0,attack,3257
20,2089322296,46032000,2593472076.0,normal,3294
21,2076223448,46032000,2595617228.0,normal,3299
22,2113124600,46032000,2654924180.0,normal,3295
23,2076625752,46032000,2635683032.0,normal,3283
24,2113127477,46991000,2659367684.0,attack,3264
25,2150028653,46991000,2752382936.0,attack,3263
26,2121029208,46032000,2750164188.0,normal,3284
27,2137030360,46032000,2782783940.0,normal,3291
28,2113132181,46991000,2733804092.0,attack,3273
29,2137032664,46032000,2823034444.0,normal,3284
30,2150034533,46991000,2821823796.0,attack,3267
31,2150035709,46991000,2858599438.0,attack,3256
32,2126036885,47274000,2867776590.0,attack,3266
33,2107458061,64691000,2879692472.0,attack,3269
34,2113339237,46991000,2888680724.0,attack,3278
35,2113340413,46991000,2907768676.0,attack,3252
36,2150041589,46991000,2968897728.0,attack,3274
37,2150042765,46991000,3046639380.0,attack,3258
38,2150043032,46032000,3118066232.0,normal,3299
39,2113344184,46032000,3051589284.0,normal,3299
40,2126046293,46991000,3061878826.0,attack,3266
41,2113347469,46991000,3068643778.0,attack,3256
42,2113348645,46991000,3091011730.0,attack,3272
43,2113149821,46991000,3106129702.0,attack,3257
44,2126050997,46991000,3147851554.0,attack,3252
45,2134051096,46032000,3229939406.0,normal,3289
46,2070222248,53222000,3189366798.0,normal,3282
47,2113154525,46991000,3196614950.0,attack,3274
48,2076254552,46032000,3209186102.0,normal,3281
49,2137056877,46991000,3247926454.0,attack,3274
50,2134058053,46991000,3260380306.0,attack,3261
