block_id,total_gas,total_mev_captured,block_bid,builder_type,builder_id
1,494225016,2896000,323026311.0425911,attack,2212
2,1256511312,6028000,1122658097.4534874,attack,2221
3,1538863919,6365200,1502048084.0,attack,2222
4,1004151926,4309000,965279880.0,attack,2201
5,1083933294,4821900,1045574136.0,attack,2202
6,1190274735,4956600,1152050264.0,attack,2221
7,1082276919,4537800,1043633636.0,attack,2207
8,1171802410,4992640,1133613954.0,attack,2234
9,1008752329,4212100,969783322.0,attack,2218
10,1256313299,6208000,1219340178.0,attack,2232
11,1189233436,4887000,1150939302.0,attack,2224
12,1091132494,5070000,1053021348.0,attack,2217
13,1089820794,4525000,1051164636.0,attack,2231
14,1125918264,4737700,1130655964.0,normal,2241
15,822911330,4218000,783948150.0,attack,2234
16,619194376,2739000,578752190.0,attack,2235
17,1131602794,4547420,1092969016.0,attack,2212
18,1285153938,5589800,1247562526.0,attack,2228
19,999622997,8483000,964924774.0,attack,2217
20,452630250,1821650,454451900.0,normal,2247
21,1101342844,5075640,1063237244.0,attack,2222
22,866978890,4736400,871715290.0,normal,2240
23,1351419975,5757000,1313995710.0,attack,2203
24,663689024,2754400,623262152.0,attack,2222
25,599473572,2520800,558813094.0,attack,2210
26,1265791258,5249000,1227858966.0,attack,2223
27,915894232,3883800,876596730.0,attack,2210
28,535933654,9362000,545295654.0,normal,2247
29,989287568,3828120,949934370.0,attack,2230
30,990713106,4063800,994776906.0,normal,2239
31,975365348,4003800,979369148.0,normal,2249
32,1044068292,4344000,1048412292.0,normal,2246
33,1427264872,5973000,1390056504.0,attack,2232
34,1169830105,4901200,1131549924.0,attack,2201
35,987499492,3990520,991490012.0,normal,2250
36,1305521970,5464700,1310986670.0,normal,2247
37,1000578482,4193330,961590394.0,attack,2220
38,1385373183,6383000,1348574750.0,attack,2207
39,1159151414,4773500,1163924914.0,normal,2244
40,1028353379,4573000,989744922.0,attack,2234
41,1295851920,5430000,1301281920.0,normal,2250
42,1303744370,5975000,1309719370.0,normal,2244
43,913449830,3728000,917177830.0,normal,2247
44,1273428609,5249000,1235496098.0,attack,2231
45,1171732966,4903400,1133454842.0,attack,2203
46,1216008854,5068000,1221076854.0,normal,2246
47,843879756,3297400,847177156.0,normal,2238
48,1092862260,4363700,1097225960.0,normal,2242
49,926041839,3832000,886692270.0,attack,2216
50,710109160,3696200,713805360.0,normal,2239
