block_id,total_gas,total_mev_captured,block_bid,builder_type,builder_id
1,1696130324,31964100,1200888319.1517012,attack,2207
2,2150001458,38171000,2069967305.9145148,attack,2208
3,2150002634,38171000,2227348568.0,attack,2232
4,2134003810,38171000,2220094420.0,attack,2219
5,2126004986,38184800,2243581372.0,attack,2205
6,2150006162,38171000,2319765624.0,attack,2219
7,2134007338,38184900,2321157876.0,attack,2234
8,2137008514,38246000,2373742628.0,attack,2232
9,2134009690,38181700,2360829580.0,attack,2233
10,2126010866,38171000,2355572132.0,attack,2231
11,2137012042,38206600,2419424584.0,attack,2212
12,2150013218,38427000,2493665136.0,attack,2215
13,2150014394,38171000,2516323468.0,attack,2221
14,2134015570,38192800,2506288420.0,attack,2211
15,2134016746,38171000,2553675872.0,attack,2224
16,2134017922,38171000,2556459024.0,attack,2202
17,2118018696,37392000,2601919156.0,normal,2239
18,2102019848,37392000,2580655208.0,normal,2242
19,2126021450,38171000,2571280560.0,attack,2207
20,2126022626,38171000,2588902412.0,attack,2209
21,2121023304,37446300,2677672964.0,normal,2243
22,2126024456,37392000,2713788516.0,normal,2246
23,2126026154,38171000,2670954268.0,attack,2204
24,2137026760,37392000,2741976520.0,normal,2239
25,2137028506,38171000,2716576372.0,attack,2213
26,2137029682,38171000,2780325024.0,attack,2219
27,2134030858,38171000,2778826276.0,attack,2207
28,2102031368,37392000,2799241058.0,normal,2236
29,2126033210,38171000,2789649090.0,attack,2226
30,2097633672,41712000,2830723542.0,normal,2246
31,2137035562,38171000,2861907194.0,attack,2230
32,2137036738,38171000,2882515546.0,attack,2227
33,2126037914,38171000,2901302498.0,attack,2205
34,2083198280,44582000,2902230550.0,normal,2244
35,2107127266,45361000,2905591602.0,attack,2201
36,2126041442,38171000,2965571754.0,attack,2229
37,2126042618,38171000,2971442206.0,attack,2203
38,2089342888,37476800,2998282158.0,normal,2245
39,2137044970,38171000,3069430510.0,attack,2211
40,2134046146,38171000,3065453392.0,attack,2235
41,2137046344,37392000,3133178244.0,normal,2238
42,2126048498,38171000,3084608396.0,attack,2210
43,2076648648,37392000,3091011648.0,normal,2243
44,2150050850,38171000,3162698600.0,attack,2208
45,2113352026,38183800,3145855352.0,attack,2235
46,2134053202,38171000,3229812004.0,attack,2209
47,2137054378,38171000,3260519456.0,attack,2212
48,2137055554,38171000,3279600308.0,attack,2201
49,2124055560,37392000,3338029640.0,normal,2240
50,2134057906,38171000,3333034092.0,attack,2233
