block_id,total_gas,total_mev_captured,block_bid,builder_type,builder_id
1,842382064,326600,529087187.9200132,attack,2720
2,1424204520,601400,1099729562.6590216,attack,2714
3,1193167817,414600,1101529059.4986806,attack,2703
4,1089628069,361400,1046975620.0,attack,2725
5,1384371744,427800,1341785680.0,attack,2721
6,1025815593,456400,983258118.0,attack,2709
7,1322612371,400200,1279998682.0,attack,2716
8,1198892572,386800,1156265470.0,attack,2715
9,922831242,289800,880107130.0,attack,2718
10,1005332697,363900,962682674.0,attack,2717
11,1092222219,345000,1049553284.0,attack,2725
12,611060791,197340,568244190.0,attack,2705
13,1087383669,892100,1045261816.0,attack,2712
14,984457313,373320,941816670.0,attack,2713
15,777574835,7424600,741985464.0,attack,2724
16,1001571054,1091800,959648872.0,attack,2707
17,1001673307,438400,959097714.0,attack,2716
18,1346223208,434190,1303643390.0,attack,2703
19,1476832344,482000,1477314344.0,normal,2726
20,962048060,848600,962896660.0,normal,2731
21,1467485044,743100,1425214092.0,attack,2704
22,1391148304,441600,1391589904.0,normal,2731
23,842607173,311300,799904396.0,attack,2706
24,1247806938,525400,1248332338.0,normal,2734
25,1086690419,491500,1044167816.0,attack,2712
26,954548776,366600,954915376.0,normal,2732
27,1241477974,601400,1242079374.0,normal,2740
28,756765304,450500,757215804.0,normal,2736
29,1342710641,665190,1300361680.0,attack,2716
30,1008406194,749580,966141612.0,attack,2707
31,745204218,234600,702424648.0,attack,2725
32,1424494466,527200,1382007480.0,attack,2712
33,1209070990,400200,1209471190.0,normal,2727
34,1133343733,511100,1090798632.0,attack,2713
35,1324150570,414000,1324564570.0,normal,2746
36,990980504,303600,991284104.0,normal,2727
37,999846195,317400,957149346.0,attack,2706
38,1007626448,853400,965465588.0,attack,2707
39,1127470116,393500,1127863616.0,normal,2734
40,1140161969,345000,1097492684.0,attack,2704
41,913173285,455980,870614970.0,attack,2716
42,1050389012,331200,1050720212.0,normal,2727
43,952443747,295430,909724860.0,attack,2718
44,1033633012,339430,990958114.0,attack,2719
45,736495040,18335300,711816004.0,attack,2718
46,1263789740,435300,1221210690.0,attack,2711
47,1079788332,477200,1080265532.0,normal,2734
48,1049434047,331600,1006751274.0,attack,2713
49,872415550,17976000,890391550.0,normal,2732
50,1035981124,368000,1036349124.0,normal,2747
