block_id,total_gas,total_mev_captured,block_bid,builder_type,builder_id
1,1537390289,6456000,994232656.4563863,attack,2354
2,2150001409,7595000,1710099596.5175452,attack,2368
3,2150002585,7595000,2111180073.4410648,attack,2364
4,2150003761,7595000,2278489902.0,attack,2372
5,2150004937,7595000,2279156954.0,attack,2357
6,2137006113,7595000,2304704906.0,attack,2357
7,2137007289,7595000,2296952658.0,attack,2355
8,2126008465,7662900,2285692910.0,attack,2362
9,2134009641,7595000,2342264162.0,attack,2368
10,2137010817,7595000,2415213114.0,attack,2366
11,2134011993,7595000,2441404266.0,attack,2375
12,2137013169,7595000,2478673118.0,attack,2370
13,2126014345,7595000,2482262210.0,attack,2365
14,2126015521,7595000,2477461062.0,attack,2363
15,2126016697,7595000,2487235914.0,attack,2375
16,2150017873,7595000,2537405066.0,attack,2364
17,2150019049,7595000,2674599618.0,attack,2367
18,2150020225,7595000,2658616000.0,attack,2369
19,2137020952,7440000,2665380152.0,normal,2386
20,2137022577,7595000,2640254804.0,attack,2375
21,2121023256,7440000,2662295656.0,normal,2395
22,2137024929,7595000,2670284808.0,attack,2360
23,2150026105,7595000,2787795660.0,attack,2359
24,2137026712,7456400,2830989812.0,normal,2391
25,2137028457,7595000,2793471164.0,attack,2370
26,2137029633,7595000,2784854616.0,attack,2352
27,2126030809,7595000,2778637168.0,attack,2358
28,2134031985,7595000,2818460020.0,attack,2368
29,2126033161,7595000,2824095672.0,attack,2353
30,2094693624,25140000,2876081164.0,normal,2378
31,2107145513,14785000,2862425856.0,attack,2357
32,2121035928,7440000,2934649608.0,normal,2377
33,2107119865,14785000,2899876760.0,attack,2358
34,2137039041,7595000,2964812912.0,attack,2361
35,2110039384,7440000,2995361764.0,normal,2376
36,2150040536,7440000,3099872916.0,normal,2383
37,2134042569,7595000,3050014868.0,attack,2372
38,2102042840,7440000,3077854720.0,normal,2380
39,2126044921,7595000,3084342572.0,attack,2358
40,2076645144,7440000,3092466854.0,normal,2393
41,2113347273,7595000,3097208906.0,attack,2357
42,2137048449,7595000,3192243058.0,attack,2364
43,2150049625,7595000,3257252910.0,attack,2357
44,2137050801,7595000,3273374062.0,attack,2375
45,2121050904,7440000,3352604044.0,normal,2389
46,2150053153,7595000,3377822196.0,attack,2368
47,2137054329,7595000,3385643448.0,attack,2360
48,2150055505,7595000,3481282800.0,attack,2364
49,2150056681,7595000,3534007452.0,attack,2363
50,2124056664,7440000,3517614604.0,normal,2399
