block_id,total_gas,total_mev_captured,block_bid,builder_type,builder_id
1,509018025,1169700,309052036.24365675,attack,2360
2,997007236,2321500,761061476.83333,attack,2375
3,998669489,1552500,916358635.7640893,attack,2362
4,1005817742,2748340,965498544.0,attack,2365
5,1119259094,1687500,1077879044.0,attack,2365
6,1088621394,1848500,1047402332.0,attack,2356
7,1257151994,1994300,1216078718.0,attack,2375
8,757751356,1147500,715831272.0,attack,2361
9,912278864,1587140,870798410.0,attack,2352
10,1006080283,1567800,964580478.0,attack,2375
11,749728849,1268500,707929736.0,attack,2360
12,1264242473,2042300,1223217146.0,attack,2353
13,1164202598,2053500,1123188458.0,attack,2371
14,1086400644,1720800,1045053792.0,attack,2369
15,854948969,1301100,813182408.0,attack,2352
16,1112070169,2056500,1071058996.0,attack,2375
17,1088044469,1722200,1046698984.0,attack,2370
18,999076376,1582700,957591380.0,attack,2365
19,1086818044,1749300,1045499636.0,attack,2357
20,1324006450,2025000,1326031450.0,normal,2396
21,1215496426,1890000,1217386426.0,normal,2376
22,1194396568,2226500,1153555318.0,attack,2355
23,1298432710,2025000,1300457710.0,normal,2385
24,828526116,1493190,786951532.0,attack,2354
25,827131287,1973500,786037004.0,attack,2352
26,1090287219,1687500,1048906924.0,attack,2369
27,957926600,1680000,959606600.0,normal,2384
28,1342239711,2092500,1301264390.0,attack,2364
29,962804172,1485000,964289172.0,normal,2381
30,1636189958,2577800,1638767758.0,normal,2379
31,705182672,1116800,706299472.0,normal,2400
32,1086921119,1798700,1045651948.0,attack,2354
33,1007498654,2539600,966970372.0,attack,2368
34,1071319300,1643500,1072962800.0,normal,2394
35,1445833258,2227500,1404992848.0,attack,2363
36,875135290,1731000,876866290.0,normal,2383
37,680309349,1111200,638352622.0,attack,2357
38,783887323,1147500,741966888.0,attack,2356
39,1324162260,2055200,1326217460.0,normal,2392
40,1112718394,2197500,1071847932.0,attack,2367
41,958459802,1423890,916815720.0,attack,2367
42,1258633884,1957500,1217523398.0,attack,2357
43,1213412790,1940300,1215353090.0,normal,2390
44,910538090,1388080,911926170.0,normal,2376
45,917476810,1433200,875841990.0,attack,2358
46,1133093676,2388000,1135481676.0,normal,2400
47,992518836,1492840,994011676.0,normal,2387
48,1341326089,2092500,1300350530.0,attack,2363
49,1215255834,2179000,1217434834.0,normal,2384
50,965132716,5880000,971012716.0,normal,2395
