block_id,total_gas,total_mev_captured,block_bid,builder_type,builder_id
1,673820036,820800,417876390.7312762,attack,1970
2,1170797331,1174600,898487783.0638379,attack,1952
3,1088725619,1000300,1002077117.9864583,attack,1975
4,1170275006,993600,1128231762.0,attack,1966
5,1080745244,954700,1038663088.0,attack,1970
6,1178711681,1168100,1136842912.0,attack,1967
7,1523097704,1833000,1481893818.0,attack,1953
8,1257432690,2183400,1216579190.0,attack,1952
9,1400980325,1140800,1359084210.0,attack,1953
10,1082956019,930700,1040849792.0,attack,1956
11,1346174162,1149570,1304286790.0,attack,1961
12,1007957387,849530,965769964.0,attack,1952
13,1097747477,1271600,1055788076.0,attack,1975
14,1173627597,993600,1131584220.0,attack,1955
15,998817192,1056300,956836504.0,attack,1962
16,1153307844,2038600,1112309444.0,attack,1961
17,1341264425,1155000,1299382410.0,attack,1969
18,1177568974,993600,1135525546.0,attack,1967
19,1180966084,956800,1181922884.0,normal,1979
20,1202666676,1289600,1160919222.0,attack,1952
21,1264207562,1086900,1222257394.0,attack,1958
22,1300503250,1250500,1301753750.0,normal,1995
23,698062584,769300,698831884.0,normal,1983
24,1118065419,989900,1076018216.0,attack,1953
25,1209818666,1030400,1210849066.0,normal,1995
26,908316430,736000,909052430.0,normal,1991
27,986123304,809600,986932904.0,normal,1983
28,1179658295,1054300,1137675444.0,attack,1952
29,963709832,1234090,964943922.0,normal,1999
30,1043374820,920000,1044294820.0,normal,1995
31,1173458267,1208600,1131629680.0,attack,1963
32,820536038,1072400,821608438.0,normal,1994
33,1154883452,1752800,1156636252.0,normal,1984
34,1031146528,1464400,989573708.0,attack,1966
35,1427142116,1335400,1385440280.0,attack,1952
36,1336273741,1177600,1294414090.0,attack,1973
37,837005190,692600,837697790.0,normal,1983
38,860968821,732300,818663852.0,attack,1966
39,1302706280,1104000,1303810280.0,normal,1995
40,1197393237,993600,1155349540.0,attack,1964
41,1228012098,1030400,1229042498.0,normal,1992
42,1338334540,1104000,1339438540.0,normal,1989
43,1050992756,1319530,1052312286.0,normal,1984
44,818266756,817400,819084156.0,normal,1977
45,956352144,8067000,964419144.0,normal,1997
46,925255818,1214400,883432850.0,attack,1973
47,1125876924,956800,1126833724.0,normal,1978
48,1024635484,929600,982527692.0,attack,1953
49,1123264944,920000,1081147540.0,attack,1951
50,740157332,793700,697913620.0,attack,1959
