block_id,total_gas,total_mev_captured,block_bid,builder_type,builder_id
1,629467036,10279400,366675552.1922215,attack,1901
2,1341530411,9461000,898584867.3306447,attack,1911
3,520818256,3766000,369660169.2724308,attack,1902
4,533150311,21252000,438786789.0075339,attack,1905
5,881592670,5788000,809978008.4086827,attack,1907
6,929630940,6264800,892599690.0,attack,1913
7,998977271,7318000,962999210.0,attack,1914
8,937971381,6290900,900966210.0,attack,1901
9,1174061086,8146300,1138911302.0,attack,1914
10,1003882053,6845330,967431288.0,attack,1904
11,1376543170,9686000,1342933060.0,attack,1910
12,1066282651,7151600,1030138130.0,attack,1905
13,856007380,5695500,818406750.0,attack,1909
14,839150551,6035200,801889612.0,attack,1905
15,1339804534,9371200,1305879580.0,attack,1904
16,1181743327,8099800,1146546960.0,attack,1902
17,996474962,6826600,960005384.0,attack,1912
18,1019956215,6887300,983547326.0,attack,1904
19,1177165272,7992000,1141861070.0,attack,1903
20,1185070623,7992000,1149766408.0,attack,1905
21,1199246974,8026700,1163977446.0,attack,1906
22,1338651293,9438390,1304793440.0,attack,1903
23,1196999730,25758100,1179461574.0,attack,1909
24,832684945,5624000,795012680.0,attack,1914
25,1601990129,10992900,1569686746.0,attack,1905
26,1170067810,7992000,1134763514.0,attack,1904
27,1017023929,7236700,980964322.0,attack,1904
28,1080477819,7475000,1044656500.0,attack,1902
29,843616142,5705800,806025614.0,attack,1909
30,1224967025,7992000,1189662684.0,attack,1903
31,937480261,7316000,901499910.0,attack,1910
32,834158750,5684400,796546790.0,attack,1913
33,999948030,24283800,1024231830.0,normal,1922
34,1348429726,9209300,1314342640.0,attack,1907
35,1211029990,16831900,1227861890.0,normal,1943
36,1003003321,6877900,966584810.0,attack,1906
37,960509152,6621700,967130852.0,normal,1947
38,1714686819,11544000,1682934378.0,attack,1905
39,1064935716,7177800,1072113516.0,normal,1945
40,1211801866,8288000,1220089866.0,normal,1944
41,1447585667,9774390,1414063574.0,attack,1912
42,1044900736,6893000,1051793736.0,normal,1927
43,812806462,5286400,774796360.0,attack,1915
44,1386666304,9472000,1396138304.0,normal,1922
45,1041345507,7718600,1005470106.0,attack,1913
46,873004670,6113900,879118570.0,normal,1940
47,1132152170,7720700,1139872870.0,normal,1946
48,1127751508,8702700,1136454208.0,normal,1943
49,1380748320,9472000,1390220320.0,normal,1924
50,1132227262,7696000,1139923262.0,normal,1924
