block_id,total_gas,total_mev_captured,block_bid,builder_type,builder_id
1,301035004,366700,164787255.51004806,attack,2609
2,1202250223,984700,858116174.6254228,attack,2603
3,915391415,747600,748866768.1119412,attack,2612
4,1266675921,1401400,1218470862.3744535,attack,2605
5,1099511119,1702300,1058177768.0,attack,2602
6,1255908675,1299400,1214172410.0,attack,2620
7,1170605924,961200,1128531446.0,attack,2614
8,1084615094,1449200,1043028604.0,attack,2616
9,487817015,1243200,446024520.0,attack,2601
10,1183976734,980900,1141921926.0,attack,2615
11,869970133,892500,827826916.0,attack,2609
12,1305043589,1048800,1263056658.0,attack,2607
13,826940570,676400,784581230.0,attack,2610
14,746909444,623800,704497496.0,attack,2608
15,1175649165,961200,1133574604.0,attack,2615
16,783692801,1184400,741841432.0,attack,2609
17,1005691008,859580,963514808.0,attack,2607
18,957058880,780700,914803790.0,attack,2603
19,836433691,1256000,794653892.0,attack,2602
20,1005291698,818800,963074688.0,attack,2603
21,1173845839,1029300,1131839316.0,attack,2608
22,1173586190,961200,1131511554.0,attack,2610
23,1258447040,1032400,1216443590.0,attack,2606
24,1254417446,1032400,1212413982.0,attack,2612
25,1435116968,1211600,1393292688.0,attack,2610
26,1190077436,1210600,1191288036.0,normal,2630
27,1089338469,890000,1047192564.0,attack,2617
28,1124698086,925600,1125623686.0,normal,2650
29,801368796,946700,802315496.0,normal,2625
30,965097304,1014200,966111504.0,normal,2627
31,1638503186,1352800,1639855986.0,normal,2633
32,1256280178,1773640,1258053818.0,normal,2624
33,1041696036,884600,1042580636.0,normal,2646
34,1195334510,1021900,1153320414.0,attack,2605
35,855227200,785600,856012800.0,normal,2633
36,1555546886,1281600,1556828486.0,normal,2642
37,1188631590,997200,1146592754.0,attack,2606
38,967872702,7973200,975845902.0,normal,2626
39,1382697082,1119300,1340780320.0,attack,2614
40,777707448,763700,778471148.0,normal,2647
41,958800450,885400,959685850.0,normal,2625
42,904309220,676400,861949530.0,attack,2610
43,1121912896,925600,1122838496.0,normal,2629
44,1152436234,986300,1153422534.0,normal,2627
45,996205462,1070400,997275862.0,normal,2626
46,1470388190,1210400,1471598590.0,normal,2647
47,1024462633,1932700,983359178.0,attack,2615
48,1338362430,1103600,1296429860.0,attack,2615
49,1071333812,1335600,1072669412.0,normal,2644
50,1040987100,854400,1041841500.0,normal,2630
