delta_s,block_num,winning_bid
0.0,0,381756162.29
0.0,1,399199499.68
0.0,2,389124213.78
0.0,3,399353719.83
0.0,4,391665628.93
0.0,5,389344975.8
0.0,6,398501710.01
0.0,7,391309310.66
0.0,8,391906428.69
0.0,9,397476274.42
0.0,10,396375453.98
0.0,11,398608179.54
0.0,12,372389968.21
0.0,13,399341972.72
0.0,14,394594682.19
0.0,15,394804955.33
0.0,16,387026764.4
0.0,17,399246226.46
0.0,18,395765673.78
0.0,19,380562257.25
0.0,20,378408721.68
0.0,21,399307755.71
0.0,22,392511590.09
0.0,23,397860189.51
0.0,24,395458819.99
0.0,25,399031698.72
0.0,26,384419284.59
0.0,27,391412490.13
0.0,28,392936136.22
0.0,29,395687966.24
0.0,30,394338723.43
0.0,31,365026873.48
0.0,32,383306507.9
0.0,33,379388689.65
0.0,34,394881435.07
0.0,35,395220587.62
0.0,36,397324228.84
0.0,37,390579960.03
0.0,38,398702832.72
0.0,39,389332033.41
0.0,40,398045417.95
0.0,41,385208821.4
0.0,42,390326969.4
0.0,43,381052135.0
0.0,44,392533783.15
0.0,45,395827855.6
0.0,46,375071852.1
0.0,47,398925375.53
0.0,48,373744717.91
0.0,49,399923624.02
0.0,50,382627485.75
0.0,51,386452480.3
0.0,52,370397573.12
0.0,53,395536941.41
0.0,54,398542984.04
0.0,55,381511297.54
0.0,56,390775450.27
0.0,57,366601080.4
0.0,58,399565145.06
0.0,59,326071581.81
0.0,60,397719845.88
0.0,61,393113040.22
0.0,62,391935045.5
0.0,63,396727853.08
0.0,64,375517809.83
0.0,65,389477746.84
0.0,66,377599713.15
0.0,67,399627488.87
0.0,68,393112415.13
0.0,69,393796491.96
0.0,70,391515867.64
0.0,71,391012332.67
0.0,72,387058259.56
0.0,73,389649440.76
0.0,74,397257166.14
0.0,75,394418580.41
0.0,76,391721718.81
0.0,77,397449693.96
0.0,78,390165588.28
0.0,79,395855157.48
0.0,80,390212104.88
0.0,81,395710923.29
0.0,82,357101008.14
0.0,83,389789520.97
0.0,84,395708500.98
0.0,85,398816219.04
0.0,86,394791046.0
0.0,87,397835260.58
0.0,88,396583164.19
0.0,89,389878170.11
0.0,90,377951280.2
0.0,91,381141105.1
0.0,92,397347763.89
0.0,93,388090670.33
0.0,94,388215922.49
0.0,95,386552981.76
0.0,96,396037336.46
0.0,97,399215086.58
0.0,98,395204278.4
0.0,99,398371137.74
0.0,100,370320477.57
0.0,101,393588297.67
0.0,102,394918252.47
0.0,103,360152636.44
0.0,104,392621761.49
0.0,105,395042525.71
0.0,106,389922967.72
0.0,107,396645530.05
0.0,108,395696203.51
0.0,109,399343226.77
0.0,110,399451029.23
0.0,111,384085710.73
0.0,112,393055394.45
0.0,113,394471813.88
0.0,114,394516632.11
0.0,115,397997969.4
0.0,116,394762799.2
0.0,117,396074251.67
0.0,118,371533541.82
0.0,119,382553877.4
0.0,120,391147166.78
0.0,121,397548579.43
0.0,122,397507035.96
0.0,123,394424633.83
0.0,124,390666664.23
0.0,125,393130041.02
0.0,126,390585962.33
0.0,127,397208830.9
0.0,128,398883399.44
0.0,129,396601044.0
0.0,130,398442791.11
0.0,131,398419240.61
0.0,132,398899287.03
0.0,133,396218622.0
0.0,134,387810732.01
0.0,135,387370746.38
0.0,136,398676392.67
0.0,137,393813863.26
0.0,138,388234208.55
0.0,139,397652661.77
0.0,140,376838044.67
0.0,141,397495226.82
0.0,142,394046320.02
0.0,143,399529606.42
0.0,144,380707867.1
0.0,145,387166863.0
0.0,146,381295380.22
0.0,147,397107066.82
0.0,148,383123657.56
0.0,149,398205771.28
0.0,150,390148098.16
0.0,151,377524374.19
0.0,152,395108453.05
0.0,153,394844623.74
0.0,154,381862652.64
0.0,155,398537486.94
0.0,156,398058429.01
0.0,157,397733430.35
0.0,158,385773426.08
0.0,159,399349923.77
0.0,160,396725615.63
0.0,161,391599142.37
0.0,162,398458952.82
0.0,163,399691251.66
0.0,164,380816614.07
0.0,165,399993036.54
0.0,166,398784168.86
0.0,167,392906982.02
0.0,168,383809484.47
0.0,169,383695859.33
0.0,170,366099697.58
0.0,171,383333748.22
0.0,172,398546171.8
0.0,173,395402024.2
0.0,174,377701713.36
0.0,175,394216105.22
0.0,176,392827464.52
0.0,177,387295210.05
0.0,178,381034821.92
0.0,179,389629113.77
0.0,180,399825966.96
0.0,181,391835015.65
0.0,182,393500943.02
0.0,183,398614109.74
0.0,184,370207254.53
0.0,185,399744138.62
0.0,186,396226432.55
0.0,187,392088690.29
0.0,188,396219758.18
0.0,189,395363575.11
0.0,190,390885910.24
0.0,191,394598479.84
0.0,192,380807739.92
0.0,193,398075517.56
0.0,194,389889839.8
0.0,195,399266746.16
0.0,196,389878690.12
0.0,197,388554441.41
0.0,198,392279929.82
0.0,199,391546210.65
0.0,200,377574829.14
0.0,201,399094826.4
0.0,202,398780761.65
0.0,203,391580575.22
0.0,204,397213383.34
0.0,205,369092642.93
0.0,206,398029774.82
0.0,207,353915058.35
0.0,208,398721741.91
0.0,209,399559133.0
0.0,210,390568187.66
0.0,211,393283624.37
0.0,212,375128089.48
0.0,213,389173507.29
0.0,214,381795168.23
0.0,215,395852377.68
0.0,216,382748138.84
0.0,217,385287961.84
0.0,218,388274646.61
0.0,219,378856749.01
0.0,220,385064306.55
0.0,221,389485812.11
0.0,222,395945247.71
0.0,223,393625228.34
0.0,224,399573068.55
0.0,225,391075111.32
0.0,226,386959450.85
0.0,227,389156307.74
0.0,228,392534161.16
0.0,229,395496868.47
0.0,230,384534226.9
0.0,231,395190423.96
0.0,232,391167504.44
0.0,233,394105455.77
0.0,234,393451763.16
0.0,235,393783621.96
0.0,236,369727291.03
0.0,237,386508243.69
0.0,238,399136103.1
0.0,239,397456187.98
0.0,240,395923933.53
0.0,241,399079970.06
0.0,242,398787138.19
0.0,243,399636251.36
0.0,244,383496006.68
0.0,245,393721297.3
0.0,246,385144330.19
0.0,247,389949688.73
0.0,248,398410691.99
0.0,249,362778991.47
0.0,250,388534101.71
0.0,251,391172423.89
0.0,252,337797856.88
0.0,253,381071257.72
0.0,254,396082090.35
0.0,255,390401107.99
0.0,256,395803953.16
0.0,257,387448055.88
0.0,258,397995135.31
0.0,259,389069033.02
0.0,260,396326003.11
0.0,261,384182755.41
0.0,262,384657488.24
0.0,263,374788485.24
0.0,264,391461736.25
0.0,265,395518286.03
0.0,266,388381091.1
0.0,267,369520410.22
0.0,268,399536150.88
0.0,269,397251758.98
0.0,270,391243916.9
0.0,271,378690717.11
0.0,272,393754971.92
0.0,273,399202160.59
0.0,274,397410638.25
0.0,275,388709991.49
0.0,276,396830084.86
0.0,277,399405837.68
0.0,278,399725725.08
0.0,279,396522780.42
0.0,280,395997280.88
0.0,281,393451904.91
0.0,282,398189002.76
0.0,283,399009628.1
0.0,284,389311485.6
0.0,285,399404134.83
0.0,286,399201674.38
0.0,287,395804976.67
0.0,288,387482984.28
0.0,289,394456154.51
0.0,290,398065261.22
0.0,291,391371804.91
0.0,292,375563525.33
0.0,293,373721509.75
0.0,294,398754404.87
0.0,295,393180124.51
0.0,296,392094262.08
0.0,297,398646482.2
0.0,298,396515575.64
0.0,299,390150153.3
0.0,300,381132541.95
0.0,301,385876617.45
0.0,302,377426117.41
0.0,303,399372725.48
0.0,304,387948006.01
0.0,305,386984522.61
0.0,306,394264522.3
0.0,307,396709780.53
0.0,308,396827995.5
0.0,309,399304368.85
0.0,310,373603447.48
0.0,311,398668478.74
0.0,312,384953339.51
0.0,313,389762201.34
0.0,314,384830476.84
0.0,315,386999178.74
0.0,316,365744887.85
0.0,317,391158028.81
0.0,318,393549548.57
0.0,319,374740377.94
0.0,320,372179179.83
0.0,321,375845562.36
0.0,322,395661033.55
0.0,323,390803604.86
0.0,324,392663981.82
0.0,325,387099361.78
0.0,326,378227792.81
0.0,327,394170715.18
0.0,328,382775834.01
0.0,329,398147727.35
0.0,330,384186378.73
0.0,331,397227984.86
0.0,332,392308655.87
0.0,333,394495817.66
0.0,334,396062975.41
0.0,335,395511861.78
0.0,336,398461074.16
0.0,337,390297391.3
0.0,338,399111299.31
0.0,339,372572075.03
0.0,340,388838396.01
0.0,341,399244585.91
0.0,342,399164804.79
0.0,343,367229353.84
0.0,344,390798904.09
0.0,345,395668939.65
0.0,346,398283586.03
0.0,347,371145976.12
0.0,348,391514529.61
0.0,349,398441660.89
0.0,350,384212163.56
0.0,351,391366777.64
0.0,352,396217560.74
0.0,353,398244086.2
0.0,354,387401769.14
0.0,355,397724396.26
0.0,356,396851533.35
0.0,357,393585124.26
0.0,358,398287058.6
0.0,359,393616906.11
0.0,360,390478171.72
0.0,361,384964122.58
0.0,362,375778279.63
0.0,363,399310505.99
0.0,364,383797197.82
0.0,365,384316129.21
0.0,366,388402012.03
0.0,367,373169813.73
0.0,368,397383964.96
0.0,369,397403442.43
0.0,370,391681247.38
0.0,371,385969002.19
0.0,372,385572570.88
0.0,373,397671143.19
0.0,374,397165328.29
0.0,375,388808234.3
0.0,376,392291740.31
0.0,377,397087498.42
0.0,378,392965168.82
0.0,379,396777238.76
0.0,380,398317462.94
0.0,381,394013285.07
0.0,382,392675027.99
0.0,383,390967670.77
0.0,384,394002892.88
0.0,385,397552302.47
0.0,386,366030469.81
0.0,387,399353637.09
0.0,388,398913514.46
0.0,389,387408480.61
0.0,390,392102946.53
0.0,391,391269705.67
0.0,392,399808804.74
0.0,393,395886250.9
0.0,394,398408896.26
0.0,395,394278619.57
0.0,396,369425750.01
0.0,397,386900463.47
0.0,398,388448117.89
0.0,399,398139579.83
0.0,400,398762605.34
0.0,401,368677871.11
0.0,402,397960625.07
0.0,403,392347431.35
0.0,404,391903886.67
0.0,405,393494432.23
0.0,406,374768339.71
0.0,407,383007568.57
0.0,408,387177904.73
0.0,409,395440657.85
0.0,410,395163892.31
0.0,411,395809228.49
0.0,412,392033348.92
0.0,413,387833709.94
0.0,414,385246478.66
0.0,415,392588025.04
0.0,416,381822272.86
0.0,417,395460614.89
0.0,418,394290136.63
0.0,419,385973492.87
0.0,420,393523486.84
0.0,421,395400140.62
0.0,422,399786191.05
0.0,423,396449346.26
0.0,424,395953708.9
0.0,425,388030821.7
0.0,426,381370734.34
0.0,427,383137986.87
0.0,428,379767859.09
0.0,429,387393181.69
0.0,430,394833666.48
0.0,431,398982376.73
0.0,432,397855122.64
0.0,433,397902228.2
0.0,434,398601800.71
0.0,435,396051856.88
0.0,436,398517543.3
0.0,437,390775279.83
0.0,438,397019828.84
0.0,439,394775726.34
0.0,440,396802438.59
0.0,441,391268571.83
0.0,442,397437210.36
0.0,443,396336859.25
0.0,444,399251636.66
0.0,445,395532881.44
0.0,446,395543943.78
0.0,447,393087665.3
0.0,448,394111124.12
0.0,449,386787505.23
0.0,450,394766324.42
0.0,451,380996430.61
0.0,452,391303383.75
0.0,453,386259754.91
0.0,454,390690437.69
0.0,455,397835979.51
0.0,456,394664350.45
0.0,457,399602253.6
0.0,458,399394497.82
0.0,459,391160640.71
0.0,460,398835997.36
0.0,461,392258988.08
0.0,462,396739973.74
0.0,463,388552532.21
0.0,464,393223504.35
0.0,465,363126412.09
0.0,466,378244704.79
0.0,467,394628463.87
0.0,468,397527544.75
0.0,469,366564537.36
0.0,470,384309202.98
0.0,471,394440039.81
0.0,472,391487238.95
0.0,473,395553486.23
0.0,474,396174644.22
0.0,475,399178791.97
0.0,476,396024751.5
0.0,477,385408418.03
0.0,478,395067254.57
0.0,479,396371935.81
0.0,480,395304291.34
0.0,481,392608628.2
0.0,482,396027596.47
0.0,483,372727089.01
0.0,484,393459123.63
0.0,485,388012688.08
0.0,486,389479037.95
0.0,487,399591478.3
0.0,488,391593111.98
0.0,489,399657018.07
0.0,490,366468608.53
0.0,491,397199108.51
0.0,492,389449147.94
0.0,493,398591183.91
0.0,494,394006678.44
0.0,495,391705990.85
0.0,496,383129434.6
0.0,497,392754591.72
0.0,498,369069125.6
0.0,499,368466464.23
0.05,0,381807752.91
0.05,1,392473699.75
0.05,2,398282337.43
0.05,3,397606419.35
0.05,4,397823718.64
0.05,5,383536908.8
0.05,6,390193741.9
0.05,7,392152192.62
0.05,8,393014420.77
0.05,9,384175424.48
0.05,10,395733281.19
0.05,11,394219718.98
0.05,12,397871386.02
0.05,13,397536653.34
0.05,14,391013168.44
0.05,15,376655656.27
0.05,16,375852581.16
0.05,17,385171256.2
0.05,18,382372218.93
0.05,19,398715577.69
0.05,20,398654687.22
0.05,21,397495857.74
0.05,22,393278737.63
0.05,23,387996229.75
0.05,24,390916366.02
0.05,25,385652138.69
0.05,26,396333680.39
0.05,27,394033724.88
0.05,28,389819557.03
0.05,29,363879327.41
0.05,30,392627740.92
0.05,31,395949108.78
0.05,32,376310510.1
0.05,33,366673933.8
0.05,34,396935199.19
0.05,35,396353819.5
0.05,36,399333972.64
0.05,37,393150142.84
0.05,38,398652194.32
0.05,39,390406887.54
0.05,40,391618598.04
0.05,41,393014417.58
0.05,42,393494537.62
0.05,43,364411445.73
0.05,44,362437380.34
0.05,45,386583362.61
0.05,46,397170458.83
0.05,47,396184832.67
0.05,48,387957443.14
0.05,49,390352028.41
0.05,50,361623189.13
0.05,51,391068791.22
0.05,52,393399553.25
0.05,53,399641443.08
0.05,54,378288086.23
0.05,55,389115162.88
0.05,56,374916994.07
0.05,57,391493612.17
0.05,58,394815834.01
0.05,59,397842502.41
0.05,60,392118232.07
0.05,61,391286145.86
0.05,62,399379935.5
0.05,63,398548357.35
0.05,64,380039605.61
0.05,65,392767975.99
0.05,66,392611640.95
0.05,67,383204721.95
0.05,68,392682615.31
0.05,69,395219189.8
0.05,70,399991446.88
0.05,71,384508229.64
0.05,72,392331317.85
0.05,73,384135035.38
0.05,74,395671070.4
0.05,75,365615340.32
0.05,76,398997025.19
0.05,77,385291115.51
0.05,78,380066091.32
0.05,79,398594621.22
0.05,80,370632100.63
0.05,81,397027390.91
0.05,82,388406189.87
0.05,83,396936315.76
0.05,84,397532285.84
0.05,85,389219182.98
0.05,86,381245021.16
0.05,87,397853413.92
0.05,88,391885792.26
0.05,89,393273617.13
0.05,90,393116281.14
0.05,91,361161767.88
0.05,92,399111654.23
0.05,93,392885124.77
0.05,94,397137865.52
0.05,95,395008970.03
0.05,96,383649367.0
0.05,97,391780156.59
0.05,98,391315699.1
0.05,99,371984906.69
0.05,100,359243686.6
0.05,101,378923104.82
0.05,102,395153658.9
0.05,103,375841129.51
0.05,104,399870764.47
0.05,105,397490953.57
0.05,106,393345646.95
0.05,107,396302006.5
0.05,108,397874108.36
0.05,109,351395325.88
0.05,110,398811481.7
0.05,111,376979955.29
0.05,112,378434727.46
0.05,113,397501578.77
0.05,114,378631337.21
0.05,115,377287252.78
0.05,116,395060680.57
0.05,117,383059628.65
0.05,118,387518017.89
0.05,119,386105501.04
0.05,120,394315437.85
0.05,121,399989860.89
0.05,122,397870575.39
0.05,123,399095655.2
0.05,124,382436582.63
0.05,125,390809982.98
0.05,126,381772434.54
0.05,127,391410660.29
0.05,128,391745402.66
0.05,129,374187587.87
0.05,130,394896447.44
0.05,131,393847944.47
0.05,132,399262993.0
0.05,133,392968892.33
0.05,134,393597458.53
0.05,135,393709688.48
0.05,136,368125750.25
0.05,137,396118509.47
0.05,138,381678587.0
0.05,139,383256402.72
0.05,140,393860308.56
0.05,141,393673793.22
0.05,142,397953601.79
0.05,143,384604203.59
0.05,144,394098153.97
0.05,145,383471209.77
0.05,146,398413310.96
0.05,147,390464219.07
0.05,148,395573389.85
0.05,149,392714683.67
0.05,150,390453156.39
0.05,151,393586810.45
0.05,152,397464465.63
0.05,153,395753995.01
0.05,154,399040511.39
0.05,155,399895953.03
0.05,156,398131445.31
0.05,157,375306281.21
0.05,158,394514027.17
0.05,159,399266785.34
0.05,160,397215990.93
0.05,161,394700915.4
0.05,162,398680641.1
0.05,163,393490463.01
0.05,164,382429651.77
0.05,165,390428570.64
0.05,166,388810190.95
0.05,167,387778415.55
0.05,168,389473095.64
0.05,169,398038196.89
0.05,170,388359884.12
0.05,171,394900400.46
0.05,172,397622484.67
0.05,173,395962895.97
0.05,174,386481768.33
0.05,175,398267199.42
0.05,176,394906088.36
0.05,177,391036077.13
0.05,178,398971889.58
0.05,179,386624518.25
0.05,180,393842202.6
0.05,181,398043964.9
0.05,182,379036176.45
0.05,183,395264718.87
0.05,184,370812035.64
0.05,185,395162216.95
0.05,186,399457517.84
0.05,187,396453639.66
0.05,188,386194069.72
0.05,189,387520209.94
0.05,190,386074860.28
0.05,191,397010652.43
0.05,192,397581041.61
0.05,193,397567461.05
0.05,194,393579648.84
0.05,195,373955908.58
0.05,196,373696421.75
0.05,197,398842227.28
0.05,198,396576230.51
0.05,199,391480884.5
0.05,200,397397505.65
0.05,201,356419035.85
0.05,202,398845693.55
0.05,203,397297965.54
0.05,204,397488123.16
0.05,205,374157819.32
0.05,206,394443923.68
0.05,207,377235497.39
0.05,208,391358502.63
0.05,209,396310216.92
0.05,210,371433730.02
0.05,211,393299510.27
0.05,212,382596496.86
0.05,213,383525583.23
0.05,214,376166814.14
0.05,215,379068510.27
0.05,216,386103097.23
0.05,217,392241653.69
0.05,218,365454254.66
0.05,219,386662097.06
0.05,220,391616981.49
0.05,221,379213368.11
0.05,222,387781847.14
0.05,223,382968515.36
0.05,224,392304208.16
0.05,225,396895529.86
0.05,226,385228499.7
0.05,227,399754904.5
0.05,228,398567535.59
0.05,229,398149223.73
0.05,230,394525387.05
0.05,231,389781645.93
0.05,232,397194391.78
0.05,233,398583063.35
0.05,234,391958702.58
0.05,235,398567932.23
0.05,236,383486418.98
0.05,237,398400509.09
0.05,238,394828928.94
0.05,239,374709207.91
0.05,240,395277170.24
0.05,241,399504471.68
0.05,242,397547923.52
0.05,243,394054549.02
0.05,244,384043009.57
0.05,245,380714730.95
0.05,246,385321489.9
0.05,247,386689268.18
0.05,248,398594820.01
0.05,249,390827704.28
0.05,250,390133753.94
0.05,251,388468985.44
0.05,252,399449823.09
0.05,253,394824505.31
0.05,254,382773292.65
0.05,255,382230548.27
0.05,256,391916635.2
0.05,257,398314172.77
0.05,258,393335412.94
0.05,259,399607182.87
0.05,260,399279749.54
0.05,261,383354171.61
0.05,262,380811033.95
0.05,263,385090020.96
0.05,264,399786403.9
0.05,265,368125954.79
0.05,266,389577583.26
0.05,267,394600008.86
0.05,268,386978995.18
0.05,269,378469647.02
0.05,270,374487498.18
0.05,271,391426736.62
0.05,272,386492417.36
0.05,273,395098534.38
0.05,274,399576222.26
0.05,275,394812295.1
0.05,276,392144509.84
0.05,277,386264200.34
0.05,278,386918826.12
0.05,279,395013508.35
0.05,280,394254611.97
0.05,281,385091027.32
0.05,282,373862636.27
0.05,283,394748421.7
0.05,284,398576544.52
0.05,285,388954125.46
0.05,286,397432625.3
0.05,287,398416499.7
0.05,288,397052242.0
0.05,289,382297669.69
0.05,290,351734161.2
0.05,291,398599870.6
0.05,292,398619285.04
0.05,293,382904446.65
0.05,294,369586300.14
0.05,295,398101549.27
0.05,296,397587622.42
0.05,297,392745922.0
0.05,298,389862599.6
0.05,299,392340459.01
0.05,300,395804807.0
0.05,301,398169026.42
0.05,302,390406280.29
0.05,303,375081050.63
0.05,304,389774510.08
0.05,305,397720586.43
0.05,306,397683819.23
0.05,307,398781568.59
0.05,308,395441068.96
0.05,309,382079540.83
0.05,310,399237816.44
0.05,311,389427851.65
0.05,312,395798309.92
0.05,313,388344106.76
0.05,314,394486228.97
0.05,315,393960345.73
0.05,316,384888444.99
0.05,317,391874277.08
0.05,318,397619943.02
0.05,319,384904031.8
0.05,320,392958774.81
0.05,321,387249777.43
0.05,322,398384744.88
0.05,323,391620548.62
0.05,324,394412288.64
0.05,325,398792348.73
0.05,326,397964949.48
0.05,327,399698010.39
0.05,328,399149125.38
0.05,329,379648582.04
0.05,330,390974301.77
0.05,331,398460713.27
0.05,332,395996725.54
0.05,333,399168754.71
0.05,334,383489778.94
0.05,335,381150678.16
0.05,336,396851882.35
0.05,337,382231148.6
0.05,338,398312750.35
0.05,339,386086412.64
0.05,340,333009743.24
0.05,341,396666039.52
0.05,342,384413943.12
0.05,343,386442999.84
0.05,344,393558872.51
0.05,345,392146182.31
0.05,346,398410350.99
0.05,347,389362356.21
0.05,348,395603877.2
0.05,349,367777577.4
0.05,350,395349268.74
0.05,351,387125963.35
0.05,352,391001811.86
0.05,353,375084533.07
0.05,354,395009520.21
0.05,355,388630355.02
0.05,356,390414568.99
0.05,357,397597724.21
0.05,358,392251451.42
0.05,359,396564243.57
0.05,360,397837621.66
0.05,361,397786644.04
0.05,362,389832621.98
0.05,363,395201616.8
0.05,364,393709853.89
0.05,365,394600222.56
0.05,366,392573982.47
0.05,367,386743016.6
0.05,368,399543929.77
0.05,369,396049678.35
0.05,370,398489305.54
0.05,371,384102254.38
0.05,372,380960272.11
0.05,373,376991751.22
0.05,374,395956238.54
0.05,375,394823077.11
0.05,376,398156982.76
0.05,377,398127128.06
0.05,378,394617280.75
0.05,379,392685002.24
0.05,380,398640024.23
0.05,381,393326794.21
0.05,382,384291429.34
0.05,383,390236184.79
0.05,384,393290965.96
0.05,385,397575983.9
0.05,386,395712349.71
0.05,387,372974568.93
0.05,388,394007588.5
0.05,389,389983135.38
0.05,390,390937565.17
0.05,391,396095435.45
0.05,392,397530258.31
0.05,393,396354664.68
0.05,394,383371023.83
0.05,395,397288368.27
0.05,396,384208711.41
0.05,397,399270684.97
0.05,398,388039458.98
0.05,399,396033251.81
0.05,400,398108207.29
0.05,401,394725868.94
0.05,402,376010029.33
0.05,403,372307517.66
0.05,404,364206340.49
0.05,405,399934825.51
0.05,406,360362387.21
0.05,407,399897158.36
0.05,408,393039215.23
0.05,409,387509888.89
0.05,410,387458476.08
0.05,411,391926731.13
0.05,412,389526308.42
0.05,413,386808069.17
0.05,414,399764988.57
0.05,415,397883890.32
0.05,416,392617696.89
0.05,417,392454962.43
0.05,418,395904067.59
0.05,419,384831339.52
0.05,420,396970656.79
0.05,421,398922787.99
0.05,422,395098689.25
0.05,423,394815329.48
0.05,424,394219929.89
0.05,425,398250325.26
0.05,426,397233291.1
0.05,427,391797675.06
0.05,428,387255464.49
0.05,429,395855141.55
0.05,430,394145008.07
0.05,431,398400711.66
0.05,432,399880993.8
0.05,433,394048525.6
0.05,434,397634829.49
0.05,435,395898046.82
0.05,436,379044478.93
0.05,437,397542006.59
0.05,438,393642938.92
0.05,439,397166944.2
0.05,440,386400325.88
0.05,441,395213230.85
0.05,442,395624526.24
0.05,443,390655783.35
0.05,444,392521201.28
0.05,445,395123286.78
0.05,446,396169241.04
0.05,447,394291514.79
0.05,448,397589082.5
0.05,449,394289871.28
0.05,450,389992360.11
0.05,451,377387040.7
0.05,452,382516045.84
0.05,453,394012263.55
0.05,454,398729916.6
0.05,455,387005174.48
0.05,456,397034616.23
0.05,457,394769056.46
0.05,458,395776951.65
0.05,459,383838319.38
0.05,460,391254605.29
0.05,461,371380044.78
0.05,462,394456690.13
0.05,463,372326801.02
0.05,464,393690726.86
0.05,465,380483025.25
0.05,466,379414014.51
0.05,467,398391606.25
0.05,468,399817183.19
0.05,469,382993187.82
0.05,470,387852420.11
0.05,471,390619710.25
0.05,472,398906088.02
0.05,473,343428337.03
0.05,474,390431928.5
0.05,475,399977136.67
0.05,476,381111874.73
0.05,477,398345266.27
0.05,478,389498686.89
0.05,479,376655821.66
0.05,480,397844156.01
0.05,481,397834361.51
0.05,482,399267044.45
0.05,483,383638897.66
0.05,484,380662301.13
0.05,485,394764735.99
0.05,486,395596574.0
0.05,487,394294489.71
0.05,488,395421930.76
0.05,489,389632288.02
0.05,490,382845131.19
0.05,491,395755582.43
0.05,492,396349248.96
0.05,493,389620203.95
0.05,494,384966350.52
0.05,495,399021992.3
0.05,496,393885552.04
0.05,497,392608867.59
0.05,498,392028944.24
0.05,499,398690575.03
0.1,0,383882162.89
0.1,1,396686276.43
0.1,2,399475701.56
0.1,3,362364599.01
0.1,4,381809275.22
0.1,5,395285297.09
0.1,6,397592586.25
0.1,7,390369652.49
0.1,8,396799114.76
0.1,9,398371772.28
0.1,10,398421866.85
0.1,11,395530629.18
0.1,12,371459931.74
0.1,13,399172739.76
0.1,14,387696338.65
0.1,15,399064314.48
0.1,16,392519252.69
0.1,17,396594474.71
0.1,18,383371699.92
0.1,19,390100466.5
0.1,20,394863833.41
0.1,21,388716740.56
0.1,22,377329193.03
0.1,23,380644698.25
0.1,24,358671148.1
0.1,25,393623781.78
0.1,26,375098408.64
0.1,27,389751032.98
0.1,28,387698815.08
0.1,29,398821833.21
0.1,30,387116208.26
0.1,31,392954764.8
0.1,32,386312480.93
0.1,33,397684748.55
0.1,34,399611166.22
0.1,35,396524036.72
0.1,36,391291924.56
0.1,37,392791738.52
0.1,38,396885643.16
0.1,39,393248969.21
0.1,40,396301319.82
0.1,41,397759517.76
0.1,42,397205067.42
0.1,43,397140293.48
0.1,44,399863993.96
0.1,45,399403521.57
0.1,46,380963229.23
0.1,47,389634174.15
0.1,48,397616650.19
0.1,49,399903869.32
0.1,50,397694166.78
0.1,51,397162504.54
0.1,52,376882162.91
0.1,53,394713093.45
0.1,54,393291635.53
0.1,55,396122290.4
0.1,56,395258102.06
0.1,57,378002071.05
0.1,58,392545844.11
0.1,59,393115909.06
0.1,60,392974678.52
0.1,61,399349907.62
0.1,62,395420809.49
0.1,63,374169293.0
0.1,64,399284595.81
0.1,65,397200099.69
0.1,66,394497860.89
0.1,67,398138339.56
0.1,68,375043160.04
0.1,69,398983601.64
0.1,70,399008681.35
0.1,71,380083966.86
0.1,72,380975447.98
0.1,73,390778262.6
0.1,74,397530310.44
0.1,75,391988861.25
0.1,76,393366401.73
0.1,77,397660029.03
0.1,78,385560062.55
0.1,79,386576189.16
0.1,80,396391876.97
0.1,81,395238240.12
0.1,82,390647774.78
0.1,83,390158859.3
0.1,84,399314301.52
0.1,85,388871268.05
0.1,86,392259396.44
0.1,87,393120525.16
0.1,88,360803458.36
0.1,89,380352756.44
0.1,90,396313521.7
0.1,91,396327397.11
0.1,92,396615855.22
0.1,93,399016687.78
0.1,94,389432331.55
0.1,95,396982721.85
0.1,96,395265319.6
0.1,97,384185414.18
0.1,98,394140045.38
0.1,99,394919430.57
0.1,100,390474695.89
0.1,101,395549894.1
0.1,102,399600106.01
0.1,103,391606738.83
0.1,104,389154615.97
0.1,105,385822250.37
0.1,106,381362681.88
0.1,107,395837815.49
0.1,108,398473516.11
0.1,109,394423826.68
0.1,110,399097152.33
0.1,111,396873265.7
0.1,112,371140933.7
0.1,113,363905434.0
0.1,114,396467054.81
0.1,115,397358313.52
0.1,116,397793940.71
0.1,117,399591175.42
0.1,118,397077288.82
0.1,119,396928429.64
0.1,120,398517532.07
0.1,121,396430089.53
0.1,122,399214475.49
0.1,123,364648802.07
0.1,124,394062530.79
0.1,125,374384455.22
0.1,126,374598601.29
0.1,127,384737588.6
0.1,128,391343050.47
0.1,129,388480358.82
0.1,130,380473708.78
0.1,131,393882496.88
0.1,132,391554749.01
0.1,133,398533496.07
0.1,134,371497972.72
0.1,135,366833474.45
0.1,136,399199598.44
0.1,137,383318757.76
0.1,138,389034730.09
0.1,139,393435943.39
0.1,140,384794358.65
0.1,141,395601566.11
0.1,142,391477035.5
0.1,143,392312427.64
0.1,144,391805659.46
0.1,145,397753525.42
0.1,146,394657173.66
0.1,147,396582669.05
0.1,148,393640049.47
0.1,149,380641860.0
0.1,150,399541893.76
0.1,151,397686869.77
0.1,152,399316860.16
0.1,153,373502825.88
0.1,154,379709934.58
0.1,155,396533730.78
0.1,156,394892326.78
0.1,157,393373851.18
0.1,158,396480866.96
0.1,159,391608670.82
0.1,160,389174321.2
0.1,161,399703396.0
0.1,162,391261048.07
0.1,163,392482807.69
0.1,164,393900664.02
0.1,165,392078224.83
0.1,166,399765449.92
0.1,167,370580169.78
0.1,168,391904440.24
0.1,169,390871839.53
0.1,170,392919063.39
0.1,171,395889318.34
0.1,172,395465417.82
0.1,173,392714967.49
0.1,174,397505656.21
0.1,175,388660840.69
0.1,176,391598382.09
0.1,177,398469512.35
0.1,178,365233557.76
0.1,179,392519509.8
0.1,180,393231576.08
0.1,181,394819142.61
0.1,182,399854501.63
0.1,183,393948886.2
0.1,184,390074703.27
0.1,185,399207166.76
0.1,186,379590812.38
0.1,187,397838477.76
0.1,188,392296314.64
0.1,189,398957488.39
0.1,190,394769139.37
0.1,191,396735839.65
0.1,192,398258477.53
0.1,193,399778030.23
0.1,194,389562835.31
0.1,195,398017193.05
0.1,196,398826803.57
0.1,197,392144031.09
0.1,198,390491677.58
0.1,199,398357159.73
0.1,200,398071031.87
0.1,201,391894084.89
0.1,202,397930440.52
0.1,203,392347362.62
0.1,204,391183307.07
0.1,205,392205348.55
0.1,206,389267740.48
0.1,207,395812090.94
0.1,208,390165439.83
0.1,209,376905429.67
0.1,210,398818922.22
0.1,211,385971504.98
0.1,212,396794267.17
0.1,213,393895972.83
0.1,214,384647285.09
0.1,215,392214632.62
0.1,216,390540395.53
0.1,217,399094938.68
0.1,218,385999029.67
0.1,219,385157600.8
0.1,220,382675203.57
0.1,221,383660416.63
0.1,222,374846144.51
0.1,223,399751916.56
0.1,224,377747914.76
0.1,225,396200090.32
0.1,226,380527401.55
0.1,227,397862468.01
0.1,228,393323305.29
0.1,229,374915162.21
0.1,230,389580085.0
0.1,231,390060849.85
0.1,232,390188931.56
0.1,233,367823649.48
0.1,234,392488390.41
0.1,235,396982128.7
0.1,236,379586079.62
0.1,237,378736673.11
0.1,238,399392672.92
0.1,239,397354669.76
0.1,240,376557930.92
0.1,241,394555316.86
0.1,242,393546744.67
0.1,243,374519287.49
0.1,244,393829528.92
0.1,245,393196669.38
0.1,246,375488895.49
0.1,247,392421811.57
0.1,248,385372132.25
0.1,249,398398789.38
0.1,250,392395357.96
0.1,251,387514899.85
0.1,252,395715413.03
0.1,253,367302201.73
0.1,254,397990739.53
0.1,255,385357525.68
0.1,256,393129833.08
0.1,257,375083867.68
0.1,258,399186157.99
0.1,259,361453974.9
0.1,260,372310513.68
0.1,261,389488000.5
0.1,262,397874787.5
0.1,263,385358926.52
0.1,264,376015266.1
0.1,265,385062839.09
0.1,266,378510191.21
0.1,267,394686019.49
0.1,268,393789684.0
0.1,269,386313376.33
0.1,270,398536536.81
0.1,271,391291378.17
0.1,272,393682997.59
0.1,273,394643641.61
0.1,274,395975960.72
0.1,275,391404762.27
0.1,276,396098324.01
0.1,277,393728794.56
0.1,278,389707004.06
0.1,279,384034773.35
0.1,280,391159929.17
0.1,281,393597491.78
0.1,282,386354713.09
0.1,283,394046009.49
0.1,284,397722609.45
0.1,285,394939511.51
0.1,286,399519904.68
0.1,287,389281338.73
0.1,288,377640541.92
0.1,289,393460462.59
0.1,290,394102045.71
0.1,291,385775937.39
0.1,292,398881657.2
0.1,293,395494334.22
0.1,294,373032385.16
0.1,295,397353211.18
0.1,296,384960886.11
0.1,297,393243922.41
0.1,298,397593547.91
0.1,299,397057014.33
0.1,300,399880664.58
0.1,301,370976129.81
0.1,302,375790370.2
0.1,303,398468548.91
0.1,304,396829016.42
0.1,305,384990074.01
0.1,306,363115776.03
0.1,307,398978877.25
0.1,308,399979329.96
0.1,309,391785067.14
0.1,310,394678999.09
0.1,311,392345460.21
0.1,312,399495976.17
0.1,313,398003984.13
0.1,314,395869182.88
0.1,315,395264994.55
0.1,316,399103088.81
0.1,317,398811616.19
0.1,318,382429911.78
0.1,319,398474185.17
0.1,320,398678514.86
0.1,321,364980590.81
0.1,322,397076054.81
0.1,323,395256483.92
0.1,324,395962827.39
0.1,325,393933723.82
0.1,326,390329127.78
0.1,327,393687411.63
0.1,328,395181393.03
0.1,329,389987115.66
0.1,330,395682055.56
0.1,331,389662354.37
0.1,332,380216838.69
0.1,333,394390154.45
0.1,334,394940689.73
0.1,335,399941108.7
0.1,336,397411304.25
0.1,337,396539083.65
0.1,338,396623985.16
0.1,339,399496664.82
0.1,340,382870946.05
0.1,341,395925681.31
0.1,342,399233249.47
0.1,343,385458133.51
0.1,344,395633184.11
0.1,345,389045039.53
0.1,346,398388013.74
0.1,347,393413945.7
0.1,348,386901966.34
0.1,349,394435994.92
0.1,350,384461934.75
0.1,351,381869150.73
0.1,352,398971080.67
0.1,353,398502425.48
0.1,354,398340213.26
0.1,355,391872681.51
0.1,356,390638992.15
0.1,357,370159205.44
0.1,358,391389889.17
0.1,359,391929778.08
0.1,360,396014525.39
0.1,361,392506487.09
0.1,362,396471582.82
0.1,363,382960970.28
0.1,364,393375521.89
0.1,365,389691641.96
0.1,366,394479357.87
0.1,367,391956382.85
0.1,368,391716642.46
0.1,369,393667521.14
0.1,370,383120864.79
0.1,371,392958233.88
0.1,372,396014544.36
0.1,373,393459275.36
0.1,374,394593261.73
0.1,375,384430073.91
0.1,376,387339589.34
0.1,377,385693799.32
0.1,378,394984168.45
0.1,379,394562873.82
0.1,380,396226649.06
0.1,381,389200219.44
0.1,382,399878067.1
0.1,383,391074284.51
0.1,384,397397935.21
0.1,385,394775299.09
0.1,386,388378581.14
0.1,387,360536278.27
0.1,388,396971873.68
0.1,389,392048115.46
0.1,390,393816641.31
0.1,391,389718113.37
0.1,392,391537943.06
0.1,393,387651689.87
0.1,394,392122351.09
0.1,395,393082928.37
0.1,396,399908750.03
0.1,397,390878823.63
0.1,398,394599708.31
0.1,399,391908353.32
0.1,400,399704232.11
0.1,401,363706615.38
0.1,402,387619780.72
0.1,403,382959006.07
0.1,404,392105339.34
0.1,405,395043223.26
0.1,406,399959203.91
0.1,407,382451000.52
0.1,408,360199552.68
0.1,409,382905211.35
0.1,410,384461710.93
0.1,411,393880496.01
0.1,412,398064058.88
0.1,413,397102579.16
0.1,414,397114731.61
0.1,415,386290001.13
0.1,416,393827723.48
0.1,417,389815882.67
0.1,418,395978082.26
0.1,419,385082867.34
0.1,420,395952873.35
0.1,421,395042896.35
0.1,422,373853234.86
0.1,423,399356006.03
0.1,424,397156864.05
0.1,425,392031878.51
0.1,426,396321543.1
0.1,427,390240526.26
0.1,428,388752262.74
0.1,429,398917148.85
0.1,430,377098833.58
0.1,431,395213621.96
0.1,432,384100715.01
0.1,433,374345484.31
0.1,434,381667592.82
0.1,435,372386608.46
0.1,436,390580075.96
0.1,437,397871275.74
0.1,438,390336691.35
0.1,439,362999453.17
0.1,440,394591000.84
0.1,441,398290706.61
0.1,442,398085747.57
0.1,443,384095854.0
0.1,444,380363714.23
0.1,445,394530502.52
0.1,446,382656261.68
0.1,447,396208172.35
0.1,448,398201747.25
0.1,449,399115207.64
0.1,450,394762968.54
0.1,451,385668654.56
0.1,452,357806586.3
0.1,453,399279043.77
0.1,454,395856172.85
0.1,455,388008475.73
0.1,456,373951273.42
0.1,457,379228813.77
0.1,458,381518447.71
0.1,459,383215808.03
0.1,460,391931635.4
0.1,461,388928044.67
0.1,462,397801249.47
0.1,463,392133052.51
0.1,464,388468690.51
0.1,465,385501577.9
0.1,466,385917542.88
0.1,467,397598213.35
0.1,468,397429631.65
0.1,469,396562945.04
0.1,470,399520053.55
0.1,471,393971635.0
0.1,472,395097480.11
0.1,473,395871201.97
0.1,474,391886825.48
0.1,475,398298256.48
0.1,476,369438113.19
0.1,477,391667788.68
0.1,478,387965238.37
0.1,479,395470454.31
0.1,480,391168293.85
0.1,481,395845599.66
0.1,482,398944193.85
0.1,483,356352882.55
0.1,484,391726873.69
0.1,485,356319308.33
0.1,486,370071545.85
0.1,487,393191461.28
0.1,488,399872807.21
0.1,489,392447511.98
0.1,490,395269770.13
0.1,491,385007218.17
0.1,492,398707255.21
0.1,493,394845059.64
0.1,494,395797776.78
0.1,495,390708266.89
0.1,496,399946538.88
0.1,497,387237188.86
0.1,498,398964682.47
0.1,499,399904396.32
0.15,0,386369772.72
0.15,1,389648666.05
0.15,2,391752622.02
0.15,3,385550735.79
0.15,4,399634267.66
0.15,5,376896206.81
0.15,6,392834999.85
0.15,7,394507240.39
0.15,8,396550711.33
0.15,9,391253388.83
0.15,10,395939830.56
0.15,11,373803138.23
0.15,12,391651064.47
0.15,13,387647856.8
0.15,14,399744804.18
0.15,15,393675740.06
0.15,16,398309865.78
0.15,17,395757270.68
0.15,18,399064386.54
0.15,19,388642490.61
0.15,20,397198689.67
0.15,21,384145820.33
0.15,22,379665008.32
0.15,23,379395576.76
0.15,24,398551694.46
0.15,25,395877480.79
0.15,26,397329581.27
0.15,27,388534027.6
0.15,28,397713016.35
0.15,29,386340044.28
0.15,30,394652199.19
0.15,31,381514612.72
0.15,32,396840457.31
0.15,33,393719932.76
0.15,34,363353235.77
0.15,35,390488509.87
0.15,36,338156007.82
0.15,37,393498763.79
0.15,38,364980807.13
0.15,39,379263221.73
0.15,40,394272797.48
0.15,41,357115029.07
0.15,42,398122315.88
0.15,43,386273077.3
0.15,44,392292193.75
0.15,45,392442672.5
0.15,46,390325214.06
0.15,47,396630778.61
0.15,48,387357200.69
0.15,49,380439981.16
0.15,50,399200424.54
0.15,51,398634193.52
0.15,52,390753811.37
0.15,53,397663784.87
0.15,54,398347335.38
0.15,55,396173798.05
0.15,56,399826561.38
0.15,57,392161319.69
0.15,58,383012375.04
0.15,59,382868566.09
0.15,60,390373435.1
0.15,61,373895446.78
0.15,62,399802883.56
0.15,63,398496204.33
0.15,64,375306769.84
0.15,65,399263103.42
0.15,66,371264706.94
0.15,67,396203225.37
0.15,68,389991724.53
0.15,69,393166362.01
0.15,70,398756412.9
0.15,71,397450887.03
0.15,72,388507289.89
0.15,73,399166186.77
0.15,74,393994627.53
0.15,75,379990897.51
0.15,76,393236933.6
0.15,77,398482091.55
0.15,78,398111254.86
0.15,79,389818457.05
0.15,80,390221846.76
0.15,81,394716014.38
0.15,82,364046581.83
0.15,83,386192427.94
0.15,84,382150384.19
0.15,85,397638125.97
0.15,86,394174482.37
0.15,87,397813334.36
0.15,88,364411319.3
0.15,89,350876052.14
0.15,90,382284204.91
0.15,91,392434809.28
0.15,92,390241979.36
0.15,93,391505976.62
0.15,94,394160618.94
0.15,95,398481345.54
0.15,96,391040491.55
0.15,97,390116884.43
0.15,98,399014760.14
0.15,99,386920986.65
0.15,100,389911133.07
0.15,101,393408689.43
0.15,102,397536271.33
0.15,103,373133958.07
0.15,104,397589962.0
0.15,105,399189990.44
0.15,106,399938576.97
0.15,107,397445201.23
0.15,108,368033832.37
0.15,109,389137517.97
0.15,110,391309908.54
0.15,111,399576031.67
0.15,112,370779708.07
0.15,113,399105791.9
0.15,114,389682461.99
0.15,115,393401036.99
0.15,116,393782177.35
0.15,117,364257730.86
0.15,118,397183050.66
0.15,119,386375219.48
0.15,120,391112289.24
0.15,121,391211479.18
0.15,122,386403437.04
0.15,123,399375808.26
0.15,124,381099101.45
0.15,125,368154885.14
0.15,126,394328302.62
0.15,127,390347820.32
0.15,128,398578843.08
0.15,129,370939395.16
0.15,130,366174546.18
0.15,131,393655503.09
0.15,132,399964588.15
0.15,133,358429929.19
0.15,134,386478480.0
0.15,135,378280368.99
0.15,136,379252787.41
0.15,137,376605553.39
0.15,138,388003394.95
0.15,139,392234789.74
0.15,140,382570493.72
0.15,141,397706394.16
0.15,142,393474775.98
0.15,143,390837198.47
0.15,144,382626246.62
0.15,145,396345793.06
0.15,146,395904834.21
0.15,147,397452503.74
0.15,148,395869931.67
0.15,149,387955813.93
0.15,150,396275753.53
0.15,151,399364521.89
0.15,152,394292911.42
0.15,153,399545292.92
0.15,154,385250843.18
0.15,155,387133994.83
0.15,156,393851413.43
0.15,157,399430046.77
0.15,158,382785813.39
0.15,159,395018599.93
0.15,160,373175797.75
0.15,161,394468077.82
0.15,162,397166057.43
0.15,163,365088459.8
0.15,164,399799409.17
0.15,165,398662004.8
0.15,166,397520774.1
0.15,167,399647576.35
0.15,168,389319289.05
0.15,169,384038978.27
0.15,170,397723006.92
0.15,171,390584421.87
0.15,172,373438520.09
0.15,173,382146891.39
0.15,174,397212409.17
0.15,175,387784081.27
0.15,176,382836044.88
0.15,177,394895566.89
0.15,178,395442511.34
0.15,179,394263996.22
0.15,180,391696751.85
0.15,181,387550929.44
0.15,182,394310534.58
0.15,183,395283122.04
0.15,184,390250393.64
0.15,185,399544965.57
0.15,186,397588240.09
0.15,187,395907888.86
0.15,188,397806181.8
0.15,189,399442257.27
0.15,190,395056875.13
0.15,191,390122099.96
0.15,192,388964982.16
0.15,193,393078177.16
0.15,194,398253855.0
0.15,195,393395401.21
0.15,196,396194735.84
0.15,197,392665485.62
0.15,198,379194001.65
0.15,199,388533698.66
0.15,200,399397232.34
0.15,201,368700889.47
0.15,202,392976245.02
0.15,203,388689865.51
0.15,204,394815195.48
0.15,205,371889186.69
0.15,206,393944899.03
0.15,207,371863299.02
0.15,208,379295386.26
0.15,209,397443530.56
0.15,210,382387077.84
0.15,211,392967788.54
0.15,212,397830711.51
0.15,213,386720093.04
0.15,214,396502091.87
0.15,215,399862651.68
0.15,216,362936864.02
0.15,217,386984773.72
0.15,218,397953961.45
0.15,219,392818955.65
0.15,220,393855065.98
0.15,221,384058985.38
0.15,222,385147364.35
0.15,223,379195952.14
0.15,224,378991677.22
0.15,225,381921764.85
0.15,226,393019411.55
0.15,227,399237664.62
0.15,228,391318625.87
0.15,229,383426412.16
0.15,230,395213206.26
0.15,231,388594899.25
0.15,232,398314600.49
0.15,233,392474847.4
0.15,234,396859603.55
0.15,235,377953532.65
0.15,236,399659282.38
0.15,237,383582861.48
0.15,238,391001601.14
0.15,239,388785043.59
0.15,240,389141700.05
0.15,241,385180813.39
0.15,242,396018681.54
0.15,243,398532566.62
0.15,244,398845876.74
0.15,245,391210520.64
0.15,246,382354649.2
0.15,247,397536423.09
0.15,248,396998044.46
0.15,249,386683069.44
0.15,250,389075177.25
0.15,251,392406214.19
0.15,252,375815616.5
0.15,253,393857909.99
0.15,254,396245770.92
0.15,255,393457766.66
0.15,256,394966818.2
0.15,257,397349310.04
0.15,258,394412722.31
0.15,259,396631791.8
0.15,260,398583505.97
0.15,261,388096432.55
0.15,262,398412073.53
0.15,263,399012918.74
0.15,264,381993534.67
0.15,265,396323593.08
0.15,266,387148985.69
0.15,267,399330950.86
0.15,268,397889986.33
0.15,269,362485378.73
0.15,270,383347415.38
0.15,271,393170973.23
0.15,272,390769622.29
0.15,273,372986938.55
0.15,274,394070153.36
0.15,275,398860071.85
0.15,276,399439141.64
0.15,277,391415359.41
0.15,278,384687507.32
0.15,279,369889088.81
0.15,280,390935592.45
0.15,281,397490943.31
0.15,282,380212181.0
0.15,283,378929380.81
0.15,284,393329843.05
0.15,285,383507071.69
0.15,286,396634821.79
0.15,287,396039760.55
0.15,288,371860876.12
0.15,289,392420769.77
0.15,290,382515137.1
0.15,291,388737284.29
0.15,292,390654876.9
0.15,293,399729715.61
0.15,294,365336764.75
0.15,295,394623277.51
0.15,296,397065029.95
0.15,297,388437267.4
0.15,298,398510732.49
0.15,299,396562876.57
0.15,300,378804722.09
0.15,301,398443810.38
0.15,302,393691306.5
0.15,303,382524878.13
0.15,304,387724651.85
0.15,305,383821367.3
0.15,306,375680275.63
0.15,307,381047204.99
0.15,308,394301900.77
0.15,309,394965221.23
0.15,310,385889546.69
0.15,311,380762583.45
0.15,312,392480355.73
0.15,313,393062131.52
0.15,314,374851629.21
0.15,315,371878221.83
0.15,316,392696529.13
0.15,317,389415120.33
0.15,318,397819385.77
0.15,319,397509850.16
0.15,320,397716712.11
0.15,321,398211846.34
0.15,322,398475193.66
0.15,323,398688617.14
0.15,324,393853931.03
0.15,325,391133261.87
0.15,326,379883713.77
0.15,327,371171728.9
0.15,328,394939346.83
0.15,329,396464178.71
0.15,330,379271305.23
0.15,331,383536368.71
0.15,332,393450002.19
0.15,333,395930398.24
0.15,334,392251338.84
0.15,335,390969279.26
0.15,336,395408946.1
0.15,337,380881506.61
0.15,338,369498471.9
0.15,339,395390287.39
0.15,340,384090777.05
0.15,341,374471721.74
0.15,342,398323975.7
0.15,343,394405298.74
0.15,344,396178855.54
0.15,345,389267074.68
0.15,346,361825804.45
0.15,347,399567825.55
0.15,348,388427425.4
0.15,349,397024661.18
0.15,350,392951658.4
0.15,351,390017823.2
0.15,352,399123373.81
0.15,353,393457367.35
0.15,354,369764608.53
0.15,355,385676031.49
0.15,356,389843971.73
0.15,357,393139481.98
0.15,358,380086252.57
0.15,359,399554220.61
0.15,360,398196189.13
0.15,361,377485469.37
0.15,362,390770224.18
0.15,363,393529773.85
0.15,364,391586222.9
0.15,365,397279453.83
0.15,366,390526000.61
0.15,367,374726290.9
0.15,368,399504319.92
0.15,369,385938263.93
0.15,370,366486815.85
0.15,371,395756553.05
0.15,372,390978430.62
0.15,373,395749839.97
0.15,374,383356111.05
0.15,375,398352983.8
0.15,376,399572184.16
0.15,377,382020830.16
0.15,378,395546439.39
0.15,379,395663991.47
0.15,380,394099289.89
0.15,381,384138006.94
0.15,382,394043517.39
0.15,383,395124352.71
0.15,384,388427941.15
0.15,385,399670996.83
0.15,386,390687515.39
0.15,387,396107136.53
0.15,388,395857882.58
0.15,389,380628828.86
0.15,390,384187716.72
0.15,391,394364760.52
0.15,392,394985644.92
0.15,393,397440971.79
0.15,394,388338630.63
0.15,395,385792186.66
0.15,396,377070923.66
0.15,397,388953292.5
0.15,398,397872355.63
0.15,399,398955985.76
0.15,400,384717480.11
0.15,401,393078344.72
0.15,402,392060390.92
0.15,403,399172341.12
0.15,404,398964689.49
0.15,405,386809770.49
0.15,406,391492714.97
0.15,407,371192269.89
0.15,408,375205177.35
0.15,409,393656982.55
0.15,410,385824759.35
0.15,411,367504211.98
0.15,412,395310036.95
0.15,413,387827718.32
0.15,414,398838342.39
0.15,415,376788448.05
0.15,416,356863860.13
0.15,417,394852570.59
0.15,418,353715122.67
0.15,419,396722910.02
0.15,420,388276794.02
0.15,421,399520320.19
0.15,422,380680496.35
0.15,423,397070770.94
0.15,424,387706273.32
0.15,425,389571326.66
0.15,426,391182536.82
0.15,427,377552138.46
0.15,428,399433984.55
0.15,429,379162744.6
0.15,430,393749579.3
0.15,431,393211951.03
0.15,432,392094874.97
0.15,433,370538479.7
0.15,434,363679857.98
0.15,435,398505101.53
0.15,436,396329285.97
0.15,437,374063334.62
0.15,438,397932266.04
0.15,439,380069356.9
0.15,440,386433351.81
0.15,441,393249459.43
0.15,442,393467899.32
0.15,443,390162114.79
0.15,444,386382644.12
0.15,445,394144384.4
0.15,446,393518804.54
0.15,447,398700113.52
0.15,448,397716817.8
0.15,449,398569490.51
0.15,450,387578541.92
0.15,451,385294604.1
0.15,452,393895032.77
0.15,453,389296416.81
0.15,454,395582039.36
0.15,455,398496918.02
0.15,456,392693803.28
0.15,457,398057214.96
0.15,458,386482638.58
0.15,459,399799626.19
0.15,460,399937707.43
0.15,461,395705405.94
0.15,462,399907655.42
0.15,463,381924548.97
0.15,464,388704081.69
0.15,465,395652693.46
0.15,466,395357176.73
0.15,467,399097578.4
0.15,468,379376873.2
0.15,469,394799260.03
0.15,470,391329163.31
0.15,471,399540733.61
0.15,472,394780401.4
0.15,473,398730826.57
0.15,474,397108302.19
0.15,475,392820476.12
0.15,476,391837453.43
0.15,477,383942634.78
0.15,478,399543247.73
0.15,479,396812034.16
0.15,480,386647607.11
0.15,481,396650191.53
0.15,482,394318845.39
0.15,483,379869907.67
0.15,484,398832623.37
0.15,485,398870120.5
0.15,486,390839164.54
0.15,487,396867475.73
0.15,488,368772235.48
0.15,489,397030180.36
0.15,490,391047704.66
0.15,491,396343507.91
0.15,492,386616679.12
0.15,493,381124158.57
0.15,494,357499654.43
0.15,495,381839899.09
0.15,496,395524951.62
0.15,497,394210243.49
0.15,498,392469266.06
0.15,499,396030916.48
0.2,0,376402442.83
0.2,1,369049616.98
0.2,2,396164257.04
0.2,3,382005275.47
0.2,4,392929675.67
0.2,5,395204104.21
0.2,6,389309130.72
0.2,7,385317000.29
0.2,8,392149067.72
0.2,9,381675290.38
0.2,10,398712338.23
0.2,11,390445847.0
0.2,12,390904103.23
0.2,13,398906447.45
0.2,14,389074697.1
0.2,15,395280490.8
0.2,16,362467436.66
0.2,17,398650651.72
0.2,18,390198069.5
0.2,19,397991487.17
0.2,20,385151886.1
0.2,21,398016027.94
0.2,22,399688378.81
0.2,23,372599841.57
0.2,24,384778232.96
0.2,25,398866972.49
0.2,26,388945852.18
0.2,27,397774815.28
0.2,28,394680734.33
0.2,29,399965155.27
0.2,30,399315419.01
0.2,31,394104874.09
0.2,32,339439891.68
0.2,33,398009982.16
0.2,34,388438415.92
0.2,35,396402289.77
0.2,36,391611674.39
0.2,37,394617997.61
0.2,38,394817779.02
0.2,39,359696000.61
0.2,40,388851295.08
0.2,41,356862608.31
0.2,42,376951791.67
0.2,43,397334974.37
0.2,44,393668494.37
0.2,45,383307982.16
0.2,46,393704656.25
0.2,47,387193323.77
0.2,48,376857828.25
0.2,49,394424499.7
0.2,50,389796984.21
0.2,51,384617005.94
0.2,52,383516610.78
0.2,53,383171098.3
0.2,54,392357981.04
0.2,55,399927801.54
0.2,56,397406004.73
0.2,57,396336413.19
0.2,58,392041690.6
0.2,59,398639501.0
0.2,60,398763106.67
0.2,61,397251169.27
0.2,62,398913982.52
0.2,63,383979735.38
0.2,64,381381434.18
0.2,65,397897596.14
0.2,66,398829251.54
0.2,67,386442670.5
0.2,68,377599067.7
0.2,69,391571916.36
0.2,70,371805534.99
0.2,71,384678932.66
0.2,72,399167539.65
0.2,73,395518196.12
0.2,74,387426743.82
0.2,75,397853139.82
0.2,76,399082905.56
0.2,77,399137321.62
0.2,78,379725381.5
0.2,79,392902368.38
0.2,80,394342580.13
0.2,81,393959114.22
0.2,82,387456754.86
0.2,83,373597847.67
0.2,84,378103880.15
0.2,85,387211088.39
0.2,86,397116455.98
0.2,87,393710363.18
0.2,88,396032294.41
0.2,89,399571876.88
0.2,90,392240098.98
0.2,91,388192118.05
0.2,92,387252252.57
0.2,93,393709885.37
0.2,94,399472276.09
0.2,95,387981922.12
0.2,96,399731984.96
0.2,97,399560841.1
0.2,98,380031812.65
0.2,99,370993936.3
0.2,100,392601954.31
0.2,101,394491022.13
0.2,102,393036737.94
0.2,103,386034777.33
0.2,104,399937328.71
0.2,105,389312319.22
0.2,106,398072225.89
0.2,107,373090725.77
0.2,108,399849986.61
0.2,109,394652751.56
0.2,110,399531294.16
0.2,111,390938343.68
0.2,112,379880872.37
0.2,113,398159786.49
0.2,114,393255037.56
0.2,115,396303430.74
0.2,116,393826822.65
0.2,117,399492975.92
0.2,118,399879225.87
0.2,119,384988012.81
0.2,120,398167660.79
0.2,121,385868006.65
0.2,122,387292306.74
0.2,123,365032935.4
0.2,124,398022290.78
0.2,125,394386540.09
0.2,126,380198081.61
0.2,127,368606279.89
0.2,128,396152844.28
0.2,129,398453765.38
0.2,130,386313285.82
0.2,131,381887945.45
0.2,132,392115880.58
0.2,133,398464763.51
0.2,134,389269851.69
0.2,135,392063425.02
0.2,136,384437885.45
0.2,137,398482092.48
0.2,138,393930053.62
0.2,139,399104334.49
0.2,140,386600885.08
0.2,141,387446271.48
0.2,142,387708887.0
0.2,143,394045429.14
0.2,144,369081563.5
0.2,145,391938724.75
0.2,146,394473988.51
0.2,147,394638880.33
0.2,148,396904285.29
0.2,149,399988871.67
0.2,150,390356809.13
0.2,151,392570377.98
0.2,152,384809714.86
0.2,153,381877712.62
0.2,154,377034425.95
0.2,155,398387781.9
0.2,156,398584313.16
0.2,157,393119037.75
0.2,158,382798082.96
0.2,159,396786329.03
0.2,160,395246091.5
0.2,161,376315893.94
0.2,162,391611435.67
0.2,163,373422179.97
0.2,164,393530428.9
0.2,165,395617005.36
0.2,166,389205273.72
0.2,167,398911514.46
0.2,168,383170483.21
0.2,169,377184821.04
0.2,170,396436123.61
0.2,171,375893657.85
0.2,172,388206293.99
0.2,173,377294611.52
0.2,174,369942602.64
0.2,175,391016009.33
0.2,176,390436018.37
0.2,177,399970493.64
0.2,178,398645366.17
0.2,179,367380043.59
0.2,180,396435686.29
0.2,181,398735445.56
0.2,182,398626505.15
0.2,183,398406188.55
0.2,184,394918879.76
0.2,185,386730127.52
0.2,186,377893259.1
0.2,187,397478546.57
0.2,188,399328605.11
0.2,189,388252582.16
0.2,190,396042848.55
0.2,191,395944172.42
0.2,192,391417525.55
0.2,193,377824237.6
0.2,194,396586990.8
0.2,195,394415804.28
0.2,196,397144877.94
0.2,197,386948702.15
0.2,198,387952241.95
0.2,199,398623265.36
0.2,200,399659439.14
0.2,201,367919308.04
0.2,202,393899439.9
0.2,203,391802788.67
0.2,204,372389360.95
0.2,205,393397816.8
0.2,206,364366279.75
0.2,207,385783940.3
0.2,208,364814039.89
0.2,209,396025300.3
0.2,210,399820371.93
0.2,211,397926683.48
0.2,212,361883455.13
0.2,213,397918706.91
0.2,214,399938058.87
0.2,215,396938391.92
0.2,216,395821024.32
0.2,217,397996446.01
0.2,218,394160981.93
0.2,219,395399550.25
0.2,220,386345060.21
0.2,221,397852044.92
0.2,222,387997840.63
0.2,223,397800343.1
0.2,224,376643252.56
0.2,225,398022797.36
0.2,226,398551845.86
0.2,227,368538844.13
0.2,228,388086952.2
0.2,229,375706788.82
0.2,230,394341757.73
0.2,231,397856406.61
0.2,232,390344946.43
0.2,233,390182303.97
0.2,234,377167971.83
0.2,235,389726450.99
0.2,236,393039527.05
0.2,237,384766042.69
0.2,238,397350062.63
0.2,239,399539024.28
0.2,240,398033052.13
0.2,241,396559467.32
0.2,242,386981873.5
0.2,243,376405288.91
0.2,244,391282462.47
0.2,245,368998758.47
0.2,246,398372235.82
0.2,247,395885808.31
0.2,248,397793133.33
0.2,249,384587479.31
0.2,250,398494850.72
0.2,251,377395325.23
0.2,252,377188778.03
0.2,253,392379230.93
0.2,254,389543684.05
0.2,255,399907684.33
0.2,256,388921845.49
0.2,257,394354978.45
0.2,258,397162181.23
0.2,259,394322689.39
0.2,260,391693532.97
0.2,261,397026449.08
0.2,262,398840959.65
0.2,263,397723643.6
0.2,264,395972135.96
0.2,265,393273072.85
0.2,266,374468463.02
0.2,267,388392657.57
0.2,268,389691572.69
0.2,269,398096286.72
0.2,270,399647741.25
0.2,271,395008792.74
0.2,272,391585034.52
0.2,273,365765743.02
0.2,274,394897823.65
0.2,275,394437612.92
0.2,276,398228977.2
0.2,277,388948107.32
0.2,278,399851673.21
0.2,279,394717985.14
0.2,280,390906419.51
0.2,281,394736831.45
0.2,282,398307595.9
0.2,283,399660637.24
0.2,284,398389462.52
0.2,285,388408498.76
0.2,286,395708893.8
0.2,287,388502049.83
0.2,288,395827496.76
0.2,289,394337638.34
0.2,290,398412007.28
0.2,291,397977661.53
0.2,292,398989601.17
0.2,293,391175530.13
0.2,294,392855871.95
0.2,295,388152524.22
0.2,296,391476357.97
0.2,297,396936813.61
0.2,298,383597560.04
0.2,299,395341599.94
0.2,300,371612939.96
0.2,301,398806793.73
0.2,302,391136320.25
0.2,303,399737729.98
0.2,304,375431229.91
0.2,305,394061845.19
0.2,306,391445098.95
0.2,307,399066143.31
0.2,308,399896945.15
0.2,309,390956901.2
0.2,310,395247137.99
0.2,311,382374950.65
0.2,312,399697770.72
0.2,313,399558507.55
0.2,314,394826805.81
0.2,315,378088070.93
0.2,316,388429456.92
0.2,317,390925865.58
0.2,318,382540475.92
0.2,319,393801004.06
0.2,320,385086703.45
0.2,321,376458717.31
0.2,322,395910213.18
0.2,323,391414377.16
0.2,324,397500143.96
0.2,325,394788033.93
0.2,326,392459080.87
0.2,327,379361498.78
0.2,328,390692470.4
0.2,329,384423597.17
0.2,330,397814116.23
0.2,331,390532458.55
0.2,332,390278776.38
0.2,333,365015631.71
0.2,334,388633506.45
0.2,335,399134647.42
0.2,336,399361785.02
0.2,337,384409285.41
0.2,338,395861448.03
0.2,339,397147700.13
0.2,340,398033825.98
0.2,341,397151779.53
0.2,342,391252493.53
0.2,343,396246904.73
0.2,344,389707078.11
0.2,345,392766634.25
0.2,346,390781881.46
0.2,347,399718872.45
0.2,348,384274854.76
0.2,349,395155901.63
0.2,350,397740812.58
0.2,351,397446425.49
0.2,352,383744416.14
0.2,353,394921255.51
0.2,354,395090357.9
0.2,355,388555497.88
0.2,356,396712709.72
0.2,357,396579504.32
0.2,358,379243555.28
0.2,359,384112552.76
0.2,360,391027126.42
0.2,361,369880371.13
0.2,362,378107863.36
0.2,363,395263623.47
0.2,364,394251666.36
0.2,365,394483664.17
0.2,366,394240785.63
0.2,367,398777577.96
0.2,368,395280908.62
0.2,369,370607999.88
0.2,370,375764853.94
0.2,371,398974451.74
0.2,372,396956886.0
0.2,373,392228309.42
0.2,374,387216256.26
0.2,375,389598725.34
0.2,376,395952130.67
0.2,377,359829481.91
0.2,378,397125997.76
0.2,379,394082810.45
0.2,380,399427256.1
0.2,381,398134515.64
0.2,382,385779616.47
0.2,383,398693082.37
0.2,384,395327464.3
0.2,385,399480384.37
0.2,386,395059715.52
0.2,387,398051807.99
0.2,388,398777500.6
0.2,389,398606340.6
0.2,390,373565239.71
0.2,391,391384354.49
0.2,392,397114524.98
0.2,393,380952612.3
0.2,394,392147037.99
0.2,395,394806217.24
0.2,396,393970924.04
0.2,397,396327573.56
0.2,398,384959802.18
0.2,399,382914971.13
0.2,400,394539996.53
0.2,401,392212192.52
0.2,402,395105030.14
0.2,403,387267042.88
0.2,404,375893211.95
0.2,405,389749447.91
0.2,406,396754395.77
0.2,407,397973973.62
0.2,408,394089272.19
0.2,409,367640171.79
0.2,410,396840927.49
0.2,411,377420370.8
0.2,412,398504064.43
0.2,413,393658531.92
0.2,414,399691279.74
0.2,415,384891556.0
0.2,416,353239933.34
0.2,417,381630573.21
0.2,418,387761970.99
0.2,419,384811344.27
0.2,420,390747281.86
0.2,421,398998285.92
0.2,422,397899707.99
0.2,423,397754875.77
0.2,424,386775852.22
0.2,425,377493685.39
0.2,426,374833259.34
0.2,427,379910816.31
0.2,428,397590673.39
0.2,429,388356958.89
0.2,430,398712477.71
0.2,431,395626523.51
0.2,432,394276087.76
0.2,433,398693742.82
0.2,434,397559104.59
0.2,435,395741127.13
0.2,436,392292075.67
0.2,437,362062678.28
0.2,438,397586949.81
0.2,439,390632973.37
0.2,440,398972115.3
0.2,441,397824889.11
0.2,442,399045947.02
0.2,443,379232993.23
0.2,444,392847725.18
0.2,445,398850948.37
0.2,446,396211238.56
0.2,447,398157332.7
0.2,448,399956689.51
0.2,449,391212504.42
0.2,450,398997752.24
0.2,451,379644522.53
0.2,452,380904307.58
0.2,453,367820709.32
0.2,454,384204009.77
0.2,455,390409868.42
0.2,456,385915018.66
0.2,457,398369234.23
0.2,458,389293268.5
0.2,459,394902377.67
0.2,460,397760363.87
0.2,461,378733140.84
0.2,462,385557836.74
0.2,463,398386149.45
0.2,464,397873029.46
0.2,465,392914688.21
0.2,466,396953395.66
0.2,467,395579350.7
0.2,468,398321303.84
0.2,469,398383894.05
0.2,470,396513544.28
0.2,471,396512830.68
0.2,472,369645824.75
0.2,473,398846411.02
0.2,474,397551127.51
0.2,475,398373466.34
0.2,476,391307229.12
0.2,477,357690720.23
0.2,478,371889953.19
0.2,479,388506485.74
0.2,480,398057718.2
0.2,481,339128012.51
0.2,482,399482254.85
0.2,483,373275439.66
0.2,484,382405349.34
0.2,485,397858774.55
0.2,486,398680042.89
0.2,487,397941373.51
0.2,488,379174061.04
0.2,489,394930323.89
0.2,490,389942383.6
0.2,491,390532013.43
0.2,492,394146737.07
0.2,493,395715035.58
0.2,494,345793774.95
0.2,495,368238602.01
0.2,496,386834789.63
0.2,497,399144728.78
0.2,498,385427863.81
0.2,499,393153881.04
0.25,0,374150422.74
0.25,1,393036347.77
0.25,2,367143905.78
0.25,3,396692432.41
0.25,4,376773975.27
0.25,5,384628398.42
0.25,6,397512990.78
0.25,7,395880817.82
0.25,8,393898457.77
0.25,9,356842263.43
0.25,10,395695726.56
0.25,11,386479434.68
0.25,12,399752272.24
0.25,13,393792334.63
0.25,14,374311107.08
0.25,15,394871033.4
0.25,16,399855510.31
0.25,17,390797621.27
0.25,18,397326911.83
0.25,19,389604076.35
0.25,20,398545292.45
0.25,21,399145674.28
0.25,22,385608033.34
0.25,23,386996625.58
0.25,24,395041316.35
0.25,25,396551890.52
0.25,26,393048722.12
0.25,27,395885589.36
0.25,28,387634986.61
0.25,29,399932820.75
0.25,30,397537404.78
0.25,31,396813301.55
0.25,32,390497984.38
0.25,33,388955938.27
0.25,34,399900349.31
0.25,35,395732089.27
0.25,36,388603460.53
0.25,37,384422787.94
0.25,38,393995347.38
0.25,39,395687660.89
0.25,40,392355787.17
0.25,41,388887999.99
0.25,42,390215108.67
0.25,43,398181379.15
0.25,44,390661486.31
0.25,45,395761320.62
0.25,46,398648247.64
0.25,47,397544953.9
0.25,48,397922809.47
0.25,49,361158375.48
0.25,50,376504420.73
0.25,51,396158815.5
0.25,52,399491306.77
0.25,53,390192491.25
0.25,54,397046179.59
0.25,55,372422656.99
0.25,56,377245450.35
0.25,57,395811232.2
0.25,58,393838459.97
0.25,59,397305309.77
0.25,60,382701064.45
0.25,61,348638021.4
0.25,62,387068684.28
0.25,63,389199890.94
0.25,64,395906947.6
0.25,65,375928978.7
0.25,66,390654291.62
0.25,67,396195131.67
0.25,68,395438818.23
0.25,69,391677517.35
0.25,70,371284540.8
0.25,71,388567175.48
0.25,72,394128435.92
0.25,73,385619846.81
0.25,74,392078177.52
0.25,75,393804747.27
0.25,76,393677262.39
0.25,77,398910379.03
0.25,78,396174409.54
0.25,79,397069272.41
0.25,80,398028853.41
0.25,81,395339655.8
0.25,82,397410519.54
0.25,83,383741885.09
0.25,84,395528431.7
0.25,85,368613080.79
0.25,86,374427342.43
0.25,87,397710729.19
0.25,88,392862727.7
0.25,89,395239222.76
0.25,90,365460282.89
0.25,91,393189931.92
0.25,92,395174981.19
0.25,93,390480526.95
0.25,94,395880415.51
0.25,95,398190885.54
0.25,96,399734079.01
0.25,97,398855872.48
0.25,98,398178989.98
0.25,99,398915360.51
0.25,100,397986848.69
0.25,101,396947922.33
0.25,102,392331558.68
0.25,103,388284682.77
0.25,104,398276823.6
0.25,105,392402026.79
0.25,106,388330788.06
0.25,107,392825517.02
0.25,108,390726926.97
0.25,109,385173063.82
0.25,110,396844922.62
0.25,111,396645360.93
0.25,112,358784502.13
0.25,113,396325336.91
0.25,114,389446357.18
0.25,115,396822484.14
0.25,116,379530759.22
0.25,117,390514236.78
0.25,118,378237375.37
0.25,119,387841861.18
0.25,120,394618164.14
0.25,121,390472231.91
0.25,122,394587625.78
0.25,123,395662430.62
0.25,124,386066058.96
0.25,125,394057111.8
0.25,126,395322083.68
0.25,127,382911899.84
0.25,128,395274398.42
0.25,129,391582159.95
0.25,130,390029859.74
0.25,131,397494312.52
0.25,132,386385005.18
0.25,133,394129725.69
0.25,134,386838064.58
0.25,135,371215515.3
0.25,136,395254661.59
0.25,137,393504464.94
0.25,138,378291338.1
0.25,139,389023688.77
0.25,140,396990476.84
0.25,141,394901652.82
0.25,142,397468843.29
0.25,143,396510662.86
0.25,144,399024100.28
0.25,145,390797385.71
0.25,146,399439124.59
0.25,147,387649421.38
0.25,148,397525103.84
0.25,149,375762694.67
0.25,150,394623970.24
0.25,151,389761321.19
0.25,152,397929741.41
0.25,153,389724596.12
0.25,154,386989538.39
0.25,155,395780527.74
0.25,156,398071265.88
0.25,157,396804852.03
0.25,158,398287193.61
0.25,159,385277863.17
0.25,160,394425332.12
0.25,161,379613332.66
0.25,162,399402395.51
0.25,163,392441336.03
0.25,164,397268394.84
0.25,165,381027624.24
0.25,166,393950850.39
0.25,167,389972292.83
0.25,168,385995952.32
0.25,169,397354091.79
0.25,170,390868983.51
0.25,171,382475447.19
0.25,172,379803159.88
0.25,173,399782371.53
0.25,174,398752373.56
0.25,175,396560527.29
0.25,176,386404680.29
0.25,177,398268688.45
0.25,178,399976060.59
0.25,179,373950710.9
0.25,180,390123830.84
0.25,181,397184307.67
0.25,182,381317001.8
0.25,183,394425691.61
0.25,184,399946421.06
0.25,185,387311007.36
0.25,186,387891242.71
0.25,187,391016510.72
0.25,188,396901014.95
0.25,189,382325605.4
0.25,190,399026128.89
0.25,191,372689218.05
0.25,192,394845586.98
0.25,193,373114386.3
0.25,194,389229891.62
0.25,195,397960996.09
0.25,196,397421040.81
0.25,197,384538964.84
0.25,198,384021094.07
0.25,199,396648026.79
0.25,200,396755729.35
0.25,201,391107628.42
0.25,202,397203506.58
0.25,203,381630945.88
0.25,204,398132101.24
0.25,205,390119643.81
0.25,206,398897982.77
0.25,207,394555899.81
0.25,208,385443360.1
0.25,209,396626453.48
0.25,210,379150529.19
0.25,211,393914086.19
0.25,212,385675599.39
0.25,213,395778582.01
0.25,214,391850587.8
0.25,215,396262483.71
0.25,216,397249482.72
0.25,217,398909121.31
0.25,218,375568205.41
0.25,219,388206074.39
0.25,220,390078431.44
0.25,221,396444087.03
0.25,222,387755973.28
0.25,223,351644561.53
0.25,224,399741263.11
0.25,225,395272018.71
0.25,226,397968405.39
0.25,227,369395258.24
0.25,228,399534884.14
0.25,229,393040921.73
0.25,230,398052102.3
0.25,231,370262488.57
0.25,232,370493768.29
0.25,233,380001617.79
0.25,234,399035433.99
0.25,235,397053004.53
0.25,236,394471914.02
0.25,237,387369322.53
0.25,238,385489143.46
0.25,239,387513004.02
0.25,240,398059852.61
0.25,241,389825300.38
0.25,242,398574424.91
0.25,243,382961185.63
0.25,244,379934701.48
0.25,245,392800389.14
0.25,246,386772060.48
0.25,247,393548070.89
0.25,248,389007703.96
0.25,249,374640151.75
0.25,250,375523447.24
0.25,251,396482504.99
0.25,252,394333181.75
0.25,253,392620114.83
0.25,254,369168264.56
0.25,255,394630201.57
0.25,256,393944231.73
0.25,257,381534271.74
0.25,258,393777096.61
0.25,259,396062449.23
0.25,260,389949730.14
0.25,261,397541916.49
0.25,262,393680502.67
0.25,263,389765535.47
0.25,264,395735751.85
0.25,265,395178724.34
0.25,266,398602001.28
0.25,267,385300696.74
0.25,268,396829901.46
0.25,269,395831265.86
0.25,270,387516630.09
0.25,271,395094278.48
0.25,272,395595552.07
0.25,273,395483245.94
0.25,274,398790385.91
0.25,275,394406152.25
0.25,276,393160014.61
0.25,277,399904156.98
0.25,278,395301597.42
0.25,279,379266462.44
0.25,280,351565341.39
0.25,281,399024066.13
0.25,282,370730530.2
0.25,283,367460166.42
0.25,284,377716867.97
0.25,285,392017228.86
0.25,286,393005682.45
0.25,287,385939094.05
0.25,288,374810976.16
0.25,289,380244600.69
0.25,290,379817091.43
0.25,291,395430469.03
0.25,292,388670118.49
0.25,293,389912952.28
0.25,294,395556121.06
0.25,295,368450286.24
0.25,296,382434174.16
0.25,297,392743884.04
0.25,298,397595325.96
0.25,299,399951610.95
0.25,300,382348453.52
0.25,301,390686641.82
0.25,302,390218150.72
0.25,303,390603688.23
0.25,304,390647727.59
0.25,305,398005855.53
0.25,306,394289428.59
0.25,307,390226045.87
0.25,308,381294755.5
0.25,309,398928895.58
0.25,310,374115778.83
0.25,311,396861011.51
0.25,312,378227149.53
0.25,313,388381916.91
0.25,314,380865556.03
0.25,315,392244139.55
0.25,316,386022434.2
0.25,317,387483061.58
0.25,318,395875848.48
0.25,319,389298433.62
0.25,320,397366959.58
0.25,321,399631348.84
0.25,322,388647715.0
0.25,323,392501365.69
0.25,324,364338825.38
0.25,325,394619342.13
0.25,326,388873857.77
0.25,327,399212790.6
0.25,328,384337622.64
0.25,329,399923423.24
0.25,330,395434211.28
0.25,331,399495281.76
0.25,332,387848407.69
0.25,333,365226166.73
0.25,334,368219872.68
0.25,335,399655593.06
0.25,336,379094051.22
0.25,337,394911411.13
0.25,338,390632075.0
0.25,339,372917469.77
0.25,340,392339575.75
0.25,341,398404473.82
0.25,342,387624311.98
0.25,343,396112791.04
0.25,344,393460388.79
0.25,345,391322183.26
0.25,346,398883332.67
0.25,347,393040887.78
0.25,348,353486722.64
0.25,349,399424205.9
0.25,350,398787314.12
0.25,351,399229747.92
0.25,352,374621728.03
0.25,353,386271369.13
0.25,354,377270379.83
0.25,355,399312788.91
0.25,356,399728344.27
0.25,357,397630063.76
0.25,358,399650487.77
0.25,359,383953640.99
0.25,360,396641303.4
0.25,361,390973806.52
0.25,362,397006599.72
0.25,363,380712638.7
0.25,364,396997358.05
0.25,365,399360029.19
0.25,366,398441508.15
0.25,367,396518333.85
0.25,368,395624152.93
0.25,369,394715604.93
0.25,370,395240306.38
0.25,371,392672497.12
0.25,372,384156406.23
0.25,373,388418593.52
0.25,374,388020820.58
0.25,375,393872796.86
0.25,376,388525363.75
0.25,377,392974927.96
0.25,378,388532425.28
0.25,379,393496607.94
0.25,380,359778822.5
0.25,381,382076528.08
0.25,382,397686296.18
0.25,383,390445462.11
0.25,384,376217422.99
0.25,385,382070995.3
0.25,386,358625865.68
0.25,387,398458376.0
0.25,388,395753737.92
0.25,389,384938896.79
0.25,390,397465099.6
0.25,391,396923361.91
0.25,392,391512722.71
0.25,393,398581872.58
0.25,394,386456163.38
0.25,395,386673812.63
0.25,396,389877729.91
0.25,397,393395756.93
0.25,398,385723813.36
0.25,399,396441259.46
0.25,400,383330392.61
0.25,401,394597039.47
0.25,402,396767741.14
0.25,403,389128996.24
0.25,404,393968697.53
0.25,405,392880625.44
0.25,406,399022184.26
0.25,407,391663814.73
0.25,408,391186228.67
0.25,409,386674034.04
0.25,410,390237927.42
0.25,411,389939400.96
0.25,412,385823596.91
0.25,413,394012392.61
0.25,414,397811358.38
0.25,415,390463987.25
0.25,416,393326840.51
0.25,417,392049608.04
0.25,418,396256131.33
0.25,419,399480168.9
0.25,420,393981529.17
0.25,421,365383345.09
0.25,422,398066968.77
0.25,423,392020201.08
0.25,424,398386289.84
0.25,425,375690555.02
0.25,426,398062554.48
0.25,427,389597178.78
0.25,428,384042326.01
0.25,429,399490726.45
0.25,430,396200885.94
0.25,431,396608902.33
0.25,432,394674569.48
0.25,433,390069426.72
0.25,434,395933695.54
0.25,435,384279995.36
0.25,436,358621407.44
0.25,437,398556085.54
0.25,438,398287819.26
0.25,439,381174284.36
0.25,440,388999180.12
0.25,441,393057681.14
0.25,442,390715733.55
0.25,443,395705783.8
0.25,444,398262272.93
0.25,445,394560329.8
0.25,446,378755056.43
0.25,447,334423690.04
0.25,448,390233698.03
0.25,449,395795296.3
0.25,450,384789908.54
0.25,451,397650965.9
0.25,452,391993026.32
0.25,453,398329813.58
0.25,454,399674138.3
0.25,455,379716406.16
0.25,456,383610639.02
0.25,457,379815576.68
0.25,458,366258464.23
0.25,459,399060496.83
0.25,460,393277455.86
0.25,461,395122571.89
0.25,462,397693856.17
0.25,463,387042430.6
0.25,464,384650473.56
0.25,465,397095851.34
0.25,466,395300970.19
0.25,467,390763939.65
0.25,468,395985252.86
0.25,469,395520705.61
0.25,470,393958929.55
0.25,471,376315079.15
0.25,472,396525416.66
0.25,473,399875500.2
0.25,474,395916622.54
0.25,475,397645084.83
0.25,476,394882231.51
0.25,477,395605586.36
0.25,478,399907717.07
0.25,479,387659987.08
0.25,480,399850906.98
0.25,481,394636657.3
0.25,482,397051644.92
0.25,483,398200004.05
0.25,484,399867586.98
0.25,485,396952336.5
0.25,486,392771769.26
0.25,487,393435308.91
0.25,488,372658788.83
0.25,489,390749152.61
0.25,490,392523483.03
0.25,491,385464262.52
0.25,492,387525663.08
0.25,493,363200529.64
0.25,494,384881106.6
0.25,495,380992496.06
0.25,496,385141102.3
0.25,497,387773956.6
0.25,498,396975181.43
0.25,499,382790435.06
0.3,0,398582023.21
0.3,1,376218520.43
0.3,2,398708121.03
0.3,3,392986588.73
0.3,4,364925243.08
0.3,5,375350887.16
0.3,6,386603498.68
0.3,7,397378853.51
0.3,8,379755301.17
0.3,9,395040890.95
0.3,10,376515784.63
0.3,11,379232972.42
0.3,12,356443443.88
0.3,13,374378609.24
0.3,14,399062902.97
0.3,15,399412954.2
0.3,16,397655608.82
0.3,17,392383722.58
0.3,18,399594371.31
0.3,19,381990799.07
0.3,20,389671454.92
0.3,21,387576442.36
0.3,22,392568337.22
0.3,23,392211278.34
0.3,24,394172358.49
0.3,25,394841037.28
0.3,26,399148109.27
0.3,27,391119132.17
0.3,28,394787922.54
0.3,29,396315877.92
0.3,30,398963074.13
0.3,31,397478577.34
0.3,32,377583577.7
0.3,33,373149092.59
0.3,34,396673462.5
0.3,35,397017211.81
0.3,36,399434222.85
0.3,37,396456111.07
0.3,38,393661006.16
0.3,39,395300912.65
0.3,40,370525893.11
0.3,41,392058466.66
0.3,42,362281385.96
0.3,43,385039160.17
0.3,44,370719032.42
0.3,45,399850256.4
0.3,46,398177885.89
0.3,47,390447123.12
0.3,48,389157334.09
0.3,49,399113736.37
0.3,50,398118846.63
0.3,51,392477124.59
0.3,52,378739704.09
0.3,53,368698652.88
0.3,54,395651201.02
0.3,55,386735311.06
0.3,56,398248176.5
0.3,57,379294985.42
0.3,58,382130561.7
0.3,59,389893046.24
0.3,60,395664150.41
0.3,61,393972867.4
0.3,62,384217234.84
0.3,63,389965919.96
0.3,64,397573187.42
0.3,65,391379257.61
0.3,66,360049674.56
0.3,67,393473621.74
0.3,68,397523155.39
0.3,69,388475567.71
0.3,70,385930785.89
0.3,71,386650382.34
0.3,72,373541195.14
0.3,73,395846819.95
0.3,74,398558012.0
0.3,75,396827183.04
0.3,76,396209905.18
0.3,77,394862147.85
0.3,78,394971815.91
0.3,79,396045444.39
0.3,80,382860893.98
0.3,81,399969372.06
0.3,82,396636629.44
0.3,83,386332977.16
0.3,84,379834364.28
0.3,85,397707888.51
0.3,86,345689426.24
0.3,87,380126054.49
0.3,88,397127093.31
0.3,89,391568206.22
0.3,90,391340247.47
0.3,91,390079911.45
0.3,92,393213348.64
0.3,93,392313379.85
0.3,94,394105058.93
0.3,95,399205942.02
0.3,96,381277178.23
0.3,97,394557973.36
0.3,98,399011763.8
0.3,99,399270101.89
0.3,100,389336355.36
0.3,101,380939551.56
0.3,102,395781133.6
0.3,103,398127082.57
0.3,104,392974657.01
0.3,105,399021404.54
0.3,106,398000830.14
0.3,107,395242217.62
0.3,108,381785862.76
0.3,109,396105411.61
0.3,110,384348042.19
0.3,111,395757102.47
0.3,112,396309909.51
0.3,113,392709800.62
0.3,114,389228599.49
0.3,115,388692659.77
0.3,116,394760638.31
0.3,117,394070761.34
0.3,118,371568627.99
0.3,119,396427297.51
0.3,120,388565064.09
0.3,121,391892776.02
0.3,122,392936660.17
0.3,123,394704108.52
0.3,124,393797847.18
0.3,125,397219685.22
0.3,126,377752579.21
0.3,127,397493192.9
0.3,128,385655769.34
0.3,129,374043811.07
0.3,130,393023948.25
0.3,131,379864480.53
0.3,132,393009272.73
0.3,133,393759431.03
0.3,134,387987801.06
0.3,135,385319352.24
0.3,136,361845726.07
0.3,137,397057322.14
0.3,138,379517920.83
0.3,139,386413328.16
0.3,140,398175289.91
0.3,141,379569280.38
0.3,142,387549830.4
0.3,143,391735704.93
0.3,144,380323014.99
0.3,145,396973010.51
0.3,146,373401931.44
0.3,147,380825415.26
0.3,148,392081225.61
0.3,149,399446946.06
0.3,150,392389104.89
0.3,151,397753718.45
0.3,152,394896842.09
0.3,153,382274894.05
0.3,154,385896010.21
0.3,155,367517536.05
0.3,156,395427142.71
0.3,157,394241979.52
0.3,158,383293439.72
0.3,159,393559541.97
0.3,160,392777052.17
0.3,161,369471900.26
0.3,162,362757691.26
0.3,163,387447293.46
0.3,164,382947377.27
0.3,165,385968781.06
0.3,166,364493604.37
0.3,167,397871492.91
0.3,168,385039877.29
0.3,169,396041010.15
0.3,170,385273212.02
0.3,171,379787950.51
0.3,172,399897321.67
0.3,173,389795017.83
0.3,174,377952497.3
0.3,175,396388731.52
0.3,176,398452305.17
0.3,177,399225285.68
0.3,178,395832655.72
0.3,179,390975969.61
0.3,180,373862674.01
0.3,181,391442157.81
0.3,182,394168565.14
0.3,183,385033622.59
0.3,184,390448401.02
0.3,185,380289324.87
0.3,186,374087613.13
0.3,187,396103575.95
0.3,188,394906647.04
0.3,189,398805021.13
0.3,190,397384288.7
0.3,191,390383000.04
0.3,192,397748845.09
0.3,193,375736486.03
0.3,194,393068362.28
0.3,195,390082681.5
0.3,196,387942835.4
0.3,197,385799448.21
0.3,198,381377076.85
0.3,199,397784283.42
0.3,200,399423643.1
0.3,201,361570555.67
0.3,202,398298248.47
0.3,203,394505414.07
0.3,204,393307724.92
0.3,205,393554407.78
0.3,206,394457644.42
0.3,207,370558003.83
0.3,208,394681091.87
0.3,209,396430322.6
0.3,210,392293134.24
0.3,211,391756693.23
0.3,212,392175414.76
0.3,213,390273609.8
0.3,214,391375516.36
0.3,215,392240432.91
0.3,216,388693157.59
0.3,217,397645171.89
0.3,218,376293316.75
0.3,219,387585854.91
0.3,220,394895502.06
0.3,221,394741400.99
0.3,222,398800261.69
0.3,223,394470533.33
0.3,224,378361393.89
0.3,225,392344588.29
0.3,226,393016811.01
0.3,227,389383551.79
0.3,228,399882796.71
0.3,229,389415212.59
0.3,230,399403694.3
0.3,231,363421901.45
0.3,232,396618537.74
0.3,233,397604578.3
0.3,234,395508946.97
0.3,235,398475885.69
0.3,236,396278814.87
0.3,237,397816364.77
0.3,238,389972249.59
0.3,239,386016280.68
0.3,240,397456425.48
0.3,241,390004911.15
0.3,242,384433738.02
0.3,243,399431397.04
0.3,244,397350606.72
0.3,245,391570406.06
0.3,246,399490052.85
0.3,247,384160221.93
0.3,248,378512112.0
0.3,249,377849773.05
0.3,250,394017501.05
0.3,251,397830330.07
0.3,252,390301529.49
0.3,253,383907971.75
0.3,254,372626934.2
0.3,255,394719849.62
0.3,256,382993450.96
0.3,257,395267730.22
0.3,258,388435254.77
0.3,259,398293040.82
0.3,260,394163656.59
0.3,261,394595137.53
0.3,262,384545432.09
0.3,263,391236843.5
0.3,264,389754427.33
0.3,265,395105277.56
0.3,266,382372008.89
0.3,267,350392281.36
0.3,268,384523283.66
0.3,269,390894341.0
0.3,270,388311957.12
0.3,271,395412706.26
0.3,272,375109552.28
0.3,273,390530834.52
0.3,274,391275907.68
0.3,275,391443117.28
0.3,276,379076078.36
0.3,277,385389615.98
0.3,278,399828280.71
0.3,279,388069732.87
0.3,280,395679770.32
0.3,281,395316521.61
0.3,282,397290261.94
0.3,283,376876507.88
0.3,284,398912827.58
0.3,285,396762886.14
0.3,286,388795812.4
0.3,287,397501437.73
0.3,288,397681600.65
0.3,289,389651205.97
0.3,290,378668597.6
0.3,291,392710526.05
0.3,292,397010135.12
0.3,293,398510377.36
0.3,294,395644405.43
0.3,295,374191197.63
0.3,296,391744349.11
0.3,297,388112085.44
0.3,298,398017562.74
0.3,299,377024520.82
0.3,300,394404653.4
0.3,301,316908125.5
0.3,302,366150796.81
0.3,303,387872061.08
0.3,304,399965377.58
0.3,305,376659653.43
0.3,306,399267273.14
0.3,307,389829251.55
0.3,308,383715411.33
0.3,309,388846172.22
0.3,310,387825504.86
0.3,311,396869032.74
0.3,312,398626110.48
0.3,313,392365718.44
0.3,314,389043416.96
0.3,315,388155769.54
0.3,316,398255545.09
0.3,317,392273538.65
0.3,318,395694994.14
0.3,319,393708711.83
0.3,320,399976373.77
0.3,321,371053719.95
0.3,322,371248660.42
0.3,323,390124152.66
0.3,324,372950568.48
0.3,325,387586841.64
0.3,326,397712117.73
0.3,327,388318012.02
0.3,328,395602491.3
0.3,329,387654158.59
0.3,330,388160702.48
0.3,331,372491496.74
0.3,332,399496432.17
0.3,333,366558496.45
0.3,334,397659352.03
0.3,335,394077950.39
0.3,336,399233288.37
0.3,337,398508294.6
0.3,338,388750928.31
0.3,339,397623981.0
0.3,340,396113851.11
0.3,341,396958675.12
0.3,342,399537663.06
0.3,343,377984287.35
0.3,344,395965277.88
0.3,345,379078437.65
0.3,346,396446522.98
0.3,347,397174669.03
0.3,348,392423520.92
0.3,349,398882622.44
0.3,350,391292171.14
0.3,351,395090007.65
0.3,352,397654083.62
0.3,353,392515881.97
0.3,354,387763828.28
0.3,355,364508350.94
0.3,356,390106520.95
0.3,357,387636560.61
0.3,358,395554066.9
0.3,359,396072572.51
0.3,360,373928382.73
0.3,361,395116345.2
0.3,362,394684526.36
0.3,363,381555096.46
0.3,364,396958267.76
0.3,365,396723561.92
0.3,366,397419412.22
0.3,367,398430425.56
0.3,368,396362724.07
0.3,369,380831531.1
0.3,370,390834373.99
0.3,371,390580359.32
0.3,372,396672552.69
0.3,373,379908312.98
0.3,374,393835651.0
0.3,375,387493639.86
0.3,376,397517772.19
0.3,377,386211966.83
0.3,378,393666780.03
0.3,379,391972641.07
0.3,380,397703447.81
0.3,381,398688129.4
0.3,382,399413461.3
0.3,383,389855390.55
0.3,384,389293598.28
0.3,385,393121786.87
0.3,386,397713063.63
0.3,387,399526524.4
0.3,388,394523314.23
0.3,389,385798148.77
0.3,390,395869205.59
0.3,391,395056031.7
0.3,392,390767467.95
0.3,393,387059623.68
0.3,394,398279622.84
0.3,395,398521757.37
0.3,396,392881957.31
0.3,397,386355199.8
0.3,398,390414565.5
0.3,399,375835814.55
0.3,400,365916322.81
0.3,401,383958188.33
0.3,402,397723918.54
0.3,403,395744975.67
0.3,404,355763532.13
0.3,405,394889425.84
0.3,406,392882483.43
0.3,407,392504543.69
0.3,408,389330659.43
0.3,409,386310468.62
0.3,410,361241850.47
0.3,411,389312063.82
0.3,412,390245382.28
0.3,413,396312870.26
0.3,414,398604918.02
0.3,415,392240673.11
0.3,416,386569190.41
0.3,417,395229709.84
0.3,418,364590285.04
0.3,419,399065998.97
0.3,420,370090490.45
0.3,421,392537729.27
0.3,422,397468263.11
0.3,423,380394389.03
0.3,424,399695227.6
0.3,425,396429715.95
0.3,426,380033867.94
0.3,427,385605574.33
0.3,428,399394495.2
0.3,429,389310483.81
0.3,430,383817560.45
0.3,431,390728009.55
0.3,432,386543671.6
0.3,433,385932661.66
0.3,434,397569762.26
0.3,435,397460509.09
0.3,436,398148647.68
0.3,437,395999382.07
0.3,438,389228689.77
0.3,439,399128056.86
0.3,440,392921987.92
0.3,441,391185354.4
0.3,442,396021774.31
0.3,443,378493949.12
0.3,444,398729738.22
0.3,445,396633306.2
0.3,446,395738923.51
0.3,447,395676804.04
0.3,448,395441706.53
0.3,449,396579433.75
0.3,450,377350708.89
0.3,451,376464081.51
0.3,452,395714294.93
0.3,453,382175560.79
0.3,454,397513909.91
0.3,455,395505953.92
0.3,456,391913623.1
0.3,457,394101331.88
0.3,458,386840119.01
0.3,459,380074632.75
0.3,460,396244223.55
0.3,461,398824536.04
0.3,462,397032506.56
0.3,463,371560203.52
0.3,464,387796702.43
0.3,465,387378005.36
0.3,466,393177594.05
0.3,467,394062143.74
0.3,468,381540718.54
0.3,469,397949457.42
0.3,470,374310256.32
0.3,471,389049183.77
0.3,472,399095028.67
0.3,473,385934633.28
0.3,474,381591692.95
0.3,475,394407967.52
0.3,476,396335530.86
0.3,477,398181592.25
0.3,478,394034127.65
0.3,479,396406594.86
0.3,480,394695141.89
0.3,481,396031718.3
0.3,482,399774303.66
0.3,483,398194627.38
0.3,484,374945286.07
0.3,485,395370579.76
0.3,486,386346103.76
0.3,487,396414169.89
0.3,488,391591599.76
0.3,489,391211464.35
0.3,490,395155878.44
0.3,491,399064608.79
0.3,492,392886395.2
0.3,493,374180380.47
0.3,494,397050704.94
0.3,495,395572053.7
0.3,496,396658501.33
0.3,497,391205358.52
0.3,498,396986920.94
0.3,499,375409616.0
0.35,0,385214284.49
0.35,1,378782037.6
0.35,2,383886839.99
0.35,3,356298617.23
0.35,4,394233468.01
0.35,5,375911299.77
0.35,6,390842786.91
0.35,7,384065140.67
0.35,8,399419357.38
0.35,9,397486985.68
0.35,10,379908310.99
0.35,11,349035416.62
0.35,12,393650726.05
0.35,13,393160726.91
0.35,14,382511166.81
0.35,15,370339285.71
0.35,16,399694883.12
0.35,17,366639633.77
0.35,18,395221875.61
0.35,19,386257957.78
0.35,20,398007036.58
0.35,21,394747552.98
0.35,22,371343068.36
0.35,23,399161071.93
0.35,24,394317185.16
0.35,25,393748078.93
0.35,26,385153870.25
0.35,27,394656367.79
0.35,28,376683544.95
0.35,29,383500178.15
0.35,30,390152797.45
0.35,31,399519502.93
0.35,32,371896004.19
0.35,33,387682683.5
0.35,34,396002705.53
0.35,35,378912879.06
0.35,36,391802732.89
0.35,37,390876531.21
0.35,38,388722398.78
0.35,39,397107161.63
0.35,40,387361683.16
0.35,41,393541125.93
0.35,42,373912400.33
0.35,43,388658686.93
0.35,44,394683069.45
0.35,45,397976034.46
0.35,46,394782971.7
0.35,47,392642179.38
0.35,48,384905253.89
0.35,49,394676362.72
0.35,50,399728184.99
0.35,51,399226384.19
0.35,52,391432014.87
0.35,53,391879745.72
0.35,54,398611952.5
0.35,55,379086814.52
0.35,56,398773669.99
0.35,57,394887132.63
0.35,58,392424253.84
0.35,59,385772764.31
0.35,60,384645504.06
0.35,61,397294140.92
0.35,62,397854369.25
0.35,63,383385935.93
0.35,64,393880063.87
0.35,65,378352966.96
0.35,66,393863648.72
0.35,67,391380094.45
0.35,68,384885384.62
0.35,69,384318369.08
0.35,70,392304341.19
0.35,71,395280748.44
0.35,72,389706982.97
0.35,73,395749813.95
0.35,74,390391853.16
0.35,75,395324793.61
0.35,76,373233164.65
0.35,77,371503081.37
0.35,78,394630293.14
0.35,79,399445525.44
0.35,80,391874096.45
0.35,81,398186555.59
0.35,82,380670188.17
0.35,83,385404409.73
0.35,84,392183850.53
0.35,85,371770125.98
0.35,86,373050085.02
0.35,87,389523245.44
0.35,88,396558762.88
0.35,89,392999249.6
0.35,90,383278688.22
0.35,91,386233582.78
0.35,92,388020045.29
0.35,93,395537242.05
0.35,94,394572776.92
0.35,95,393556017.93
0.35,96,377342662.25
0.35,97,388761188.81
0.35,98,383577239.0
0.35,99,397712919.63
0.35,100,392965396.44
0.35,101,392338265.0
0.35,102,388444878.0
0.35,103,387314644.2
0.35,104,396990535.01
0.35,105,390509739.94
0.35,106,398315030.84
0.35,107,393434689.68
0.35,108,393914680.58
0.35,109,386637946.47
0.35,110,398909996.3
0.35,111,399546483.05
0.35,112,392837936.75
0.35,113,387625569.52
0.35,114,397375397.6
0.35,115,396320115.57
0.35,116,398874301.62
0.35,117,381892375.19
0.35,118,389540917.7
0.35,119,391425870.88
0.35,120,398852452.65
0.35,121,391744135.6
0.35,122,398958686.26
0.35,123,397980818.67
0.35,124,361531720.0
0.35,125,399652364.59
0.35,126,394595701.09
0.35,127,386334660.86
0.35,128,398896114.2
0.35,129,384321644.98
0.35,130,387058518.7
0.35,131,389974800.61
0.35,132,399360333.22
0.35,133,373648946.21
0.35,134,370330696.98
0.35,135,386771426.97
0.35,136,380932178.78
0.35,137,383370531.9
0.35,138,388595146.75
0.35,139,385177150.14
0.35,140,399425483.13
0.35,141,399553884.01
0.35,142,391815962.57
0.35,143,392021414.16
0.35,144,387729782.28
0.35,145,396044169.56
0.35,146,399899864.83
0.35,147,386796348.41
0.35,148,384099316.31
0.35,149,388809457.78
0.35,150,393978442.43
0.35,151,395355797.02
0.35,152,393963999.97
0.35,153,388558892.99
0.35,154,388362401.66
0.35,155,392948856.32
0.35,156,399142769.55
0.35,157,399445932.97
0.35,158,394496252.49
0.35,159,399589080.83
0.35,160,394684738.95
0.35,161,397192480.13
0.35,162,376607718.89
0.35,163,388936589.66
0.35,164,392371816.06
0.35,165,383000467.76
0.35,166,388920924.14
0.35,167,393760040.09
0.35,168,394700829.06
0.35,169,397371613.27
0.35,170,348977381.67
0.35,171,371953954.06
0.35,172,389571149.32
0.35,173,387426067.57
0.35,174,396584206.72
0.35,175,391121986.94
0.35,176,398614860.57
0.35,177,398662755.68
0.35,178,393322202.66
0.35,179,383983176.07
0.35,180,393581096.94
0.35,181,399650645.94
0.35,182,399035385.68
0.35,183,372817699.45
0.35,184,395389000.42
0.35,185,376806798.61
0.35,186,399791549.92
0.35,187,387510415.76
0.35,188,388494546.95
0.35,189,391045403.19
0.35,190,393990117.22
0.35,191,395731915.46
0.35,192,395490048.57
0.35,193,377134722.89
0.35,194,391989523.63
0.35,195,385169487.26
0.35,196,391494997.86
0.35,197,385804446.31
0.35,198,393574886.87
0.35,199,370878473.19
0.35,200,397655677.58
0.35,201,377918488.54
0.35,202,366634025.15
0.35,203,364724167.92
0.35,204,389324126.05
0.35,205,397592565.35
0.35,206,395097394.57
0.35,207,399406226.69
0.35,208,396921443.37
0.35,209,399870176.53
0.35,210,399362384.74
0.35,211,383331533.49
0.35,212,385136627.52
0.35,213,390658488.85
0.35,214,398607917.73
0.35,215,388892815.55
0.35,216,385679500.7
0.35,217,385357447.81
0.35,218,395741356.94
0.35,219,392603156.89
0.35,220,360789538.44
0.35,221,355510745.69
0.35,222,388630615.87
0.35,223,399643857.23
0.35,224,381699230.89
0.35,225,391894446.86
0.35,226,393114969.5
0.35,227,353696627.67
0.35,228,396984035.73
0.35,229,399739001.9
0.35,230,340660979.86
0.35,231,395849452.56
0.35,232,378415461.06
0.35,233,393984895.58
0.35,234,396829042.56
0.35,235,390236048.19
0.35,236,392476509.79
0.35,237,398303111.95
0.35,238,367320419.02
0.35,239,373041865.98
0.35,240,388814608.58
0.35,241,387737239.66
0.35,242,390952200.2
0.35,243,398542436.41
0.35,244,395716969.41
0.35,245,397092754.68
0.35,246,392681363.75
0.35,247,398006667.47
0.35,248,393991714.92
0.35,249,399168116.38
0.35,250,396816716.76
0.35,251,383200333.54
0.35,252,394634581.23
0.35,253,396178294.18
0.35,254,375256899.02
0.35,255,388818866.91
0.35,256,394742696.21
0.35,257,388170154.99
0.35,258,389878217.92
0.35,259,396689844.52
0.35,260,389282317.43
0.35,261,396721734.56
0.35,262,393586084.54
0.35,263,390001244.28
0.35,264,374892663.64
0.35,265,399791752.86
0.35,266,397333836.68
0.35,267,386454921.87
0.35,268,395096498.12
0.35,269,396843271.89
0.35,270,398372594.12
0.35,271,375155446.08
0.35,272,394728037.73
0.35,273,399701896.06
0.35,274,373309454.47
0.35,275,385000352.12
0.35,276,392719860.27
0.35,277,399317488.87
0.35,278,391282676.11
0.35,279,396010528.98
0.35,280,398465762.79
0.35,281,393813151.4
0.35,282,386195553.24
0.35,283,386138972.18
0.35,284,387459519.39
0.35,285,393440405.83
0.35,286,377476365.52
0.35,287,386603401.78
0.35,288,390147843.27
0.35,289,375673717.26
0.35,290,391334682.86
0.35,291,395127590.85
0.35,292,397886876.36
0.35,293,390229017.92
0.35,294,398844978.67
0.35,295,387186280.41
0.35,296,385866410.75
0.35,297,386880062.47
0.35,298,383924906.71
0.35,299,360861724.07
0.35,300,393784269.98
0.35,301,399900427.84
0.35,302,379653365.31
0.35,303,393232276.78
0.35,304,396200171.36
0.35,305,399322156.43
0.35,306,392639198.34
0.35,307,394205712.86
0.35,308,378982429.92
0.35,309,397299567.43
0.35,310,396825044.98
0.35,311,393671397.37
0.35,312,383340402.7
0.35,313,389760809.16
0.35,314,397617701.5
0.35,315,378653472.29
0.35,316,397560657.99
0.35,317,397972895.31
0.35,318,376412663.88
0.35,319,390109309.61
0.35,320,386481153.59
0.35,321,399268931.06
0.35,322,391497585.46
0.35,323,399442135.65
0.35,324,387842860.93
0.35,325,379341159.12
0.35,326,382282535.35
0.35,327,391407091.26
0.35,328,394942769.12
0.35,329,393183322.43
0.35,330,394578669.51
0.35,331,397738951.74
0.35,332,389575606.21
0.35,333,383457642.88
0.35,334,395011764.32
0.35,335,394451945.33
0.35,336,384179584.7
0.35,337,395799812.96
0.35,338,393904461.3
0.35,339,361028950.88
0.35,340,397805291.76
0.35,341,399450085.82
0.35,342,393094276.1
0.35,343,382048341.86
0.35,344,397339571.01
0.35,345,386538093.54
0.35,346,368615779.56
0.35,347,392373608.32
0.35,348,388185219.11
0.35,349,359097938.15
0.35,350,397390605.28
0.35,351,384121486.04
0.35,352,395022036.53
0.35,353,389104778.88
0.35,354,382674237.47
0.35,355,389821027.94
0.35,356,390102371.6
0.35,357,383695268.99
0.35,358,393173876.3
0.35,359,388732737.59
0.35,360,390113491.03
0.35,361,392445050.74
0.35,362,371097240.01
0.35,363,398050056.81
0.35,364,399861573.52
0.35,365,394642144.44
0.35,366,395938086.88
0.35,367,395276327.39
0.35,368,398056083.64
0.35,369,398498286.42
0.35,370,392149049.7
0.35,371,393264558.73
0.35,372,395746901.04
0.35,373,393875590.62
0.35,374,381654383.61
0.35,375,398576899.73
0.35,376,393987941.81
0.35,377,388315648.85
0.35,378,393531858.52
0.35,379,381384127.19
0.35,380,399199625.55
0.35,381,398755883.83
0.35,382,394038642.71
0.35,383,395626657.52
0.35,384,382001231.75
0.35,385,396495006.92
0.35,386,381682954.36
0.35,387,393369346.86
0.35,388,394718006.47
0.35,389,392191584.25
0.35,390,399316551.12
0.35,391,395734230.72
0.35,392,397294674.42
0.35,393,397511073.51
0.35,394,396966515.56
0.35,395,393384032.44
0.35,396,375024888.36
0.35,397,386862450.68
0.35,398,397134660.76
0.35,399,386891873.67
0.35,400,387383351.2
0.35,401,398245810.74
0.35,402,385725961.17
0.35,403,379709810.85
0.35,404,395360972.73
0.35,405,399108245.14
0.35,406,395082943.49
0.35,407,386794594.88
0.35,408,397095353.48
0.35,409,390614277.37
0.35,410,397094479.52
0.35,411,398552595.77
0.35,412,396085102.72
0.35,413,365188069.84
0.35,414,398219470.84
0.35,415,396720227.44
0.35,416,392123444.64
0.35,417,396631692.76
0.35,418,384443219.47
0.35,419,390226981.93
0.35,420,391086914.37
0.35,421,396209541.93
0.35,422,381906556.71
0.35,423,389821868.68
0.35,424,336799293.93
0.35,425,399477488.41
0.35,426,387394961.42
0.35,427,395536239.11
0.35,428,389816361.07
0.35,429,394475815.7
0.35,430,398272308.68
0.35,431,395482194.93
0.35,432,391375909.82
0.35,433,386982991.21
0.35,434,399754603.36
0.35,435,393600948.84
0.35,436,398633257.93
0.35,437,392541624.13
0.35,438,389206573.65
0.35,439,391706703.43
0.35,440,398526681.29
0.35,441,379622609.63
0.35,442,391821637.0
0.35,443,381391760.51
0.35,444,398824527.53
0.35,445,386287429.55
0.35,446,390671647.95
0.35,447,395504420.72
0.35,448,388089121.78
0.35,449,381350236.65
0.35,450,389465519.08
0.35,451,398041401.99
0.35,452,399451447.62
0.35,453,389943129.34
0.35,454,399725791.05
0.35,455,398232684.57
0.35,456,397998157.28
0.35,457,399952339.34
0.35,458,391191393.17
0.35,459,390803602.29
0.35,460,396847960.08
0.35,461,394910706.16
0.35,462,356082032.04
0.35,463,391750581.82
0.35,464,394345063.79
0.35,465,395935496.6
0.35,466,381841146.16
0.35,467,384255877.81
0.35,468,384660719.83
0.35,469,392228466.57
0.35,470,373755284.19
0.35,471,384208761.67
0.35,472,387831423.32
0.35,473,399506450.17
0.35,474,387816711.51
0.35,475,387792478.17
0.35,476,398899162.43
0.35,477,351549922.41
0.35,478,396897125.6
0.35,479,388020300.37
0.35,480,376575294.82
0.35,481,394355490.76
0.35,482,361167676.27
0.35,483,395927453.46
0.35,484,398410239.83
0.35,485,394690698.71
0.35,486,399467178.37
0.35,487,398715105.98
0.35,488,395075785.04
0.35,489,396931499.63
0.35,490,394038154.61
0.35,491,387942566.39
0.35,492,399893757.66
0.35,493,396960144.37
0.35,494,399197339.36
0.35,495,396132446.89
0.35,496,391020889.35
0.35,497,396540185.6
0.35,498,382180545.71
0.35,499,392863292.54
0.4,0,383889148.94
0.4,1,388855167.32
0.4,2,398847601.11
0.4,3,396689341.5
0.4,4,387556325.14
0.4,5,382687052.78
0.4,6,397048987.04
0.4,7,396072908.94
0.4,8,384259015.03
0.4,9,391022537.05
0.4,10,373319118.59
0.4,11,396495981.98
0.4,12,395557879.6
0.4,13,396452830.96
0.4,14,388601139.91
0.4,15,399604351.03
0.4,16,393898085.42
0.4,17,397458683.09
0.4,18,377607295.22
0.4,19,378461948.59
0.4,20,398385807.92
0.4,21,396920231.13
0.4,22,390951168.12
0.4,23,397606336.54
0.4,24,398661423.92
0.4,25,370363333.24
0.4,26,369566425.84
0.4,27,394167335.57
0.4,28,379795666.56
0.4,29,399664925.47
0.4,30,389344377.81
0.4,31,396139390.49
0.4,32,399439593.37
0.4,33,392001785.1
0.4,34,396401014.11
0.4,35,378762805.07
0.4,36,383007435.67
0.4,37,388661523.4
0.4,38,395928912.22
0.4,39,382838863.25
0.4,40,388336625.23
0.4,41,395398823.91
0.4,42,399319826.17
0.4,43,381343347.28
0.4,44,392995634.6
0.4,45,392212316.89
0.4,46,392483499.91
0.4,47,391436455.3
0.4,48,394619305.46
0.4,49,381650894.9
0.4,50,396884486.45
0.4,51,389592755.15
0.4,52,365409104.99
0.4,53,391779428.96
0.4,54,387535225.31
0.4,55,390611224.82
0.4,56,391774444.6
0.4,57,398759707.46
0.4,58,396005533.76
0.4,59,393966938.34
0.4,60,389034289.13
0.4,61,399428361.54
0.4,62,389373142.18
0.4,63,399482114.46
0.4,64,399919557.57
0.4,65,383362635.77
0.4,66,359656971.71
0.4,67,398768858.04
0.4,68,395899094.46
0.4,69,399315013.69
0.4,70,397425123.15
0.4,71,393277445.9
0.4,72,396020477.72
0.4,73,386103326.96
0.4,74,392020959.95
0.4,75,395181564.35
0.4,76,396915492.32
0.4,77,382367043.55
0.4,78,396613298.89
0.4,79,390361240.16
0.4,80,399244043.83
0.4,81,389940585.25
0.4,82,380779654.15
0.4,83,399566464.25
0.4,84,387168098.53
0.4,85,397698136.18
0.4,86,395668283.21
0.4,87,369366812.71
0.4,88,377343419.74
0.4,89,392504803.98
0.4,90,390435540.35
0.4,91,384125160.82
0.4,92,394208828.1
0.4,93,379699864.54
0.4,94,392409968.56
0.4,95,373105900.92
0.4,96,382203926.6
0.4,97,399738408.17
0.4,98,386222519.73
0.4,99,379899836.02
0.4,100,389025593.36
0.4,101,393157805.87
0.4,102,382700001.35
0.4,103,387967309.0
0.4,104,370253134.64
0.4,105,396722123.7
0.4,106,384529371.77
0.4,107,397257187.4
0.4,108,381363080.75
0.4,109,372772351.69
0.4,110,387587874.29
0.4,111,390229933.2
0.4,112,394576660.67
0.4,113,395769204.01
0.4,114,398679206.78
0.4,115,370918570.95
0.4,116,390802634.76
0.4,117,386187718.68
0.4,118,394601585.15
0.4,119,396527330.89
0.4,120,365818154.85
0.4,121,383112081.28
0.4,122,373620956.09
0.4,123,393691091.04
0.4,124,390907207.06
0.4,125,372647082.19
0.4,126,398343421.5
0.4,127,394505633.42
0.4,128,394757033.63
0.4,129,382297239.34
0.4,130,399725264.98
0.4,131,368536960.02
0.4,132,381020515.14
0.4,133,391547062.47
0.4,134,386465293.89
0.4,135,371586022.62
0.4,136,381066864.23
0.4,137,393978044.0
0.4,138,394912044.97
0.4,139,380329076.58
0.4,140,399018926.55
0.4,141,393908681.06
0.4,142,398754466.07
0.4,143,391230418.86
0.4,144,398847409.62
0.4,145,381262274.5
0.4,146,397917594.73
0.4,147,398104828.31
0.4,148,397043597.35
0.4,149,393671702.71
0.4,150,384177345.35
0.4,151,397639618.72
0.4,152,390258812.67
0.4,153,393321527.26
0.4,154,393277718.03
0.4,155,392957940.33
0.4,156,388075376.16
0.4,157,393668718.09
0.4,158,393307530.73
0.4,159,391637266.87
0.4,160,375054870.83
0.4,161,395527880.18
0.4,162,389074183.88
0.4,163,395430100.12
0.4,164,398579043.37
0.4,165,398856926.32
0.4,166,371747657.26
0.4,167,379237486.33
0.4,168,386100678.07
0.4,169,391456505.63
0.4,170,381677113.29
0.4,171,396205901.7
0.4,172,386776183.74
0.4,173,377161637.64
0.4,174,390103423.52
0.4,175,393857042.76
0.4,176,352277765.7
0.4,177,396226312.76
0.4,178,396658342.79
0.4,179,390687607.65
0.4,180,379967432.91
0.4,181,399972500.52
0.4,182,391013666.61
0.4,183,365092027.49
0.4,184,384986718.7
0.4,185,390652347.56
0.4,186,393066744.95
0.4,187,395534744.0
0.4,188,396030947.19
0.4,189,369413894.92
0.4,190,388445185.96
0.4,191,397978426.14
0.4,192,391518277.24
0.4,193,391853283.95
0.4,194,366006718.13
0.4,195,393895770.94
0.4,196,394450217.32
0.4,197,395430627.0
0.4,198,378436036.05
0.4,199,390408548.56
0.4,200,389885304.24
0.4,201,386267462.21
0.4,202,395279641.54
0.4,203,397717278.96
0.4,204,399808074.62
0.4,205,386936641.88
0.4,206,389989708.41
0.4,207,376102228.53
0.4,208,396075818.75
0.4,209,394846719.84
0.4,210,399944857.38
0.4,211,383797674.24
0.4,212,398094892.99
0.4,213,365953012.27
0.4,214,397015432.85
0.4,215,394947746.19
0.4,216,375592637.85
0.4,217,398352299.23
0.4,218,392633984.49
0.4,219,386663665.36
0.4,220,396469823.65
0.4,221,393987628.97
0.4,222,388952047.19
0.4,223,386005199.92
0.4,224,394859590.05
0.4,225,399265602.54
0.4,226,355476084.9
0.4,227,395228777.79
0.4,228,377852403.44
0.4,229,395838243.9
0.4,230,396066391.14
0.4,231,397703709.29
0.4,232,389142021.66
0.4,233,395287748.13
0.4,234,383268297.15
0.4,235,383176375.85
0.4,236,392846139.64
0.4,237,388210616.51
0.4,238,399593950.82
0.4,239,331191631.75
0.4,240,395967417.05
0.4,241,389726581.55
0.4,242,391576869.32
0.4,243,395613170.29
0.4,244,390528574.98
0.4,245,399089307.52
0.4,246,394431866.23
0.4,247,384465723.83
0.4,248,390207458.48
0.4,249,383386682.97
0.4,250,393847541.34
0.4,251,396080768.14
0.4,252,356296007.91
0.4,253,399038844.34
0.4,254,397416676.44
0.4,255,398867528.74
0.4,256,389910075.97
0.4,257,386498077.49
0.4,258,397111431.02
0.4,259,390285667.07
0.4,260,395036735.83
0.4,261,364677604.88
0.4,262,379398837.74
0.4,263,397856965.7
0.4,264,387634596.57
0.4,265,363706288.21
0.4,266,398881590.62
0.4,267,376407927.98
0.4,268,398119093.61
0.4,269,396486008.64
0.4,270,377817444.9
0.4,271,393282381.79
0.4,272,350581833.59
0.4,273,399268442.81
0.4,274,373994698.2
0.4,275,396245260.37
0.4,276,379544285.56
0.4,277,391868771.1
0.4,278,378740031.89
0.4,279,396299960.61
0.4,280,397669516.26
0.4,281,394849115.75
0.4,282,399362257.35
0.4,283,394742142.59
0.4,284,385527316.57
0.4,285,393356634.68
0.4,286,391638960.8
0.4,287,399763911.65
0.4,288,387119664.9
0.4,289,381909522.06
0.4,290,389239366.31
0.4,291,394091771.11
0.4,292,373391873.18
0.4,293,398426201.74
0.4,294,390279799.04
0.4,295,387463636.75
0.4,296,390487216.01
0.4,297,390927518.07
0.4,298,393783258.78
0.4,299,392939658.93
0.4,300,388687419.73
0.4,301,397257111.52
0.4,302,381170182.45
0.4,303,386583621.17
0.4,304,393388233.83
0.4,305,395303128.02
0.4,306,371969092.84
0.4,307,398767260.36
0.4,308,387420708.32
0.4,309,394006841.95
0.4,310,396413199.98
0.4,311,375443557.08
0.4,312,377350115.22
0.4,313,378708301.89
0.4,314,385746925.95
0.4,315,378266274.44
0.4,316,396630045.3
0.4,317,365746805.09
0.4,318,381224733.2
0.4,319,398310654.65
0.4,320,385819523.41
0.4,321,387000004.11
0.4,322,369156553.99
0.4,323,392950402.1
0.4,324,394182437.69
0.4,325,399070553.56
0.4,326,388448874.32
0.4,327,393828477.08
0.4,328,382091655.57
0.4,329,391294928.64
0.4,330,397972117.28
0.4,331,395163501.35
0.4,332,396756393.3
0.4,333,396576250.31
0.4,334,385616210.73
0.4,335,391526835.92
0.4,336,396486433.38
0.4,337,396454458.41
0.4,338,396726276.76
0.4,339,391792446.99
0.4,340,392801483.73
0.4,341,398307900.19
0.4,342,388455430.82
0.4,343,389588091.72
0.4,344,398274087.28
0.4,345,376585798.44
0.4,346,399446760.21
0.4,347,367199063.05
0.4,348,382419081.32
0.4,349,367534527.86
0.4,350,395942612.1
0.4,351,394203139.12
0.4,352,398774033.79
0.4,353,397005302.14
0.4,354,389760012.06
0.4,355,384734488.75
0.4,356,394161102.01
0.4,357,398213803.08
0.4,358,388610126.08
0.4,359,362725393.57
0.4,360,384870501.71
0.4,361,390400499.48
0.4,362,385166208.06
0.4,363,386985286.06
0.4,364,396316704.85
0.4,365,383541426.16
0.4,366,391223255.57
0.4,367,368567086.32
0.4,368,386526469.9
0.4,369,392268913.79
0.4,370,370845225.56
0.4,371,389454146.47
0.4,372,399263195.34
0.4,373,384376126.46
0.4,374,381046159.37
0.4,375,360765703.22
0.4,376,397026468.58
0.4,377,394918372.48
0.4,378,367037459.37
0.4,379,372651938.27
0.4,380,337817007.99
0.4,381,370384722.69
0.4,382,377829300.74
0.4,383,376651055.05
0.4,384,391915706.15
0.4,385,376152062.8
0.4,386,393793181.83
0.4,387,386582422.65
0.4,388,369100503.81
0.4,389,394768317.1
0.4,390,399649292.1
0.4,391,399003994.03
0.4,392,393357802.92
0.4,393,372451787.56
0.4,394,395976867.64
0.4,395,396559453.87
0.4,396,393383151.0
0.4,397,392246343.58
0.4,398,377456914.26
0.4,399,396638792.97
0.4,400,388231438.01
0.4,401,392611418.98
0.4,402,398512929.74
0.4,403,390802240.38
0.4,404,382190733.97
0.4,405,381018538.37
0.4,406,399685432.04
0.4,407,395052178.76
0.4,408,374457713.53
0.4,409,390350402.31
0.4,410,398288464.33
0.4,411,398738865.66
0.4,412,395047666.27
0.4,413,387072044.48
0.4,414,392652951.44
0.4,415,399499216.39
0.4,416,394697008.46
0.4,417,387996655.53
0.4,418,391651711.84
0.4,419,398828162.96
0.4,420,369906264.38
0.4,421,398041439.52
0.4,422,389300994.93
0.4,423,393542946.72
0.4,424,388429991.76
0.4,425,391552457.8
0.4,426,386032551.57
0.4,427,392211504.58
0.4,428,391896903.76
0.4,429,382516218.15
0.4,430,397295032.46
0.4,431,394063668.32
0.4,432,360942706.93
0.4,433,398729644.6
0.4,434,394590684.37
0.4,435,379269291.92
0.4,436,389141656.4
0.4,437,384871569.32
0.4,438,380288212.81
0.4,439,362309269.98
0.4,440,398114805.55
0.4,441,381632945.79
0.4,442,395012708.58
0.4,443,382789220.53
0.4,444,392874929.02
0.4,445,386752927.26
0.4,446,389728673.32
0.4,447,398767676.94
0.4,448,393913488.25
0.4,449,376125251.87
0.4,450,371939505.33
0.4,451,399605083.38
0.4,452,392054515.96
0.4,453,389142302.04
0.4,454,389456486.61
0.4,455,395210254.55
0.4,456,392508847.28
0.4,457,381003450.27
0.4,458,393592176.63
0.4,459,380745921.86
0.4,460,390280216.12
0.4,461,384684773.68
0.4,462,389675687.13
0.4,463,395800925.69
0.4,464,393452719.0
0.4,465,393959347.12
0.4,466,366125624.99
0.4,467,396013049.82
0.4,468,395699368.76
0.4,469,398380483.5
0.4,470,384822714.23
0.4,471,397863612.23
0.4,472,399199585.27
0.4,473,396139590.8
0.4,474,380450671.84
0.4,475,385841676.29
0.4,476,397790340.75
0.4,477,398389569.05
0.4,478,356884415.97
0.4,479,398104671.66
0.4,480,386655654.58
0.4,481,394945063.64
0.4,482,399250001.32
0.4,483,397942467.51
0.4,484,391933258.44
0.4,485,399614430.69
0.4,486,372289207.9
0.4,487,398019851.38
0.4,488,394670205.26
0.4,489,393042436.87
0.4,490,393175683.55
0.4,491,367255293.69
0.4,492,394092684.81
0.4,493,375569918.75
0.4,494,393427720.63
0.4,495,387588273.06
0.4,496,380077496.78
0.4,497,397809619.67
0.4,498,383888197.77
0.4,499,381383885.1
0.45,0,397762552.47
0.45,1,395104795.14
0.45,2,380148153.95
0.45,3,382610694.51
0.45,4,398647238.59
0.45,5,379356546.32
0.45,6,390243919.78
0.45,7,380435766.06
0.45,8,386017635.63
0.45,9,393072435.21
0.45,10,394937789.5
0.45,11,325019604.91
0.45,12,377510785.03
0.45,13,360592886.95
0.45,14,391814861.94
0.45,15,362343086.1
0.45,16,371726599.06
0.45,17,398267623.18
0.45,18,385550592.64
0.45,19,399559037.85
0.45,20,390080020.7
0.45,21,388104859.4
0.45,22,389723802.76
0.45,23,390539233.53
0.45,24,399045980.58
0.45,25,398661037.6
0.45,26,397299536.09
0.45,27,384853965.22
0.45,28,385771958.11
0.45,29,386970713.58
0.45,30,393784923.49
0.45,31,399212797.77
0.45,32,385314407.88
0.45,33,399938553.9
0.45,34,390110445.24
0.45,35,394594487.9
0.45,36,393954189.47
0.45,37,358739903.49
0.45,38,393169458.22
0.45,39,369269648.52
0.45,40,399636451.01
0.45,41,387450721.95
0.45,42,397953747.82
0.45,43,390157121.17
0.45,44,395619325.6
0.45,45,397604172.9
0.45,46,398005658.2
0.45,47,380761299.19
0.45,48,390936722.83
0.45,49,397834847.02
0.45,50,379373635.89
0.45,51,397797297.51
0.45,52,398384554.38
0.45,53,396721420.03
0.45,54,386138813.75
0.45,55,391937161.56
0.45,56,388507389.32
0.45,57,392038830.87
0.45,58,388252692.19
0.45,59,397634750.25
0.45,60,390638585.24
0.45,61,364965030.91
0.45,62,394436467.41
0.45,63,396414738.34
0.45,64,394733178.59
0.45,65,396805770.82
0.45,66,383781350.95
0.45,67,373216244.16
0.45,68,394862235.54
0.45,69,399067444.56
0.45,70,398304512.4
0.45,71,398521757.6
0.45,72,390475450.22
0.45,73,384576748.34
0.45,74,381301394.55
0.45,75,383996814.35
0.45,76,398165909.22
0.45,77,368828316.53
0.45,78,398338530.66
0.45,79,392707835.88
0.45,80,398034865.9
0.45,81,382423943.26
0.45,82,397301157.1
0.45,83,394742184.84
0.45,84,389969832.94
0.45,85,389197691.76
0.45,86,398839763.63
0.45,87,396366564.13
0.45,88,378935929.08
0.45,89,395831988.64
0.45,90,395305044.39
0.45,91,385701085.02
0.45,92,399645621.75
0.45,93,385130001.42
0.45,94,383875599.29
0.45,95,382015135.23
0.45,96,392540404.89
0.45,97,378561654.43
0.45,98,397395673.51
0.45,99,397582198.0
0.45,100,398037137.49
0.45,101,397035563.04
0.45,102,394662898.98
0.45,103,398749817.69
0.45,104,377774381.95
0.45,105,394426817.92
0.45,106,398783692.07
0.45,107,391271868.77
0.45,108,386449243.45
0.45,109,394059370.48
0.45,110,390168850.28
0.45,111,388959555.29
0.45,112,397111601.23
0.45,113,393031816.97
0.45,114,397668276.89
0.45,115,362481540.55
0.45,116,395026677.26
0.45,117,385442293.27
0.45,118,390036464.41
0.45,119,386670128.52
0.45,120,399654294.49
0.45,121,391916963.72
0.45,122,395454221.15
0.45,123,388438352.2
0.45,124,395458318.85
0.45,125,363596498.78
0.45,126,394607111.32
0.45,127,395672358.44
0.45,128,397183669.03
0.45,129,375429048.72
0.45,130,395477547.75
0.45,131,383775767.95
0.45,132,395578094.51
0.45,133,383796047.79
0.45,134,398590566.42
0.45,135,385763971.29
0.45,136,397581644.25
0.45,137,398565305.34
0.45,138,394981815.25
0.45,139,375594216.71
0.45,140,395473099.04
0.45,141,371041822.78
0.45,142,393502395.61
0.45,143,393715320.35
0.45,144,359907367.66
0.45,145,375185176.55
0.45,146,395963575.53
0.45,147,373952986.58
0.45,148,393638256.1
0.45,149,395923590.89
0.45,150,393895375.52
0.45,151,376203299.69
0.45,152,399967237.63
0.45,153,395464828.9
0.45,154,370272453.86
0.45,155,395700927.42
0.45,156,382273953.94
0.45,157,365898885.7
0.45,158,399402853.73
0.45,159,383068875.97
0.45,160,397340030.28
0.45,161,388734833.85
0.45,162,396850319.69
0.45,163,391810795.55
0.45,164,388654874.92
0.45,165,396972394.57
0.45,166,384181707.83
0.45,167,399607316.11
0.45,168,379670277.64
0.45,169,396357129.74
0.45,170,394335306.61
0.45,171,397905000.99
0.45,172,379454493.27
0.45,173,399027744.19
0.45,174,367819922.3
0.45,175,378063393.16
0.45,176,399440708.55
0.45,177,390328120.78
0.45,178,387829814.42
0.45,179,398894016.8
0.45,180,388763281.09
0.45,181,371636541.48
0.45,182,399201159.61
0.45,183,398121042.11
0.45,184,391075659.77
0.45,185,385723640.16
0.45,186,392980357.52
0.45,187,346913423.66
0.45,188,396081380.95
0.45,189,387535156.29
0.45,190,397887824.24
0.45,191,385372828.62
0.45,192,392523269.88
0.45,193,397518725.02
0.45,194,393816406.16
0.45,195,391361330.57
0.45,196,392202630.58
0.45,197,370763138.23
0.45,198,395379712.55
0.45,199,394671433.54
0.45,200,398225295.51
0.45,201,388994952.68
0.45,202,387197888.38
0.45,203,399021402.65
0.45,204,390929344.03
0.45,205,398879396.33
0.45,206,376486929.81
0.45,207,388752784.08
0.45,208,377839114.18
0.45,209,385565276.48
0.45,210,392696449.23
0.45,211,383582098.28
0.45,212,382941191.07
0.45,213,363698555.34
0.45,214,387255808.71
0.45,215,393229377.47
0.45,216,391644132.45
0.45,217,389349731.84
0.45,218,390996722.72
0.45,219,390178684.04
0.45,220,337303258.83
0.45,221,396989455.45
0.45,222,357902978.27
0.45,223,392097371.45
0.45,224,399227895.95
0.45,225,377613510.47
0.45,226,398363058.26
0.45,227,393370684.46
0.45,228,385930228.95
0.45,229,395906871.34
0.45,230,383477707.76
0.45,231,396335489.01
0.45,232,387782099.45
0.45,233,377695939.31
0.45,234,374155164.62
0.45,235,394613973.42
0.45,236,371477676.96
0.45,237,399263498.57
0.45,238,395766368.54
0.45,239,392597527.52
0.45,240,386944115.48
0.45,241,387666380.14
0.45,242,383668163.4
0.45,243,375314285.22
0.45,244,395130773.69
0.45,245,384748185.11
0.45,246,380574787.87
0.45,247,388606414.94
0.45,248,385394545.11
0.45,249,396726126.24
0.45,250,391352816.21
0.45,251,370993059.83
0.45,252,395019081.61
0.45,253,380404912.1
0.45,254,391794913.73
0.45,255,389273646.47
0.45,256,389805912.54
0.45,257,395173458.93
0.45,258,396972865.37
0.45,259,376120622.42
0.45,260,385855317.48
0.45,261,390281407.06
0.45,262,388349056.56
0.45,263,385790771.61
0.45,264,394271901.08
0.45,265,397046904.75
0.45,266,399870196.34
0.45,267,393066783.01
0.45,268,387053801.04
0.45,269,392336813.08
0.45,270,373627571.26
0.45,271,394484402.47
0.45,272,394919312.91
0.45,273,390849990.17
0.45,274,397938835.87
0.45,275,385099377.89
0.45,276,398684108.38
0.45,277,383665368.29
0.45,278,397638989.58
0.45,279,391189695.25
0.45,280,397367314.25
0.45,281,398063823.67
0.45,282,398754315.69
0.45,283,375398719.44
0.45,284,397057900.41
0.45,285,357092438.56
0.45,286,382253429.77
0.45,287,396756637.12
0.45,288,372065494.75
0.45,289,387278159.01
0.45,290,393835636.6
0.45,291,388888204.87
0.45,292,396970656.43
0.45,293,398251526.87
0.45,294,372767090.45
0.45,295,391095152.74
0.45,296,395439274.86
0.45,297,391068280.68
0.45,298,356267501.08
0.45,299,386130221.47
0.45,300,398787645.32
0.45,301,362329990.49
0.45,302,385385983.86
0.45,303,397317813.16
0.45,304,381561153.89
0.45,305,380510372.9
0.45,306,395405722.71
0.45,307,395650434.87
0.45,308,391246075.27
0.45,309,398629499.41
0.45,310,390353975.35
0.45,311,387257414.45
0.45,312,390269154.7
0.45,313,378737198.12
0.45,314,396982315.1
0.45,315,396463896.05
0.45,316,394771726.16
0.45,317,367665634.2
0.45,318,369587370.12
0.45,319,387595356.17
0.45,320,396972746.74
0.45,321,383114544.25
0.45,322,382679289.19
0.45,323,398383049.79
0.45,324,348290668.46
0.45,325,392037740.39
0.45,326,388255076.41
0.45,327,396316478.86
0.45,328,395235195.45
0.45,329,392352178.98
0.45,330,388411323.55
0.45,331,381080694.83
0.45,332,379862678.25
0.45,333,396163887.94
0.45,334,398625252.19
0.45,335,393160712.86
0.45,336,396477840.71
0.45,337,373024915.59
0.45,338,361044680.12
0.45,339,391081919.66
0.45,340,356566102.35
0.45,341,392272815.93
0.45,342,389552187.46
0.45,343,394668914.6
0.45,344,394604958.33
0.45,345,384290749.91
0.45,346,388407946.26
0.45,347,380910942.11
0.45,348,391791695.09
0.45,349,392542412.97
0.45,350,395054503.34
0.45,351,390051594.11
0.45,352,396473065.83
0.45,353,394431245.22
0.45,354,399507818.72
0.45,355,396634372.84
0.45,356,396477634.28
0.45,357,360010196.44
0.45,358,397444924.15
0.45,359,395684343.15
0.45,360,386346247.59
0.45,361,384908461.18
0.45,362,366231196.09
0.45,363,399092248.74
0.45,364,391972024.62
0.45,365,398401595.03
0.45,366,371335218.99
0.45,367,366710540.14
0.45,368,385838789.82
0.45,369,398791122.1
0.45,370,393752081.69
0.45,371,395359439.2
0.45,372,399090084.9
0.45,373,399603090.45
0.45,374,399856987.22
0.45,375,393473207.66
0.45,376,364984599.43
0.45,377,377543129.79
0.45,378,397688260.19
0.45,379,399394156.96
0.45,380,394745088.98
0.45,381,383350223.41
0.45,382,393138713.44
0.45,383,378512351.47
0.45,384,390259797.86
0.45,385,367562354.13
0.45,386,396317902.01
0.45,387,399679677.47
0.45,388,397317041.22
0.45,389,397872368.13
0.45,390,387017540.25
0.45,391,391194569.03
0.45,392,397450878.61
0.45,393,380119231.24
0.45,394,355051122.79
0.45,395,399282409.38
0.45,396,399959203.46
0.45,397,379909254.75
0.45,398,384718933.95
0.45,399,394706659.43
0.45,400,397790229.52
0.45,401,384990326.02
0.45,402,396967661.65
0.45,403,365303075.04
0.45,404,398711269.56
0.45,405,394319254.89
0.45,406,384410518.64
0.45,407,397261319.63
0.45,408,385847887.3
0.45,409,351800253.47
0.45,410,389080561.49
0.45,411,368498362.79
0.45,412,398827842.34
0.45,413,357569783.47
0.45,414,358936757.01
0.45,415,375334244.59
0.45,416,395625574.37
0.45,417,392192702.85
0.45,418,367809827.18
0.45,419,382855071.03
0.45,420,352441418.62
0.45,421,364478608.82
0.45,422,398173374.13
0.45,423,398967390.72
0.45,424,385897004.16
0.45,425,358626541.53
0.45,426,382747674.22
0.45,427,389879753.59
0.45,428,396230418.28
0.45,429,396242758.98
0.45,430,357936670.37
0.45,431,391315605.11
0.45,432,394982043.28
0.45,433,384746283.78
0.45,434,398117619.19
0.45,435,375231733.0
0.45,436,381503160.57
0.45,437,396259172.76
0.45,438,393416918.75
0.45,439,393093638.89
0.45,440,395079783.63
0.45,441,389042242.91
0.45,442,389012967.37
0.45,443,388815636.51
0.45,444,395894329.82
0.45,445,398311622.3
0.45,446,359486848.79
0.45,447,397973129.08
0.45,448,392202275.85
0.45,449,397935271.15
0.45,450,387436437.44
0.45,451,394818590.88
0.45,452,394740409.37
0.45,453,396544064.12
0.45,454,394904955.62
0.45,455,394471281.78
0.45,456,397061104.0
0.45,457,381699181.72
0.45,458,395111326.75
0.45,459,394762996.43
0.45,460,392264873.93
0.45,461,351179733.35
0.45,462,385297877.84
0.45,463,388302437.67
0.45,464,389060433.13
0.45,465,395638147.63
0.45,466,399138145.47
0.45,467,379966384.18
0.45,468,392267975.75
0.45,469,390741128.67
0.45,470,370459238.01
0.45,471,395309539.49
0.45,472,373365627.49
0.45,473,395110795.94
0.45,474,378181012.21
0.45,475,333626079.73
0.45,476,396533896.58
0.45,477,383346607.12
0.45,478,380334696.75
0.45,479,389674862.19
0.45,480,370922510.41
0.45,481,396318719.94
0.45,482,393203291.16
0.45,483,395958204.96
0.45,484,389617649.54
0.45,485,397235794.53
0.45,486,373553051.47
0.45,487,395597297.41
0.45,488,385341897.1
0.45,489,390938919.85
0.45,490,389544145.18
0.45,491,390622908.3
0.45,492,399202544.2
0.45,493,381579516.91
0.45,494,399032550.42
0.45,495,394492661.3
0.45,496,392435848.64
0.45,497,379655066.04
0.45,498,387259879.22
0.45,499,384271617.98
0.5,0,386713927.85
0.5,1,395493921.64
0.5,2,397369687.62
0.5,3,396189636.43
0.5,4,388695166.51
0.5,5,389492134.95
0.5,6,398629331.8
0.5,7,383837372.7
0.5,8,395938650.64
0.5,9,396634953.67
0.5,10,387403447.46
0.5,11,368295895.44
0.5,12,397863029.81
0.5,13,391902658.03
0.5,14,364904933.83
0.5,15,393390524.74
0.5,16,393209683.03
0.5,17,397358266.64
0.5,18,391606298.74
0.5,19,391362041.92
0.5,20,385097719.45
0.5,21,399668963.14
0.5,22,391792861.86
0.5,23,384109976.86
0.5,24,393639413.88
0.5,25,393838344.16
0.5,26,389467247.98
0.5,27,388928672.97
0.5,28,397099248.51
0.5,29,357405902.37
0.5,30,397306862.51
0.5,31,388265114.99
0.5,32,383488829.88
0.5,33,370220934.98
0.5,34,390422411.51
0.5,35,371798021.47
0.5,36,398814376.04
0.5,37,392535650.28
0.5,38,392019859.11
0.5,39,398157497.4
0.5,40,373453094.51
0.5,41,389499128.85
0.5,42,393139171.24
0.5,43,377665768.84
0.5,44,398770190.1
0.5,45,393433064.61
0.5,46,398488597.17
0.5,47,393256199.0
0.5,48,392160296.79
0.5,49,392206028.75
0.5,50,344633788.94
0.5,51,379179634.72
0.5,52,395401605.71
0.5,53,388192268.95
0.5,54,382663585.68
0.5,55,394924995.23
0.5,56,396193689.04
0.5,57,366408555.39
0.5,58,394252321.96
0.5,59,395914715.59
0.5,60,391892960.34
0.5,61,394683622.42
0.5,62,386013779.09
0.5,63,397416096.76
0.5,64,396670690.73
0.5,65,395722754.32
0.5,66,385738131.92
0.5,67,395646892.48
0.5,68,377733640.75
0.5,69,396772058.44
0.5,70,395943284.59
0.5,71,399850579.21
0.5,72,389651981.12
0.5,73,398794569.22
0.5,74,391543993.89
0.5,75,358120530.18
0.5,76,382831688.58
0.5,77,396834824.06
0.5,78,397084709.81
0.5,79,398933347.83
0.5,80,394488761.41
0.5,81,393237429.3
0.5,82,399901306.52
0.5,83,390402585.86
0.5,84,391515012.55
0.5,85,385662969.48
0.5,86,395662490.81
0.5,87,387125948.61
0.5,88,369087132.99
0.5,89,389154771.33
0.5,90,392126587.66
0.5,91,397038821.43
0.5,92,390728007.71
0.5,93,396745557.63
0.5,94,393681555.94
0.5,95,399991885.16
0.5,96,394164965.5
0.5,97,395359945.59
0.5,98,386044128.18
0.5,99,395283518.49
0.5,100,377370195.34
0.5,101,396079639.68
0.5,102,398287565.48
0.5,103,395966762.59
0.5,104,377685860.45
0.5,105,394732189.82
0.5,106,392514777.73
0.5,107,398692175.15
0.5,108,387711291.39
0.5,109,383036376.78
0.5,110,398891529.93
0.5,111,390978763.73
0.5,112,392865795.96
0.5,113,395921128.85
0.5,114,395641315.43
0.5,115,393852179.96
0.5,116,385918896.24
0.5,117,389157717.34
0.5,118,399502253.48
0.5,119,399406455.91
0.5,120,386848628.82
0.5,121,399502312.95
0.5,122,395401242.46
0.5,123,384201815.44
0.5,124,374738994.4
0.5,125,355236076.97
0.5,126,348930397.32
0.5,127,397759800.96
0.5,128,388099549.33
0.5,129,381288556.31
0.5,130,384945219.84
0.5,131,393560253.23
0.5,132,386436738.68
0.5,133,388144679.46
0.5,134,394219817.59
0.5,135,398909330.84
0.5,136,382371193.34
0.5,137,392701591.26
0.5,138,392793770.94
0.5,139,389683706.21
0.5,140,397588211.78
0.5,141,396080939.38
0.5,142,398541093.63
0.5,143,338462413.74
0.5,144,388608124.88
0.5,145,399175232.2
0.5,146,396847043.18
0.5,147,356569445.25
0.5,148,395947107.39
0.5,149,396188135.29
0.5,150,395267558.76
0.5,151,392855188.33
0.5,152,383199591.35
0.5,153,398063786.4
0.5,154,389849611.72
0.5,155,357315757.04
0.5,156,388529834.63
0.5,157,391925280.72
0.5,158,388738440.75
0.5,159,393743247.42
0.5,160,395180630.43
0.5,161,384084321.59
0.5,162,399616694.0
0.5,163,394804501.58
0.5,164,381968647.96
0.5,165,350135475.8
0.5,166,396635533.0
0.5,167,398387912.39
0.5,168,367254826.75
0.5,169,398305196.21
0.5,170,397801999.27
0.5,171,396702903.22
0.5,172,384782755.1
0.5,173,396548915.3
0.5,174,394290715.43
0.5,175,397519028.22
0.5,176,386912978.37
0.5,177,397573060.46
0.5,178,391493512.25
0.5,179,390859553.56
0.5,180,387694706.8
0.5,181,396660529.57
0.5,182,395106792.08
0.5,183,390229720.72
0.5,184,343398121.4
0.5,185,356201578.45
0.5,186,356025162.64
0.5,187,399587054.38
0.5,188,378492436.83
0.5,189,398116536.83
0.5,190,382668959.62
0.5,191,399409511.17
0.5,192,389407172.83
0.5,193,394047371.61
0.5,194,393049059.89
0.5,195,356792487.66
0.5,196,392683529.66
0.5,197,397629255.0
0.5,198,388203631.24
0.5,199,382046684.03
0.5,200,396916059.86
0.5,201,384955320.03
0.5,202,397235579.1
0.5,203,356354645.33
0.5,204,390981461.58
0.5,205,382412063.96
0.5,206,397023028.67
0.5,207,360853102.09
0.5,208,384406135.46
0.5,209,399167420.55
0.5,210,397761881.57
0.5,211,393957329.0
0.5,212,392230837.64
0.5,213,397560401.59
0.5,214,358226175.45
0.5,215,383800994.52
0.5,216,395828614.64
0.5,217,399190512.4
0.5,218,397975298.88
0.5,219,391642993.93
0.5,220,394949687.78
0.5,221,396066236.87
0.5,222,389293944.65
0.5,223,375825194.19
0.5,224,390697597.33
0.5,225,398282095.43
0.5,226,399952664.15
0.5,227,396556533.19
0.5,228,399532656.02
0.5,229,386778980.22
0.5,230,396632723.96
0.5,231,392333539.26
0.5,232,395397518.28
0.5,233,370871914.22
0.5,234,382653634.11
0.5,235,399245191.34
0.5,236,381394051.17
0.5,237,389896931.79
0.5,238,396162424.19
0.5,239,396348954.0
0.5,240,388695111.1
0.5,241,381438396.64
0.5,242,351368446.72
0.5,243,396893443.11
0.5,244,395639992.36
0.5,245,393581926.85
0.5,246,397331591.89
0.5,247,397834037.81
0.5,248,378656578.51
0.5,249,395624253.36
0.5,250,396008620.46
0.5,251,385210861.61
0.5,252,398879357.64
0.5,253,397415130.35
0.5,254,394164395.83
0.5,255,399107826.76
0.5,256,396189410.62
0.5,257,389124212.62
0.5,258,387755466.28
0.5,259,392442314.21
0.5,260,394019838.03
0.5,261,386660303.08
0.5,262,392818524.88
0.5,263,389033318.39
0.5,264,383907980.47
0.5,265,394027209.62
0.5,266,391163133.08
0.5,267,396943715.81
0.5,268,389244383.45
0.5,269,393028901.56
0.5,270,375969668.58
0.5,271,384976099.94
0.5,272,392530244.22
0.5,273,363108868.93
0.5,274,371197063.56
0.5,275,387132580.36
0.5,276,382603263.81
0.5,277,386489715.62
0.5,278,394049102.45
0.5,279,387876899.25
0.5,280,396216107.1
0.5,281,395876059.5
0.5,282,383709704.03
0.5,283,398582371.79
0.5,284,391510648.92
0.5,285,382016438.57
0.5,286,398153947.89
0.5,287,398342995.09
0.5,288,385589048.16
0.5,289,373772069.67
0.5,290,386662290.4
0.5,291,392717773.91
0.5,292,396495336.05
0.5,293,389657473.35
0.5,294,399715955.19
0.5,295,398686478.7
0.5,296,395477833.49
0.5,297,397770150.28
0.5,298,388771669.51
0.5,299,377939841.92
0.5,300,370915383.16
0.5,301,381114362.07
0.5,302,381556114.05
0.5,303,374221488.53
0.5,304,393695771.45
0.5,305,390570762.99
0.5,306,396574688.02
0.5,307,382576583.9
0.5,308,398269976.48
0.5,309,383461919.17
0.5,310,377207726.72
0.5,311,399449258.44
0.5,312,397038112.05
0.5,313,386370850.11
0.5,314,394570532.58
0.5,315,384748584.87
0.5,316,384354806.2
0.5,317,391638561.84
0.5,318,392166448.53
0.5,319,398149286.97
0.5,320,396366443.39
0.5,321,395735263.31
0.5,322,387737735.03
0.5,323,398178287.13
0.5,324,389567944.14
0.5,325,398330577.84
0.5,326,395996841.52
0.5,327,379455159.22
0.5,328,388313029.89
0.5,329,392854173.74
0.5,330,391606572.68
0.5,331,399951106.65
0.5,332,377657858.86
0.5,333,398158412.96
0.5,334,398319067.95
0.5,335,392469404.8
0.5,336,379629572.2
0.5,337,393903468.41
0.5,338,392598760.92
0.5,339,353477431.08
0.5,340,392648889.96
0.5,341,372714407.84
0.5,342,391279094.89
0.5,343,396169589.84
0.5,344,396599083.78
0.5,345,379734390.36
0.5,346,399772313.5
0.5,347,399950979.06
0.5,348,375144351.57
0.5,349,387129033.49
0.5,350,391341378.71
0.5,351,394507032.54
0.5,352,397920247.63
0.5,353,397462191.2
0.5,354,394548013.77
0.5,355,372349193.7
0.5,356,378823527.77
0.5,357,386294589.44
0.5,358,381742856.71
0.5,359,383250936.35
0.5,360,365150184.5
0.5,361,389923905.64
0.5,362,397860427.4
0.5,363,383682819.78
0.5,364,399265463.24
0.5,365,389598682.13
0.5,366,365017387.29
0.5,367,393710332.84
0.5,368,389415958.61
0.5,369,348176058.6
0.5,370,395429937.28
0.5,371,366404762.88
0.5,372,382297828.69
0.5,373,396022897.41
0.5,374,383620519.12
0.5,375,388902833.15
0.5,376,399148078.41
0.5,377,392924441.32
0.5,378,394632890.83
0.5,379,395454233.98
0.5,380,398418957.02
0.5,381,381390376.98
0.5,382,381416837.27
0.5,383,395374622.2
0.5,384,377227532.38
0.5,385,390862573.66
0.5,386,388966307.73
0.5,387,398276785.82
0.5,388,399012625.58
0.5,389,377061878.62
0.5,390,386303140.19
0.5,391,393803724.01
0.5,392,380054044.13
0.5,393,396538581.21
0.5,394,390006542.57
0.5,395,399714698.66
0.5,396,384532213.77
0.5,397,397947637.76
0.5,398,380134322.36
0.5,399,374290999.5
0.5,400,374529897.88
0.5,401,389659307.89
0.5,402,389407131.06
0.5,403,383355980.16
0.5,404,376243471.61
0.5,405,372864247.93
0.5,406,395514745.6
0.5,407,384567099.32
0.5,408,397309414.78
0.5,409,393371731.48
0.5,410,399818569.7
0.5,411,398497897.69
0.5,412,385242225.59
0.5,413,391146705.37
0.5,414,361886853.93
0.5,415,396932233.03
0.5,416,385051916.19
0.5,417,366902597.0
0.5,418,393494175.7
0.5,419,378790871.43
0.5,420,391594796.09
0.5,421,397687766.94
0.5,422,397674672.48
0.5,423,398556606.36
0.5,424,388278342.36
0.5,425,399632806.07
0.5,426,394921686.49
0.5,427,391730723.95
0.5,428,393923209.11
0.5,429,387466477.89
0.5,430,393980276.62
0.5,431,392516725.55
0.5,432,394234498.6
0.5,433,382476257.23
0.5,434,386079097.45
0.5,435,399473275.29
0.5,436,395570679.42
0.5,437,396894885.99
0.5,438,395051799.94
0.5,439,386193456.42
0.5,440,370684043.22
0.5,441,389971298.38
0.5,442,377146460.07
0.5,443,396946553.78
0.5,444,378866545.03
0.5,445,356176218.01
0.5,446,398924191.78
0.5,447,383954302.15
0.5,448,399861081.31
0.5,449,392858357.38
0.5,450,389674388.96
0.5,451,372638498.16
0.5,452,398472191.78
0.5,453,374990703.92
0.5,454,380292063.28
0.5,455,396330519.13
0.5,456,387829291.88
0.5,457,382984069.96
0.5,458,374132217.34
0.5,459,388764747.37
0.5,460,389921874.66
0.5,461,397340201.74
0.5,462,388674202.77
0.5,463,393374350.91
0.5,464,390483537.77
0.5,465,398670565.6
0.5,466,395381547.5
0.5,467,398652695.0
0.5,468,389485049.74
0.5,469,397727916.08
0.5,470,398356909.53
0.5,471,397237227.65
0.5,472,395940464.7
0.5,473,390113793.04
0.5,474,393596746.16
0.5,475,398858484.69
0.5,476,397310929.64
0.5,477,389048367.6
0.5,478,392844583.11
0.5,479,374505745.63
0.5,480,380629904.4
0.5,481,379786767.96
0.5,482,389045325.53
0.5,483,353661128.11
0.5,484,347284149.88
0.5,485,365761041.29
0.5,486,399933244.02
0.5,487,377579387.35
0.5,488,395737499.87
0.5,489,397930603.84
0.5,490,385911268.91
0.5,491,392567753.42
0.5,492,389448464.65
0.5,493,397115380.22
0.5,494,399151730.11
0.5,495,397448399.96
0.5,496,386750839.72
0.5,497,383587639.3
0.5,498,397480608.03
0.5,499,395135611.98
0.6,0,396692742.1
0.6,1,390012052.48
0.6,2,371447292.32
0.6,3,394174683.37
0.6,4,397514449.81
0.6,5,384594412.53
0.6,6,394563385.76
0.6,7,390451734.92
0.6,8,371252841.13
0.6,9,377119465.36
0.6,10,392284072.89
0.6,11,389667574.06
0.6,12,397776978.47
0.6,13,390887223.39
0.6,14,391088032.96
0.6,15,399826745.23
0.6,16,383431244.78
0.6,17,397721742.06
0.6,18,393455687.72
0.6,19,362053538.36
0.6,20,379027800.59
0.6,21,391707133.89
0.6,22,389509324.0
0.6,23,396315410.32
0.6,24,388645400.86
0.6,25,397719171.03
0.6,26,393341613.82
0.6,27,385994858.72
0.6,28,393694587.94
0.6,29,398010927.27
0.6,30,383391975.74
0.6,31,395308884.46
0.6,32,387525720.62
0.6,33,389960208.36
0.6,34,376886803.75
0.6,35,387807156.45
0.6,36,389666208.02
0.6,37,353165770.16
0.6,38,392250447.91
0.6,39,394823310.89
0.6,40,398360411.82
0.6,41,362563351.93
0.6,42,398960874.4
0.6,43,389835303.82
0.6,44,376146384.54
0.6,45,356792094.32
0.6,46,389857584.04
0.6,47,385381048.27
0.6,48,399304306.07
0.6,49,391984410.87
0.6,50,392167059.93
0.6,51,398293968.94
0.6,52,388142446.66
0.6,53,385911207.48
0.6,54,380449812.7
0.6,55,358056062.29
0.6,56,395342590.81
0.6,57,390974249.29
0.6,58,390681552.15
0.6,59,398854688.09
0.6,60,392158276.38
0.6,61,389115529.08
0.6,62,390201005.43
0.6,63,392633636.38
0.6,64,397738098.36
0.6,65,389035232.65
0.6,66,395745142.09
0.6,67,398231325.4
0.6,68,391218754.03
0.6,69,386088876.46
0.6,70,388883127.99
0.6,71,381240603.25
0.6,72,398561522.1
0.6,73,389223198.46
0.6,74,378589531.38
0.6,75,388134352.79
0.6,76,396579683.62
0.6,77,367540283.44
0.6,78,361788040.22
0.6,79,399383214.35
0.6,80,398654460.62
0.6,81,392419216.09
0.6,82,396140787.01
0.6,83,360393251.22
0.6,84,395398322.1
0.6,85,377902866.62
0.6,86,350293707.93
0.6,87,399907583.27
0.6,88,375974172.53
0.6,89,380501366.78
0.6,90,399100093.48
0.6,91,395653260.0
0.6,92,395561859.86
0.6,93,384505277.74
0.6,94,399219659.76
0.6,95,368234806.24
0.6,96,392544305.32
0.6,97,399739515.5
0.6,98,392714707.98
0.6,99,396359790.82
0.6,100,397810750.71
0.6,101,386386016.89
0.6,102,397865032.33
0.6,103,389137835.09
0.6,104,346675133.29
0.6,105,385783877.06
0.6,106,347751575.02
0.6,107,397886146.89
0.6,108,397349597.1
0.6,109,393793107.58
0.6,110,392571107.08
0.6,111,398077522.82
0.6,112,390250142.55
0.6,113,396697221.47
0.6,114,362469831.42
0.6,115,395067266.24
0.6,116,371954884.13
0.6,117,392573358.1
0.6,118,390381608.37
0.6,119,374408412.82
0.6,120,396393392.73
0.6,121,385900275.12
0.6,122,369999505.88
0.6,123,374066091.17
0.6,124,399577882.19
0.6,125,387576195.93
0.6,126,396823624.19
0.6,127,383392554.33
0.6,128,397093396.11
0.6,129,396238751.39
0.6,130,392300558.63
0.6,131,384404670.48
0.6,132,399546608.42
0.6,133,396693974.25
0.6,134,390873812.06
0.6,135,396351283.37
0.6,136,389707832.43
0.6,137,393387074.6
0.6,138,382793075.69
0.6,139,392655120.26
0.6,140,363908013.47
0.6,141,376769099.22
0.6,142,360145400.86
0.6,143,361920756.89
0.6,144,392210154.45
0.6,145,389451325.71
0.6,146,397303504.99
0.6,147,379541508.87
0.6,148,388177450.41
0.6,149,393757703.88
0.6,150,398094025.32
0.6,151,398026005.73
0.6,152,393912329.62
0.6,153,377250997.47
0.6,154,391677005.18
0.6,155,384985153.44
0.6,156,399509725.24
0.6,157,389142912.71
0.6,158,398446621.39
0.6,159,393534323.29
0.6,160,387068870.53
0.6,161,396050490.12
0.6,162,393849278.87
0.6,163,360581883.62
0.6,164,387823262.79
0.6,165,398032563.63
0.6,166,381480776.3
0.6,167,393160614.07
0.6,168,391342054.71
0.6,169,397194891.22
0.6,170,380997484.03
0.6,171,387847642.35
0.6,172,397383961.79
0.6,173,399696372.01
0.6,174,370718280.69
0.6,175,397603926.81
0.6,176,389398868.61
0.6,177,397553418.62
0.6,178,398036008.44
0.6,179,397721283.95
0.6,180,369336091.75
0.6,181,395477188.06
0.6,182,391790258.09
0.6,183,376375043.16
0.6,184,363668144.93
0.6,185,371960825.81
0.6,186,375372715.47
0.6,187,389149697.62
0.6,188,393448756.63
0.6,189,397351010.33
0.6,190,397599465.17
0.6,191,397716103.17
0.6,192,393636313.8
0.6,193,398869640.31
0.6,194,399862771.17
0.6,195,385373987.7
0.6,196,378825849.02
0.6,197,399120209.69
0.6,198,396253804.9
0.6,199,384017189.54
0.6,200,386884572.29
0.6,201,398268233.89
0.6,202,392816632.85
0.6,203,374212547.79
0.6,204,396460202.77
0.6,205,399302711.9
0.6,206,386778202.99
0.6,207,397334264.38
0.6,208,374565410.23
0.6,209,396190731.67
0.6,210,396676343.07
0.6,211,394455929.66
0.6,212,398779078.75
0.6,213,399907296.66
0.6,214,391328932.96
0.6,215,394027852.56
0.6,216,364116556.53
0.6,217,375828016.61
0.6,218,395836168.58
0.6,219,381394781.09
0.6,220,395359879.1
0.6,221,398792932.61
0.6,222,398561082.93
0.6,223,395714846.82
0.6,224,398911274.7
0.6,225,398143499.66
0.6,226,398912409.51
0.6,227,395770619.63
0.6,228,393218262.41
0.6,229,399162093.88
0.6,230,376315972.09
0.6,231,383054454.06
0.6,232,399777671.74
0.6,233,398600243.82
0.6,234,398459694.73
0.6,235,368811163.98
0.6,236,385995538.5
0.6,237,398913169.86
0.6,238,365434399.58
0.6,239,394130311.06
0.6,240,390463204.15
0.6,241,393437565.42
0.6,242,387602165.92
0.6,243,388162864.64
0.6,244,391239164.73
0.6,245,398918185.8
0.6,246,398362993.01
0.6,247,391589537.17
0.6,248,394238148.0
0.6,249,375128391.21
0.6,250,376350256.47
0.6,251,390811866.6
0.6,252,391371408.51
0.6,253,397211462.96
0.6,254,396566165.98
0.6,255,395341818.36
0.6,256,398033643.83
0.6,257,395528377.9
0.6,258,393701160.96
0.6,259,389302815.37
0.6,260,398055006.75
0.6,261,394935252.64
0.6,262,391359925.98
0.6,263,396415147.02
0.6,264,394529876.57
0.6,265,393099457.34
0.6,266,373183634.01
0.6,267,388119704.4
0.6,268,387890355.63
0.6,269,374244656.25
0.6,270,386791040.52
0.6,271,385044787.21
0.6,272,388355832.32
0.6,273,383712870.42
0.6,274,396881913.55
0.6,275,398853042.2
0.6,276,398243171.03
0.6,277,365962727.91
0.6,278,382061705.39
0.6,279,381453660.06
0.6,280,388342837.62
0.6,281,394677202.57
0.6,282,374209584.07
0.6,283,395661659.9
0.6,284,383800642.7
0.6,285,399590419.41
0.6,286,397287340.07
0.6,287,390319456.67
0.6,288,390307968.49
0.6,289,392649790.49
0.6,290,364795394.28
0.6,291,388706444.48
0.6,292,391795772.6
0.6,293,394303373.46
0.6,294,396052551.79
0.6,295,374818540.88
0.6,296,387690113.82
0.6,297,375944095.91
0.6,298,399548553.05
0.6,299,384162291.68
0.6,300,389707450.69
0.6,301,391070255.25
0.6,302,397567813.33
0.6,303,395743256.32
0.6,304,385065047.58
0.6,305,397647702.61
0.6,306,387574795.74
0.6,307,380925075.39
0.6,308,393210112.03
0.6,309,391171609.42
0.6,310,396611540.82
0.6,311,385866233.36
0.6,312,399681059.14
0.6,313,389049768.73
0.6,314,399386643.53
0.6,315,387403104.49
0.6,316,393665876.48
0.6,317,358589957.27
0.6,318,390642183.11
0.6,319,373993971.76
0.6,320,398513161.5
0.6,321,398189983.2
0.6,322,398990755.56
0.6,323,338676423.32
0.6,324,397321574.04
0.6,325,371326097.38
0.6,326,386494561.28
0.6,327,387557176.36
0.6,328,392064905.68
0.6,329,388147181.61
0.6,330,380537650.09
0.6,331,387683528.65
0.6,332,392328549.05
0.6,333,379460518.55
0.6,334,367857455.22
0.6,335,398172164.32
0.6,336,384737870.95
0.6,337,370509107.55
0.6,338,394979330.38
0.6,339,371573162.63
0.6,340,398817056.7
0.6,341,395390026.71
0.6,342,371810215.29
0.6,343,393354977.79
0.6,344,372611365.59
0.6,345,368975483.48
0.6,346,399350407.92
0.6,347,388205805.7
0.6,348,395131375.04
0.6,349,380187649.48
0.6,350,390987909.12
0.6,351,396664981.85
0.6,352,396203256.24
0.6,353,392676402.03
0.6,354,396026493.17
0.6,355,387195145.57
0.6,356,343649843.83
0.6,357,393735849.19
0.6,358,365056358.5
0.6,359,399378751.52
0.6,360,398518804.73
0.6,361,390939663.13
0.6,362,368643213.07
0.6,363,389170734.46
0.6,364,374205415.39
0.6,365,392767878.58
0.6,366,353171444.33
0.6,367,373395783.68
0.6,368,375426513.75
0.6,369,385592405.44
0.6,370,394638208.03
0.6,371,398826683.72
0.6,372,398229049.01
0.6,373,388065038.75
0.6,374,389291137.34
0.6,375,378978525.48
0.6,376,391908545.41
0.6,377,396794412.04
0.6,378,390486735.42
0.6,379,399755387.06
0.6,380,395959936.35
0.6,381,398938745.02
0.6,382,391727992.78
0.6,383,397408135.45
0.6,384,389439784.93
0.6,385,396885201.01
0.6,386,396987708.7
0.6,387,397279903.75
0.6,388,376277274.52
0.6,389,385953887.19
0.6,390,385309451.54
0.6,391,397317417.39
0.6,392,373434714.66
0.6,393,379178549.16
0.6,394,386856776.37
0.6,395,396563571.01
0.6,396,389989643.88
0.6,397,398412261.49
0.6,398,394769333.2
0.6,399,385891102.76
0.6,400,397879530.25
0.6,401,396386966.96
0.6,402,373736609.59
0.6,403,369027982.04
0.6,404,371488874.99
0.6,405,361845530.06
0.6,406,399446359.63
0.6,407,379179476.38
0.6,408,398440770.2
0.6,409,380617603.61
0.6,410,391592424.83
0.6,411,392443799.67
0.6,412,381614477.87
0.6,413,391882077.12
0.6,414,398575568.08
0.6,415,373634598.11
0.6,416,371807913.28
0.6,417,387898407.93
0.6,418,380498496.3
0.6,419,375866258.67
0.6,420,376164190.33
0.6,421,385824178.63
0.6,422,395972721.53
0.6,423,392335601.88
0.6,424,396583518.6
0.6,425,388610001.98
0.6,426,392887423.46
0.6,427,392813811.35
0.6,428,396745437.44
0.6,429,380836870.39
0.6,430,396991916.76
0.6,431,399965828.71
0.6,432,367845944.62
0.6,433,390769972.73
0.6,434,399539904.6
0.6,435,399541603.29
0.6,436,389590683.54
0.6,437,387039258.85
0.6,438,397922024.79
0.6,439,390022139.28
0.6,440,361534033.63
0.6,441,396753198.96
0.6,442,393026818.54
0.6,443,386061822.05
0.6,444,395007537.86
0.6,445,388678585.84
0.6,446,399116090.38
0.6,447,378678115.42
0.6,448,369880406.98
0.6,449,383065836.84
0.6,450,384611872.35
0.6,451,368608673.97
0.6,452,385531681.44
0.6,453,395108006.12
0.6,454,394700199.9
0.6,455,391527444.24
0.6,456,393683711.63
0.6,457,394902691.68
0.6,458,393791921.28
0.6,459,391362892.7
0.6,460,385792410.18
0.6,461,365398044.24
0.6,462,384845224.68
0.6,463,396671364.39
0.6,464,388402874.91
0.6,465,368519708.72
0.6,466,377416143.75
0.6,467,379456304.21
0.6,468,389246138.78
0.6,469,391566679.8
0.6,470,387541475.41
0.6,471,393433245.18
0.6,472,385342976.75
0.6,473,387816348.71
0.6,474,397399307.12
0.6,475,383938449.33
0.6,476,363866077.84
0.6,477,398667874.9
0.6,478,387962916.71
0.6,479,395052720.35
0.6,480,394557880.83
0.6,481,362393242.89
0.6,482,395524137.19
0.6,483,392715938.94
0.6,484,356622486.24
0.6,485,393968681.12
0.6,486,382270612.32
0.6,487,393696561.77
0.6,488,392071631.15
0.6,489,396059178.85
0.6,490,388361963.32
0.6,491,384047362.63
0.6,492,392781332.86
0.6,493,396728338.38
0.6,494,363577257.19
0.6,495,378755264.19
0.6,496,397999547.31
0.6,497,390468922.74
0.6,498,388780884.0
0.6,499,398362596.21
0.7,0,367321028.73
0.7,1,388218423.32
0.7,2,386204020.19
0.7,3,399812926.53
0.7,4,384840014.16
0.7,5,398570951.41
0.7,6,388628196.35
0.7,7,390756884.5
0.7,8,390854884.73
0.7,9,398743604.8
0.7,10,389983367.83
0.7,11,396857471.83
0.7,12,390310388.29
0.7,13,364875814.42
0.7,14,395188970.18
0.7,15,365266442.21
0.7,16,396493337.69
0.7,17,396001797.19
0.7,18,399468025.88
0.7,19,374576940.51
0.7,20,394829301.3
0.7,21,395236587.59
0.7,22,385593630.56
0.7,23,390675400.96
0.7,24,398240686.59
0.7,25,387029345.73
0.7,26,391830709.6
0.7,27,345398420.24
0.7,28,383435157.38
0.7,29,369089606.68
0.7,30,379322825.7
0.7,31,389676407.77
0.7,32,393094685.37
0.7,33,395452447.26
0.7,34,374318134.72
0.7,35,360148944.57
0.7,36,395090108.51
0.7,37,382411987.23
0.7,38,368325280.67
0.7,39,396899371.13
0.7,40,387168555.83
0.7,41,386591160.57
0.7,42,394633680.43
0.7,43,398315312.24
0.7,44,390198248.45
0.7,45,378700866.34
0.7,46,382758742.11
0.7,47,388575601.6
0.7,48,382188902.21
0.7,49,379352801.61
0.7,50,357696967.44
0.7,51,384697086.89
0.7,52,395123976.47
0.7,53,394079089.37
0.7,54,367759983.79
0.7,55,384617085.63
0.7,56,389861435.52
0.7,57,369428782.32
0.7,58,382678236.41
0.7,59,389289059.11
0.7,60,362978838.88
0.7,61,396948586.3
0.7,62,353130327.34
0.7,63,395340262.77
0.7,64,393320882.32
0.7,65,390371972.76
0.7,66,396999915.54
0.7,67,364978383.56
0.7,68,385283461.82
0.7,69,380918454.97
0.7,70,398523273.94
0.7,71,381320242.37
0.7,72,380520448.94
0.7,73,395904508.23
0.7,74,387455978.52
0.7,75,390491916.29
0.7,76,396066458.63
0.7,77,366925930.25
0.7,78,391112572.06
0.7,79,396723609.46
0.7,80,381847458.45
0.7,81,399603188.3
0.7,82,387120817.58
0.7,83,395130939.07
0.7,84,382022374.75
0.7,85,384853795.7
0.7,86,397615383.13
0.7,87,399776413.23
0.7,88,398380897.77
0.7,89,390018674.48
0.7,90,377804787.05
0.7,91,388307075.96
0.7,92,398254217.19
0.7,93,387840660.96
0.7,94,369623379.93
0.7,95,383054006.77
0.7,96,389883715.12
0.7,97,386124009.25
0.7,98,390521834.49
0.7,99,392813391.05
0.7,100,395072991.67
0.7,101,370993901.46
0.7,102,395899684.57
0.7,103,388506105.86
0.7,104,385135975.03
0.7,105,385593963.61
0.7,106,373675161.64
0.7,107,351363454.89
0.7,108,387050774.55
0.7,109,377514526.35
0.7,110,389619257.39
0.7,111,363936106.41
0.7,112,388928569.19
0.7,113,372659813.75
0.7,114,377484237.51
0.7,115,386835842.43
0.7,116,382592350.49
0.7,117,395065978.26
0.7,118,392880934.24
0.7,119,391382121.03
0.7,120,383788773.07
0.7,121,387593787.46
0.7,122,391636463.16
0.7,123,393384583.74
0.7,124,388046473.0
0.7,125,393966146.3
0.7,126,398202584.39
0.7,127,387042944.2
0.7,128,377260694.55
0.7,129,395687127.5
0.7,130,386579613.23
0.7,131,392108552.68
0.7,132,395968644.92
0.7,133,385170468.8
0.7,134,396801873.89
0.7,135,373193670.33
0.7,136,362054012.7
0.7,137,394553979.36
0.7,138,395966828.73
0.7,139,386795412.88
0.7,140,397992510.89
0.7,141,333445948.15
0.7,142,394877168.2
0.7,143,390474992.47
0.7,144,395842314.59
0.7,145,326001977.14
0.7,146,372799083.47
0.7,147,393404879.3
0.7,148,398899579.93
0.7,149,385707733.49
0.7,150,360724719.45
0.7,151,391752477.92
0.7,152,385287550.4
0.7,153,374987952.06
0.7,154,374570572.19
0.7,155,371050277.28
0.7,156,399963574.91
0.7,157,380435441.37
0.7,158,387497660.35
0.7,159,381633398.84
0.7,160,390920677.79
0.7,161,388383859.95
0.7,162,384081131.79
0.7,163,367869912.6
0.7,164,386466383.18
0.7,165,399428015.64
0.7,166,375918874.19
0.7,167,373030142.92
0.7,168,398902803.19
0.7,169,378179967.64
0.7,170,385647301.6
0.7,171,388277505.64
0.7,172,397938520.01
0.7,173,380511885.37
0.7,174,393281075.22
0.7,175,355234016.04
0.7,176,393745437.36
0.7,177,362863650.84
0.7,178,397542193.69
0.7,179,390169758.24
0.7,180,397987964.25
0.7,181,393131467.92
0.7,182,353606478.97
0.7,183,394944728.27
0.7,184,376561462.57
0.7,185,398500785.84
0.7,186,378789334.65
0.7,187,391806977.11
0.7,188,387798330.35
0.7,189,386424802.29
0.7,190,396097631.08
0.7,191,393461100.93
0.7,192,397680330.1
0.7,193,398032517.54
0.7,194,376569122.87
0.7,195,387746910.91
0.7,196,398259621.23
0.7,197,384546838.78
0.7,198,373724119.97
0.7,199,386573049.99
0.7,200,388075811.38
0.7,201,382106165.79
0.7,202,398494340.54
0.7,203,393116124.74
0.7,204,399536700.35
0.7,205,394632240.68
0.7,206,393117041.79
0.7,207,390771516.19
0.7,208,391050907.49
0.7,209,389842656.96
0.7,210,385435791.74
0.7,211,397861530.17
0.7,212,384322641.32
0.7,213,392940673.69
0.7,214,389719647.37
0.7,215,396650282.3
0.7,216,384873108.72
0.7,217,390058110.03
0.7,218,399760869.66
0.7,219,392478382.24
0.7,220,392303572.23
0.7,221,399429899.47
0.7,222,350941813.31
0.7,223,398105553.94
0.7,224,396669530.41
0.7,225,398750737.12
0.7,226,379484116.51
0.7,227,393148555.25
0.7,228,393349042.41
0.7,229,389776077.37
0.7,230,394776824.96
0.7,231,394851359.98
0.7,232,396857723.59
0.7,233,396362589.28
0.7,234,385821183.86
0.7,235,392547042.3
0.7,236,397061152.87
0.7,237,389802285.79
0.7,238,394016179.9
0.7,239,394584931.82
0.7,240,386896717.89
0.7,241,389695556.07
0.7,242,376103188.62
0.7,243,394946883.56
0.7,244,392274819.04
0.7,245,398344674.65
0.7,246,395265458.13
0.7,247,397764022.79
0.7,248,393547085.84
0.7,249,349963614.16
0.7,250,395485225.83
0.7,251,395039647.06
0.7,252,390832948.27
0.7,253,394360531.98
0.7,254,393150107.03
0.7,255,394511856.26
0.7,256,390170447.82
0.7,257,361251586.03
0.7,258,364688757.78
0.7,259,376932176.2
0.7,260,383337331.37
0.7,261,356561399.52
0.7,262,390417194.85
0.7,263,391630518.3
0.7,264,398606152.65
0.7,265,382659569.19
0.7,266,371217902.26
0.7,267,391063253.92
0.7,268,338552925.32
0.7,269,368359725.7
0.7,270,394747161.2
0.7,271,384919444.92
0.7,272,394040527.07
0.7,273,394167656.61
0.7,274,379542796.74
0.7,275,382898177.07
0.7,276,397593197.68
0.7,277,398071174.97
0.7,278,381943300.4
0.7,279,395829100.89
0.7,280,390623929.63
0.7,281,394424640.53
0.7,282,399003175.25
0.7,283,394243877.56
0.7,284,395679080.5
0.7,285,397145126.54
0.7,286,392691423.19
0.7,287,388988814.49
0.7,288,373790432.32
0.7,289,398226238.34
0.7,290,375974225.66
0.7,291,385286278.67
0.7,292,364402011.15
0.7,293,389007895.43
0.7,294,396265099.29
0.7,295,373189922.64
0.7,296,399088883.69
0.7,297,382004515.95
0.7,298,380353580.82
0.7,299,376438273.74
0.7,300,399884231.71
0.7,301,355869339.81
0.7,302,378913709.92
0.7,303,398483200.08
0.7,304,398933947.63
0.7,305,392472158.78
0.7,306,365426858.26
0.7,307,397355431.61
0.7,308,392435878.57
0.7,309,394686016.44
0.7,310,386297000.34
0.7,311,384088517.37
0.7,312,399674397.26
0.7,313,388817245.24
0.7,314,394522629.82
0.7,315,372550561.03
0.7,316,399347298.9
0.7,317,397614175.08
0.7,318,396043518.14
0.7,319,391186458.8
0.7,320,370155938.96
0.7,321,398685288.49
0.7,322,393119263.37
0.7,323,383952446.26
0.7,324,377074498.37
0.7,325,379430332.46
0.7,326,397655308.84
0.7,327,396437422.51
0.7,328,391649501.62
0.7,329,381058601.84
0.7,330,399343331.25
0.7,331,392498757.07
0.7,332,393182015.77
0.7,333,396949618.29
0.7,334,374205364.46
0.7,335,399255077.73
0.7,336,384227058.08
0.7,337,397580305.79
0.7,338,395976484.16
0.7,339,384012082.36
0.7,340,392564374.8
0.7,341,398964585.33
0.7,342,362546388.74
0.7,343,388693846.89
0.7,344,382863047.18
0.7,345,390571892.38
0.7,346,396249843.83
0.7,347,395399244.58
0.7,348,397671136.54
0.7,349,397442870.81
0.7,350,359234302.22
0.7,351,369630209.48
0.7,352,397888591.12
0.7,353,387017583.21
0.7,354,366669098.23
0.7,355,395756285.08
0.7,356,394225031.88
0.7,357,390988097.4
0.7,358,380346354.7
0.7,359,391102675.9
0.7,360,385703629.67
0.7,361,398791115.46
0.7,362,385619174.57
0.7,363,398298198.71
0.7,364,374067483.19
0.7,365,399643743.23
0.7,366,379165911.19
0.7,367,394238538.72
0.7,368,392995547.75
0.7,369,381360399.43
0.7,370,397290059.22
0.7,371,397402089.16
0.7,372,393628914.46
0.7,373,378063516.34
0.7,374,392976935.37
0.7,375,371703150.02
0.7,376,384743993.32
0.7,377,398548692.72
0.7,378,399787559.91
0.7,379,383895276.25
0.7,380,380995284.9
0.7,381,397351709.62
0.7,382,397961166.7
0.7,383,388109507.25
0.7,384,386184406.7
0.7,385,397723111.62
0.7,386,399585714.42
0.7,387,393922259.04
0.7,388,385740669.67
0.7,389,392460662.11
0.7,390,388516087.92
0.7,391,373843870.63
0.7,392,398802605.64
0.7,393,398316550.05
0.7,394,397381651.04
0.7,395,366135815.92
0.7,396,356682810.15
0.7,397,360791914.89
0.7,398,393875928.2
0.7,399,399909767.21
0.7,400,395206817.54
0.7,401,397584275.01
0.7,402,358843554.82
0.7,403,396345746.04
0.7,404,389804809.17
0.7,405,389558094.14
0.7,406,363969991.67
0.7,407,388280776.65
0.7,408,394355833.36
0.7,409,380891358.21
0.7,410,393774213.39
0.7,411,393869778.77
0.7,412,392864784.56
0.7,413,351058188.79
0.7,414,399888103.85
0.7,415,381665672.97
0.7,416,392128246.74
0.7,417,388260190.25
0.7,418,390412047.67
0.7,419,383619758.4
0.7,420,392840019.76
0.7,421,389730840.53
0.7,422,396620402.34
0.7,423,399834733.65
0.7,424,388003062.1
0.7,425,399340309.81
0.7,426,396761787.96
0.7,427,394872584.0
0.7,428,396632388.13
0.7,429,394183465.4
0.7,430,389697767.85
0.7,431,398598199.83
0.7,432,396678915.13
0.7,433,381876316.6
0.7,434,386810561.04
0.7,435,384055885.25
0.7,436,386695381.56
0.7,437,386270530.36
0.7,438,369522620.53
0.7,439,393256505.35
0.7,440,366785633.08
0.7,441,364329073.93
0.7,442,398423223.37
0.7,443,389223613.57
0.7,444,381995608.17
0.7,445,388648866.16
0.7,446,394533892.26
0.7,447,380619090.1
0.7,448,337429324.15
0.7,449,390530967.4
0.7,450,381721582.88
0.7,451,396193712.55
0.7,452,382709593.71
0.7,453,392982033.84
0.7,454,399070146.44
0.7,455,396743453.45
0.7,456,390641204.01
0.7,457,385491880.11
0.7,458,392282367.12
0.7,459,391610116.75
0.7,460,394926027.27
0.7,461,382662853.88
0.7,462,385173928.79
0.7,463,394948328.1
0.7,464,377146305.82
0.7,465,384976678.18
0.7,466,387544221.28
0.7,467,395995102.85
0.7,468,353229577.52
0.7,469,382610110.45
0.7,470,387307080.53
0.7,471,375507416.86
0.7,472,376726294.53
0.7,473,389987447.65
0.7,474,394206278.63
0.7,475,383112609.32
0.7,476,382611369.0
0.7,477,382367782.37
0.7,478,388898106.4
0.7,479,395835545.52
0.7,480,369909268.37
0.7,481,386525946.62
0.7,482,396769259.75
0.7,483,375004736.33
0.7,484,387964162.38
0.7,485,393423847.49
0.7,486,398723868.49
0.7,487,393363098.96
0.7,488,392351307.38
0.7,489,397636569.25
0.7,490,399542354.54
0.7,491,398401365.97
0.7,492,398202640.6
0.7,493,393316295.94
0.7,494,386963494.85
0.7,495,360301392.58
0.7,496,390875235.73
0.7,497,388245041.24
0.7,498,398061377.62
0.7,499,377991372.49
0.8,0,376855868.41
0.8,1,396522416.01
0.8,2,390514455.75
0.8,3,389178756.01
0.8,4,395691368.68
0.8,5,383180472.78
0.8,6,398510191.52
0.8,7,394640769.2
0.8,8,396007840.4
0.8,9,386118920.56
0.8,10,397650244.43
0.8,11,390971920.82
0.8,12,395435690.55
0.8,13,398220186.34
0.8,14,367345059.66
0.8,15,360106573.23
0.8,16,370098225.89
0.8,17,394634814.59
0.8,18,310181162.03
0.8,19,374700527.46
0.8,20,358476669.19
0.8,21,384122671.58
0.8,22,390039135.09
0.8,23,388146690.09
0.8,24,383213276.16
0.8,25,397308146.57
0.8,26,385412751.57
0.8,27,399518649.85
0.8,28,399429934.56
0.8,29,397035528.98
0.8,30,395558252.77
0.8,31,393136835.38
0.8,32,396362694.78
0.8,33,383435239.83
0.8,34,395120757.09
0.8,35,394728233.81
0.8,36,390991477.29
0.8,37,399162364.92
0.8,38,378078465.37
0.8,39,394597199.01
0.8,40,316175542.84
0.8,41,382823911.16
0.8,42,398606143.0
0.8,43,390939306.53
0.8,44,388370299.16
0.8,45,389998704.73
0.8,46,356204251.76
0.8,47,382500465.59
0.8,48,399097729.46
0.8,49,393191907.89
0.8,50,394369095.18
0.8,51,380352814.32
0.8,52,396730659.38
0.8,53,379301012.81
0.8,54,399104187.85
0.8,55,395321704.42
0.8,56,389517580.0
0.8,57,395836843.91
0.8,58,369278069.77
0.8,59,375072583.4
0.8,60,396067432.92
0.8,61,391755095.36
0.8,62,391792837.11
0.8,63,386698237.49
0.8,64,394841651.4
0.8,65,393943524.99
0.8,66,399382194.01
0.8,67,390498086.77
0.8,68,394696251.02
0.8,69,398948941.6
0.8,70,393073113.98
0.8,71,384051738.41
0.8,72,369777700.89
0.8,73,393461553.75
0.8,74,383958168.82
0.8,75,387900415.3
0.8,76,394517044.04
0.8,77,379625452.79
0.8,78,393614426.79
0.8,79,397128265.94
0.8,80,384778378.16
0.8,81,396450191.98
0.8,82,390954457.17
0.8,83,384583582.2
0.8,84,391678208.46
0.8,85,384627834.55
0.8,86,396861309.26
0.8,87,332737418.16
0.8,88,390045387.6
0.8,89,301571824.29
0.8,90,377236744.67
0.8,91,356030887.65
0.8,92,382312100.44
0.8,93,378460386.84
0.8,94,395211142.55
0.8,95,385447906.42
0.8,96,388589959.26
0.8,97,397835102.86
0.8,98,396855411.97
0.8,99,382520256.69
0.8,100,391538069.34
0.8,101,378813521.29
0.8,102,397713002.23
0.8,103,387444834.77
0.8,104,386695559.4
0.8,105,383514015.12
0.8,106,391199996.23
0.8,107,386702757.4
0.8,108,385184256.32
0.8,109,395162446.72
0.8,110,359725369.13
0.8,111,384982182.8
0.8,112,348367036.51
0.8,113,392248650.51
0.8,114,399484710.43
0.8,115,398555851.92
0.8,116,399352275.27
0.8,117,393332833.45
0.8,118,382173948.12
0.8,119,387619223.4
0.8,120,395920330.24
0.8,121,384910203.95
0.8,122,361396208.24
0.8,123,387886081.02
0.8,124,386545443.27
0.8,125,384999915.45
0.8,126,376171294.76
0.8,127,385184200.79
0.8,128,373169230.01
0.8,129,399573259.73
0.8,130,393225031.38
0.8,131,382278418.74
0.8,132,371504646.41
0.8,133,394734397.84
0.8,134,381181349.1
0.8,135,399901309.31
0.8,136,382394107.46
0.8,137,394799199.47
0.8,138,390821541.16
0.8,139,391981030.83
0.8,140,388853023.96
0.8,141,367556412.13
0.8,142,379065978.1
0.8,143,388628881.11
0.8,144,397513706.43
0.8,145,390868943.43
0.8,146,398547451.42
0.8,147,397193137.15
0.8,148,398500845.05
0.8,149,389495785.81
0.8,150,399135820.06
0.8,151,392686650.92
0.8,152,394402951.31
0.8,153,396549735.87
0.8,154,383663108.2
0.8,155,384507145.74
0.8,156,347387465.91
0.8,157,397441398.15
0.8,158,386566483.19
0.8,159,394273762.04
0.8,160,398216593.12
0.8,161,394797930.09
0.8,162,394384183.61
0.8,163,398221631.52
0.8,164,397903422.11
0.8,165,387703848.93
0.8,166,371645590.94
0.8,167,388168819.22
0.8,168,388332800.65
0.8,169,362386197.81
0.8,170,393710966.61
0.8,171,376853443.75
0.8,172,394938727.53
0.8,173,371613443.91
0.8,174,354249985.65
0.8,175,390578427.11
0.8,176,386319971.83
0.8,177,395018126.0
0.8,178,393680628.72
0.8,179,364861929.04
0.8,180,397788133.35
0.8,181,395403916.02
0.8,182,363099782.63
0.8,183,397587095.74
0.8,184,382484399.46
0.8,185,399374097.25
0.8,186,395763946.62
0.8,187,394852511.74
0.8,188,388471604.15
0.8,189,390867210.32
0.8,190,373458410.86
0.8,191,399855700.09
0.8,192,397439946.25
0.8,193,399681775.93
0.8,194,387179683.72
0.8,195,380279691.45
0.8,196,396257788.31
0.8,197,340716713.82
0.8,198,399666876.33
0.8,199,381577470.37
0.8,200,385065595.11
0.8,201,398206173.21
0.8,202,386128733.88
0.8,203,375453942.17
0.8,204,381778015.15
0.8,205,389464749.69
0.8,206,385920791.6
0.8,207,391881074.35
0.8,208,393156463.52
0.8,209,375306797.54
0.8,210,380655717.04
0.8,211,392974398.03
0.8,212,325441083.97
0.8,213,318103327.07
0.8,214,374868503.54
0.8,215,369570141.5
0.8,216,382151514.47
0.8,217,384317546.79
0.8,218,381756211.3
0.8,219,383346736.16
0.8,220,382583580.59
0.8,221,363818444.69
0.8,222,373502728.46
0.8,223,395785226.78
0.8,224,381688560.55
0.8,225,391261305.17
0.8,226,397690006.62
0.8,227,393620808.79
0.8,228,389016507.75
0.8,229,399476675.08
0.8,230,326933759.11
0.8,231,391100733.84
0.8,232,398262255.9
0.8,233,388000710.0
0.8,234,393568554.07
0.8,235,394637253.49
0.8,236,385877790.79
0.8,237,388711836.83
0.8,238,383073440.81
0.8,239,389544814.93
0.8,240,375098049.66
0.8,241,367335797.48
0.8,242,381003167.17
0.8,243,385533899.93
0.8,244,397450905.41
0.8,245,389645745.34
0.8,246,399064773.94
0.8,247,380997352.11
0.8,248,388228316.13
0.8,249,382789240.5
0.8,250,348887787.13
0.8,251,357389082.14
0.8,252,397785116.39
0.8,253,392983122.69
0.8,254,397805362.1
0.8,255,383173927.1
0.8,256,362761464.73
0.8,257,395477093.31
0.8,258,399001237.11
0.8,259,361063053.96
0.8,260,387489055.81
0.8,261,385948861.98
0.8,262,393255254.02
0.8,263,391878962.95
0.8,264,342139706.36
0.8,265,398566156.61
0.8,266,396977576.08
0.8,267,374530149.43
0.8,268,388029792.67
0.8,269,399861799.72
0.8,270,394696497.01
0.8,271,393682761.24
0.8,272,393262631.56
0.8,273,388303425.02
0.8,274,392098348.8
0.8,275,397213463.22
0.8,276,359824690.56
0.8,277,391474672.02
0.8,278,340870076.73
0.8,279,387879937.42
0.8,280,399051026.74
0.8,281,368518332.23
0.8,282,369337878.91
0.8,283,385167668.82
0.8,284,399767367.84
0.8,285,389336719.38
0.8,286,392536823.5
0.8,287,373610017.22
0.8,288,397962496.32
0.8,289,380713513.05
0.8,290,398163929.38
0.8,291,395440941.39
0.8,292,397545033.25
0.8,293,383293100.84
0.8,294,389441040.92
0.8,295,385336900.99
0.8,296,397774766.94
0.8,297,390592909.83
0.8,298,392273769.65
0.8,299,375611723.49
0.8,300,383344811.44
0.8,301,389519199.35
0.8,302,376980024.12
0.8,303,398700120.26
0.8,304,385873316.94
0.8,305,382525918.02
0.8,306,398905400.09
0.8,307,369942134.7
0.8,308,359717114.82
0.8,309,399545774.9
0.8,310,398701273.84
0.8,311,399903518.04
0.8,312,390372328.99
0.8,313,395574048.41
0.8,314,376755494.74
0.8,315,394303570.09
0.8,316,390264566.95
0.8,317,348685619.22
0.8,318,373457662.53
0.8,319,394262706.13
0.8,320,391870324.91
0.8,321,386292123.45
0.8,322,385175814.95
0.8,323,374942507.76
0.8,324,368398189.05
0.8,325,398409854.98
0.8,326,391218941.87
0.8,327,375114723.44
0.8,328,374569888.53
0.8,329,380274226.1
0.8,330,397602604.15
0.8,331,387920865.51
0.8,332,391153445.85
0.8,333,387585450.31
0.8,334,395238496.87
0.8,335,390116475.29
0.8,336,385507927.4
0.8,337,384299402.4
0.8,338,399042497.22
0.8,339,395747189.87
0.8,340,356772402.99
0.8,341,395747442.02
0.8,342,398238884.77
0.8,343,392012296.97
0.8,344,373657321.81
0.8,345,397458546.57
0.8,346,399049898.18
0.8,347,391576622.54
0.8,348,399552958.59
0.8,349,396175314.23
0.8,350,392644338.5
0.8,351,386125452.83
0.8,352,386093653.54
0.8,353,390140064.84
0.8,354,352875338.54
0.8,355,372966810.49
0.8,356,396951405.92
0.8,357,374768657.9
0.8,358,381062388.02
0.8,359,342454783.13
0.8,360,380071244.15
0.8,361,384427948.96
0.8,362,398743768.55
0.8,363,382278582.05
0.8,364,382552995.13
0.8,365,357045825.13
0.8,366,395039481.03
0.8,367,357192758.24
0.8,368,367954144.92
0.8,369,375324460.39
0.8,370,362513435.39
0.8,371,372826380.59
0.8,372,347380036.29
0.8,373,397304324.41
0.8,374,392104107.44
0.8,375,395575118.94
0.8,376,348341024.42
0.8,377,369491193.17
0.8,378,379565718.47
0.8,379,399633528.05
0.8,380,376593425.46
0.8,381,388057378.3
0.8,382,392740079.27
0.8,383,393227073.9
0.8,384,396468998.25
0.8,385,378028681.17
0.8,386,399803102.77
0.8,387,367384342.05
0.8,388,379328324.57
0.8,389,396713534.26
0.8,390,399677265.81
0.8,391,392814910.57
0.8,392,363283639.66
0.8,393,365150125.77
0.8,394,397165185.26
0.8,395,385056729.55
0.8,396,381208935.16
0.8,397,399527059.82
0.8,398,399723901.02
0.8,399,358802413.39
0.8,400,394490904.46
0.8,401,391406216.39
0.8,402,391076073.04
0.8,403,362898882.78
0.8,404,368820707.4
0.8,405,359171454.87
0.8,406,397705309.48
0.8,407,399488396.05
0.8,408,388252241.18
0.8,409,385497675.23
0.8,410,385483838.84
0.8,411,392914788.15
0.8,412,390605852.02
0.8,413,386066946.88
0.8,414,398093938.3
0.8,415,394621241.36
0.8,416,382137177.3
0.8,417,352953681.77
0.8,418,378845218.92
0.8,419,396213249.85
0.8,420,397018103.25
0.8,421,388426918.51
0.8,422,398024514.04
0.8,423,394138724.1
0.8,424,377532728.83
0.8,425,373457163.57
0.8,426,398714626.12
0.8,427,395640591.29
0.8,428,394408625.96
0.8,429,372907899.58
0.8,430,388189904.81
0.8,431,348117519.11
0.8,432,398775712.17
0.8,433,376325034.45
0.8,434,384778099.79
0.8,435,397873762.98
0.8,436,395616480.06
0.8,437,390816012.38
0.8,438,386788573.84
0.8,439,386089583.63
0.8,440,353480975.22
0.8,441,398214063.08
0.8,442,392334881.26
0.8,443,389330671.58
0.8,444,396704565.81
0.8,445,392991480.58
0.8,446,399569190.17
0.8,447,397839460.38
0.8,448,392370279.93
0.8,449,394201409.45
0.8,450,380363792.73
0.8,451,398398252.87
0.8,452,394916686.74
0.8,453,375634747.11
0.8,454,389304019.39
0.8,455,365215930.94
0.8,456,395236575.18
0.8,457,385636110.76
0.8,458,366367596.08
0.8,459,386796757.96
0.8,460,397233185.45
0.8,461,399032899.26
0.8,462,384884167.02
0.8,463,391779248.44
0.8,464,395361053.63
0.8,465,390223528.34
0.8,466,393994079.32
0.8,467,388798869.96
0.8,468,388136271.99
0.8,469,398278415.81
0.8,470,364315730.72
0.8,471,386363056.02
0.8,472,390360333.31
0.8,473,395851823.77
0.8,474,399189597.57
0.8,475,398062525.45
0.8,476,367780528.54
0.8,477,397023894.15
0.8,478,394009126.67
0.8,479,381683694.74
0.8,480,364499746.89
0.8,481,399680596.33
0.8,482,398653098.64
0.8,483,395634798.75
0.8,484,399249328.39
0.8,485,387340306.33
0.8,486,394737755.36
0.8,487,375112355.71
0.8,488,397190441.47
0.8,489,397634880.04
0.8,490,387765680.3
0.8,491,387939869.07
0.8,492,398493060.92
0.8,493,398971031.64
0.8,494,386243408.56
0.8,495,390875092.28
0.8,496,399417451.04
0.8,497,399896212.3
0.8,498,394778379.02
0.8,499,378276795.68
0.9,0,380574750.22
0.9,1,393391738.15
0.9,2,369905260.32
0.9,3,399525693.88
0.9,4,386598262.66
0.9,5,372185499.89
0.9,6,374546574.05
0.9,7,396738235.06
0.9,8,393350210.48
0.9,9,391543979.56
0.9,10,395437806.56
0.9,11,352012784.66
0.9,12,389800722.22
0.9,13,389733872.56
0.9,14,364993883.67
0.9,15,366200968.35
0.9,16,374505055.35
0.9,17,393150965.28
0.9,18,397898969.94
0.9,19,381425617.1
0.9,20,399831496.29
0.9,21,394111190.09
0.9,22,398128605.66
0.9,23,399264420.63
0.9,24,377818856.91
0.9,25,389755061.09
0.9,26,389763271.66
0.9,27,397332000.64
0.9,28,397398471.4
0.9,29,399165011.23
0.9,30,398393765.83
0.9,31,387766976.85
0.9,32,394684311.82
0.9,33,322472699.37
0.9,34,399616223.35
0.9,35,388948951.89
0.9,36,387618368.94
0.9,37,394166285.92
0.9,38,395553626.59
0.9,39,381318501.41
0.9,40,392319189.69
0.9,41,395631051.8
0.9,42,394429831.1
0.9,43,394908282.6
0.9,44,396923634.41
0.9,45,385296203.52
0.9,46,338032281.64
0.9,47,386992317.82
0.9,48,346291335.2
0.9,49,382346671.44
0.9,50,334552682.47
0.9,51,392503524.92
0.9,52,393746255.27
0.9,53,394525436.15
0.9,54,374067767.21
0.9,55,376252202.14
0.9,56,399364871.45
0.9,57,385268383.17
0.9,58,367781829.51
0.9,59,392251705.97
0.9,60,395748629.91
0.9,61,393790174.06
0.9,62,370047306.75
0.9,63,375719200.29
0.9,64,388552897.97
0.9,65,397815453.31
0.9,66,392988897.24
0.9,67,394398037.26
0.9,68,396521763.75
0.9,69,395593865.39
0.9,70,383261538.23
0.9,71,393006294.11
0.9,72,342340920.18
0.9,73,396324334.79
0.9,74,368590042.28
0.9,75,377356136.43
0.9,76,394534679.0
0.9,77,380702176.07
0.9,78,381621210.63
0.9,79,395625941.37
0.9,80,387905317.65
0.9,81,398618815.25
0.9,82,398424718.62
0.9,83,381652026.74
0.9,84,387878957.87
0.9,85,387131298.02
0.9,86,394687802.7
0.9,87,398303179.86
0.9,88,376519723.56
0.9,89,395423785.07
0.9,90,396405054.42
0.9,91,379569475.79
0.9,92,396232791.96
0.9,93,372629250.53
0.9,94,390671567.43
0.9,95,372768564.62
0.9,96,353587464.18
0.9,97,389201678.24
0.9,98,397673307.1
0.9,99,389500547.01
0.9,100,395009455.62
0.9,101,397135408.24
0.9,102,287733056.4
0.9,103,371709237.88
0.9,104,380841263.43
0.9,105,382985913.82
0.9,106,396867755.73
0.9,107,360606806.7
0.9,108,376066574.52
0.9,109,313017667.97
0.9,110,386484134.53
0.9,111,391728837.09
0.9,112,352503047.21
0.9,113,364374066.41
0.9,114,388680309.71
0.9,115,393248206.89
0.9,116,392816865.5
0.9,117,393410122.27
0.9,118,393524022.94
0.9,119,374228426.38
0.9,120,394149255.19
0.9,121,385455115.15
0.9,122,390973377.69
0.9,123,394741834.22
0.9,124,396074159.1
0.9,125,369439117.16
0.9,126,396145157.64
0.9,127,380527705.02
0.9,128,382746802.97
0.9,129,395452956.78
0.9,130,373248228.19
0.9,131,398843174.36
0.9,132,394611560.16
0.9,133,391880146.3
0.9,134,392671045.39
0.9,135,380219148.22
0.9,136,393666807.06
0.9,137,399866767.4
0.9,138,393353570.31
0.9,139,380814278.21
0.9,140,390874268.76
0.9,141,381078450.19
0.9,142,385643517.24
0.9,143,388231637.51
0.9,144,379743229.93
0.9,145,396133929.43
0.9,146,394305953.16
0.9,147,387947058.21
0.9,148,340043530.59
0.9,149,378339585.4
0.9,150,394538639.09
0.9,151,390167411.09
0.9,152,397996934.44
0.9,153,383480941.09
0.9,154,383838765.54
0.9,155,371958049.99
0.9,156,356239085.9
0.9,157,397745460.79
0.9,158,389893776.15
0.9,159,388154875.88
0.9,160,392779029.18
0.9,161,398310949.26
0.9,162,396718683.92
0.9,163,396730324.02
0.9,164,325487344.14
0.9,165,382269436.63
0.9,166,398622626.33
0.9,167,371139718.96
0.9,168,396665133.55
0.9,169,366635706.28
0.9,170,393997834.36
0.9,171,377138566.55
0.9,172,398965148.27
0.9,173,382189211.09
0.9,174,379383200.04
0.9,175,374225719.07
0.9,176,379991747.79
0.9,177,396014979.6
0.9,178,389690667.97
0.9,179,378659520.82
0.9,180,381113418.51
0.9,181,385454232.08
0.9,182,399888604.81
0.9,183,390887843.67
0.9,184,390836729.4
0.9,185,370062895.8
0.9,186,348947809.55
0.9,187,359193318.21
0.9,188,382331974.81
0.9,189,302262980.27
0.9,190,394758775.57
0.9,191,394397598.64
0.9,192,394423194.15
0.9,193,389084169.75
0.9,194,399889839.61
0.9,195,379900024.77
0.9,196,347067448.87
0.9,197,364314482.8
0.9,198,381912077.17
0.9,199,390211623.5
0.9,200,394261891.11
0.9,201,392119640.65
0.9,202,397661306.11
0.9,203,388116823.44
0.9,204,391305051.51
0.9,205,393369213.22
0.9,206,390735703.62
0.9,207,351185346.97
0.9,208,362860987.03
0.9,209,383986101.6
0.9,210,344802612.82
0.9,211,357149599.52
0.9,212,399255932.67
0.9,213,385314255.41
0.9,214,396199602.17
0.9,215,392341952.77
0.9,216,397298869.31
0.9,217,392915325.8
0.9,218,393308515.18
0.9,219,397748503.42
0.9,220,387679491.43
0.9,221,385091408.19
0.9,222,391168868.72
0.9,223,374994115.49
0.9,224,376603886.84
0.9,225,366867239.79
0.9,226,396344222.69
0.9,227,337542046.19
0.9,228,397558224.21
0.9,229,327721490.18
0.9,230,391415606.2
0.9,231,389612202.77
0.9,232,391381708.46
0.9,233,382267859.57
0.9,234,369499380.94
0.9,235,398995708.2
0.9,236,390027115.0
0.9,237,396723250.34
0.9,238,358296976.18
0.9,239,375155368.68
0.9,240,391972708.65
0.9,241,382895235.83
0.9,242,394019620.38
0.9,243,389798407.65
0.9,244,390346964.91
0.9,245,379594478.09
0.9,246,394081070.08
0.9,247,383893055.52
0.9,248,373208849.05
0.9,249,395502017.31
0.9,250,381387248.36
0.9,251,386319447.21
0.9,252,334228534.31
0.9,253,393286329.7
0.9,254,387820185.32
0.9,255,395667678.75
0.9,256,394402987.74
0.9,257,374005651.26
0.9,258,385320702.83
0.9,259,365244247.85
0.9,260,340209909.97
0.9,261,391098097.65
0.9,262,399090069.12
0.9,263,399098162.89
0.9,264,377688078.22
0.9,265,387975987.55
0.9,266,391035475.78
0.9,267,398438566.38
0.9,268,369046847.2
0.9,269,391887809.98
0.9,270,374713553.16
0.9,271,393257996.98
0.9,272,379006928.45
0.9,273,390495605.27
0.9,274,392648301.68
0.9,275,374180948.89
0.9,276,308707019.45
0.9,277,398741199.39
0.9,278,381749358.77
0.9,279,384296543.9
0.9,280,377479513.58
0.9,281,396216687.31
0.9,282,395532785.8
0.9,283,399192687.47
0.9,284,396858298.38
0.9,285,390112893.33
0.9,286,390358931.03
0.9,287,382217762.3
0.9,288,371093777.82
0.9,289,387266387.89
0.9,290,385462642.57
0.9,291,394486465.46
0.9,292,389853126.13
0.9,293,391522888.83
0.9,294,365574867.59
0.9,295,392421941.53
0.9,296,386870157.07
0.9,297,385451884.51
0.9,298,322843537.21
0.9,299,398739114.93
0.9,300,373115316.7
0.9,301,390312829.59
0.9,302,346470395.74
0.9,303,392779311.31
0.9,304,395392862.27
0.9,305,395578650.51
0.9,306,395522285.39
0.9,307,399439780.67
0.9,308,394360386.47
0.9,309,329079751.55
0.9,310,392374456.84
0.9,311,382941398.37
0.9,312,395978093.39
0.9,313,391955764.59
0.9,314,358033544.49
0.9,315,392457866.73
0.9,316,398581716.2
0.9,317,388476290.14
0.9,318,391980187.86
0.9,319,393867108.02
0.9,320,380488629.93
0.9,321,352176849.49
0.9,322,391422225.16
0.9,323,388796254.77
0.9,324,385453822.88
0.9,325,392590328.3
0.9,326,394685940.3
0.9,327,396375928.9
0.9,328,383082013.44
0.9,329,353417930.33
0.9,330,383612262.92
0.9,331,382333647.09
0.9,332,396869095.46
0.9,333,396732225.9
0.9,334,380230120.99
0.9,335,397723928.0
0.9,336,399341223.57
0.9,337,385263200.18
0.9,338,385814183.74
0.9,339,395607420.53
0.9,340,397480936.92
0.9,341,388482425.88
0.9,342,388620926.63
0.9,343,374212917.32
0.9,344,372915472.45
0.9,345,389570452.38
0.9,346,398285832.96
0.9,347,375995273.49
0.9,348,355295220.59
0.9,349,373607293.05
0.9,350,388236774.02
0.9,351,370419407.71
0.9,352,345203353.4
0.9,353,394873626.23
0.9,354,368246535.68
0.9,355,374047616.14
0.9,356,392776429.08
0.9,357,395143862.14
0.9,358,394773719.13
0.9,359,385778739.27
0.9,360,389216036.77
0.9,361,391083970.76
0.9,362,389197439.68
0.9,363,368810573.64
0.9,364,386673663.37
0.9,365,375003880.06
0.9,366,392291662.8
0.9,367,386225792.08
0.9,368,398931501.98
0.9,369,391898236.17
0.9,370,383328210.06
0.9,371,396149730.05
0.9,372,392862986.96
0.9,373,386429341.04
0.9,374,398835934.88
0.9,375,368715638.14
0.9,376,389203465.57
0.9,377,385491587.36
0.9,378,388691199.37
0.9,379,361088788.39
0.9,380,397252389.12
0.9,381,388985013.92
0.9,382,396052443.56
0.9,383,378536462.12
0.9,384,380645505.19
0.9,385,396871447.16
0.9,386,390080123.58
0.9,387,393881905.79
0.9,388,394065501.47
0.9,389,397997692.59
0.9,390,367049845.85
0.9,391,387320537.18
0.9,392,377428590.99
0.9,393,389882410.13
0.9,394,387638590.46
0.9,395,393826385.97
0.9,396,398150275.0
0.9,397,379603511.34
0.9,398,392814778.1
0.9,399,381330375.54
0.9,400,386050782.16
0.9,401,393592160.43
0.9,402,387690989.44
0.9,403,373776416.23
0.9,404,394208659.15
0.9,405,393153500.59
0.9,406,363641299.39
0.9,407,394622434.58
0.9,408,381974948.77
0.9,409,397627941.73
0.9,410,391755774.81
0.9,411,398845827.1
0.9,412,398705645.05
0.9,413,378657300.13
0.9,414,391687244.8
0.9,415,389525391.32
0.9,416,392397055.94
0.9,417,377292315.53
0.9,418,399072650.69
0.9,419,386992478.22
0.9,420,396644392.57
0.9,421,387267394.41
0.9,422,370876653.27
0.9,423,387309470.57
0.9,424,398039314.57
0.9,425,379902133.45
0.9,426,385291899.15
0.9,427,353063609.24
0.9,428,378901562.4
0.9,429,390998425.49
0.9,430,390711995.24
0.9,431,315436561.16
0.9,432,369850718.74
0.9,433,392673763.1
0.9,434,399098314.48
0.9,435,392220918.5
0.9,436,395593303.82
0.9,437,362882071.32
0.9,438,396596698.41
0.9,439,374849306.36
0.9,440,398393292.92
0.9,441,394977144.66
0.9,442,379023319.79
0.9,443,395379302.79
0.9,444,377112103.51
0.9,445,386031661.1
0.9,446,365827569.78
0.9,447,391976422.25
0.9,448,379769236.07
0.9,449,390090186.06
0.9,450,382054249.32
0.9,451,379293134.83
0.9,452,390384429.72
0.9,453,392712971.83
0.9,454,395047172.79
0.9,455,379431696.9
0.9,456,385803991.81
0.9,457,391538426.31
0.9,458,389744541.07
0.9,459,380685136.8
0.9,460,393312106.11
0.9,461,398844952.75
0.9,462,372074201.47
0.9,463,344446876.84
0.9,464,386500088.44
0.9,465,380076182.16
0.9,466,399795145.69
0.9,467,385896710.25
0.9,468,390331828.51
0.9,469,388717640.94
0.9,470,374984492.33
0.9,471,395706624.74
0.9,472,382049125.58
0.9,473,396200765.47
0.9,474,391221496.37
0.9,475,384367115.88
0.9,476,372792022.77
0.9,477,359229727.32
0.9,478,391336713.28
0.9,479,381269915.17
0.9,480,382439546.35
0.9,481,357928731.75
0.9,482,395871826.67
0.9,483,386839265.09
0.9,484,372802475.4
0.9,485,390579349.75
0.9,486,366389536.68
0.9,487,395578440.15
0.9,488,398387977.5
0.9,489,380956155.53
0.9,490,399016524.3
0.9,491,398611197.88
0.9,492,397952108.23
0.9,493,398579255.74
0.9,494,391720997.57
0.9,495,391120072.55
0.9,496,387797106.67
0.9,497,398642924.51
0.9,498,386624992.1
0.9,499,399572876.4
1.0,0,397038442.95
1.0,1,399675192.15
1.0,2,397795428.75
1.0,3,390498428.96
1.0,4,399228575.69
1.0,5,375037484.97
1.0,6,395694270.18
1.0,7,394195046.99
1.0,8,376020147.53
1.0,9,397822246.58
1.0,10,388494477.19
1.0,11,390670912.59
1.0,12,392904364.99
1.0,13,390518228.53
1.0,14,360230627.99
1.0,15,359753567.07
1.0,16,372909085.7
1.0,17,382944321.98
1.0,18,394150076.13
1.0,19,395081526.13
1.0,20,397635907.3
1.0,21,376900535.86
1.0,22,364571836.67
1.0,23,351188363.12
1.0,24,385828627.71
1.0,25,384154624.62
1.0,26,398767348.99
1.0,27,395800740.57
1.0,28,359938965.27
1.0,29,384803039.93
1.0,30,387985347.65
1.0,31,397935831.34
1.0,32,384881626.05
1.0,33,392897217.03
1.0,34,374816692.61
1.0,35,376896305.7
1.0,36,351889256.47
1.0,37,364904453.0
1.0,38,383881946.64
1.0,39,396369695.55
1.0,40,386966872.01
1.0,41,381864464.29
1.0,42,390901706.58
1.0,43,396722255.19
1.0,44,396305319.22
1.0,45,391192862.96
1.0,46,373140262.0
1.0,47,397092135.73
1.0,48,390821898.21
1.0,49,385613362.7
1.0,50,375882987.03
1.0,51,360014706.99
1.0,52,395961215.95
1.0,53,357264603.41
1.0,54,396159919.92
1.0,55,399519039.07
1.0,56,373068950.33
1.0,57,327550798.29
1.0,58,399524886.42
1.0,59,387878037.11
1.0,60,362969337.63
1.0,61,396134135.91
1.0,62,379432716.99
1.0,63,379186462.46
1.0,64,381296682.24
1.0,65,390409268.5
1.0,66,358357754.73
1.0,67,372959993.26
1.0,68,339772306.15
1.0,69,398801984.52
1.0,70,390207648.75
1.0,71,387728212.7
1.0,72,399202128.45
1.0,73,397221587.25
1.0,74,397052109.54
1.0,75,389712952.43
1.0,76,391531977.88
1.0,77,374329424.96
1.0,78,398088135.96
1.0,79,374535273.81
1.0,80,391138824.08
1.0,81,382696114.82
1.0,82,396823984.02
1.0,83,391420341.41
1.0,84,365690725.13
1.0,85,386125855.2
1.0,86,340891925.66
1.0,87,392624489.18
1.0,88,372798262.66
1.0,89,338141569.71
1.0,90,389838479.62
1.0,91,379572498.56
1.0,92,390292422.17
1.0,93,375498129.34
1.0,94,389618652.78
1.0,95,399237105.44
1.0,96,384595037.22
1.0,97,352199174.84
1.0,98,357558075.92
1.0,99,399199408.18
1.0,100,393207724.32
1.0,101,352231838.61
1.0,102,393886961.55
1.0,103,393336780.3
1.0,104,389656116.38
1.0,105,396987685.34
1.0,106,341607290.37
1.0,107,390812032.65
1.0,108,389850543.11
1.0,109,394555392.42
1.0,110,301048864.79
1.0,111,384666993.56
1.0,112,390923841.76
1.0,113,391245673.77
1.0,114,338910800.14
1.0,115,389964505.98
1.0,116,387124138.22
1.0,117,347869803.74
1.0,118,397873812.08
1.0,119,399885198.18
1.0,120,387505221.33
1.0,121,381049632.1
1.0,122,393125528.33
1.0,123,387667571.53
1.0,124,365618976.52
1.0,125,388922132.12
1.0,126,382811167.42
1.0,127,393553471.42
1.0,128,397384565.66
1.0,129,385246807.8
1.0,130,391674829.37
1.0,131,394014357.3
1.0,132,387366692.37
1.0,133,386783155.15
1.0,134,388042224.94
1.0,135,393931888.15
1.0,136,386338520.33
1.0,137,384357391.24
1.0,138,396636595.86
1.0,139,382360685.49
1.0,140,359819306.98
1.0,141,393149546.74
1.0,142,393061285.5
1.0,143,382770220.83
1.0,144,369344737.42
1.0,145,393815680.9
1.0,146,389199034.06
1.0,147,393827466.66
1.0,148,381745141.23
1.0,149,363597446.9
1.0,150,357910104.92
1.0,151,397005484.21
1.0,152,397149872.04
1.0,153,391418478.34
1.0,154,379013083.19
1.0,155,351732616.55
1.0,156,386234354.8
1.0,157,395952669.87
1.0,158,398109880.92
1.0,159,356026009.46
1.0,160,399335812.66
1.0,161,376134702.81
1.0,162,324148049.5
1.0,163,397544858.99
1.0,164,399557240.91
1.0,165,398292871.27
1.0,166,394661079.84
1.0,167,386421866.05
1.0,168,387779527.94
1.0,169,391630881.82
1.0,170,366958892.43
1.0,171,364095453.68
1.0,172,395532225.78
1.0,173,382970037.48
1.0,174,372273683.87
1.0,175,380741160.11
1.0,176,390536017.46
1.0,177,387215338.54
1.0,178,388795190.61
1.0,179,396859629.68
1.0,180,376555945.3
1.0,181,398982906.45
1.0,182,395988469.87
1.0,183,397054975.06
1.0,184,392300725.24
1.0,185,370586519.18
1.0,186,371391565.58
1.0,187,383605733.33
1.0,188,389916191.97
1.0,189,375136944.11
1.0,190,367176925.35
1.0,191,394925343.47
1.0,192,397927702.58
1.0,193,387041416.17
1.0,194,383714411.56
1.0,195,372488538.6
1.0,196,364747165.88
1.0,197,362883371.02
1.0,198,385817250.81
1.0,199,390871029.94
1.0,200,380650450.34
1.0,201,385561706.1
1.0,202,384995898.44
1.0,203,365009977.37
1.0,204,387597974.12
1.0,205,398132526.71
1.0,206,396033366.94
1.0,207,368847085.13
1.0,208,394648940.86
1.0,209,398799234.4
1.0,210,398877926.84
1.0,211,398572895.81
1.0,212,386007141.77
1.0,213,375411952.93
1.0,214,391107603.88
1.0,215,396104401.1
1.0,216,388623081.28
1.0,217,373974906.92
1.0,218,395960241.06
1.0,219,389439705.16
1.0,220,383071661.19
1.0,221,398238027.2
1.0,222,377818262.97
1.0,223,390388954.99
1.0,224,396570158.98
1.0,225,353246441.73
1.0,226,394244633.82
1.0,227,399010884.03
1.0,228,399067994.07
1.0,229,398859542.97
1.0,230,394656026.0
1.0,231,383546575.47
1.0,232,397482919.68
1.0,233,396980191.57
1.0,234,396551641.08
1.0,235,396033813.06
1.0,236,399505703.59
1.0,237,396438509.52
1.0,238,397385751.52
1.0,239,379492356.85
1.0,240,396427117.69
1.0,241,383844013.51
1.0,242,375802920.2
1.0,243,384336440.55
1.0,244,389947249.7
1.0,245,378038852.8
1.0,246,380007402.04
1.0,247,370440371.77
1.0,248,339415536.82
1.0,249,394933268.45
1.0,250,388322101.48
1.0,251,389406315.04
1.0,252,364585888.94
1.0,253,391561039.29
1.0,254,397121058.05
1.0,255,399343485.84
1.0,256,387988397.27
1.0,257,393965479.19
1.0,258,383751327.65
1.0,259,354350175.36
1.0,260,391519484.15
1.0,261,362867566.81
1.0,262,381822278.54
1.0,263,383191543.05
1.0,264,341117897.8
1.0,265,359343684.92
1.0,266,390110431.24
1.0,267,399571302.28
1.0,268,379340412.15
1.0,269,395695605.14
1.0,270,379942431.29
1.0,271,352580883.55
1.0,272,390078942.37
1.0,273,383647813.33
1.0,274,379298650.8
1.0,275,393112266.85
1.0,276,380869569.56
1.0,277,394968131.75
1.0,278,398280739.98
1.0,279,393451432.49
1.0,280,378791613.24
1.0,281,343805672.23
1.0,282,338619996.06
1.0,283,360810801.29
1.0,284,399834755.74
1.0,285,387809532.36
1.0,286,393284938.4
1.0,287,365437678.97
1.0,288,379269006.87
1.0,289,366875622.45
1.0,290,399656645.23
1.0,291,389216663.62
1.0,292,399788186.63
1.0,293,363561767.66
1.0,294,377533933.2
1.0,295,392357646.82
1.0,296,378653636.62
1.0,297,370519121.47
1.0,298,391883447.95
1.0,299,381752146.87
1.0,300,332625558.35
1.0,301,353706733.71
1.0,302,386587018.58
1.0,303,376131719.73
1.0,304,398897721.81
1.0,305,381902733.42
1.0,306,367688173.52
1.0,307,376936530.83
1.0,308,383129879.89
1.0,309,385131818.94
1.0,310,387311531.83
1.0,311,364250166.01
1.0,312,399720368.85
1.0,313,383460067.94
1.0,314,389981955.1
1.0,315,387870460.49
1.0,316,342572679.65
1.0,317,380155462.34
1.0,318,380397178.14
1.0,319,391422811.71
1.0,320,366284392.68
1.0,321,333093964.04
1.0,322,378659744.22
1.0,323,369931105.81
1.0,324,388877988.95
1.0,325,385702578.66
1.0,326,372529496.04
1.0,327,382942546.16
1.0,328,393036295.31
1.0,329,376598615.23
1.0,330,392822887.11
1.0,331,396106061.71
1.0,332,374643161.68
1.0,333,390549673.62
1.0,334,383711645.95
1.0,335,386241155.27
1.0,336,364555725.08
1.0,337,389088528.76
1.0,338,319195513.91
1.0,339,334420740.88
1.0,340,387841633.76
1.0,341,397212067.72
1.0,342,360545699.21
1.0,343,395079436.3
1.0,344,397887591.51
1.0,345,378607083.6
1.0,346,381070084.36
1.0,347,381480233.1
1.0,348,399084627.86
1.0,349,367415491.14
1.0,350,341769887.15
1.0,351,398773535.43
1.0,352,364531074.8
1.0,353,372793984.2
1.0,354,368367741.3
1.0,355,386811647.81
1.0,356,397483515.8
1.0,357,398974349.95
1.0,358,387580080.48
1.0,359,390564419.78
1.0,360,394902264.08
1.0,361,379988413.82
1.0,362,370182061.51
1.0,363,373614565.08
1.0,364,317197134.73
1.0,365,392730976.27
1.0,366,379440856.01
1.0,367,384143186.33
1.0,368,343036459.46
1.0,369,382011899.29
1.0,370,380151331.29
1.0,371,394161962.75
1.0,372,344141175.09
1.0,373,387643154.21
1.0,374,397057187.73
1.0,375,373495974.83
1.0,376,385736011.36
1.0,377,379956153.2
1.0,378,374898682.07
1.0,379,380797439.86
1.0,380,383720452.14
1.0,381,375833419.3
1.0,382,363370734.53
1.0,383,325852498.94
1.0,384,387354382.49
1.0,385,378996701.15
1.0,386,390539993.02
1.0,387,398376078.86
1.0,388,369238010.99
1.0,389,396897529.47
1.0,390,384771466.49
1.0,391,328684325.23
1.0,392,372995861.41
1.0,393,388175782.77
1.0,394,386420715.07
1.0,395,373544686.75
1.0,396,399624216.9
1.0,397,396479734.88
1.0,398,386103173.69
1.0,399,378503040.53
1.0,400,395655927.02
1.0,401,377580737.85
1.0,402,355826168.97
1.0,403,389168585.99
1.0,404,374301063.52
1.0,405,350807265.65
1.0,406,393306749.93
1.0,407,379340561.88
1.0,408,372832189.72
1.0,409,396005123.27
1.0,410,383768077.22
1.0,411,390089870.3
1.0,412,383734067.65
1.0,413,389695899.31
1.0,414,392863184.7
1.0,415,386047793.27
1.0,416,396477013.21
1.0,417,355555067.04
1.0,418,396892715.6
1.0,419,335091560.37
1.0,420,385999307.53
1.0,421,391186047.52
1.0,422,385515538.28
1.0,423,393038923.72
1.0,424,398394349.49
1.0,425,385705340.58
1.0,426,338166281.12
1.0,427,355605936.64
1.0,428,387476252.14
1.0,429,371209079.68
1.0,430,380213988.27
1.0,431,358076380.69
1.0,432,388211067.31
1.0,433,395702877.23
1.0,434,395959528.0
1.0,435,394183929.97
1.0,436,373950093.63
1.0,437,369162063.69
1.0,438,399395206.48
1.0,439,388574461.44
1.0,440,385108158.22
1.0,441,390052503.17
1.0,442,368361870.92
1.0,443,390993167.77
1.0,444,384975893.34
1.0,445,356776336.87
1.0,446,395126228.63
1.0,447,340191566.78
1.0,448,361334340.21
1.0,449,383650062.85
1.0,450,394841984.98
1.0,451,385702409.66
1.0,452,340100056.22
1.0,453,351581785.67
1.0,454,336554299.08
1.0,455,397061530.15
1.0,456,372801851.72
1.0,457,391791926.5
1.0,458,397680965.92
1.0,459,397136697.86
1.0,460,396550051.53
1.0,461,388379245.69
1.0,462,391988625.36
1.0,463,341467909.34
1.0,464,381864581.55
1.0,465,393925138.95
1.0,466,326920820.18
1.0,467,392163448.93
1.0,468,371724564.86
1.0,469,384161012.43
1.0,470,391152662.27
1.0,471,378737605.78
1.0,472,377412392.73
1.0,473,388474909.45
1.0,474,397778822.74
1.0,475,399956061.59
1.0,476,391085113.93
1.0,477,383303824.95
1.0,478,385627307.35
1.0,479,348370482.81
1.0,480,394290871.02
1.0,481,387628352.69
1.0,482,398427984.54
1.0,483,330157807.8
1.0,484,383394506.57
1.0,485,398563069.69
1.0,486,398041248.67
1.0,487,397594372.21
1.0,488,398379417.5
1.0,489,399063871.1
1.0,490,377976672.58
1.0,491,375915590.62
1.0,492,380915125.61
1.0,493,396202604.97
1.0,494,333410214.79
1.0,495,397927030.04
1.0,496,383428527.87
1.0,497,399572200.53
1.0,498,372065703.2
1.0,499,398603409.32
1.1,0,392584600.28
1.1,1,396940776.87
1.1,2,384409870.07
1.1,3,383720373.21
1.1,4,372365417.83
1.1,5,397467474.38
1.1,6,382837586.5
1.1,7,397137784.17
1.1,8,371250401.05
1.1,9,378321223.34
1.1,10,394961508.97
1.1,11,390274867.34
1.1,12,391917054.03
1.1,13,384748008.71
1.1,14,392510299.0
1.1,15,395256107.45
1.1,16,394194770.87
1.1,17,394748783.56
1.1,18,369595319.5
1.1,19,387059824.25
1.1,20,392359087.16
1.1,21,384912917.1
1.1,22,396447875.92
1.1,23,387450061.55
1.1,24,390946256.98
1.1,25,394876592.82
1.1,26,350687311.54
1.1,27,391313643.21
1.1,28,394510639.41
1.1,29,381590940.1
1.1,30,385575847.13
1.1,31,380923080.45
1.1,32,393997335.79
1.1,33,342920297.6
1.1,34,385733649.36
1.1,35,382745978.25
1.1,36,384358554.11
1.1,37,378219927.75
1.1,38,391634883.0
1.1,39,322521143.91
1.1,40,356885714.77
1.1,41,399849085.45
1.1,42,372391256.39
1.1,43,349688954.92
1.1,44,398208236.53
1.1,45,390988734.64
1.1,46,354403576.16
1.1,47,395266932.39
1.1,48,393196957.77
1.1,49,393070469.74
1.1,50,380126691.51
1.1,51,383347213.58
1.1,52,392982928.78
1.1,53,394465872.23
1.1,54,368153273.1
1.1,55,384124069.0
1.1,56,377681716.33
1.1,57,365982218.51
1.1,58,397344402.14
1.1,59,398918497.23
1.1,60,398158019.32
1.1,61,377260101.45
1.1,62,367127850.09
1.1,63,396482044.66
1.1,64,348380057.31
1.1,65,385674018.24
1.1,66,387120656.79
1.1,67,397048328.03
1.1,68,381074005.55
1.1,69,398468874.09
1.1,70,392783650.71
1.1,71,399940466.09
1.1,72,395361828.37
1.1,73,384607639.19
1.1,74,390049737.51
1.1,75,399868479.52
1.1,76,384443455.21
1.1,77,366942736.05
1.1,78,346674353.07
1.1,79,359401239.81
1.1,80,392960032.08
1.1,81,381545581.84
1.1,82,389635191.76
1.1,83,382196283.44
1.1,84,383601532.85
1.1,85,398727416.58
1.1,86,393332213.53
1.1,87,364737640.76
1.1,88,387850654.27
1.1,89,391688592.55
1.1,90,390073273.66
1.1,91,395795186.91
1.1,92,394623417.19
1.1,93,369573541.75
1.1,94,348179150.26
1.1,95,381307291.93
1.1,96,390880344.61
1.1,97,392012434.17
1.1,98,373730810.33
1.1,99,396676305.88
1.1,100,386916249.63
1.1,101,399657451.51
1.1,102,396350643.1
1.1,103,387498852.36
1.1,104,380352441.01
1.1,105,392174718.01
1.1,106,391053104.45
1.1,107,397563003.1
1.1,108,386751913.11
1.1,109,360367150.65
1.1,110,382901007.38
1.1,111,399958436.34
1.1,112,347007490.59
1.1,113,379861507.66
1.1,114,398030495.52
1.1,115,384802171.52
1.1,116,382828824.13
1.1,117,353096333.54
1.1,118,399122392.6
1.1,119,390216293.83
1.1,120,384659306.91
1.1,121,386356271.7
1.1,122,387838681.74
1.1,123,387508290.95
1.1,124,392734944.81
1.1,125,388043315.7
1.1,126,378639835.28
1.1,127,380229416.88
1.1,128,368187886.69
1.1,129,397824427.44
1.1,130,374775003.4
1.1,131,393440191.73
1.1,132,394714292.32
1.1,133,381619919.22
1.1,134,386602720.97
1.1,135,360209693.39
1.1,136,381652803.13
1.1,137,388663980.06
1.1,138,385237864.69
1.1,139,385230216.03
1.1,140,380908631.35
1.1,141,376598310.1
1.1,142,388944208.11
1.1,143,396440088.85
1.1,144,392642821.17
1.1,145,378883786.78
1.1,146,399443887.36
1.1,147,345574533.76
1.1,148,386243339.15
1.1,149,386698852.31
1.1,150,365224539.11
1.1,151,375064123.59
1.1,152,379468270.35
1.1,153,384021424.54
1.1,154,344369729.45
1.1,155,353134443.66
1.1,156,395983663.26
1.1,157,389799806.93
1.1,158,389232158.89
1.1,159,395708217.24
1.1,160,388757076.93
1.1,161,381266375.15
1.1,162,353127617.04
1.1,163,392784636.63
1.1,164,354986849.36
1.1,165,380955515.49
1.1,166,393883174.46
1.1,167,367138583.3
1.1,168,361718131.46
1.1,169,389814806.43
1.1,170,373751906.75
1.1,171,392735612.66
1.1,172,377878450.45
1.1,173,394296658.17
1.1,174,386108774.35
1.1,175,387617348.15
1.1,176,365603642.52
1.1,177,372726270.1
1.1,178,382107826.02
1.1,179,363351843.91
1.1,180,390921254.01
1.1,181,387221343.5
1.1,182,388886709.4
1.1,183,398288114.03
1.1,184,392979890.38
1.1,185,375291519.76
1.1,186,395606400.88
1.1,187,379211670.08
1.1,188,386802822.28
1.1,189,395849651.44
1.1,190,382499970.19
1.1,191,399520490.8
1.1,192,388648563.17
1.1,193,388040676.5
1.1,194,371358650.91
1.1,195,379417872.86
1.1,196,373286291.09
1.1,197,328480417.96
1.1,198,379749883.48
1.1,199,353917317.6
1.1,200,390972110.52
1.1,201,388465842.62
1.1,202,396872326.34
1.1,203,391371720.47
1.1,204,377277584.73
1.1,205,349838843.3
1.1,206,343620836.37
1.1,207,396828953.83
1.1,208,395978749.8
1.1,209,396372367.64
1.1,210,390872166.39
1.1,211,358715127.49
1.1,212,364640683.11
1.1,213,382283626.78
1.1,214,383948461.19
1.1,215,372904628.63
1.1,216,389543928.43
1.1,217,398295487.03
1.1,218,393140816.08
1.1,219,357592819.86
1.1,220,343307937.49
1.1,221,398676956.83
1.1,222,394224413.9
1.1,223,377720385.24
1.1,224,371629652.1
1.1,225,394471236.0
1.1,226,389786713.59
1.1,227,398000693.62
1.1,228,366913377.45
1.1,229,372168925.22
1.1,230,386515410.83
1.1,231,390394165.62
1.1,232,382486976.23
1.1,233,395271237.76
1.1,234,395670232.61
1.1,235,366639565.66
1.1,236,366340316.93
1.1,237,356277922.79
1.1,238,391285931.32
1.1,239,393980342.86
1.1,240,397608901.3
1.1,241,399408072.46
1.1,242,338929728.2
1.1,243,388265336.79
1.1,244,387220679.75
1.1,245,385538110.02
1.1,246,358112915.13
1.1,247,383339116.88
1.1,248,385234444.01
1.1,249,375351358.13
1.1,250,376896319.99
1.1,251,395286932.12
1.1,252,395134268.3
1.1,253,372184078.3
1.1,254,320768660.68
1.1,255,391747052.32
1.1,256,347977307.32
1.1,257,341875437.86
1.1,258,398035144.33
1.1,259,392861235.52
1.1,260,389444947.32
1.1,261,390987066.39
1.1,262,396304133.91
1.1,263,329953335.27
1.1,264,394258064.62
1.1,265,393907000.37
1.1,266,382418903.82
1.1,267,387429144.82
1.1,268,392874030.95
1.1,269,357009015.68
1.1,270,394435272.46
1.1,271,398935462.99
1.1,272,376579429.66
1.1,273,385730694.13
1.1,274,383784152.41
1.1,275,353797223.24
1.1,276,397558698.56
1.1,277,345571635.95
1.1,278,332918805.55
1.1,279,389919059.48
1.1,280,367646002.1
1.1,281,399407011.86
1.1,282,396773145.07
1.1,283,396273122.23
1.1,284,382213628.27
1.1,285,397871106.35
1.1,286,381557904.12
1.1,287,373641422.88
1.1,288,393536793.62
1.1,289,390197535.21
1.1,290,397564611.53
1.1,291,389972594.06
1.1,292,386134893.42
1.1,293,383230912.64
1.1,294,392841774.46
1.1,295,391798738.18
1.1,296,350378567.89
1.1,297,398352663.63
1.1,298,392703858.9
1.1,299,390040007.57
1.1,300,370475425.29
1.1,301,389004120.42
1.1,302,348774799.22
1.1,303,336461031.42
1.1,304,366738580.9
1.1,305,388065264.01
1.1,306,346231323.86
1.1,307,390772021.94
1.1,308,388532017.28
1.1,309,383789618.78
1.1,310,391173233.65
1.1,311,392850208.92
1.1,312,374842338.22
1.1,313,379251061.65
1.1,314,393423790.62
1.1,315,393835130.34
1.1,316,369386617.48
1.1,317,386908400.8
1.1,318,392827953.62
1.1,319,398106598.78
1.1,320,391810099.63
1.1,321,384659010.13
1.1,322,389509722.67
1.1,323,363056012.87
1.1,324,358546119.34
1.1,325,393725237.18
1.1,326,392049291.51
1.1,327,396959847.72
1.1,328,384035099.58
1.1,329,394455187.41
1.1,330,384158909.68
1.1,331,390504755.33
1.1,332,394804623.77
1.1,333,391473593.22
1.1,334,339728155.39
1.1,335,393655018.55
1.1,336,389269506.71
1.1,337,394990293.79
1.1,338,341569023.05
1.1,339,393372178.23
1.1,340,391630256.26
1.1,341,395555976.23
1.1,342,387688078.03
1.1,343,385741006.94
1.1,344,340708642.41
1.1,345,393216027.64
1.1,346,394994485.55
1.1,347,395578029.31
1.1,348,389848905.76
1.1,349,395261045.59
1.1,350,399575021.82
1.1,351,392526806.15
1.1,352,374196822.22
1.1,353,396589255.21
1.1,354,362802985.43
1.1,355,395605909.91
1.1,356,389969595.07
1.1,357,376026843.95
1.1,358,378564563.8
1.1,359,357082904.79
1.1,360,399897672.59
1.1,361,399723838.8
1.1,362,393276971.94
1.1,363,358673734.57
1.1,364,398937172.68
1.1,365,397090455.03
1.1,366,348305731.43
1.1,367,390468667.88
1.1,368,398019122.32
1.1,369,387534356.61
1.1,370,381606423.41
1.1,371,399226291.09
1.1,372,390167455.14
1.1,373,389859105.49
1.1,374,350171311.2
1.1,375,390132442.58
1.1,376,368890157.47
1.1,377,375370688.69
1.1,378,397169660.63
1.1,379,375003339.79
1.1,380,394395505.96
1.1,381,377015749.43
1.1,382,363541794.34
1.1,383,397472366.99
1.1,384,382564426.86
1.1,385,381917147.05
1.1,386,374411062.95
1.1,387,377325634.04
1.1,388,379381584.51
1.1,389,396036911.53
1.1,390,389876067.22
1.1,391,379738572.32
1.1,392,376639704.98
1.1,393,392784861.55
1.1,394,332915417.2
1.1,395,348365629.62
1.1,396,373786669.76
1.1,397,389888483.75
1.1,398,381219087.52
1.1,399,381374631.58
1.1,400,375626055.37
1.1,401,377948505.19
1.1,402,382962489.82
1.1,403,370054489.87
1.1,404,399872511.56
1.1,405,360149960.99
1.1,406,392254506.23
1.1,407,373274488.62
1.1,408,377500455.75
1.1,409,392593183.49
1.1,410,398002336.8
1.1,411,355620761.02
1.1,412,396199270.54
1.1,413,388163924.21
1.1,414,398154696.34
1.1,415,394970385.73
1.1,416,399876129.16
1.1,417,389324268.92
1.1,418,394204831.64
1.1,419,385139564.74
1.1,420,388294420.81
1.1,421,372176750.77
1.1,422,385409750.93
1.1,423,382538604.89
1.1,424,380057213.08
1.1,425,399705344.38
1.1,426,371938038.52
1.1,427,388228173.22
1.1,428,395744026.2
1.1,429,398249160.22
1.1,430,387398137.01
1.1,431,380212862.86
1.1,432,396588731.87
1.1,433,380443251.55
1.1,434,384727604.86
1.1,435,381986179.61
1.1,436,385284919.08
1.1,437,391957686.58
1.1,438,376468454.47
1.1,439,345867817.74
1.1,440,381084915.81
1.1,441,396928244.27
1.1,442,381006090.29
1.1,443,397319896.44
1.1,444,395913604.08
1.1,445,363148626.49
1.1,446,398241757.38
1.1,447,396150917.08
1.1,448,395463789.41
1.1,449,344541194.08
1.1,450,395281235.88
1.1,451,385233108.47
1.1,452,342622480.0
1.1,453,392903833.35
1.1,454,365606858.43
1.1,455,385532450.62
1.1,456,388965519.8
1.1,457,396000797.37
1.1,458,328417307.83
1.1,459,378074875.42
1.1,460,361359780.61
1.1,461,381761321.37
1.1,462,389730186.74
1.1,463,386788041.66
1.1,464,397276056.38
1.1,465,399770907.61
1.1,466,396103804.15
1.1,467,384361047.14
1.1,468,379727881.1
1.1,469,394651363.63
1.1,470,383571519.37
1.1,471,380979322.15
1.1,472,325484147.62
1.1,473,399217095.08
1.1,474,384222155.58
1.1,475,360478420.76
1.1,476,396392133.77
1.1,477,390756874.76
1.1,478,394712019.65
1.1,479,369589057.59
1.1,480,399472381.24
1.1,481,375908183.43
1.1,482,314248511.12
1.1,483,399908692.46
1.1,484,363298123.88
1.1,485,376691594.81
1.1,486,368861921.31
1.1,487,355529387.9
1.1,488,385044566.98
1.1,489,392241730.75
1.1,490,386632461.56
1.1,491,379381813.24
1.1,492,372461151.18
1.1,493,365076489.03
1.1,494,334831649.29
1.1,495,328561478.46
1.1,496,382415884.22
1.1,497,369562664.37
1.1,498,380209711.91
1.1,499,366996901.2
1.2,0,386809118.79
1.2,1,394523769.06
1.2,2,391506777.18
1.2,3,374373325.36
1.2,4,397737858.03
1.2,5,392176754.91
1.2,6,392175533.36
1.2,7,384277738.44
1.2,8,380788274.51
1.2,9,378508455.49
1.2,10,397494976.5
1.2,11,397038199.21
1.2,12,393647928.42
1.2,13,313061097.32
1.2,14,384708066.13
1.2,15,362696473.82
1.2,16,390354925.07
1.2,17,399063877.38
1.2,18,393529340.67
1.2,19,399480684.82
1.2,20,379562381.61
1.2,21,362355845.27
1.2,22,378851210.56
1.2,23,380818550.28
1.2,24,388393224.24
1.2,25,390562158.18
1.2,26,383563209.55
1.2,27,355994065.24
1.2,28,368995399.08
1.2,29,351364980.24
1.2,30,399229946.13
1.2,31,389434542.11
1.2,32,382342242.9
1.2,33,388449778.06
1.2,34,378741892.19
1.2,35,395468575.59
1.2,36,392833428.02
1.2,37,397276897.52
1.2,38,399694813.72
1.2,39,387055738.88
1.2,40,397272983.06
1.2,41,395090385.06
1.2,42,380161050.4
1.2,43,393182995.22
1.2,44,363138108.12
1.2,45,376238396.44
1.2,46,387050439.51
1.2,47,396468413.72
1.2,48,379238797.66
1.2,49,388292299.55
1.2,50,398653583.87
1.2,51,384564277.11
1.2,52,389573763.16
1.2,53,357487304.05
1.2,54,399978996.97
1.2,55,380752953.04
1.2,56,376431445.35
1.2,57,299446342.48
1.2,58,338436735.72
1.2,59,394128737.99
1.2,60,344554906.75
1.2,61,393748753.5
1.2,62,399302433.01
1.2,63,395314958.94
1.2,64,383319805.49
1.2,65,380884273.14
1.2,66,396604729.86
1.2,67,383585982.85
1.2,68,386377717.05
1.2,69,389718961.29
1.2,70,392453976.6
1.2,71,371371220.43
1.2,72,392830120.83
1.2,73,370755886.08
1.2,74,388039641.86
1.2,75,371866431.48
1.2,76,396129173.49
1.2,77,381472155.19
1.2,78,396491714.23
1.2,79,391202652.23
1.2,80,399872236.19
1.2,81,389922733.28
1.2,82,356514560.77
1.2,83,399358847.39
1.2,84,354921594.99
1.2,85,381019825.91
1.2,86,356795528.55
1.2,87,387366193.0
1.2,88,396281535.99
1.2,89,385473265.05
1.2,90,396238094.56
1.2,91,391693987.27
1.2,92,383164381.17
1.2,93,395537843.07
1.2,94,390150784.27
1.2,95,392892443.36
1.2,96,389598748.64
1.2,97,392438833.51
1.2,98,361523951.97
1.2,99,361383227.61
1.2,100,318926109.24
1.2,101,343803468.37
1.2,102,386118981.16
1.2,103,381748265.02
1.2,104,379239387.4
1.2,105,391218267.97
1.2,106,399797320.46
1.2,107,383747417.36
1.2,108,333153815.01
1.2,109,396418530.65
1.2,110,309339326.16
1.2,111,394457864.57
1.2,112,370993192.35
1.2,113,399115309.22
1.2,114,381908501.01
1.2,115,388649488.94
1.2,116,383366083.69
1.2,117,395702946.9
1.2,118,392648134.48
1.2,119,379146585.3
1.2,120,355038247.1
1.2,121,333954296.41
1.2,122,358719609.79
1.2,123,370642204.7
1.2,124,389655695.86
1.2,125,300255148.34
1.2,126,385854731.91
1.2,127,395961564.02
1.2,128,389212779.48
1.2,129,397776140.91
1.2,130,349127961.72
1.2,131,390393534.9
1.2,132,371625046.73
1.2,133,382348377.71
1.2,134,388849152.45
1.2,135,335447704.4
1.2,136,355637514.02
1.2,137,382919787.27
1.2,138,397566913.49
1.2,139,398712375.43
1.2,140,338158270.14
1.2,141,389711327.22
1.2,142,398902022.45
1.2,143,386874237.44
1.2,144,391490398.58
1.2,145,383009337.42
1.2,146,398984959.72
1.2,147,395323567.55
1.2,148,386002197.56
1.2,149,381637118.02
1.2,150,380194504.59
1.2,151,389998199.57
1.2,152,395240797.9
1.2,153,391714348.02
1.2,154,336703452.73
1.2,155,394100627.0
1.2,156,398775367.38
1.2,157,343864528.82
1.2,158,379465830.78
1.2,159,378637711.83
1.2,160,378213908.38
1.2,161,378124868.41
1.2,162,375653343.68
1.2,163,389367943.83
1.2,164,379236931.52
1.2,165,372673240.81
1.2,166,378370397.51
1.2,167,395837887.85
1.2,168,362089197.62
1.2,169,379337890.66
1.2,170,369808321.11
1.2,171,392829054.75
1.2,172,385613127.65
1.2,173,395554184.57
1.2,174,395519656.62
1.2,175,385529133.36
1.2,176,394911413.89
1.2,177,378958215.86
1.2,178,396307651.16
1.2,179,392788138.88
1.2,180,399666888.55
1.2,181,387512726.13
1.2,182,375379826.65
1.2,183,381122322.4
1.2,184,384722209.17
1.2,185,376284824.07
1.2,186,387041349.85
1.2,187,390122913.25
1.2,188,396825775.15
1.2,189,392112875.44
1.2,190,397664160.66
1.2,191,362617089.74
1.2,192,369113146.78
1.2,193,385152899.28
1.2,194,398395593.12
1.2,195,365377584.93
1.2,196,389796076.41
1.2,197,329090735.09
1.2,198,398184750.76
1.2,199,361221233.79
1.2,200,392820587.04
1.2,201,383850820.9
1.2,202,383647676.28
1.2,203,389444038.2
1.2,204,392399209.38
1.2,205,324559094.09
1.2,206,378887968.52
1.2,207,367523120.48
1.2,208,377986266.0
1.2,209,338205578.25
1.2,210,353578741.57
1.2,211,391433108.01
1.2,212,387077841.93
1.2,213,386594459.36
1.2,214,377133099.05
1.2,215,389842175.13
1.2,216,394433692.21
1.2,217,364995361.49
1.2,218,347490562.83
1.2,219,311392294.55
1.2,220,362200723.9
1.2,221,386949572.57
1.2,222,396639254.13
1.2,223,358167569.21
1.2,224,384123168.11
1.2,225,343424025.5
1.2,226,394193834.98
1.2,227,388786917.68
1.2,228,377707112.21
1.2,229,354609829.01
1.2,230,393416002.35
1.2,231,379069922.79
1.2,232,394990890.07
1.2,233,334475398.21
1.2,234,384481497.72
1.2,235,399051052.81
1.2,236,391793904.37
1.2,237,391541023.21
1.2,238,382775926.55
1.2,239,393339684.29
1.2,240,390387958.65
1.2,241,388139638.49
1.2,242,393215944.87
1.2,243,390704187.93
1.2,244,374898569.0
1.2,245,396779775.06
1.2,246,386389404.37
1.2,247,384356756.87
1.2,248,397119765.43
1.2,249,395299868.75
1.2,250,346444386.94
1.2,251,377264510.83
1.2,252,392482628.72
1.2,253,395455201.81
1.2,254,382092355.37
1.2,255,392005550.54
1.2,256,391858748.55
1.2,257,393262124.84
1.2,258,394178862.36
1.2,259,380825868.87
1.2,260,395644636.43
1.2,261,395768291.29
1.2,262,396846060.96
1.2,263,398043958.72
1.2,264,390316195.99
1.2,265,380571713.71
1.2,266,393914922.79
1.2,267,396690431.77
1.2,268,376899385.21
1.2,269,391474575.85
1.2,270,386377060.72
1.2,271,398061679.88
1.2,272,379733316.7
1.2,273,394159838.19
1.2,274,360613968.51
1.2,275,348284376.11
1.2,276,391200951.44
1.2,277,389887576.12
1.2,278,395267818.0
1.2,279,397983600.36
1.2,280,395657265.66
1.2,281,395681682.54
1.2,282,399397606.84
1.2,283,399183659.83
1.2,284,355715884.32
1.2,285,399359355.9
1.2,286,393048246.41
1.2,287,397190374.83
1.2,288,354617343.16
1.2,289,370346172.61
1.2,290,370244357.4
1.2,291,396623122.8
1.2,292,389065743.76
1.2,293,386468956.83
1.2,294,354884351.45
1.2,295,343342669.04
1.2,296,350574199.09
1.2,297,383547702.51
1.2,298,364700342.14
1.2,299,399809919.74
1.2,300,388990018.25
1.2,301,374057073.06
1.2,302,392043169.29
1.2,303,377083408.55
1.2,304,370039392.7
1.2,305,360831506.48
1.2,306,381431101.34
1.2,307,366133832.03
1.2,308,391503039.78
1.2,309,383086226.9
1.2,310,332207819.03
1.2,311,359849996.69
1.2,312,298216137.9
1.2,313,398649643.73
1.2,314,374878549.62
1.2,315,319586370.68
1.2,316,385780018.29
1.2,317,389807070.18
1.2,318,357466966.44
1.2,319,372637168.69
1.2,320,385659846.5
1.2,321,329459076.09
1.2,322,377951707.15
1.2,323,365473289.25
1.2,324,373493814.76
1.2,325,373225656.53
1.2,326,374473639.18
1.2,327,382785502.25
1.2,328,389007399.45
1.2,329,394042042.04
1.2,330,393178164.73
1.2,331,383084947.71
1.2,332,384441011.72
1.2,333,397779894.99
1.2,334,397465511.45
1.2,335,395663846.24
1.2,336,390056652.06
1.2,337,366412815.0
1.2,338,351496091.99
1.2,339,360654573.06
1.2,340,324864758.82
1.2,341,385983097.37
1.2,342,394223379.82
1.2,343,390369406.4
1.2,344,389997901.76
1.2,345,389251948.01
1.2,346,346158278.16
1.2,347,373414776.96
1.2,348,347658021.7
1.2,349,294368127.85
1.2,350,390444760.17
1.2,351,367852192.45
1.2,352,379002144.22
1.2,353,386625685.2
1.2,354,354547460.49
1.2,355,396857366.25
1.2,356,390904832.74
1.2,357,378328900.68
1.2,358,394939612.24
1.2,359,388315254.62
1.2,360,397674165.34
1.2,361,395632581.96
1.2,362,390702417.63
1.2,363,389946885.79
1.2,364,374787632.07
1.2,365,384621752.47
1.2,366,389682728.1
1.2,367,379904294.26
1.2,368,392521214.57
1.2,369,342493282.07
1.2,370,396039139.18
1.2,371,389270680.14
1.2,372,341725646.44
1.2,373,395107336.3
1.2,374,392471351.33
1.2,375,391102243.15
1.2,376,392863218.97
1.2,377,395267736.97
1.2,378,394020309.2
1.2,379,398429701.84
1.2,380,395589379.4
1.2,381,373942374.77
1.2,382,365196769.22
1.2,383,387611213.43
1.2,384,399786130.78
1.2,385,386834982.63
1.2,386,390791427.34
1.2,387,389952745.97
1.2,388,381240028.72
1.2,389,397212402.96
1.2,390,378404136.27
1.2,391,386350334.08
1.2,392,384088219.88
1.2,393,397450765.29
1.2,394,367112473.21
1.2,395,370030169.18
1.2,396,384359912.5
1.2,397,386501285.22
1.2,398,375608752.1
1.2,399,374613101.25
1.2,400,348403446.91
1.2,401,380448994.16
1.2,402,361931326.61
1.2,403,396518899.35
1.2,404,393577256.12
1.2,405,397971458.89
1.2,406,375269124.16
1.2,407,386500969.51
1.2,408,389536466.1
1.2,409,385499381.21
1.2,410,389850473.51
1.2,411,350095905.87
1.2,412,396847670.26
1.2,413,394707801.67
1.2,414,398733524.59
1.2,415,374416483.98
1.2,416,387397107.26
1.2,417,397810034.9
1.2,418,382230714.46
1.2,419,387697397.75
1.2,420,391984603.18
1.2,421,398570969.4
1.2,422,371935297.14
1.2,423,347965384.87
1.2,424,395197213.55
1.2,425,377985517.56
1.2,426,359498701.05
1.2,427,388933305.74
1.2,428,388013489.06
1.2,429,399330557.71
1.2,430,396059741.61
1.2,431,390385202.72
1.2,432,367700324.44
1.2,433,392858667.52
1.2,434,382487198.19
1.2,435,372229846.46
1.2,436,341915857.62
1.2,437,378258643.04
1.2,438,390170143.92
1.2,439,378118961.87
1.2,440,385796941.54
1.2,441,376177771.21
1.2,442,370852915.08
1.2,443,362067353.46
1.2,444,390964276.58
1.2,445,375915400.86
1.2,446,392005209.78
1.2,447,382765327.26
1.2,448,396764008.33
1.2,449,399210794.71
1.2,450,386664633.24
1.2,451,399834467.09
1.2,452,390284912.64
1.2,453,392077160.46
1.2,454,387149882.15
1.2,455,396987722.43
1.2,456,391941089.63
1.2,457,391207577.57
1.2,458,393908072.4
1.2,459,390224608.62
1.2,460,369436073.64
1.2,461,371003692.14
1.2,462,398326443.84
1.2,463,377206689.24
1.2,464,395080222.78
1.2,465,387569519.65
1.2,466,374357050.04
1.2,467,376971104.33
1.2,468,385270189.22
1.2,469,371264071.78
1.2,470,351828312.87
1.2,471,371854272.91
1.2,472,393438349.07
1.2,473,384919259.81
1.2,474,391167804.04
1.2,475,358566463.26
1.2,476,394779064.52
1.2,477,371889865.73
1.2,478,391995994.84
1.2,479,398312934.69
1.2,480,320534944.62
1.2,481,398938334.52
1.2,482,393458904.01
1.2,483,394948407.84
1.2,484,397915222.64
1.2,485,342030241.75
1.2,486,398985277.17
1.2,487,387028907.41
1.2,488,388884928.43
1.2,489,356397883.02
1.2,490,396550010.68
1.2,491,393554392.32
1.2,492,393605280.48
1.2,493,391265527.99
1.2,494,347240868.41
1.2,495,387503771.56
1.2,496,355917200.67
1.2,497,391181766.26
1.2,498,398942581.77
1.2,499,391330064.61
1.3,0,392859302.06
1.3,1,376891607.3
1.3,2,365398244.61
1.3,3,387479204.15
1.3,4,373546046.11
1.3,5,377610945.33
1.3,6,398112870.97
1.3,7,390908938.04
1.3,8,399529705.7
1.3,9,374155167.59
1.3,10,369384118.41
1.3,11,382949340.65
1.3,12,391139868.5
1.3,13,385748452.1
1.3,14,365715733.73
1.3,15,340224260.32
1.3,16,386877614.62
1.3,17,352598715.87
1.3,18,389669806.68
1.3,19,357511330.33
1.3,20,386040730.98
1.3,21,344289685.71
1.3,22,391076605.63
1.3,23,378007380.6
1.3,24,389527264.37
1.3,25,398829522.4
1.3,26,380165252.5
1.3,27,368067818.08
1.3,28,376062910.92
1.3,29,398250217.03
1.3,30,391248836.27
1.3,31,374938714.21
1.3,32,393608604.05
1.3,33,396336755.29
1.3,34,382769477.11
1.3,35,397711819.52
1.3,36,370548128.02
1.3,37,366659770.78
1.3,38,387945080.52
1.3,39,397709967.78
1.3,40,398811680.29
1.3,41,376455744.13
1.3,42,391170301.57
1.3,43,375970981.84
1.3,44,399803179.97
1.3,45,398228179.2
1.3,46,376577386.69
1.3,47,366359742.6
1.3,48,395252615.42
1.3,49,364718811.84
1.3,50,399851958.7
1.3,51,358069839.2
1.3,52,363956647.03
1.3,53,323302383.33
1.3,54,378649149.12
1.3,55,392575155.51
1.3,56,383507566.42
1.3,57,390008767.6
1.3,58,387951790.32
1.3,59,384125189.37
1.3,60,383113924.64
1.3,61,398918014.39
1.3,62,373853798.57
1.3,63,353316115.61
1.3,64,394641122.78
1.3,65,394070589.55
1.3,66,381749453.3
1.3,67,394088952.46
1.3,68,380357748.56
1.3,69,360160775.2
1.3,70,357273016.47
1.3,71,381928988.03
1.3,72,391262376.79
1.3,73,390665449.94
1.3,74,337427479.91
1.3,75,391179798.44
1.3,76,395511518.55
1.3,77,386185994.51
1.3,78,362601347.01
1.3,79,389878342.27
1.3,80,332899913.71
1.3,81,341793346.47
1.3,82,377172470.82
1.3,83,397569370.73
1.3,84,391937968.79
1.3,85,287768689.27
1.3,86,399652826.46
1.3,87,396272369.07
1.3,88,367099434.85
1.3,89,392923966.87
1.3,90,390886700.54
1.3,91,392239575.1
1.3,92,374299896.99
1.3,93,382381420.53
1.3,94,366190301.39
1.3,95,399583222.14
1.3,96,398744623.11
1.3,97,383124601.19
1.3,98,364946485.07
1.3,99,363164928.51
1.3,100,364254661.11
1.3,101,387156319.97
1.3,102,373863289.26
1.3,103,363675260.6
1.3,104,370016662.89
1.3,105,398355215.9
1.3,106,399274878.15
1.3,107,389272237.79
1.3,108,350558389.66
1.3,109,373604710.87
1.3,110,381644308.34
1.3,111,391071302.68
1.3,112,389398834.53
1.3,113,388019458.49
1.3,114,397242612.89
1.3,115,380727914.94
1.3,116,372851053.28
1.3,117,362555231.48
1.3,118,393558802.63
1.3,119,382126558.0
1.3,120,383849897.93
1.3,121,354152226.02
1.3,122,347787719.7
1.3,123,393809746.23
1.3,124,392759327.74
1.3,125,399360113.86
1.3,126,396478606.21
1.3,127,390608766.95
1.3,128,378646775.15
1.3,129,397661432.7
1.3,130,368997845.4
1.3,131,367477251.78
1.3,132,399932248.32
1.3,133,384488466.33
1.3,134,383327455.95
1.3,135,362583297.79
1.3,136,394764880.41
1.3,137,312452003.65
1.3,138,364964123.68
1.3,139,349867413.98
1.3,140,382082287.51
1.3,141,388688744.91
1.3,142,394303260.41
1.3,143,389069186.08
1.3,144,376131947.3
1.3,145,385378830.29
1.3,146,386976512.46
1.3,147,382662051.99
1.3,148,338732459.98
1.3,149,380566124.71
1.3,150,378210279.23
1.3,151,377776789.42
1.3,152,384032096.71
1.3,153,332298454.9
1.3,154,385153225.32
1.3,155,392015945.45
1.3,156,319134092.29
1.3,157,393839691.48
1.3,158,393454361.75
1.3,159,366459014.33
1.3,160,369631444.28
1.3,161,388444815.55
1.3,162,395805490.15
1.3,163,398438895.74
1.3,164,389896548.76
1.3,165,398637195.28
1.3,166,392574564.81
1.3,167,384030903.05
1.3,168,388076182.69
1.3,169,394861550.73
1.3,170,396574918.84
1.3,171,395134595.71
1.3,172,395032393.78
1.3,173,356329461.13
1.3,174,370472251.68
1.3,175,398496349.39
1.3,176,398548391.84
1.3,177,387762082.01
1.3,178,379263090.54
1.3,179,364937535.68
1.3,180,366723138.31
1.3,181,393034039.31
1.3,182,397305982.06
1.3,183,376424664.07
1.3,184,353572376.78
1.3,185,377830211.73
1.3,186,361716903.08
1.3,187,383354974.42
1.3,188,378406853.63
1.3,189,347404484.6
1.3,190,385516658.19
1.3,191,355936331.21
1.3,192,395623822.62
1.3,193,394646344.42
1.3,194,399273597.94
1.3,195,397299973.18
1.3,196,397588751.8
1.3,197,350192100.58
1.3,198,391260211.37
1.3,199,397609469.92
1.3,200,378584709.36
1.3,201,378898395.25
1.3,202,393150299.64
1.3,203,383560203.08
1.3,204,391668488.98
1.3,205,397790877.37
1.3,206,318025354.19
1.3,207,390019896.53
1.3,208,392121307.19
1.3,209,373677393.07
1.3,210,307313198.17
1.3,211,387643102.71
1.3,212,382326072.04
1.3,213,368135590.92
1.3,214,396766991.18
1.3,215,386545993.76
1.3,216,397280202.73
1.3,217,377931519.76
1.3,218,392803874.44
1.3,219,385745571.4
1.3,220,367705144.22
1.3,221,399478970.61
1.3,222,394297456.63
1.3,223,359733541.57
1.3,224,340352560.16
1.3,225,355493441.16
1.3,226,366555521.76
1.3,227,393993250.73
1.3,228,360325401.87
1.3,229,397542635.85
1.3,230,338612179.01
1.3,231,375208868.54
1.3,232,394095381.49
1.3,233,378141210.26
1.3,234,376281554.72
1.3,235,383380186.87
1.3,236,314375934.68
1.3,237,369510325.08
1.3,238,389200635.59
1.3,239,376810688.4
1.3,240,357006925.79
1.3,241,398435893.08
1.3,242,391185571.6
1.3,243,379937976.8
1.3,244,384437709.42
1.3,245,379501375.82
1.3,246,394825886.43
1.3,247,378580256.9
1.3,248,395765196.41
1.3,249,383479712.44
1.3,250,391862767.34
1.3,251,364259477.32
1.3,252,398950913.77
1.3,253,360084557.93
1.3,254,384251979.25
1.3,255,396573146.85
1.3,256,349544576.75
1.3,257,364688255.07
1.3,258,385224468.2
1.3,259,354431262.55
1.3,260,313214741.52
1.3,261,385669677.21
1.3,262,379988523.62
1.3,263,390434120.07
1.3,264,395655336.69
1.3,265,390741919.01
1.3,266,372572400.62
1.3,267,368546234.48
1.3,268,393470953.66
1.3,269,385972457.02
1.3,270,339046542.89
1.3,271,390972805.63
1.3,272,389674274.74
1.3,273,367673559.25
1.3,274,356313937.26
1.3,275,392480434.81
1.3,276,394702911.66
1.3,277,359938772.64
1.3,278,348869048.01
1.3,279,394766372.79
1.3,280,381336023.58
1.3,281,389981902.88
1.3,282,393347351.42
1.3,283,385696234.35
1.3,284,378477817.03
1.3,285,393310713.35
1.3,286,367254075.09
1.3,287,393518697.52
1.3,288,391986814.35
1.3,289,393920798.86
1.3,290,388369519.88
1.3,291,383792395.37
1.3,292,390638763.14
1.3,293,366076703.09
1.3,294,371724711.05
1.3,295,349756431.89
1.3,296,325774708.16
1.3,297,395512339.98
1.3,298,383503900.48
1.3,299,369592636.64
1.3,300,394960128.86
1.3,301,395274100.36
1.3,302,372841742.55
1.3,303,372505933.79
1.3,304,399145382.17
1.3,305,369551535.04
1.3,306,380065591.12
1.3,307,386397115.96
1.3,308,376998973.16
1.3,309,375451557.4
1.3,310,373485167.93
1.3,311,398411232.39
1.3,312,357164538.24
1.3,313,341404317.46
1.3,314,399801609.35
1.3,315,365285211.36
1.3,316,371833329.77
1.3,317,395012554.42
1.3,318,398344047.48
1.3,319,388547193.72
1.3,320,338585199.1
1.3,321,393809356.24
1.3,322,395532949.26
1.3,323,371497157.15
1.3,324,386451645.77
1.3,325,370701905.19
1.3,326,392508768.52
1.3,327,390712374.25
1.3,328,386191621.18
1.3,329,383755611.19
1.3,330,373370896.12
1.3,331,386924840.88
1.3,332,328402876.1
1.3,333,389829248.93
1.3,334,390373460.75
1.3,335,390453602.19
1.3,336,395988413.16
1.3,337,397966866.86
1.3,338,373035759.73
1.3,339,392185736.01
1.3,340,361657359.1
1.3,341,380304517.94
1.3,342,343606594.61
1.3,343,333791253.1
1.3,344,373315924.08
1.3,345,393247249.53
1.3,346,342137455.45
1.3,347,389216296.44
1.3,348,389579812.61
1.3,349,396803397.54
1.3,350,393410409.46
1.3,351,387686200.14
1.3,352,381736489.4
1.3,353,366444637.2
1.3,354,397921909.69
1.3,355,398017218.98
1.3,356,383742443.47
1.3,357,331484525.44
1.3,358,392786450.25
1.3,359,377295972.88
1.3,360,368745289.22
1.3,361,391917144.74
1.3,362,358280248.84
1.3,363,391484724.53
1.3,364,387230034.83
1.3,365,381323764.39
1.3,366,386040547.46
1.3,367,399473399.45
1.3,368,343450471.04
1.3,369,388551657.41
1.3,370,399243149.15
1.3,371,388694053.77
1.3,372,393541186.79
1.3,373,354944214.33
1.3,374,393992148.46
1.3,375,382183945.27
1.3,376,399832059.88
1.3,377,378782038.16
1.3,378,372139146.21
1.3,379,335245386.67
1.3,380,358181346.8
1.3,381,386269130.11
1.3,382,393217056.01
1.3,383,393748531.27
1.3,384,391283305.02
1.3,385,398659836.8
1.3,386,396535232.4
1.3,387,357300738.67
1.3,388,393266005.14
1.3,389,369674867.49
1.3,390,373556016.42
1.3,391,351838724.57
1.3,392,386017552.44
1.3,393,393463921.38
1.3,394,394302291.6
1.3,395,379162086.68
1.3,396,374782098.07
1.3,397,399936953.08
1.3,398,367673001.87
1.3,399,398311036.63
1.3,400,391156899.19
1.3,401,398956140.42
1.3,402,387477271.03
1.3,403,378295814.68
1.3,404,384682175.12
1.3,405,392194240.81
1.3,406,375422132.06
1.3,407,398585958.56
1.3,408,392744814.87
1.3,409,393772290.62
1.3,410,383932382.14
1.3,411,365955068.74
1.3,412,385746174.46
1.3,413,388382526.24
1.3,414,395774410.34
1.3,415,370530384.46
1.3,416,379738063.46
1.3,417,389905068.59
1.3,418,392536219.37
1.3,419,388650579.25
1.3,420,398411136.35
1.3,421,381031372.14
1.3,422,391375351.45
1.3,423,323117246.04
1.3,424,370847550.87
1.3,425,389596095.26
1.3,426,382464277.76
1.3,427,375553416.74
1.3,428,395362231.1
1.3,429,399128476.51
1.3,430,391233249.97
1.3,431,289949956.13
1.3,432,382658504.16
1.3,433,387723966.47
1.3,434,398012856.75
1.3,435,397564401.54
1.3,436,361999685.81
1.3,437,353211528.96
1.3,438,377656554.01
1.3,439,394734330.28
1.3,440,392481754.32
1.3,441,361707146.48
1.3,442,354154953.29
1.3,443,382231738.01
1.3,444,390189035.21
1.3,445,395718296.55
1.3,446,393250928.38
1.3,447,304231519.76
1.3,448,377224354.58
1.3,449,377384343.6
1.3,450,365833937.72
1.3,451,388496042.11
1.3,452,367086029.84
1.3,453,382526230.01
1.3,454,365385850.9
1.3,455,399447236.05
1.3,456,392237201.32
1.3,457,395435717.24
1.3,458,352589560.28
1.3,459,390543117.53
1.3,460,358321492.29
1.3,461,337347610.95
1.3,462,386788129.03
1.3,463,382811736.45
1.3,464,386663888.86
1.3,465,342555876.57
1.3,466,385168779.41
1.3,467,393379510.63
1.3,468,396115487.91
1.3,469,394403030.82
1.3,470,384524056.9
1.3,471,374179467.35
1.3,472,381094548.46
1.3,473,367208094.03
1.3,474,394735924.62
1.3,475,391891611.55
1.3,476,382273934.58
1.3,477,395830542.36
1.3,478,369098493.31
1.3,479,396470890.22
1.3,480,377274465.3
1.3,481,395541617.66
1.3,482,397032140.96
1.3,483,350646507.01
1.3,484,385015472.66
1.3,485,389261524.2
1.3,486,392485102.61
1.3,487,399650036.43
1.3,488,395602092.27
1.3,489,394908859.09
1.3,490,390084024.66
1.3,491,389070492.59
1.3,492,376549967.55
1.3,493,390405294.18
1.3,494,384777298.92
1.3,495,347011672.52
1.3,496,391353097.35
1.3,497,369834340.43
1.3,498,334900801.24
1.3,499,396064687.9
1.4,0,388812776.22
1.4,1,370316623.6
1.4,2,339313538.61
1.4,3,360884537.04
1.4,4,364791402.45
1.4,5,375775737.77
1.4,6,381352793.2
1.4,7,387696244.46
1.4,8,328012139.77
1.4,9,365180494.26
1.4,10,391084728.67
1.4,11,378508719.42
1.4,12,392215464.74
1.4,13,381142743.31
1.4,14,392394711.58
1.4,15,386239727.86
1.4,16,345411098.17
1.4,17,352937890.04
1.4,18,394826783.99
1.4,19,369732642.41
1.4,20,388072798.87
1.4,21,376857329.68
1.4,22,390219233.98
1.4,23,363852057.48
1.4,24,373062736.23
1.4,25,386693587.14
1.4,26,395142639.93
1.4,27,391957313.7
1.4,28,350662353.35
1.4,29,386890337.15
1.4,30,395214697.08
1.4,31,377486496.84
1.4,32,398414413.07
1.4,33,378717381.68
1.4,34,381923227.19
1.4,35,359127282.16
1.4,36,333787618.85
1.4,37,376533393.93
1.4,38,336222884.57
1.4,39,363260809.57
1.4,40,388102312.57
1.4,41,396327624.34
1.4,42,395196083.23
1.4,43,396306099.92
1.4,44,396713280.2
1.4,45,363063270.89
1.4,46,359813565.73
1.4,47,350419462.32
1.4,48,397153251.92
1.4,49,369398073.27
1.4,50,387805791.23
1.4,51,328333320.18
1.4,52,380582367.59
1.4,53,397104937.74
1.4,54,394637148.02
1.4,55,342558816.14
1.4,56,398128615.23
1.4,57,376064111.12
1.4,58,354724455.41
1.4,59,394581703.89
1.4,60,369753812.39
1.4,61,377205949.85
1.4,62,382908373.12
1.4,63,395497107.19
1.4,64,378035671.6
1.4,65,388044155.65
1.4,66,370562703.98
1.4,67,392165469.03
1.4,68,380167012.18
1.4,69,396673754.14
1.4,70,382413507.3
1.4,71,386694518.35
1.4,72,395122846.63
1.4,73,341746884.79
1.4,74,393025743.06
1.4,75,371716740.16
1.4,76,381124208.54
1.4,77,372722168.91
1.4,78,380751812.52
1.4,79,399475615.11
1.4,80,386374093.65
1.4,81,385888597.37
1.4,82,352644247.09
1.4,83,392931184.83
1.4,84,380177312.28
1.4,85,397318940.22
1.4,86,390140148.38
1.4,87,395179254.01
1.4,88,383030161.3
1.4,89,390532384.52
1.4,90,368861195.15
1.4,91,371360941.02
1.4,92,338903512.95
1.4,93,365280517.98
1.4,94,390645714.5
1.4,95,360513873.73
1.4,96,397821394.94
1.4,97,396535806.36
1.4,98,398177755.34
1.4,99,383142565.2
1.4,100,383123489.54
1.4,101,399930343.0
1.4,102,396696960.06
1.4,103,353882717.02
1.4,104,342485781.91
1.4,105,372290680.07
1.4,106,393780893.0
1.4,107,369722843.0
1.4,108,370378743.73
1.4,109,392979971.01
1.4,110,343304564.37
1.4,111,387070706.15
1.4,112,390180546.71
1.4,113,376674463.16
1.4,114,393719489.41
1.4,115,393626510.4
1.4,116,355976704.47
1.4,117,392896659.95
1.4,118,397096485.33
1.4,119,370204048.71
1.4,120,305039204.57
1.4,121,313045057.15
1.4,122,393379650.78
1.4,123,350004205.96
1.4,124,383867077.02
1.4,125,397447559.84
1.4,126,390660676.42
1.4,127,396687283.74
1.4,128,389599764.77
1.4,129,390672093.73
1.4,130,391969782.76
1.4,131,348099236.58
1.4,132,362970881.76
1.4,133,358346234.45
1.4,134,335401372.94
1.4,135,389478881.18
1.4,136,391188888.97
1.4,137,377831474.21
1.4,138,399916702.45
1.4,139,372654524.24
1.4,140,323172134.2
1.4,141,368815723.21
1.4,142,394302081.62
1.4,143,381073582.22
1.4,144,396439765.53
1.4,145,391211085.39
1.4,146,396803373.06
1.4,147,322240974.22
1.4,148,386323715.03
1.4,149,395758579.95
1.4,150,375418917.38
1.4,151,383097324.8
1.4,152,321918312.81
1.4,153,395959843.94
1.4,154,386178555.17
1.4,155,340828589.56
1.4,156,385668797.14
1.4,157,376243858.61
1.4,158,384021596.3
1.4,159,370659480.71
1.4,160,386879267.23
1.4,161,364240615.15
1.4,162,392741885.96
1.4,163,317274459.78
1.4,164,382872357.43
1.4,165,376470275.73
1.4,166,307184248.49
1.4,167,394661909.79
1.4,168,379143803.46
1.4,169,386537101.62
1.4,170,386399067.42
1.4,171,387488655.16
1.4,172,398415115.88
1.4,173,376959919.52
1.4,174,342425780.91
1.4,175,377404400.2
1.4,176,340804058.31
1.4,177,378799140.43
1.4,178,368058781.27
1.4,179,365994986.6
1.4,180,396678818.05
1.4,181,352440939.28
1.4,182,395520939.05
1.4,183,395140954.93
1.4,184,398655065.06
1.4,185,386198367.26
1.4,186,397295315.06
1.4,187,386204833.19
1.4,188,374466621.71
1.4,189,345055671.0
1.4,190,390092634.71
1.4,191,390772434.61
1.4,192,394386118.44
1.4,193,354957687.22
1.4,194,398492042.16
1.4,195,392127354.0
1.4,196,397729511.18
1.4,197,357898158.7
1.4,198,385878893.14
1.4,199,349252066.67
1.4,200,385978845.74
1.4,201,391060810.47
1.4,202,367166594.58
1.4,203,307562727.51
1.4,204,383144713.51
1.4,205,368191078.65
1.4,206,370513614.74
1.4,207,354869062.64
1.4,208,383556503.38
1.4,209,389000047.12
1.4,210,385681351.04
1.4,211,397878029.88
1.4,212,397340058.48
1.4,213,382608129.05
1.4,214,395373250.58
1.4,215,391476491.65
1.4,216,379106890.12
1.4,217,389534999.72
1.4,218,394466367.09
1.4,219,375691897.15
1.4,220,378297105.66
1.4,221,381957038.11
1.4,222,367772774.17
1.4,223,369493191.59
1.4,224,391162287.43
1.4,225,384153929.92
1.4,226,396367542.48
1.4,227,398244670.57
1.4,228,397571324.86
1.4,229,370207443.32
1.4,230,290478085.71
1.4,231,382412349.43
1.4,232,374556108.82
1.4,233,352634105.67
1.4,234,389589218.02
1.4,235,393156979.48
1.4,236,353526083.43
1.4,237,394750457.4
1.4,238,371399015.95
1.4,239,366947697.17
1.4,240,357371095.04
1.4,241,397422195.76
1.4,242,398694897.26
1.4,243,376626430.67
1.4,244,397215342.28
1.4,245,386974913.28
1.4,246,373060155.77
1.4,247,385324076.35
1.4,248,395652451.16
1.4,249,393412119.19
1.4,250,388222378.37
1.4,251,371360154.15
1.4,252,394940058.16
1.4,253,399127836.81
1.4,254,395395948.55
1.4,255,396099411.55
1.4,256,391782816.69
1.4,257,384612486.88
1.4,258,396891669.4
1.4,259,380124226.58
1.4,260,349749174.73
1.4,261,380072710.59
1.4,262,364275609.92
1.4,263,387335680.27
1.4,264,390977771.39
1.4,265,374789722.95
1.4,266,388896349.46
1.4,267,385025666.19
1.4,268,367190831.93
1.4,269,379105755.64
1.4,270,382436586.2
1.4,271,344575221.59
1.4,272,398336687.18
1.4,273,397241238.27
1.4,274,359007501.39
1.4,275,383464171.62
1.4,276,391900135.03
1.4,277,395340015.5
1.4,278,370543910.57
1.4,279,383202017.48
1.4,280,394627848.99
1.4,281,393067278.75
1.4,282,374494253.17
1.4,283,392270327.57
1.4,284,368175744.89
1.4,285,350764365.76
1.4,286,389700036.59
1.4,287,394516825.88
1.4,288,382850735.14
1.4,289,392120471.93
1.4,290,393641134.79
1.4,291,389806955.07
1.4,292,394152999.9
1.4,293,358243566.17
1.4,294,377963157.33
1.4,295,374955430.92
1.4,296,332198023.48
1.4,297,385216089.49
1.4,298,390056104.52
1.4,299,370326353.45
1.4,300,377497367.74
1.4,301,386396913.88
1.4,302,389307728.29
1.4,303,393648447.97
1.4,304,391041753.39
1.4,305,399308870.18
1.4,306,377025641.57
1.4,307,395482828.19
1.4,308,382842314.78
1.4,309,390809247.66
1.4,310,365364168.55
1.4,311,352387401.27
1.4,312,382410654.41
1.4,313,362715850.89
1.4,314,397454410.36
1.4,315,375800642.83
1.4,316,394482544.82
1.4,317,374655323.56
1.4,318,375866922.12
1.4,319,385795880.5
1.4,320,394855411.46
1.4,321,382344095.09
1.4,322,396075198.3
1.4,323,391753634.22
1.4,324,366093190.73
1.4,325,315130211.75
1.4,326,333549476.38
1.4,327,360051559.42
1.4,328,379400016.37
1.4,329,384075852.21
1.4,330,399610683.04
1.4,331,392106998.08
1.4,332,340473445.01
1.4,333,352168308.17
1.4,334,354023272.62
1.4,335,386777396.82
1.4,336,348468169.97
1.4,337,397410768.13
1.4,338,376794484.0
1.4,339,356544729.79
1.4,340,397151282.44
1.4,341,353098545.84
1.4,342,347721485.79
1.4,343,348658513.93
1.4,344,363208812.42
1.4,345,365110158.69
1.4,346,391652895.41
1.4,347,371647125.2
1.4,348,327188002.87
1.4,349,382942276.54
1.4,350,397043825.18
1.4,351,367276798.36
1.4,352,367127054.44
1.4,353,388964495.54
1.4,354,393102324.23
1.4,355,391339146.02
1.4,356,383424105.61
1.4,357,310563720.1
1.4,358,376613008.47
1.4,359,380149699.78
1.4,360,387428793.99
1.4,361,397721012.34
1.4,362,387522829.3
1.4,363,389129736.87
1.4,364,370416511.01
1.4,365,385538239.73
1.4,366,392502713.26
1.4,367,325235850.18
1.4,368,383157255.58
1.4,369,369638802.93
1.4,370,397176408.45
1.4,371,374770211.74
1.4,372,364822660.57
1.4,373,392479346.37
1.4,374,376629141.42
1.4,375,395961445.38
1.4,376,354967778.76
1.4,377,375968211.61
1.4,378,390647361.3
1.4,379,389700258.85
1.4,380,392898123.29
1.4,381,397660455.4
1.4,382,394710175.74
1.4,383,382301361.33
1.4,384,374917094.31
1.4,385,397194068.55
1.4,386,369941526.09
1.4,387,394148258.53
1.4,388,361752217.99
1.4,389,373540096.85
1.4,390,397326325.03
1.4,391,377217346.64
1.4,392,378192961.02
1.4,393,383063401.22
1.4,394,393141464.62
1.4,395,398216324.94
1.4,396,361394052.75
1.4,397,397454901.95
1.4,398,378282557.46
1.4,399,392735671.39
1.4,400,358964049.78
1.4,401,350003942.69
1.4,402,397672496.32
1.4,403,394711768.47
1.4,404,319399499.91
1.4,405,319549149.71
1.4,406,395384548.98
1.4,407,382955327.39
1.4,408,383257640.59
1.4,409,397432032.83
1.4,410,393481464.56
1.4,411,394987288.15
1.4,412,351393640.51
1.4,413,394353259.73
1.4,414,395838393.8
1.4,415,357129649.97
1.4,416,368746698.35
1.4,417,392060187.13
1.4,418,371777404.75
1.4,419,375407218.36
1.4,420,384493982.98
1.4,421,389636637.39
1.4,422,330647334.19
1.4,423,397011561.75
1.4,424,397656778.06
1.4,425,398728746.6
1.4,426,359467539.51
1.4,427,373705714.22
1.4,428,384157290.75
1.4,429,398416846.9
1.4,430,394644023.6
1.4,431,391534850.14
1.4,432,399395193.49
1.4,433,395849968.16
1.4,434,388489087.53
1.4,435,325297564.0
1.4,436,392883372.61
1.4,437,386377400.65
1.4,438,343258807.74
1.4,439,376041826.36
1.4,440,341751352.13
1.4,441,370336417.98
1.4,442,383738010.69
1.4,443,382453922.28
1.4,444,319421081.45
1.4,445,387102784.38
1.4,446,362043713.42
1.4,447,382178659.29
1.4,448,387667228.6
1.4,449,373326818.73
1.4,450,375876434.7
1.4,451,386370045.72
1.4,452,389403266.74
1.4,453,378932774.55
1.4,454,389399124.69
1.4,455,373104372.13
1.4,456,335680770.8
1.4,457,378725441.69
1.4,458,291546933.37
1.4,459,306994044.28
1.4,460,347588088.7
1.4,461,398773758.26
1.4,462,375135521.83
1.4,463,396397407.9
1.4,464,388930762.61
1.4,465,331653323.96
1.4,466,359987737.17
1.4,467,365664309.41
1.4,468,392071521.24
1.4,469,375030683.32
1.4,470,398548561.45
1.4,471,399876472.35
1.4,472,331025463.88
1.4,473,376514992.84
1.4,474,397661268.58
1.4,475,386751873.79
1.4,476,334754267.63
1.4,477,385039494.1
1.4,478,397818252.58
1.4,479,379786824.98
1.4,480,389228811.53
1.4,481,386356902.46
1.4,482,394617306.89
1.4,483,392562078.23
1.4,484,399857005.27
1.4,485,358444706.38
1.4,486,396928981.54
1.4,487,367495659.21
1.4,488,334252534.47
1.4,489,394989063.41
1.4,490,382244157.53
1.4,491,362689843.21
1.4,492,361864301.75
1.4,493,392891169.33
1.4,494,354990702.84
1.4,495,389228223.23
1.4,496,368964585.94
1.4,497,375413943.96
1.4,498,379925863.73
1.4,499,385295385.64
1.5,0,357184961.04
1.5,1,373196412.0
1.5,2,370458943.24
1.5,3,391788248.29
1.5,4,357029970.3
1.5,5,394532022.38
1.5,6,382978303.67
1.5,7,383389079.41
1.5,8,286767323.08
1.5,9,385343366.01
1.5,10,390108909.24
1.5,11,372221442.45
1.5,12,354324132.25
1.5,13,358321314.14
1.5,14,394129169.8
1.5,15,356166745.91
1.5,16,395341223.8
1.5,17,386518467.22
1.5,18,398469960.4
1.5,19,386122218.38
1.5,20,394889717.27
1.5,21,382221944.97
1.5,22,337180826.32
1.5,23,391818291.31
1.5,24,380700341.2
1.5,25,397354280.12
1.5,26,385640400.21
1.5,27,393836346.7
1.5,28,348331767.65
1.5,29,379398029.69
1.5,30,368935765.98
1.5,31,374212268.61
1.5,32,368425343.82
1.5,33,336351617.29
1.5,34,398238877.88
1.5,35,384696943.8
1.5,36,384726958.55
1.5,37,349350592.13
1.5,38,330263318.42
1.5,39,399364397.73
1.5,40,397166415.96
1.5,41,394786486.36
1.5,42,390759660.36
1.5,43,393824116.41
1.5,44,374088866.73
1.5,45,380255221.82
1.5,46,392609445.66
1.5,47,389357289.8
1.5,48,363614291.84
1.5,49,394336904.04
1.5,50,399324469.8
1.5,51,395422553.64
1.5,52,374360088.64
1.5,53,393707030.26
1.5,54,328623572.13
1.5,55,360214064.3
1.5,56,384189614.14
1.5,57,388474625.37
1.5,58,394060928.76
1.5,59,398227125.06
1.5,60,385263800.85
1.5,61,395617403.55
1.5,62,381385793.24
1.5,63,389563211.05
1.5,64,366422407.51
1.5,65,311231809.36
1.5,66,339257317.6
1.5,67,384212056.45
1.5,68,392526149.42
1.5,69,392280278.38
1.5,70,357459682.43
1.5,71,390736559.39
1.5,72,316371814.16
1.5,73,319568210.59
1.5,74,376752402.16
1.5,75,394207689.29
1.5,76,393626200.1
1.5,77,390676604.85
1.5,78,381857973.61
1.5,79,382741205.92
1.5,80,375333199.13
1.5,81,373344104.74
1.5,82,388325033.34
1.5,83,387782055.97
1.5,84,388349099.7
1.5,85,336312010.66
1.5,86,380322594.85
1.5,87,390332311.6
1.5,88,382746037.29
1.5,89,395165789.18
1.5,90,375355742.69
1.5,91,397451517.6
1.5,92,359408504.07
1.5,93,367175792.0
1.5,94,369153691.36
1.5,95,394107013.77
1.5,96,382407175.31
1.5,97,382389983.13
1.5,98,397885425.91
1.5,99,367624208.36
1.5,100,392943380.88
1.5,101,392319323.35
1.5,102,393190350.41
1.5,103,367267274.53
1.5,104,371536426.13
1.5,105,335411869.81
1.5,106,345872054.87
1.5,107,385929220.5
1.5,108,399977522.43
1.5,109,396624035.74
1.5,110,349304052.68
1.5,111,394670772.05
1.5,112,376775786.69
1.5,113,381712735.7
1.5,114,389855470.99
1.5,115,359913754.37
1.5,116,399417127.64
1.5,117,369036814.22
1.5,118,312191509.95
1.5,119,368606106.39
1.5,120,353027413.49
1.5,121,308881555.82
1.5,122,398715805.91
1.5,123,373855522.44
1.5,124,337176914.86
1.5,125,377716852.26
1.5,126,396150061.68
1.5,127,350815792.54
1.5,128,376664435.83
1.5,129,379776404.88
1.5,130,394877871.08
1.5,131,363435307.85
1.5,132,369714045.82
1.5,133,390076547.92
1.5,134,330025580.81
1.5,135,387370854.62
1.5,136,398182017.14
1.5,137,390344560.12
1.5,138,397302899.87
1.5,139,381639235.72
1.5,140,373475534.46
1.5,141,368168253.5
1.5,142,382702256.25
1.5,143,373777042.75
1.5,144,358781613.59
1.5,145,353201017.93
1.5,146,393922217.96
1.5,147,394460911.41
1.5,148,366714824.45
1.5,149,359112169.52
1.5,150,321813015.57
1.5,151,361506803.3
1.5,152,274362382.81
1.5,153,393376581.09
1.5,154,394796069.06
1.5,155,392597768.64
1.5,156,391285389.31
1.5,157,399953799.75
1.5,158,395417610.43
1.5,159,398932822.03
1.5,160,385327941.64
1.5,161,393025125.65
1.5,162,380694034.82
1.5,163,399191940.57
1.5,164,393645056.48
1.5,165,380722008.32
1.5,166,392243360.77
1.5,167,308204242.52
1.5,168,367853282.71
1.5,169,395673216.01
1.5,170,355796475.74
1.5,171,383543674.63
1.5,172,357654540.57
1.5,173,398367012.28
1.5,174,399237314.57
1.5,175,372877198.35
1.5,176,385612659.78
1.5,177,385665686.16
1.5,178,365612667.09
1.5,179,371471072.77
1.5,180,390282602.3
1.5,181,381237055.22
1.5,182,374420502.74
1.5,183,393401314.98
1.5,184,395633991.97
1.5,185,395920013.1
1.5,186,350767067.79
1.5,187,379497029.85
1.5,188,389019355.45
1.5,189,396102746.56
1.5,190,389737170.64
1.5,191,337320567.78
1.5,192,394654922.87
1.5,193,349665717.45
1.5,194,338228636.09
1.5,195,351227040.14
1.5,196,396579338.64
1.5,197,396216160.33
1.5,198,391494759.52
1.5,199,389896444.9
1.5,200,396190976.83
1.5,201,395880296.88
1.5,202,399829220.68
1.5,203,389453076.72
1.5,204,364341664.35
1.5,205,390053339.81
1.5,206,389720250.26
1.5,207,373809659.12
1.5,208,349812587.04
1.5,209,355453443.17
1.5,210,361307860.83
1.5,211,395763377.73
1.5,212,370850799.32
1.5,213,360426919.56
1.5,214,379129529.99
1.5,215,358303823.52
1.5,216,394031875.39
1.5,217,392458266.06
1.5,218,376156618.57
1.5,219,390947113.57
1.5,220,319000270.4
1.5,221,370648024.16
1.5,222,387710764.06
1.5,223,366984546.89
1.5,224,387130696.86
1.5,225,383610119.68
1.5,226,358144284.76
1.5,227,345880394.43
1.5,228,322536841.75
1.5,229,393746257.14
1.5,230,390098698.76
1.5,231,397398439.31
1.5,232,390778099.13
1.5,233,376430401.36
1.5,234,392202396.63
1.5,235,312132245.68
1.5,236,357702599.69
1.5,237,395708230.81
1.5,238,314780263.7
1.5,239,390610280.82
1.5,240,398131443.07
1.5,241,381640606.37
1.5,242,376105502.96
1.5,243,396872416.87
1.5,244,324708820.34
1.5,245,383313985.51
1.5,246,395604011.19
1.5,247,352303547.57
1.5,248,375218251.89
1.5,249,362155653.18
1.5,250,376590037.85
1.5,251,391548000.76
1.5,252,366668060.43
1.5,253,361999806.99
1.5,254,300424488.23
1.5,255,357003676.48
1.5,256,391010408.44
1.5,257,378296423.22
1.5,258,385509275.78
1.5,259,390485018.35
1.5,260,348594679.7
1.5,261,395789176.25
1.5,262,399123971.07
1.5,263,385983371.84
1.5,264,363995014.33
1.5,265,350179141.37
1.5,266,381469544.15
1.5,267,340551030.38
1.5,268,393369059.76
1.5,269,394131230.72
1.5,270,387284574.14
1.5,271,398133256.57
1.5,272,364686482.82
1.5,273,392033351.15
1.5,274,273527890.44
1.5,275,384153433.81
1.5,276,310578208.61
1.5,277,396379680.66
1.5,278,381733673.42
1.5,279,371996679.08
1.5,280,371063836.2
1.5,281,376302265.51
1.5,282,368683894.15
1.5,283,358737285.45
1.5,284,272181951.04
1.5,285,355727962.58
1.5,286,388697816.97
1.5,287,378670216.97
1.5,288,397227389.85
1.5,289,367432911.83
1.5,290,375996754.44
1.5,291,384718781.27
1.5,292,347856703.41
1.5,293,393163870.23
1.5,294,308596463.78
1.5,295,370870384.79
1.5,296,334461164.64
1.5,297,348478022.29
1.5,298,381126036.54
1.5,299,326842501.23
1.5,300,359844133.07
1.5,301,390167048.32
1.5,302,392576986.23
1.5,303,391825867.15
1.5,304,378960743.18
1.5,305,367753742.52
1.5,306,382957524.87
1.5,307,367644650.32
1.5,308,390292059.96
1.5,309,385198461.35
1.5,310,270027915.36
1.5,311,386038554.04
1.5,312,394455154.37
1.5,313,383031625.24
1.5,314,374089734.47
1.5,315,366220604.9
1.5,316,383707946.28
1.5,317,376617502.76
1.5,318,397522011.52
1.5,319,395637486.65
1.5,320,324738978.53
1.5,321,362355656.57
1.5,322,368284378.38
1.5,323,393494182.13
1.5,324,396295256.11
1.5,325,381802477.73
1.5,326,392758702.47
1.5,327,395463568.84
1.5,328,375603459.88
1.5,329,396596794.55
1.5,330,384191800.72
1.5,331,395890423.29
1.5,332,382061355.26
1.5,333,394679281.82
1.5,334,347574341.35
1.5,335,385963296.05
1.5,336,394565281.99
1.5,337,380526493.66
1.5,338,351147475.27
1.5,339,375579169.56
1.5,340,360333844.15
1.5,341,382349591.09
1.5,342,386311292.85
1.5,343,385756253.22
1.5,344,347103854.1
1.5,345,392420982.82
1.5,346,371525365.91
1.5,347,378314122.67
1.5,348,383863054.33
1.5,349,372665261.1
1.5,350,368430036.15
1.5,351,392337364.03
1.5,352,374687884.83
1.5,353,386139815.37
1.5,354,309405772.1
1.5,355,397783225.06
1.5,356,351928491.31
1.5,357,371794596.99
1.5,358,349243797.34
1.5,359,392574825.71
1.5,360,391937265.05
1.5,361,374632485.97
1.5,362,366175659.29
1.5,363,361608922.53
1.5,364,385797083.98
1.5,365,390269372.67
1.5,366,341449437.58
1.5,367,382258629.39
1.5,368,370592388.48
1.5,369,381414897.59
1.5,370,381976853.14
1.5,371,396174085.95
1.5,372,360156985.64
1.5,373,399420945.4
1.5,374,354197651.83
1.5,375,395473578.3
1.5,376,395819066.36
1.5,377,326890205.95
1.5,378,397788337.75
1.5,379,396661919.55
1.5,380,382102788.06
1.5,381,394418488.71
1.5,382,393115832.07
1.5,383,387715644.0
1.5,384,397034343.56
1.5,385,396921510.35
1.5,386,348497324.06
1.5,387,384087326.56
1.5,388,395150541.49
1.5,389,371980259.32
1.5,390,361993473.32
1.5,391,379072525.84
1.5,392,335815891.21
1.5,393,373601012.86
1.5,394,387329396.87
1.5,395,369691744.74
1.5,396,387782454.31
1.5,397,368549346.59
1.5,398,354733991.14
1.5,399,308664803.78
1.5,400,380021810.8
1.5,401,394685663.78
1.5,402,317272732.72
1.5,403,383344444.49
1.5,404,386055758.96
1.5,405,395733443.95
1.5,406,368264415.46
1.5,407,395090738.98
1.5,408,382699290.09
1.5,409,349174585.74
1.5,410,386883545.89
1.5,411,386250575.01
1.5,412,385136309.74
1.5,413,397470389.55
1.5,414,376353638.22
1.5,415,399470725.9
1.5,416,380072606.13
1.5,417,385351998.62
1.5,418,370833986.76
1.5,419,370756604.88
1.5,420,373690726.06
1.5,421,345685683.98
1.5,422,399470340.66
1.5,423,383292172.96
1.5,424,391651177.49
1.5,425,382611834.15
1.5,426,304337391.7
1.5,427,397825129.03
1.5,428,388034454.66
1.5,429,390333997.28
1.5,430,391567409.12
1.5,431,387749738.88
1.5,432,398128839.45
1.5,433,356634723.96
1.5,434,397154271.36
1.5,435,326917655.56
1.5,436,377441408.54
1.5,437,394047043.43
1.5,438,383144625.03
1.5,439,362607260.28
1.5,440,387201206.96
1.5,441,372680951.53
1.5,442,393741114.01
1.5,443,311651709.49
1.5,444,392398598.58
1.5,445,396942742.11
1.5,446,391863208.13
1.5,447,369392517.17
1.5,448,395429690.18
1.5,449,391619754.62
1.5,450,382170009.45
1.5,451,390982035.69
1.5,452,375690711.86
1.5,453,398738488.0
1.5,454,355526735.55
1.5,455,395655668.85
1.5,456,389789013.53
1.5,457,382990703.83
1.5,458,392063905.43
1.5,459,335537671.37
1.5,460,304276190.89
1.5,461,384358568.72
1.5,462,392131758.63
1.5,463,389351327.89
1.5,464,396882471.94
1.5,465,397827138.22
1.5,466,393088363.94
1.5,467,365326877.9
1.5,468,383323927.08
1.5,469,308543845.51
1.5,470,368130188.51
1.5,471,389222599.09
1.5,472,358517757.38
1.5,473,372220622.7
1.5,474,381357512.49
1.5,475,346866617.72
1.5,476,391901245.75
1.5,477,338156518.15
1.5,478,394065243.97
1.5,479,393453339.84
1.5,480,357327966.09
1.5,481,396198316.42
1.5,482,339780577.77
1.5,483,392545521.17
1.5,484,379358656.11
1.5,485,378819002.15
1.5,486,395295325.46
1.5,487,384218617.03
1.5,488,371897638.77
1.5,489,383396089.38
1.5,490,398904005.63
1.5,491,395298263.95
1.5,492,397812228.86
1.5,493,395113322.5
1.5,494,392458750.36
1.5,495,385549462.44
1.5,496,369325561.19
1.5,497,395729411.62
1.5,498,392447698.09
1.5,499,390752426.2
1.6,0,391747597.25
1.6,1,372474018.95
1.6,2,339741980.13
1.6,3,395495245.45
1.6,4,388500018.65
1.6,5,376863519.68
1.6,6,369038084.95
1.6,7,399861961.99
1.6,8,316803180.59
1.6,9,389932109.08
1.6,10,387315354.41
1.6,11,398050643.33
1.6,12,292265586.24
1.6,13,388175935.73
1.6,14,392818999.68
1.6,15,383436509.99
1.6,16,397987094.38
1.6,17,395564484.18
1.6,18,342809981.5
1.6,19,395973737.2
1.6,20,385590228.52
1.6,21,394584395.99
1.6,22,377441384.29
1.6,23,390446458.15
1.6,24,377457903.48
1.6,25,392291698.98
1.6,26,363220408.57
1.6,27,356393503.12
1.6,28,363100614.69
1.6,29,344258486.59
1.6,30,389782397.16
1.6,31,393803995.24
1.6,32,389888393.17
1.6,33,381814618.79
1.6,34,391517103.96
1.6,35,383381047.1
1.6,36,377646482.64
1.6,37,385317744.6
1.6,38,336792238.58
1.6,39,336066573.06
1.6,40,333334904.84
1.6,41,393158439.12
1.6,42,316884840.71
1.6,43,306146107.13
1.6,44,343083544.6
1.6,45,329242068.21
1.6,46,369646443.05
1.6,47,391928542.2
1.6,48,365687574.86
1.6,49,396594638.79
1.6,50,394013859.34
1.6,51,394687053.2
1.6,52,364721487.11
1.6,53,397030236.23
1.6,54,361765404.91
1.6,55,373454363.58
1.6,56,397423747.08
1.6,57,378067556.83
1.6,58,389642482.86
1.6,59,366734655.8
1.6,60,348577133.11
1.6,61,316835814.79
1.6,62,359060892.87
1.6,63,370978089.13
1.6,64,392083244.63
1.6,65,388438707.46
1.6,66,315830701.33
1.6,67,396955605.56
1.6,68,394766268.17
1.6,69,396612905.73
1.6,70,390714693.33
1.6,71,378392081.32
1.6,72,381722706.8
1.6,73,318412147.99
1.6,74,389383080.68
1.6,75,396098926.95
1.6,76,343310718.72
1.6,77,377733839.86
1.6,78,374321599.46
1.6,79,386248925.61
1.6,80,393704848.96
1.6,81,398946240.02
1.6,82,385402030.94
1.6,83,389128968.24
1.6,84,384507457.12
1.6,85,392817328.14
1.6,86,376428875.97
1.6,87,362643589.88
1.6,88,394631589.34
1.6,89,352295346.21
1.6,90,375415258.2
1.6,91,376810823.0
1.6,92,347257560.34
1.6,93,389033609.67
1.6,94,390074761.71
1.6,95,397993429.54
1.6,96,394885906.28
1.6,97,381297882.53
1.6,98,356186286.74
1.6,99,333167061.26
1.6,100,379021052.22
1.6,101,370993203.67
1.6,102,375693066.17
1.6,103,284213331.97
1.6,104,399307680.71
1.6,105,399864562.16
1.6,106,375372299.72
1.6,107,385622242.17
1.6,108,334414235.32
1.6,109,399270597.56
1.6,110,388942294.99
1.6,111,377839355.94
1.6,112,290374847.41
1.6,113,379974102.07
1.6,114,341465852.47
1.6,115,380174329.77
1.6,116,389678216.18
1.6,117,332834207.27
1.6,118,368006548.44
1.6,119,385931118.68
1.6,120,364077601.62
1.6,121,352557785.22
1.6,122,360576904.98
1.6,123,383088049.33
1.6,124,397666705.27
1.6,125,375631336.55
1.6,126,395509920.88
1.6,127,365108467.97
1.6,128,395957890.44
1.6,129,381943536.02
1.6,130,378451278.97
1.6,131,372733972.77
1.6,132,393775489.68
1.6,133,392524951.76
1.6,134,365906764.09
1.6,135,377634792.2
1.6,136,389933443.85
1.6,137,354401838.66
1.6,138,384365569.12
1.6,139,348970923.8
1.6,140,376038524.83
1.6,141,382872973.53
1.6,142,367216100.61
1.6,143,372805691.02
1.6,144,346405141.67
1.6,145,390602784.24
1.6,146,385291833.59
1.6,147,391683260.73
1.6,148,395661968.93
1.6,149,398643546.46
1.6,150,351435337.07
1.6,151,371305288.0
1.6,152,306842079.25
1.6,153,342391341.04
1.6,154,389213793.21
1.6,155,379476330.63
1.6,156,387783300.76
1.6,157,397111345.1
1.6,158,391644708.2
1.6,159,374076959.92
1.6,160,385628366.61
1.6,161,381314079.11
1.6,162,383079476.06
1.6,163,378790582.21
1.6,164,392223882.71
1.6,165,378613774.38
1.6,166,361852440.68
1.6,167,343798520.93
1.6,168,346491989.96
1.6,169,382128242.85
1.6,170,394971255.62
1.6,171,379467791.99
1.6,172,391824944.72
1.6,173,298698326.71
1.6,174,366711463.57
1.6,175,380405445.68
1.6,176,346360455.81
1.6,177,333256532.23
1.6,178,383773179.37
1.6,179,374504233.21
1.6,180,389061159.92
1.6,181,391616062.79
1.6,182,394083713.08
1.6,183,390739856.38
1.6,184,366329384.13
1.6,185,306893723.59
1.6,186,381703771.65
1.6,187,394078241.23
1.6,188,326221130.48
1.6,189,348967762.02
1.6,190,371071713.52
1.6,191,396541629.99
1.6,192,389956453.72
1.6,193,379482413.14
1.6,194,369259643.42
1.6,195,365129858.66
1.6,196,365474605.71
1.6,197,392715725.63
1.6,198,377995865.41
1.6,199,342417618.71
1.6,200,381855232.32
1.6,201,398870479.13
1.6,202,373962507.43
1.6,203,387037283.96
1.6,204,374707713.83
1.6,205,367889691.31
1.6,206,390865608.11
1.6,207,389913414.42
1.6,208,387418769.93
1.6,209,361360599.07
1.6,210,370977600.01
1.6,211,393577713.22
1.6,212,379587775.5
1.6,213,364254031.32
1.6,214,365997907.97
1.6,215,395758902.14
1.6,216,377936590.97
1.6,217,389690114.27
1.6,218,378828657.14
1.6,219,388969956.7
1.6,220,382391414.3
1.6,221,378917947.31
1.6,222,393064268.47
1.6,223,374488212.53
1.6,224,370282992.63
1.6,225,360627313.81
1.6,226,370875440.84
1.6,227,394630851.06
1.6,228,370699577.28
1.6,229,378420777.53
1.6,230,392771248.76
1.6,231,389589694.47
1.6,232,391363221.13
1.6,233,368170227.4
1.6,234,390437255.06
1.6,235,397959831.33
1.6,236,368460822.34
1.6,237,373317318.6
1.6,238,380401064.51
1.6,239,367154850.99
1.6,240,399411378.26
1.6,241,328428009.23
1.6,242,367849613.82
1.6,243,382060906.61
1.6,244,394488491.77
1.6,245,396905692.07
1.6,246,361611305.74
1.6,247,384633265.71
1.6,248,353247318.27
1.6,249,332222653.14
1.6,250,368541990.97
1.6,251,373533127.32
1.6,252,366828377.27
1.6,253,362195516.26
1.6,254,333633670.66
1.6,255,363402688.49
1.6,256,381333621.31
1.6,257,364610373.03
1.6,258,378185532.85
1.6,259,397828838.85
1.6,260,370979943.82
1.6,261,391479609.16
1.6,262,395659069.79
1.6,263,393625158.9
1.6,264,375403745.12
1.6,265,399751023.13
1.6,266,353645225.63
1.6,267,357028372.53
1.6,268,373442903.95
1.6,269,394238571.13
1.6,270,325162239.09
1.6,271,367350522.65
1.6,272,381064002.17
1.6,273,397702511.82
1.6,274,374997600.25
1.6,275,318080125.61
1.6,276,358966050.82
1.6,277,364888771.15
1.6,278,313321916.67
1.6,279,385727423.24
1.6,280,379227290.34
1.6,281,383501855.16
1.6,282,393726878.94
1.6,283,384528111.24
1.6,284,377866855.53
1.6,285,381297257.15
1.6,286,393035167.37
1.6,287,398392556.24
1.6,288,368941065.43
1.6,289,358314742.69
1.6,290,356422255.66
1.6,291,391630307.58
1.6,292,382652633.59
1.6,293,362737138.7
1.6,294,388195821.74
1.6,295,357775922.65
1.6,296,365832631.59
1.6,297,369536131.61
1.6,298,389485840.77
1.6,299,396416138.38
1.6,300,390841831.21
1.6,301,330661259.46
1.6,302,398807547.29
1.6,303,386905778.46
1.6,304,363890416.05
1.6,305,344279282.37
1.6,306,344040022.88
1.6,307,384973623.66
1.6,308,398307906.4
1.6,309,369554238.38
1.6,310,386676771.27
1.6,311,380201650.4
1.6,312,352653414.98
1.6,313,372924272.02
1.6,314,383541225.46
1.6,315,328447189.13
1.6,316,358670463.49
1.6,317,377884958.29
1.6,318,379361653.27
1.6,319,385256200.32
1.6,320,375767410.81
1.6,321,393649288.29
1.6,322,392778474.01
1.6,323,348864185.17
1.6,324,385795768.05
1.6,325,386976914.35
1.6,326,390887854.36
1.6,327,377429479.67
1.6,328,397804324.73
1.6,329,392513813.18
1.6,330,389744097.9
1.6,331,391668637.38
1.6,332,370437879.67
1.6,333,356974228.62
1.6,334,377773565.23
1.6,335,392444829.43
1.6,336,384908643.17
1.6,337,395418139.0
1.6,338,388009470.87
1.6,339,385032181.14
1.6,340,389889103.05
1.6,341,293792064.95
1.6,342,351475708.51
1.6,343,378586300.46
1.6,344,386641518.02
1.6,345,377299604.12
1.6,346,383297784.85
1.6,347,388732212.54
1.6,348,371829024.56
1.6,349,389736070.53
1.6,350,365620250.15
1.6,351,397538627.07
1.6,352,378510533.18
1.6,353,390621156.16
1.6,354,382707568.74
1.6,355,375468032.4
1.6,356,367317917.03
1.6,357,385914788.14
1.6,358,394599299.26
1.6,359,398907132.32
1.6,360,366265842.82
1.6,361,395889727.03
1.6,362,388204550.49
1.6,363,366697409.67
1.6,364,389990068.68
1.6,365,384898034.31
1.6,366,386796539.93
1.6,367,342931581.94
1.6,368,394113854.99
1.6,369,348157732.38
1.6,370,392807854.57
1.6,371,393023139.67
1.6,372,396176227.53
1.6,373,397093233.71
1.6,374,378262994.3
1.6,375,361342599.09
1.6,376,390575936.93
1.6,377,371545386.01
1.6,378,297125015.36
1.6,379,395461365.24
1.6,380,394935523.64
1.6,381,370656133.71
1.6,382,386600909.48
1.6,383,380938861.5
1.6,384,394975539.27
1.6,385,387045150.74
1.6,386,389117026.81
1.6,387,327536970.41
1.6,388,373873636.98
1.6,389,371659625.37
1.6,390,384081992.43
1.6,391,379785320.47
1.6,392,332663415.05
1.6,393,394233755.87
1.6,394,391795134.02
1.6,395,385363812.59
1.6,396,398663621.24
1.6,397,389970275.72
1.6,398,379232025.38
1.6,399,391209711.03
1.6,400,321386855.17
1.6,401,348028424.31
1.6,402,384045444.58
1.6,403,362824920.45
1.6,404,392650517.53
1.6,405,398958272.96
1.6,406,362629064.54
1.6,407,381012431.6
1.6,408,355230620.49
1.6,409,384793857.86
1.6,410,380777837.92
1.6,411,390267393.1
1.6,412,370341513.61
1.6,413,337482839.95
1.6,414,358727032.97
1.6,415,358076747.12
1.6,416,387618342.11
1.6,417,389598329.87
1.6,418,355822611.36
1.6,419,373452247.68
1.6,420,396640292.5
1.6,421,377146798.24
1.6,422,386455526.69
1.6,423,395166043.3
1.6,424,393366794.49
1.6,425,356267508.14
1.6,426,316252085.08
1.6,427,396756195.14
1.6,428,397849714.15
1.6,429,345760088.24
1.6,430,398860762.99
1.6,431,381867413.99
1.6,432,354009095.49
1.6,433,367604921.14
1.6,434,391324737.66
1.6,435,387376987.98
1.6,436,298301715.52
1.6,437,391557857.36
1.6,438,374469277.83
1.6,439,335859260.18
1.6,440,399138248.68
1.6,441,381570578.16
1.6,442,397243232.84
1.6,443,386733305.32
1.6,444,377536241.46
1.6,445,342861381.7
1.6,446,345132149.21
1.6,447,378505084.66
1.6,448,368039016.14
1.6,449,382478856.72
1.6,450,357346078.28
1.6,451,382963810.96
1.6,452,385246062.52
1.6,453,385379179.95
1.6,454,338177005.5
1.6,455,381375724.01
1.6,456,362337127.33
1.6,457,292437534.61
1.6,458,377525980.52
1.6,459,374970848.39
1.6,460,366725208.29
1.6,461,378726227.34
1.6,462,309668533.26
1.6,463,375966142.13
1.6,464,398279697.34
1.6,465,337979736.18
1.6,466,375993580.98
1.6,467,367673317.19
1.6,468,388012986.67
1.6,469,370766806.3
1.6,470,323944987.72
1.6,471,385584342.85
1.6,472,369995183.84
1.6,473,392005774.81
1.6,474,393008791.55
1.6,475,383641727.38
1.6,476,373949805.68
1.6,477,369150228.67
1.6,478,390081225.32
1.6,479,368595696.62
1.6,480,376353632.05
1.6,481,343709610.22
1.6,482,395480489.44
1.6,483,356172216.42
1.6,484,393562688.27
1.6,485,379341904.17
1.6,486,380851390.21
1.6,487,365501839.52
1.6,488,371642896.87
1.6,489,358701607.88
1.6,490,362988315.48
1.6,491,301245010.75
1.6,492,336824217.48
1.6,493,397274346.56
1.6,494,386950025.2
1.6,495,367905529.07
1.6,496,391731466.82
1.6,497,384939306.54
1.6,498,393229585.19
1.6,499,365882988.66
1.7,0,377746651.84
1.7,1,398657564.15
1.7,2,365923341.66
1.7,3,326113824.18
1.7,4,366692184.12
1.7,5,369829958.28
1.7,6,394819578.2
1.7,7,330015738.0
1.7,8,345978718.3
1.7,9,361922036.16
1.7,10,356874746.25
1.7,11,384057210.93
1.7,12,301990013.73
1.7,13,382075446.58
1.7,14,389361976.11
1.7,15,383975487.53
1.7,16,384108699.22
1.7,17,381004417.74
1.7,18,320472087.07
1.7,19,393815187.57
1.7,20,387611979.36
1.7,21,397731377.83
1.7,22,370277275.4
1.7,23,375064080.49
1.7,24,380493821.88
1.7,25,323616966.81
1.7,26,392588182.79
1.7,27,387876854.95
1.7,28,353887664.16
1.7,29,396365872.1
1.7,30,336256391.7
1.7,31,369759454.43
1.7,32,388988240.11
1.7,33,394484367.96
1.7,34,397080639.77
1.7,35,398199671.4
1.7,36,383320301.66
1.7,37,396312866.15
1.7,38,353214787.29
1.7,39,367907762.66
1.7,40,380091641.59
1.7,41,389109897.3
1.7,42,393728586.94
1.7,43,390036370.76
1.7,44,372138353.23
1.7,45,399855318.94
1.7,46,395464774.13
1.7,47,381793409.0
1.7,48,395529685.07
1.7,49,384306819.03
1.7,50,395804303.55
1.7,51,387911212.94
1.7,52,370518744.76
1.7,53,371826575.99
1.7,54,361806975.81
1.7,55,327553641.27
1.7,56,374038993.7
1.7,57,375788160.48
1.7,58,381447920.77
1.7,59,371925094.12
1.7,60,329441460.16
1.7,61,385710156.24
1.7,62,350794006.25
1.7,63,397615205.22
1.7,64,324854439.18
1.7,65,267227863.49
1.7,66,378609481.46
1.7,67,396823654.74
1.7,68,326309598.12
1.7,69,327074833.17
1.7,70,320374074.5
1.7,71,347975543.46
1.7,72,373797996.12
1.7,73,390728947.0
1.7,74,394483860.36
1.7,75,396018081.2
1.7,76,373497625.99
1.7,77,353609005.1
1.7,78,375281799.51
1.7,79,378433942.16
1.7,80,353403524.22
1.7,81,369538560.43
1.7,82,382154414.03
1.7,83,395016111.93
1.7,84,396666246.33
1.7,85,337308900.54
1.7,86,392549197.35
1.7,87,349735597.1
1.7,88,396197485.01
1.7,89,385572476.0
1.7,90,393014698.95
1.7,91,365910993.49
1.7,92,394292711.91
1.7,93,319902269.54
1.7,94,383436491.77
1.7,95,385958385.0
1.7,96,380174205.5
1.7,97,349003093.54
1.7,98,335424950.24
1.7,99,295005158.05
1.7,100,394108174.85
1.7,101,351842461.75
1.7,102,387690590.96
1.7,103,369231982.39
1.7,104,387066256.3
1.7,105,366561949.42
1.7,106,389925171.74
1.7,107,380197169.41
1.7,108,395199436.55
1.7,109,378048524.65
1.7,110,386985648.3
1.7,111,378585234.02
1.7,112,325165308.37
1.7,113,377005499.41
1.7,114,391653649.07
1.7,115,396799145.31
1.7,116,392489182.68
1.7,117,302074691.37
1.7,118,337843032.74
1.7,119,386116600.74
1.7,120,362128586.7
1.7,121,397977944.69
1.7,122,394271156.57
1.7,123,359311706.14
1.7,124,385870772.67
1.7,125,376292985.02
1.7,126,381283731.28
1.7,127,370556787.49
1.7,128,370434650.82
1.7,129,378615581.91
1.7,130,381567867.5
1.7,131,373905470.17
1.7,132,361937189.22
1.7,133,381908799.71
1.7,134,333434130.57
1.7,135,380306423.12
1.7,136,394878876.17
1.7,137,399736672.25
1.7,138,370819824.9
1.7,139,392082705.01
1.7,140,398400210.58
1.7,141,354770121.82
1.7,142,394058037.45
1.7,143,395683882.24
1.7,144,395637152.91
1.7,145,399217208.42
1.7,146,385970071.63
1.7,147,339025857.69
1.7,148,380908524.87
1.7,149,390696689.18
1.7,150,363939037.91
1.7,151,299097964.07
1.7,152,384546598.78
1.7,153,381431675.48
1.7,154,389078271.43
1.7,155,354457836.23
1.7,156,329949490.37
1.7,157,392388007.39
1.7,158,391560644.13
1.7,159,367579164.29
1.7,160,393272167.54
1.7,161,385152743.08
1.7,162,385939172.17
1.7,163,358497698.54
1.7,164,389412180.53
1.7,165,368914185.46
1.7,166,392819863.18
1.7,167,345277695.6
1.7,168,387069410.03
1.7,169,378311650.27
1.7,170,351332738.15
1.7,171,393963882.45
1.7,172,395317484.4
1.7,173,368391649.81
1.7,174,370901491.56
1.7,175,382162205.15
1.7,176,365852782.7
1.7,177,274525718.58
1.7,178,347064243.44
1.7,179,392978886.32
1.7,180,341670187.25
1.7,181,369919686.74
1.7,182,393547870.91
1.7,183,356996558.22
1.7,184,313119248.09
1.7,185,390114248.26
1.7,186,398967381.63
1.7,187,373976632.07
1.7,188,397077058.86
1.7,189,382485666.58
1.7,190,376553320.38
1.7,191,394605420.21
1.7,192,399387373.08
1.7,193,363522100.78
1.7,194,388809172.3
1.7,195,392414895.73
1.7,196,386741598.58
1.7,197,397692657.83
1.7,198,393190770.62
1.7,199,332044667.46
1.7,200,392850908.69
1.7,201,314261246.6
1.7,202,397731154.07
1.7,203,321882667.27
1.7,204,350615687.32
1.7,205,396150218.19
1.7,206,338602095.9
1.7,207,385181006.74
1.7,208,374600164.03
1.7,209,383562364.99
1.7,210,395218390.81
1.7,211,395858620.03
1.7,212,382620173.14
1.7,213,359845284.31
1.7,214,370759080.72
1.7,215,347399872.63
1.7,216,377019534.63
1.7,217,352574936.03
1.7,218,382429531.28
1.7,219,382832254.9
1.7,220,383963593.68
1.7,221,385820343.84
1.7,222,376749053.28
1.7,223,392971381.61
1.7,224,377628985.19
1.7,225,383648643.71
1.7,226,376286659.65
1.7,227,379148682.55
1.7,228,370745594.18
1.7,229,310505219.15
1.7,230,339878136.98
1.7,231,365657885.72
1.7,232,375769540.35
1.7,233,372054537.18
1.7,234,386995320.04
1.7,235,363540420.21
1.7,236,329331700.08
1.7,237,377021611.7
1.7,238,360799138.22
1.7,239,358389880.68
1.7,240,370500775.15
1.7,241,361640503.21
1.7,242,372983428.76
1.7,243,399194823.17
1.7,244,382957007.69
1.7,245,391759574.43
1.7,246,392158888.88
1.7,247,377488242.34
1.7,248,369218418.32
1.7,249,385702239.29
1.7,250,348419450.05
1.7,251,384728389.59
1.7,252,370587186.37
1.7,253,397667188.31
1.7,254,398507633.65
1.7,255,372397187.85
1.7,256,357246142.86
1.7,257,389296927.71
1.7,258,340558955.41
1.7,259,354293530.76
1.7,260,373743872.17
1.7,261,375895905.21
1.7,262,393310319.65
1.7,263,389541632.52
1.7,264,371740995.58
1.7,265,371024255.22
1.7,266,388798302.31
1.7,267,387797451.86
1.7,268,341455928.29
1.7,269,387548211.26
1.7,270,355623168.64
1.7,271,398925706.77
1.7,272,393468842.48
1.7,273,352811081.52
1.7,274,384652808.21
1.7,275,368458484.75
1.7,276,385506308.38
1.7,277,376022444.55
1.7,278,335856474.92
1.7,279,395825428.02
1.7,280,363963989.08
1.7,281,371429370.1
1.7,282,395445935.83
1.7,283,380403520.06
1.7,284,372544572.4
1.7,285,394728490.74
1.7,286,372888309.42
1.7,287,398727905.67
1.7,288,393940863.2
1.7,289,296410680.11
1.7,290,329109263.89
1.7,291,376543082.11
1.7,292,292999012.63
1.7,293,374680455.49
1.7,294,392452500.59
1.7,295,398038909.1
1.7,296,363852608.07
1.7,297,395819463.61
1.7,298,398134787.8
1.7,299,398180476.28
1.7,300,368256756.39
1.7,301,384966970.11
1.7,302,337606488.82
1.7,303,377465966.95
1.7,304,385480552.96
1.7,305,376161472.97
1.7,306,355060192.37
1.7,307,308589077.91
1.7,308,385233750.54
1.7,309,360942905.07
1.7,310,377012043.64
1.7,311,392927762.58
1.7,312,362170782.31
1.7,313,310947780.9
1.7,314,362656747.98
1.7,315,378395047.89
1.7,316,348598896.79
1.7,317,392803475.19
1.7,318,350738520.44
1.7,319,284753111.57
1.7,320,398872304.27
1.7,321,386148006.07
1.7,322,394571466.51
1.7,323,374190468.58
1.7,324,359014309.06
1.7,325,385606560.14
1.7,326,383807491.66
1.7,327,384566505.29
1.7,328,392274719.32
1.7,329,377011495.95
1.7,330,352714569.65
1.7,331,386493260.73
1.7,332,383764727.01
1.7,333,320624075.39
1.7,334,343199260.6
1.7,335,378850983.4
1.7,336,330307956.32
1.7,337,386859099.19
1.7,338,380107109.06
1.7,339,340520969.27
1.7,340,312212990.6
1.7,341,392194611.94
1.7,342,333982826.8
1.7,343,387247114.56
1.7,344,385090565.31
1.7,345,352623295.42
1.7,346,390560931.5
1.7,347,366576567.64
1.7,348,399740446.19
1.7,349,326525383.27
1.7,350,370402266.47
1.7,351,382683177.57
1.7,352,324881311.84
1.7,353,387394436.64
1.7,354,389777769.88
1.7,355,392622425.73
1.7,356,387036934.15
1.7,357,354589898.37
1.7,358,377988304.75
1.7,359,331047708.61
1.7,360,395686247.7
1.7,361,353503560.93
1.7,362,376233440.99
1.7,363,338195976.39
1.7,364,341514810.2
1.7,365,320225585.58
1.7,366,361177045.43
1.7,367,372268813.4
1.7,368,363548695.81
1.7,369,339423838.28
1.7,370,396274816.04
1.7,371,346537886.59
1.7,372,375671082.94
1.7,373,399609355.5
1.7,374,389229760.9
1.7,375,292113979.47
1.7,376,308589105.7
1.7,377,331056823.96
1.7,378,396974006.58
1.7,379,390581739.44
1.7,380,394990895.88
1.7,381,376090631.54
1.7,382,396394262.37
1.7,383,390400283.6
1.7,384,398670002.7
1.7,385,373038561.58
1.7,386,384431399.11
1.7,387,297498249.27
1.7,388,395760677.42
1.7,389,325542999.82
1.7,390,337991985.16
1.7,391,333773602.67
1.7,392,378221842.49
1.7,393,378269496.16
1.7,394,395537702.83
1.7,395,397823659.75
1.7,396,373666210.77
1.7,397,337080900.56
1.7,398,387545342.76
1.7,399,388453690.72
1.7,400,351096531.07
1.7,401,391330544.0
1.7,402,369211231.99
1.7,403,287448925.58
1.7,404,363367008.8
1.7,405,399840969.07
1.7,406,394157700.24
1.7,407,398415216.9
1.7,408,393265719.07
1.7,409,394585252.02
1.7,410,394931507.6
1.7,411,373265627.93
1.7,412,390833091.9
1.7,413,378987905.0
1.7,414,398577784.21
1.7,415,373965762.13
1.7,416,396766080.07
1.7,417,387396752.55
1.7,418,397171697.97
1.7,419,394805084.1
1.7,420,391838755.75
1.7,421,398787798.96
1.7,422,383371187.36
1.7,423,392404488.24
1.7,424,387477359.59
1.7,425,380766260.38
1.7,426,338240068.28
1.7,427,390389731.73
1.7,428,392417847.09
1.7,429,390067433.96
1.7,430,365686766.19
1.7,431,376950465.96
1.7,432,360591226.99
1.7,433,397143839.76
1.7,434,262328196.86
1.7,435,381747776.01
1.7,436,348439638.18
1.7,437,380007774.15
1.7,438,259497688.44
1.7,439,328341752.48
1.7,440,311434315.38
1.7,441,386930912.87
1.7,442,382725771.21
1.7,443,311877774.77
1.7,444,394916340.5
1.7,445,381475235.4
1.7,446,364316038.7
1.7,447,386290807.32
1.7,448,361616151.97
1.7,449,347997949.39
1.7,450,357875845.48
1.7,451,395503646.81
1.7,452,358221623.7
1.7,453,348176287.75
1.7,454,392582480.16
1.7,455,348191728.93
1.7,456,393400751.55
1.7,457,392980511.73
1.7,458,369356755.3
1.7,459,392929719.59
1.7,460,364427786.97
1.7,461,380269660.45
1.7,462,386137874.42
1.7,463,393825825.8
1.7,464,365692611.07
1.7,465,381714962.55
1.7,466,364621381.96
1.7,467,397510583.9
1.7,468,388236599.98
1.7,469,391612818.26
1.7,470,307710537.01
1.7,471,382768611.81
1.7,472,376422581.84
1.7,473,331120231.06
1.7,474,389640819.91
1.7,475,377029314.62
1.7,476,378092887.17
1.7,477,376352266.67
1.7,478,397151386.42
1.7,479,378776494.39
1.7,480,386686399.86
1.7,481,362178614.94
1.7,482,390890265.93
1.7,483,396887950.06
1.7,484,364309498.97
1.7,485,373720317.15
1.7,486,384021726.81
1.7,487,390123499.24
1.7,488,366262537.28
1.7,489,394911924.56
1.7,490,384980790.44
1.7,491,382347597.79
1.7,492,384869292.65
1.7,493,384034002.94
1.7,494,378901355.53
1.7,495,355911977.3
1.7,496,378271420.55
1.7,497,394012830.53
1.7,498,381753590.98
1.7,499,333812534.83
1.8,0,268258466.6
1.8,1,394056958.56
1.8,2,381156456.87
1.8,3,313838254.61
1.8,4,369889173.03
1.8,5,395475779.79
1.8,6,384040199.09
1.8,7,349840259.98
1.8,8,369913440.01
1.8,9,387804613.26
1.8,10,378873419.17
1.8,11,387104606.75
1.8,12,306351963.7
1.8,13,374944694.56
1.8,14,356358749.83
1.8,15,329084596.71
1.8,16,381744932.09
1.8,17,390166054.23
1.8,18,398022773.82
1.8,19,397069848.93
1.8,20,376400807.46
1.8,21,318092245.09
1.8,22,385132936.84
1.8,23,388270663.06
1.8,24,310620939.47
1.8,25,395966345.33
1.8,26,385788105.36
1.8,27,392853703.2
1.8,28,391516980.49
1.8,29,384057351.27
1.8,30,386388441.62
1.8,31,387978907.87
1.8,32,340652523.09
1.8,33,368239951.55
1.8,34,386425305.21
1.8,35,353080412.51
1.8,36,394403403.64
1.8,37,397989178.9
1.8,38,377707400.17
1.8,39,387515864.62
1.8,40,333842125.03
1.8,41,393452775.35
1.8,42,364391245.6
1.8,43,347512781.64
1.8,44,320560384.66
1.8,45,388290293.78
1.8,46,382295201.53
1.8,47,290531097.59
1.8,48,377264600.85
1.8,49,378926178.12
1.8,50,349221733.95
1.8,51,384366589.59
1.8,52,395187362.22
1.8,53,315975865.95
1.8,54,382861288.49
1.8,55,385426843.57
1.8,56,395226366.26
1.8,57,296201058.14
1.8,58,364492357.55
1.8,59,371267934.31
1.8,60,387163446.89
1.8,61,376107164.79
1.8,62,384150223.53
1.8,63,370964698.54
1.8,64,335416202.08
1.8,65,397550158.13
1.8,66,363726893.03
1.8,67,384226468.31
1.8,68,352523711.99
1.8,69,352098136.05
1.8,70,304565034.23
1.8,71,388024289.68
1.8,72,368034469.84
1.8,73,386112253.37
1.8,74,385174156.21
1.8,75,373567109.55
1.8,76,350581469.63
1.8,77,389488774.56
1.8,78,345500855.42
1.8,79,395864519.46
1.8,80,362077394.79
1.8,81,389799135.28
1.8,82,338375915.81
1.8,83,312861112.1
1.8,84,397381979.78
1.8,85,385166543.56
1.8,86,351569095.47
1.8,87,393939840.34
1.8,88,387909037.24
1.8,89,376227535.21
1.8,90,388229409.83
1.8,91,390236093.35
1.8,92,364702558.94
1.8,93,380266426.55
1.8,94,361966017.59
1.8,95,347946400.96
1.8,96,342719299.53
1.8,97,346561144.63
1.8,98,378556584.38
1.8,99,395625054.91
1.8,100,393174517.61
1.8,101,348387668.83
1.8,102,384675686.25
1.8,103,387956532.04
1.8,104,397583341.58
1.8,105,339289296.46
1.8,106,374117343.58
1.8,107,381858084.68
1.8,108,394096310.5
1.8,109,399696596.77
1.8,110,361436724.27
1.8,111,348518780.07
1.8,112,373477550.58
1.8,113,381668542.85
1.8,114,384981330.04
1.8,115,391009219.29
1.8,116,392328911.08
1.8,117,397368667.93
1.8,118,260861043.51
1.8,119,315012209.04
1.8,120,380717801.34
1.8,121,368132607.09
1.8,122,333337841.66
1.8,123,379921544.55
1.8,124,339487840.42
1.8,125,397311136.24
1.8,126,390424481.74
1.8,127,327647914.18
1.8,128,390833242.32
1.8,129,390927578.56
1.8,130,346689708.77
1.8,131,338158052.17
1.8,132,370140165.57
1.8,133,388682283.25
1.8,134,339638207.81
1.8,135,381949543.69
1.8,136,386393993.06
1.8,137,339494231.28
1.8,138,383569010.84
1.8,139,369058323.04
1.8,140,394457142.2
1.8,141,383404367.13
1.8,142,379064525.05
1.8,143,381329225.76
1.8,144,310375567.28
1.8,145,377136973.74
1.8,146,390468409.12
1.8,147,396098182.91
1.8,148,389297602.55
1.8,149,372340747.99
1.8,150,375690861.86
1.8,151,379194310.19
1.8,152,382237460.49
1.8,153,399351054.53
1.8,154,350878418.08
1.8,155,386557105.6
1.8,156,370940886.56
1.8,157,375512645.44
1.8,158,397831619.72
1.8,159,373405558.56
1.8,160,389079831.8
1.8,161,331719450.15
1.8,162,362762529.26
1.8,163,379177958.33
1.8,164,357152532.24
1.8,165,398637154.19
1.8,166,394315071.44
1.8,167,397680687.97
1.8,168,390363082.22
1.8,169,369947050.04
1.8,170,375042900.27
1.8,171,350678825.22
1.8,172,398853858.52
1.8,173,387395868.78
1.8,174,368061062.22
1.8,175,398500771.18
1.8,176,363378914.93
1.8,177,379904152.1
1.8,178,389611804.09
1.8,179,371505915.13
1.8,180,379867302.27
1.8,181,376113642.78
1.8,182,294678387.18
1.8,183,398513957.78
1.8,184,394624974.29
1.8,185,377802128.14
1.8,186,387200791.89
1.8,187,397020023.72
1.8,188,373004539.8
1.8,189,394542080.73
1.8,190,367746425.47
1.8,191,386412798.11
1.8,192,340401336.79
1.8,193,397259382.23
1.8,194,356927951.52
1.8,195,393323239.09
1.8,196,279992965.79
1.8,197,342846535.34
1.8,198,389337938.76
1.8,199,319123663.67
1.8,200,380223586.73
1.8,201,395414411.05
1.8,202,388136687.64
1.8,203,380827853.09
1.8,204,386134075.55
1.8,205,389108530.05
1.8,206,282316758.38
1.8,207,355297534.07
1.8,208,286804250.07
1.8,209,341943301.58
1.8,210,375917394.83
1.8,211,380396464.55
1.8,212,394862634.92
1.8,213,398964741.03
1.8,214,381538026.36
1.8,215,300767787.98
1.8,216,388942083.94
1.8,217,392890119.52
1.8,218,377665403.06
1.8,219,379700735.48
1.8,220,399322801.58
1.8,221,396266986.92
1.8,222,362492152.53
1.8,223,385665960.62
1.8,224,379430907.54
1.8,225,391354120.1
1.8,226,349534117.09
1.8,227,323395660.96
1.8,228,341362907.03
1.8,229,370874567.18
1.8,230,345915438.23
1.8,231,385844426.16
1.8,232,334552131.87
1.8,233,391532599.45
1.8,234,291700972.1
1.8,235,345873557.31
1.8,236,388478837.48
1.8,237,337110493.63
1.8,238,381464023.99
1.8,239,399346328.33
1.8,240,333273527.84
1.8,241,383565048.29
1.8,242,366241803.68
1.8,243,396368366.09
1.8,244,393318777.62
1.8,245,393890011.49
1.8,246,349840314.73
1.8,247,377945575.57
1.8,248,386584825.46
1.8,249,388300189.16
1.8,250,320410350.41
1.8,251,378930886.37
1.8,252,372043397.05
1.8,253,392397968.57
1.8,254,386006425.15
1.8,255,287847644.56
1.8,256,393236911.95
1.8,257,360708301.24
1.8,258,392896698.72
1.8,259,372253202.57
1.8,260,391637178.54
1.8,261,342713254.71
1.8,262,372915715.74
1.8,263,368918931.04
1.8,264,394887044.35
1.8,265,382136830.1
1.8,266,375649120.78
1.8,267,380962076.26
1.8,268,392619988.84
1.8,269,380106209.39
1.8,270,380137946.71
1.8,271,399151723.65
1.8,272,364348925.58
1.8,273,344287240.76
1.8,274,380063837.3
1.8,275,381021627.0
1.8,276,364541030.01
1.8,277,363727387.52
1.8,278,392918289.62
1.8,279,337730776.41
1.8,280,365432267.15
1.8,281,396366026.43
1.8,282,372401577.77
1.8,283,302886504.59
1.8,284,360859973.06
1.8,285,316743256.08
1.8,286,363509074.03
1.8,287,390925628.65
1.8,288,313252431.36
1.8,289,388201101.15
1.8,290,369288064.42
1.8,291,366288177.07
1.8,292,363479810.48
1.8,293,381545451.12
1.8,294,333623017.48
1.8,295,395094890.01
1.8,296,377161591.49
1.8,297,366240474.85
1.8,298,360273396.81
1.8,299,383966367.91
1.8,300,388750810.32
1.8,301,361749700.61
1.8,302,375216235.66
1.8,303,352421758.5
1.8,304,398730755.14
1.8,305,341818473.22
1.8,306,386558744.79
1.8,307,386616491.99
1.8,308,369575474.7
1.8,309,386239698.68
1.8,310,350893003.66
1.8,311,392957909.41
1.8,312,376187295.93
1.8,313,363727750.74
1.8,314,294242826.19
1.8,315,380743370.7
1.8,316,399451480.52
1.8,317,390012915.86
1.8,318,394727542.02
1.8,319,272095722.79
1.8,320,372376106.5
1.8,321,370712516.6
1.8,322,380714955.82
1.8,323,379379900.72
1.8,324,388377184.1
1.8,325,389352861.76
1.8,326,322588167.86
1.8,327,378173070.52
1.8,328,372998704.18
1.8,329,394481073.71
1.8,330,378289699.35
1.8,331,366338434.52
1.8,332,367951368.38
1.8,333,318137666.35
1.8,334,393059974.17
1.8,335,393653055.48
1.8,336,308994894.11
1.8,337,360560600.65
1.8,338,373898866.92
1.8,339,397026865.85
1.8,340,356815561.21
1.8,341,373376087.36
1.8,342,341377831.36
1.8,343,375646629.42
1.8,344,387710034.37
1.8,345,356980938.58
1.8,346,373448412.79
1.8,347,392081812.94
1.8,348,386252501.63
1.8,349,399013133.69
1.8,350,375893054.27
1.8,351,390804272.15
1.8,352,394101498.64
1.8,353,383564958.83
1.8,354,350376382.63
1.8,355,384466409.73
1.8,356,391076200.2
1.8,357,397849634.87
1.8,358,327177446.4
1.8,359,377851878.19
1.8,360,398883413.66
1.8,361,384700706.44
1.8,362,337321453.85
1.8,363,396087692.52
1.8,364,396766487.29
1.8,365,392740970.44
1.8,366,358978280.04
1.8,367,359668301.59
1.8,368,377075317.53
1.8,369,368362846.79
1.8,370,390655936.58
1.8,371,371914557.57
1.8,372,370784899.36
1.8,373,374875111.02
1.8,374,388308936.48
1.8,375,375817381.12
1.8,376,391216044.26
1.8,377,392320691.11
1.8,378,396275189.92
1.8,379,387060023.11
1.8,380,369539910.28
1.8,381,382503966.11
1.8,382,312261422.62
1.8,383,385706355.35
1.8,384,369055882.11
1.8,385,365943742.67
1.8,386,354313241.48
1.8,387,372974874.67
1.8,388,389433464.8
1.8,389,343722438.76
1.8,390,351129683.34
1.8,391,399845741.59
1.8,392,372753683.85
1.8,393,317498641.26
1.8,394,392821263.56
1.8,395,397392005.24
1.8,396,396767179.1
1.8,397,397583429.96
1.8,398,395020434.53
1.8,399,320752615.04
1.8,400,297880233.74
1.8,401,353185109.24
1.8,402,374363692.09
1.8,403,390339973.64
1.8,404,376047750.53
1.8,405,391440917.71
1.8,406,367814818.28
1.8,407,331235921.48
1.8,408,399082253.83
1.8,409,320584866.1
1.8,410,394927775.0
1.8,411,368279209.82
1.8,412,386579406.07
1.8,413,372234029.17
1.8,414,353706407.6
1.8,415,346297817.42
1.8,416,364963365.83
1.8,417,385177861.91
1.8,418,368354658.03
1.8,419,323496875.81
1.8,420,361771668.4
1.8,421,314164845.63
1.8,422,331590587.93
1.8,423,396223814.64
1.8,424,375766708.92
1.8,425,397176053.2
1.8,426,361972265.45
1.8,427,392968590.87
1.8,428,338128459.51
1.8,429,395497203.84
1.8,430,373827007.8
1.8,431,354256378.39
1.8,432,370018366.84
1.8,433,396417894.63
1.8,434,397576102.19
1.8,435,369943000.64
1.8,436,399059076.71
1.8,437,363861378.85
1.8,438,391136390.12
1.8,439,388404264.69
1.8,440,329755924.32
1.8,441,349786425.05
1.8,442,365648686.91
1.8,443,390603849.79
1.8,444,369423028.62
1.8,445,398687223.92
1.8,446,371236286.56
1.8,447,280117395.89
1.8,448,373504576.3
1.8,449,333333860.53
1.8,450,354544371.43
1.8,451,389761677.68
1.8,452,394278703.24
1.8,453,345835480.1
1.8,454,353975987.95
1.8,455,381470855.11
1.8,456,393085423.62
1.8,457,381794567.91
1.8,458,348535846.48
1.8,459,390480505.3
1.8,460,379657644.11
1.8,461,381991866.21
1.8,462,377003666.46
1.8,463,357240093.83
1.8,464,394387070.87
1.8,465,346934031.41
1.8,466,382834462.59
1.8,467,383622956.89
1.8,468,357617126.7
1.8,469,364224160.6
1.8,470,390004973.33
1.8,471,374521839.61
1.8,472,389640447.47
1.8,473,298545074.58
1.8,474,330005103.55
1.8,475,366112743.39
1.8,476,393208399.22
1.8,477,379682275.69
1.8,478,347817751.23
1.8,479,368196090.22
1.8,480,365294848.2
1.8,481,353094696.14
1.8,482,358674988.04
1.8,483,383769220.9
1.8,484,370385760.17
1.8,485,379792439.97
1.8,486,398939451.34
1.8,487,349586981.87
1.8,488,394820830.34
1.8,489,349551377.23
1.8,490,392373521.76
1.8,491,339044109.38
1.8,492,396398972.78
1.8,493,381802596.01
1.8,494,396922371.64
1.8,495,380827649.16
1.8,496,399557818.61
1.8,497,394935788.02
1.8,498,352986052.24
1.8,499,364083991.11
1.9,0,335685865.22
1.9,1,392158242.49
1.9,2,368757953.25
1.9,3,398738839.86
1.9,4,361022415.41
1.9,5,347417076.43
1.9,6,380748309.97
1.9,7,395121514.62
1.9,8,347954170.18
1.9,9,294409745.24
1.9,10,375131603.34
1.9,11,364084040.62
1.9,12,374878823.56
1.9,13,378996047.35
1.9,14,376930068.74
1.9,15,377219186.53
1.9,16,376014397.67
1.9,17,395870440.59
1.9,18,346395502.01
1.9,19,376060067.43
1.9,20,384587304.95
1.9,21,327141663.88
1.9,22,392250414.12
1.9,23,321702466.31
1.9,24,390115096.2
1.9,25,354742297.94
1.9,26,387490213.4
1.9,27,360474645.88
1.9,28,336397821.32
1.9,29,382988071.82
1.9,30,389516120.92
1.9,31,392981190.89
1.9,32,311623122.56
1.9,33,391130767.83
1.9,34,387292969.05
1.9,35,371507195.2
1.9,36,293430609.05
1.9,37,370279345.32
1.9,38,316460219.29
1.9,39,363283888.35
1.9,40,387307795.63
1.9,41,359897166.12
1.9,42,249617061.38
1.9,43,396006282.5
1.9,44,364238022.82
1.9,45,349584529.86
1.9,46,292930683.21
1.9,47,336281248.43
1.9,48,337841985.42
1.9,49,365410552.04
1.9,50,399625009.12
1.9,51,381158688.01
1.9,52,326898944.24
1.9,53,346886376.56
1.9,54,357783841.27
1.9,55,359664610.99
1.9,56,384032149.98
1.9,57,376345456.18
1.9,58,391665442.47
1.9,59,390284233.48
1.9,60,396059987.09
1.9,61,380275774.5
1.9,62,327895641.89
1.9,63,384023648.22
1.9,64,399852088.15
1.9,65,369580714.93
1.9,66,326628429.25
1.9,67,303027901.94
1.9,68,384177875.56
1.9,69,332666268.81
1.9,70,368568441.53
1.9,71,394986425.39
1.9,72,393411605.26
1.9,73,374056977.8
1.9,74,289672203.55
1.9,75,396524285.02
1.9,76,333037009.89
1.9,77,355056365.52
1.9,78,393983985.46
1.9,79,381290420.13
1.9,80,354688167.21
1.9,81,393163191.06
1.9,82,371256959.19
1.9,83,374132820.03
1.9,84,368207864.88
1.9,85,387874290.98
1.9,86,390560421.36
1.9,87,391668356.1
1.9,88,356327842.39
1.9,89,343024678.78
1.9,90,381755827.04
1.9,91,397001462.64
1.9,92,364861703.32
1.9,93,341174744.86
1.9,94,356428740.43
1.9,95,369590931.77
1.9,96,337848584.41
1.9,97,391237132.79
1.9,98,321285039.7
1.9,99,317364827.94
1.9,100,369959504.06
1.9,101,364067501.7
1.9,102,348594738.68
1.9,103,390523331.84
1.9,104,387381661.84
1.9,105,388588222.56
1.9,106,369109170.2
1.9,107,373142983.33
1.9,108,392420242.7
1.9,109,372463967.1
1.9,110,383906663.08
1.9,111,306231874.18
1.9,112,388582916.08
1.9,113,378815442.3
1.9,114,367079196.48
1.9,115,382147284.77
1.9,116,371257560.11
1.9,117,355692706.09
1.9,118,377744539.58
1.9,119,376685721.8
1.9,120,320233036.55
1.9,121,389308683.49
1.9,122,325681508.52
1.9,123,376281575.22
1.9,124,296674823.42
1.9,125,392611057.65
1.9,126,301851501.13
1.9,127,394899577.23
1.9,128,318781530.13
1.9,129,394674998.0
1.9,130,305216182.92
1.9,131,372422390.9
1.9,132,398817966.03
1.9,133,360120650.83
1.9,134,314334847.22
1.9,135,395612497.51
1.9,136,289303466.82
1.9,137,372922194.68
1.9,138,313912184.32
1.9,139,395802045.5
1.9,140,379252155.22
1.9,141,260772645.57
1.9,142,393736501.16
1.9,143,337547864.84
1.9,144,357135451.79
1.9,145,386427995.74
1.9,146,394211774.79
1.9,147,391696302.08
1.9,148,353563563.46
1.9,149,366870174.11
1.9,150,366387427.91
1.9,151,374661495.69
1.9,152,394425266.87
1.9,153,398462408.02
1.9,154,380945249.96
1.9,155,385803645.77
1.9,156,337907036.46
1.9,157,390726222.02
1.9,158,343574355.87
1.9,159,367668075.04
1.9,160,358746630.79
1.9,161,330729086.58
1.9,162,339695628.14
1.9,163,342512127.94
1.9,164,388813278.04
1.9,165,376886091.63
1.9,166,385255801.2
1.9,167,371121193.99
1.9,168,354416870.62
1.9,169,387723595.44
1.9,170,381054972.58
1.9,171,278110154.28
1.9,172,388375842.47
1.9,173,287635300.05
1.9,174,379403222.71
1.9,175,383413553.44
1.9,176,344893309.99
1.9,177,354393070.93
1.9,178,378206927.78
1.9,179,378636842.66
1.9,180,354015067.13
1.9,181,395880616.59
1.9,182,343920955.11
1.9,183,374301367.62
1.9,184,376128879.05
1.9,185,392282036.48
1.9,186,366615097.8
1.9,187,300840601.55
1.9,188,332090422.92
1.9,189,384602723.89
1.9,190,394910014.45
1.9,191,398756886.2
1.9,192,386834973.23
1.9,193,390738367.85
1.9,194,377022725.96
1.9,195,380872770.61
1.9,196,397637052.22
1.9,197,391355307.05
1.9,198,317510415.81
1.9,199,318636565.05
1.9,200,396652583.85
1.9,201,350888713.27
1.9,202,398742611.47
1.9,203,386755793.94
1.9,204,396530960.02
1.9,205,373000699.08
1.9,206,386690487.52
1.9,207,391353970.14
1.9,208,390026214.13
1.9,209,376176232.11
1.9,210,326880722.49
1.9,211,359853197.13
1.9,212,352723640.65
1.9,213,389319321.57
1.9,214,367184224.99
1.9,215,343977269.01
1.9,216,345475951.18
1.9,217,392336299.63
1.9,218,395576974.54
1.9,219,373185191.15
1.9,220,368904177.03
1.9,221,393986248.06
1.9,222,301865287.26
1.9,223,369715879.47
1.9,224,348053738.45
1.9,225,392120276.81
1.9,226,367720682.72
1.9,227,391435946.13
1.9,228,387058213.03
1.9,229,340777919.25
1.9,230,364643097.07
1.9,231,346239354.49
1.9,232,366037286.47
1.9,233,397528739.77
1.9,234,378329817.72
1.9,235,327942875.86
1.9,236,376880870.74
1.9,237,380840195.24
1.9,238,396739113.35
1.9,239,370338781.35
1.9,240,396643645.85
1.9,241,329170872.23
1.9,242,382638814.0
1.9,243,368075914.95
1.9,244,392812592.1
1.9,245,398645982.55
1.9,246,280632292.86
1.9,247,341147418.94
1.9,248,307504177.87
1.9,249,363184734.92
1.9,250,375039905.39
1.9,251,380662407.26
1.9,252,371961727.15
1.9,253,317210418.47
1.9,254,379272749.61
1.9,255,367524340.22
1.9,256,341033055.97
1.9,257,315683833.48
1.9,258,390925059.4
1.9,259,382315018.6
1.9,260,323013555.55
1.9,261,391253825.52
1.9,262,321908211.06
1.9,263,381161136.17
1.9,264,392180496.02
1.9,265,389309472.94
1.9,266,394734945.9
1.9,267,333345976.64
1.9,268,396955641.93
1.9,269,370040849.96
1.9,270,382110223.33
1.9,271,395668727.14
1.9,272,343220391.07
1.9,273,375124221.86
1.9,274,359143281.01
1.9,275,389496883.61
1.9,276,371946161.33
1.9,277,399101409.28
1.9,278,320084954.08
1.9,279,344441869.55
1.9,280,376708873.33
1.9,281,397213490.14
1.9,282,356383662.6
1.9,283,388780892.07
1.9,284,389890434.57
1.9,285,377472082.86
1.9,286,372327261.71
1.9,287,392437065.33
1.9,288,372964637.99
1.9,289,381041359.37
1.9,290,387695307.76
1.9,291,374272338.32
1.9,292,398113647.12
1.9,293,395552371.92
1.9,294,363227345.39
1.9,295,379212209.19
1.9,296,382221168.12
1.9,297,393227832.09
1.9,298,354929110.39
1.9,299,391002119.05
1.9,300,387253316.13
1.9,301,391481100.63
1.9,302,378749511.77
1.9,303,399664770.5
1.9,304,321382106.28
1.9,305,361001569.26
1.9,306,341743493.14
1.9,307,371254629.45
1.9,308,388916084.11
1.9,309,387667105.57
1.9,310,332813896.27
1.9,311,316741117.38
1.9,312,291950663.27
1.9,313,284165002.69
1.9,314,352857101.67
1.9,315,398328060.76
1.9,316,321445012.59
1.9,317,373566490.17
1.9,318,396871719.99
1.9,319,390776184.26
1.9,320,376261711.12
1.9,321,387382583.0
1.9,322,370692484.34
1.9,323,385641127.69
1.9,324,343977773.07
1.9,325,399548992.98
1.9,326,380963754.85
1.9,327,326542754.31
1.9,328,365893038.11
1.9,329,359668447.41
1.9,330,352892736.38
1.9,331,290685273.54
1.9,332,385827175.5
1.9,333,356149319.41
1.9,334,355484512.42
1.9,335,390650348.6
1.9,336,396976233.99
1.9,337,381519018.99
1.9,338,398704936.97
1.9,339,392265020.61
1.9,340,384643984.98
1.9,341,380207981.83
1.9,342,360188230.95
1.9,343,346224905.27
1.9,344,361068303.69
1.9,345,391230606.57
1.9,346,331143581.38
1.9,347,388532890.72
1.9,348,322152617.17
1.9,349,381388909.76
1.9,350,352559619.75
1.9,351,346556594.15
1.9,352,389700027.73
1.9,353,399150410.04
1.9,354,394422721.86
1.9,355,391205316.61
1.9,356,351674162.8
1.9,357,370816618.69
1.9,358,393226924.74
1.9,359,387832913.24
1.9,360,391872170.55
1.9,361,359847359.39
1.9,362,357270654.24
1.9,363,362887957.49
1.9,364,357778137.74
1.9,365,385865356.24
1.9,366,357646699.82
1.9,367,375115279.55
1.9,368,386907835.12
1.9,369,392505182.33
1.9,370,314049855.78
1.9,371,386060362.29
1.9,372,384567792.76
1.9,373,394061111.6
1.9,374,387323900.14
1.9,375,398586354.3
1.9,376,391054072.1
1.9,377,378818066.72
1.9,378,388506698.4
1.9,379,387420107.93
1.9,380,366878762.29
1.9,381,385287800.4
1.9,382,399090969.95
1.9,383,327606374.47
1.9,384,313190781.04
1.9,385,362819209.62
1.9,386,391618867.77
1.9,387,341186344.94
1.9,388,378523260.2
1.9,389,343651083.16
1.9,390,335145117.59
1.9,391,393053223.88
1.9,392,372569301.45
1.9,393,383202500.63
1.9,394,388348439.52
1.9,395,391142226.43
1.9,396,333286609.61
1.9,397,364454724.1
1.9,398,391743442.09
1.9,399,379156878.54
1.9,400,359478128.0
1.9,401,380552856.66
1.9,402,384415912.76
1.9,403,373489400.54
1.9,404,396658737.18
1.9,405,289108086.82
1.9,406,290635249.05
1.9,407,366746443.93
1.9,408,394526338.67
1.9,409,282113236.86
1.9,410,328342508.59
1.9,411,342238803.52
1.9,412,389422577.06
1.9,413,380522307.66
1.9,414,347408962.1
1.9,415,339670831.32
1.9,416,314240227.74
1.9,417,385397812.34
1.9,418,384702724.95
1.9,419,366396010.12
1.9,420,290177235.62
1.9,421,362102584.59
1.9,422,362482956.32
1.9,423,345454793.36
1.9,424,395936591.4
1.9,425,395705798.54
1.9,426,373045022.07
1.9,427,371195608.39
1.9,428,358593169.87
1.9,429,385949527.14
1.9,430,365831136.4
1.9,431,325874059.13
1.9,432,358932391.42
1.9,433,301125096.48
1.9,434,374694477.02
1.9,435,383628004.4
1.9,436,397696866.97
1.9,437,349867405.57
1.9,438,384108504.94
1.9,439,391459029.41
1.9,440,398097947.17
1.9,441,371144286.15
1.9,442,392440002.78
1.9,443,373646832.09
1.9,444,322150219.43
1.9,445,397544475.32
1.9,446,372204189.46
1.9,447,317809610.32
1.9,448,375706880.74
1.9,449,398988835.27
1.9,450,357831126.54
1.9,451,390970423.29
1.9,452,357880715.67
1.9,453,371570575.98
1.9,454,387136956.35
1.9,455,359435660.81
1.9,456,381413779.24
1.9,457,378694203.33
1.9,458,368154344.41
1.9,459,337724587.53
1.9,460,285500404.21
1.9,461,370162991.37
1.9,462,331865366.57
1.9,463,391341455.44
1.9,464,384024425.22
1.9,465,394832990.11
1.9,466,372741747.49
1.9,467,380508649.02
1.9,468,377904862.62
1.9,469,398987398.9
1.9,470,337564210.48
1.9,471,333812025.02
1.9,472,357539749.45
1.9,473,358414811.23
1.9,474,390678394.46
1.9,475,369161073.23
1.9,476,361581585.41
1.9,477,395580169.87
1.9,478,333264668.88
1.9,479,361977467.87
1.9,480,374487681.62
1.9,481,367150717.95
1.9,482,393432331.95
1.9,483,346170348.9
1.9,484,313808880.84
1.9,485,390873665.64
1.9,486,386719702.37
1.9,487,391086246.55
1.9,488,393022259.81
1.9,489,382685289.5
1.9,490,301093915.26
1.9,491,369280319.51
1.9,492,283641380.74
1.9,493,391020382.41
1.9,494,382426569.07
1.9,495,374735129.98
1.9,496,393493883.25
1.9,497,386988765.48
1.9,498,399587985.89
1.9,499,385701274.82
2.0,0,379346979.49
2.0,1,378865605.2
2.0,2,350605506.81
2.0,3,346701528.86
2.0,4,362605045.89
2.0,5,378915816.97
2.0,6,398443734.15
2.0,7,332753714.35
2.0,8,397897311.42
2.0,9,299534098.54
2.0,10,385670220.27
2.0,11,364251815.2
2.0,12,388188568.83
2.0,13,317100700.02
2.0,14,317181057.8
2.0,15,361017829.81
2.0,16,360124855.4
2.0,17,333472070.86
2.0,18,381121843.18
2.0,19,367174563.05
2.0,20,391449300.21
2.0,21,355357615.87
2.0,22,340137264.96
2.0,23,375679784.15
2.0,24,392484220.81
2.0,25,338167273.47
2.0,26,399947448.83
2.0,27,374434781.72
2.0,28,343242487.97
2.0,29,390026001.32
2.0,30,390153179.23
2.0,31,377894438.72
2.0,32,358149121.51
2.0,33,373912247.87
2.0,34,383387850.48
2.0,35,377310586.95
2.0,36,333881676.82
2.0,37,369968822.63
2.0,38,376929710.28
2.0,39,323917063.14
2.0,40,306672233.9
2.0,41,385463166.46
2.0,42,396686718.2
2.0,43,394605512.06
2.0,44,387195496.97
2.0,45,357008507.15
2.0,46,321529976.25
2.0,47,366371580.49
2.0,48,385127462.89
2.0,49,390064830.18
2.0,50,369850076.92
2.0,51,342709938.03
2.0,52,388793662.15
2.0,53,344881366.66
2.0,54,338230813.73
2.0,55,394123625.91
2.0,56,399524593.56
2.0,57,382952935.75
2.0,58,373243172.45
2.0,59,397009373.83
2.0,60,379711779.7
2.0,61,345400514.64
2.0,62,282018697.9
2.0,63,394343289.37
2.0,64,388736509.84
2.0,65,362683374.9
2.0,66,371441742.14
2.0,67,394953783.74
2.0,68,395122144.56
2.0,69,385353578.17
2.0,70,384487934.65
2.0,71,341510936.66
2.0,72,391139834.42
2.0,73,381358606.22
2.0,74,366646468.28
2.0,75,382486914.53
2.0,76,350091837.85
2.0,77,389694127.06
2.0,78,375449239.0
2.0,79,394776069.11
2.0,80,394433043.68
2.0,81,362867220.17
2.0,82,332505193.56
2.0,83,347333781.98
2.0,84,376561779.69
2.0,85,381742477.88
2.0,86,370075650.92
2.0,87,336604697.35
2.0,88,385815140.1
2.0,89,394990606.41
2.0,90,383362780.2
2.0,91,377840269.3
2.0,92,394394306.32
2.0,93,377454993.01
2.0,94,357558574.36
2.0,95,397308659.24
2.0,96,393969882.85
2.0,97,339251643.49
2.0,98,328117306.34
2.0,99,363305825.04
2.0,100,364677476.45
2.0,101,348599363.25
2.0,102,359333548.23
2.0,103,343434766.12
2.0,104,380118474.62
2.0,105,382372655.73
2.0,106,351832316.53
2.0,107,280349105.08
2.0,108,382087775.09
2.0,109,319193184.26
2.0,110,295424937.96
2.0,111,397940868.51
2.0,112,394082534.83
2.0,113,393163863.15
2.0,114,395703793.89
2.0,115,391112818.52
2.0,116,391242622.78
2.0,117,306697644.69
2.0,118,332985096.16
2.0,119,375184484.42
2.0,120,391862065.06
2.0,121,360765629.1
2.0,122,370678405.98
2.0,123,386020512.16
2.0,124,397670144.49
2.0,125,345056489.33
2.0,126,397980419.31
2.0,127,364396552.4
2.0,128,379860282.08
2.0,129,395001544.51
2.0,130,303506869.75
2.0,131,399188374.25
2.0,132,379057122.93
2.0,133,385088658.81
2.0,134,378983100.89
2.0,135,356241481.67
2.0,136,365533326.91
2.0,137,386298573.58
2.0,138,372969526.39
2.0,139,370770269.47
2.0,140,352725465.44
2.0,141,371748875.61
2.0,142,375446569.99
2.0,143,385422541.96
2.0,144,338005740.42
2.0,145,317380952.41
2.0,146,383108696.54
2.0,147,358546535.88
2.0,148,385554971.41
2.0,149,379381037.36
2.0,150,376490237.13
2.0,151,322363323.75
2.0,152,387842188.54
2.0,153,350646116.4
2.0,154,349474687.02
2.0,155,397054252.8
2.0,156,316224285.37
2.0,157,338131474.17
2.0,158,329110858.1
2.0,159,370563643.99
2.0,160,374815022.27
2.0,161,326988524.17
2.0,162,395460540.55
2.0,163,373560929.41
2.0,164,351867556.02
2.0,165,392816284.98
2.0,166,361830155.05
2.0,167,381634210.58
2.0,168,392336640.65
2.0,169,304130953.9
2.0,170,381461916.66
2.0,171,344446005.35
2.0,172,378340064.31
2.0,173,364761336.37
2.0,174,398043593.77
2.0,175,366281447.29
2.0,176,383285034.44
2.0,177,385354340.21
2.0,178,390803280.73
2.0,179,313326720.57
2.0,180,393051215.46
2.0,181,372477039.66
2.0,182,389501996.01
2.0,183,390006373.08
2.0,184,395618945.63
2.0,185,389872200.42
2.0,186,387764588.53
2.0,187,384479500.36
2.0,188,341920814.31
2.0,189,357100205.86
2.0,190,236081652.8
2.0,191,395553419.16
2.0,192,387079153.85
2.0,193,387887322.7
2.0,194,362893641.71
2.0,195,388876735.69
2.0,196,357199118.62
2.0,197,337116759.33
2.0,198,392386006.17
2.0,199,304517607.88
2.0,200,276845448.73
2.0,201,392457876.59
2.0,202,352356273.43
2.0,203,381730057.15
2.0,204,378049339.83
2.0,205,299535331.86
2.0,206,254184309.66
2.0,207,331156452.02
2.0,208,397125008.29
2.0,209,367580513.15
2.0,210,367488009.95
2.0,211,390491413.03
2.0,212,380395798.58
2.0,213,385041853.94
2.0,214,329336832.68
2.0,215,393897477.49
2.0,216,308135223.44
2.0,217,378540199.57
2.0,218,396896780.91
2.0,219,392881350.67
2.0,220,378330993.89
2.0,221,377327828.26
2.0,222,388195878.72
2.0,223,377801153.94
2.0,224,316260398.86
2.0,225,335764264.93
2.0,226,308196280.64
2.0,227,314436410.98
2.0,228,375439745.83
2.0,229,357879217.76
2.0,230,384220698.38
2.0,231,384141151.0
2.0,232,335407937.95
2.0,233,369917937.97
2.0,234,392708663.25
2.0,235,366760862.19
2.0,236,387665249.52
2.0,237,353462131.1
2.0,238,386361443.38
2.0,239,299910616.28
2.0,240,347681252.44
2.0,241,318034187.21
2.0,242,383344539.56
2.0,243,346772064.82
2.0,244,336645836.49
2.0,245,288294804.46
2.0,246,394802430.31
2.0,247,383530031.28
2.0,248,345778699.52
2.0,249,377636937.82
2.0,250,368833663.5
2.0,251,359781444.74
2.0,252,390100928.06
2.0,253,396688434.31
2.0,254,395508384.74
2.0,255,391041443.92
2.0,256,316758265.83
2.0,257,308654535.59
2.0,258,362893514.6
2.0,259,333572658.53
2.0,260,304150013.09
2.0,261,388561011.83
2.0,262,361667099.99
2.0,263,383113145.42
2.0,264,388676259.04
2.0,265,358021785.74
2.0,266,330171924.3
2.0,267,391952144.79
2.0,268,385912687.82
2.0,269,354387981.24
2.0,270,328406341.62
2.0,271,361865329.71
2.0,272,347165579.13
2.0,273,326154003.6
2.0,274,366034051.99
2.0,275,265396182.91
2.0,276,331053012.96
2.0,277,382255476.57
2.0,278,300840037.57
2.0,279,394237665.71
2.0,280,381015189.44
2.0,281,383503808.45
2.0,282,379566641.11
2.0,283,390347787.15
2.0,284,302197218.45
2.0,285,302971267.99
2.0,286,346736800.16
2.0,287,398807317.63
2.0,288,363922068.39
2.0,289,389386082.29
2.0,290,372157870.15
2.0,291,365988753.2
2.0,292,373443090.93
2.0,293,285605615.34
2.0,294,370053162.49
2.0,295,382142101.93
2.0,296,341055417.72
2.0,297,372532979.84
2.0,298,370506507.59
2.0,299,317830037.94
2.0,300,375311695.25
2.0,301,392427914.36
2.0,302,388502018.12
2.0,303,390990039.45
2.0,304,399525787.54
2.0,305,393547674.1
2.0,306,356732113.68
2.0,307,328510246.79
2.0,308,332790890.38
2.0,309,384413397.43
2.0,310,326656595.86
2.0,311,373249935.49
2.0,312,328771939.94
2.0,313,390729944.09
2.0,314,380157887.76
2.0,315,397765367.19
2.0,316,371883585.61
2.0,317,388042214.31
2.0,318,395748623.94
2.0,319,348891041.27
2.0,320,340041619.98
2.0,321,319917345.78
2.0,322,374058131.64
2.0,323,338573860.64
2.0,324,373831513.48
2.0,325,360088260.93
2.0,326,359037830.2
2.0,327,387890744.91
2.0,328,384159719.62
2.0,329,392735608.35
2.0,330,362194087.27
2.0,331,317444591.29
2.0,332,387204831.26
2.0,333,392243171.64
2.0,334,362161872.3
2.0,335,381594013.29
2.0,336,360280465.3
2.0,337,373804779.16
2.0,338,361115553.18
2.0,339,364876703.41
2.0,340,383188278.98
2.0,341,340963480.43
2.0,342,351449362.61
2.0,343,320648825.1
2.0,344,383519006.13
2.0,345,359983617.43
2.0,346,352705943.06
2.0,347,381249369.0
2.0,348,394079317.42
2.0,349,280242195.39
2.0,350,393433693.2
2.0,351,373611136.89
2.0,352,361050067.66
2.0,353,348345891.46
2.0,354,385668368.25
2.0,355,369528011.22
2.0,356,350832587.55
2.0,357,336512484.92
2.0,358,391134159.11
2.0,359,328782629.68
2.0,360,328429117.66
2.0,361,355932907.88
2.0,362,367256064.2
2.0,363,334502898.28
2.0,364,388523941.06
2.0,365,399522763.93
2.0,366,384336166.58
2.0,367,355988401.77
2.0,368,388162895.32
2.0,369,378852279.1
2.0,370,293518300.16
2.0,371,362261436.08
2.0,372,385997496.93
2.0,373,360382399.36
2.0,374,382249152.94
2.0,375,345579214.91
2.0,376,381432019.96
2.0,377,376982981.92
2.0,378,371698718.61
2.0,379,372813236.72
2.0,380,397575378.96
2.0,381,398585443.8
2.0,382,391877266.21
2.0,383,389643103.55
2.0,384,361480260.69
2.0,385,290637506.02
2.0,386,347712850.56
2.0,387,379405026.38
2.0,388,383329877.28
2.0,389,380817921.8
2.0,390,360103178.54
2.0,391,376539342.17
2.0,392,382514784.03
2.0,393,359850824.11
2.0,394,391007694.14
2.0,395,379194682.7
2.0,396,389961247.31
2.0,397,365041366.31
2.0,398,354860917.32
2.0,399,393946790.75
2.0,400,385771842.19
2.0,401,384240886.32
2.0,402,313664035.56
2.0,403,380275144.23
2.0,404,313881717.94
2.0,405,351121603.57
2.0,406,377865030.64
2.0,407,388560150.74
2.0,408,387906860.29
2.0,409,392961046.45
2.0,410,372803196.17
2.0,411,376897196.01
2.0,412,380027246.79
2.0,413,373613254.3
2.0,414,363831060.2
2.0,415,391345321.69
2.0,416,344205621.76
2.0,417,360238330.52
2.0,418,328936072.27
2.0,419,385064276.19
2.0,420,389977620.36
2.0,421,369420755.04
2.0,422,384408749.22
2.0,423,398589086.06
2.0,424,340795964.32
2.0,425,384301766.88
2.0,426,341278158.76
2.0,427,348523983.59
2.0,428,377441228.58
2.0,429,289862543.94
2.0,430,338812404.79
2.0,431,392682846.94
2.0,432,331962868.36
2.0,433,300616173.17
2.0,434,391617573.57
2.0,435,383370469.06
2.0,436,386932814.95
2.0,437,387597601.62
2.0,438,340808259.87
2.0,439,345668570.52
2.0,440,380113370.36
2.0,441,377936602.78
2.0,442,384517416.46
2.0,443,388281121.61
2.0,444,384388923.87
2.0,445,391101675.51
2.0,446,385576800.56
2.0,447,293323850.57
2.0,448,376575900.36
2.0,449,365967141.07
2.0,450,388630841.84
2.0,451,393351555.59
2.0,452,349393051.86
2.0,453,374969557.46
2.0,454,290507150.0
2.0,455,368870794.05
2.0,456,392489034.49
2.0,457,325432483.9
2.0,458,348168168.85
2.0,459,382802434.89
2.0,460,362481464.16
2.0,461,358017534.67
2.0,462,396168084.59
2.0,463,385242399.9
2.0,464,392699985.95
2.0,465,361303192.03
2.0,466,318101528.57
2.0,467,350586047.18
2.0,468,292468816.73
2.0,469,387862943.5
2.0,470,342427981.58
2.0,471,343285859.07
2.0,472,394970005.12
2.0,473,379852959.85
2.0,474,343180355.24
2.0,475,387142253.41
2.0,476,396672825.15
2.0,477,374531097.6
2.0,478,356271818.71
2.0,479,383850626.84
2.0,480,387416208.01
2.0,481,375140081.69
2.0,482,393267242.66
2.0,483,390257155.8
2.0,484,337334709.29
2.0,485,360874598.39
2.0,486,394155062.37
2.0,487,382143576.17
2.0,488,386128335.17
2.0,489,370744148.44
2.0,490,376558312.03
2.0,491,350802965.23
2.0,492,372139251.01
2.0,493,372002825.72
2.0,494,393967011.06
2.0,495,380297707.68
2.0,496,340830235.82
2.0,497,350425051.37
2.0,498,306160439.72
2.0,499,361629885.0
