delta_s,block_num,winning_bid
0.0,0,374366231.95
0.0,1,389645293.83
0.0,2,387000853.75
0.0,3,341437368.62
0.0,4,325423532.13
0.0,5,316348505.67
0.0,6,337522245.66
0.0,7,330374388.43
0.0,8,293704668.26
0.0,9,389211329.51
0.0,10,349159097.25
0.0,11,254932685.72
0.0,12,384988603.86
0.0,13,363637332.54
0.0,14,369984206.31
0.0,15,381474176.33
0.0,16,397233082.74
0.0,17,377786686.73
0.0,18,390133757.11
0.0,19,324746276.38
0.0,20,384425356.37
0.0,21,388181169.25
0.0,22,353256269.41
0.0,23,353485543.98
0.0,24,372328776.75
0.0,25,287726830.88
0.0,26,249926622.6
0.0,27,392849738.21
0.0,28,349535360.37
0.0,29,379643196.08
0.0,30,346996171.07
0.0,31,377402928.59
0.0,32,381107863.12
0.0,33,375830427.91
0.0,34,364227402.75
0.0,35,377648995.39
0.0,36,392730610.5
0.0,37,371454663.43
0.0,38,399330625.85
0.0,39,348703411.46
0.0,40,374728400.56
0.0,41,347860561.59
0.0,42,333914492.38
0.0,43,379996944.6
0.0,44,227922991.67
0.0,45,255905972.69
0.0,46,325333534.05
0.0,47,372370019.05
0.0,48,341684722.73
0.0,49,397939243.02
0.0,50,342706501.02
0.0,51,395678725.45
0.0,52,363156056.28
0.0,53,344737761.62
0.0,54,368134559.85
0.0,55,346638507.81
0.0,56,393632012.25
0.0,57,394602328.5
0.0,58,394854424.4
0.0,59,373593469.93
0.0,60,352721589.04
0.0,61,363472208.48
0.0,62,360292759.92
0.0,63,399144830.08
0.0,64,272089056.77
0.0,65,368172685.05
0.0,66,355935571.57
0.0,67,365839180.37
0.0,68,385776007.35
0.0,69,294361491.99
0.0,70,351967597.31
0.0,71,372786878.58
0.0,72,368174350.57
0.0,73,371577788.32
0.0,74,388630437.68
0.0,75,360676204.33
0.0,76,397579603.68
0.0,77,357119434.99
0.0,78,353995583.79
0.0,79,393954316.8
0.0,80,386538769.4
0.0,81,366313056.37
0.0,82,392690914.16
0.0,83,372712272.66
0.0,84,384214437.15
0.0,85,383944322.31
0.0,86,394599012.89
0.0,87,347829823.29
0.0,88,379538599.86
0.0,89,356101298.95
0.0,90,378816940.4
0.0,91,383621933.72
0.0,92,395312095.5
0.0,93,372232538.88
0.0,94,397678974.44
0.0,95,360512186.94
0.0,96,397116619.96
0.0,97,381083808.45
0.0,98,283621473.1
0.0,99,351203723.1
0.0,100,383509113.62
0.0,101,377578124.8
0.0,102,392371466.5
0.0,103,275686718.03
0.0,104,343710853.18
0.0,105,393264928.46
0.0,106,333924761.42
0.0,107,391660632.91
0.0,108,339007097.28
0.0,109,309011176.42
0.0,110,348858819.88
0.0,111,313315120.05
0.0,112,396591965.03
0.0,113,355145363.8
0.0,114,339194867.67
0.0,115,363044861.72
0.0,116,377390858.01
0.0,117,350580580.46
0.0,118,375383317.32
0.0,119,398822657.53
0.0,120,392521950.37
0.0,121,376472866.88
0.0,122,280495255.48
0.0,123,368613823.91
0.0,124,380931961.86
0.0,125,337564088.33
0.0,126,387895583.72
0.0,127,393668419.18
0.0,128,356016989.72
0.0,129,265847176.07
0.0,130,387605819.33
0.0,131,397740048.88
0.0,132,370509585.43
0.0,133,391319735.67
0.0,134,390131336.53
0.0,135,375739570.13
0.0,136,392017455.47
0.0,137,382095087.45
0.0,138,365402114.02
0.0,139,377438030.5
0.0,140,398047374.15
0.0,141,361836611.16
0.0,142,377400352.08
0.0,143,363011300.74
0.0,144,358868630.63
0.0,145,323773918.34
0.0,146,337160044.52
0.0,147,375287579.47
0.0,148,368012886.29
0.0,149,398036716.56
0.0,150,377395886.27
0.0,151,369379375.06
0.0,152,387152459.29
0.0,153,397709965.99
0.0,154,351563662.16
0.0,155,372945229.95
0.0,156,366138555.37
0.0,157,346289864.46
0.0,158,353598238.82
0.0,159,356581358.73
0.0,160,360265550.17
0.0,161,395320061.4
0.0,162,392614090.03
0.0,163,330902634.3
0.0,164,380801900.68
0.0,165,385135455.44
0.0,166,390321186.78
0.0,167,396027288.54
0.0,168,332151191.69
0.0,169,349743370.73
0.0,170,367928151.86
0.0,171,292739164.36
0.0,172,371761316.22
0.0,173,386769995.99
0.0,174,319234497.15
0.0,175,362171698.9
0.0,176,399590013.83
0.0,177,394967385.53
0.0,178,312120820.35
0.0,179,347529548.23
0.0,180,346164586.01
0.0,181,366366466.08
0.0,182,383599918.78
0.0,183,333681900.48
0.0,184,373922799.63
0.0,185,389748556.42
0.0,186,344412863.74
0.0,187,389310504.3
0.0,188,395559416.99
0.0,189,345903525.57
0.0,190,383106095.49
0.0,191,275509718.49
0.0,192,333437070.48
0.0,193,375984304.54
0.0,194,395676606.71
0.0,195,392316011.03
0.0,196,389896137.52
0.0,197,391780326.02
0.0,198,337136542.41
0.0,199,377917548.61
0.0,200,397468413.92
0.0,201,184808708.07
0.0,202,396597468.69
0.0,203,372461760.34
0.0,204,349610612.75
0.0,205,362810095.05
0.0,206,337556216.74
0.0,207,388589562.18
0.0,208,328316621.62
0.0,209,362806955.35
0.0,210,381622565.77
0.0,211,362176469.68
0.0,212,382447982.97
0.0,213,315319150.3
0.0,214,395345370.5
0.0,215,353717414.74
0.0,216,350718014.2
0.0,217,389865404.52
0.0,218,381839366.39
0.0,219,398247088.55
0.0,220,371430048.08
0.0,221,339349251.87
0.0,222,304758312.2
0.0,223,348575150.38
0.0,224,360212671.74
0.0,225,355227007.37
0.0,226,395503609.48
0.0,227,395255359.22
0.0,228,360802848.17
0.0,229,375820285.23
0.0,230,362026009.74
0.0,231,399094328.49
0.0,232,280064711.12
0.0,233,355259944.32
0.0,234,339923125.82
0.0,235,380445761.83
0.0,236,385463215.72
0.0,237,382673546.23
0.0,238,379122994.39
0.0,239,361797145.14
0.0,240,385332402.71
0.0,241,234640706.07
0.0,242,382500230.96
0.0,243,307112866.14
0.0,244,398410117.73
0.0,245,342596665.66
0.0,246,369661403.89
0.0,247,313706473.77
0.0,248,351310158.98
0.0,249,376023342.94
0.0,250,360711222.35
0.0,251,397582829.32
0.0,252,374432110.07
0.0,253,363116420.66
0.0,254,348709191.23
0.0,255,382026263.77
0.0,256,354756680.66
0.0,257,390188685.4
0.0,258,396565234.16
0.0,259,319676307.65
0.0,260,345543014.96
0.0,261,358701622.75
0.0,262,380373292.94
0.0,263,396767549.63
0.0,264,292159782.45
0.0,265,395866244.07
0.0,266,399374963.26
0.0,267,355143387.93
0.0,268,393265113.77
0.0,269,339214339.98
0.0,270,318627451.7
0.0,271,377738461.39
0.0,272,375746287.98
0.0,273,235162969.54
0.0,274,393444606.99
0.0,275,391075312.39
0.0,276,388767356.02
0.0,277,398946340.47
0.0,278,358613118.28
0.0,279,395107475.19
0.0,280,385192692.81
0.0,281,388992843.18
0.0,282,372812695.73
0.0,283,356280446.07
0.0,284,337658252.27
0.0,285,339983344.93
0.0,286,381834322.66
0.0,287,349678522.83
0.0,288,394739764.1
0.0,289,391008644.81
0.0,290,323927603.79
0.0,291,358978769.69
0.0,292,367382538.76
0.0,293,371680494.79
0.0,294,381634136.97
0.0,295,378190379.71
0.0,296,285654009.05
0.0,297,380379031.33
0.0,298,398592459.91
0.0,299,350448774.57
0.0,300,393780744.12
0.0,301,395306876.55
0.0,302,377923217.41
0.0,303,294972759.55
0.0,304,376128116.84
0.0,305,326379795.5
0.0,306,334154553.62
0.0,307,383843458.15
0.0,308,371503692.15
0.0,309,331398050.79
0.0,310,379080021.64
0.0,311,336894082.35
0.0,312,273519721.15
0.0,313,388202632.48
0.0,314,377917289.01
0.0,315,308111155.82
0.0,316,380450976.33
0.0,317,356290735.95
0.0,318,328432890.31
0.0,319,287279980.65
0.0,320,362442711.64
0.0,321,383883234.78
0.0,322,390763780.98
0.0,323,367519080.67
0.0,324,275786221.31
0.0,325,357291364.82
0.0,326,394612521.87
0.0,327,351204650.57
0.0,328,396395338.88
0.0,329,388327252.65
0.0,330,376238590.94
0.0,331,312405272.75
0.0,332,348960074.36
0.0,333,385674710.59
0.0,334,371618402.98
0.0,335,342230214.07
0.0,336,361078422.96
0.0,337,399072861.44
0.0,338,374042306.32
0.0,339,343020528.54
0.0,340,370298330.27
0.0,341,399123111.81
0.0,342,382947981.66
0.0,343,361584255.87
0.0,344,386411908.55
0.0,345,387365453.32
0.0,346,334550235.57
0.0,347,355447088.47
0.0,348,367920986.44
0.0,349,357303370.2
0.0,350,383247649.24
0.0,351,352372022.47
0.0,352,352325180.15
0.0,353,377138586.11
0.0,354,386660135.48
0.0,355,391118957.63
0.0,356,331052497.01
0.0,357,395861748.6
0.0,358,386441180.86
0.0,359,382360944.07
0.0,360,273908690.41
0.0,361,194198949.61
0.0,362,377378370.84
0.0,363,344256217.05
0.0,364,289922148.51
0.0,365,379558858.54
0.0,366,329863212.59
0.0,367,381926495.68
0.0,368,399525984.92
0.0,369,395412270.89
0.0,370,373616070.71
0.0,371,358257843.17
0.0,372,281161377.32
0.0,373,368471021.43
0.0,374,277160954.41
0.0,375,385659234.4
0.0,376,396177277.26
0.0,377,382428976.85
0.0,378,278103343.76
0.0,379,398692772.03
0.0,380,348033768.73
0.0,381,365680047.0
0.0,382,381412301.9
0.0,383,366815193.64
0.0,384,371891987.4
0.0,385,383697087.03
0.0,386,388214661.91
0.0,387,277223159.3
0.0,388,371940932.49
0.0,389,358674396.82
0.0,390,370364284.69
0.0,391,370402640.71
0.0,392,398776840.87
0.0,393,349484898.59
0.0,394,287940437.67
0.0,395,367406677.96
0.0,396,398449388.41
0.0,397,383284332.66
0.0,398,341387586.76
0.0,399,359572222.11
0.0,400,259637318.4
0.0,401,383428968.58
0.0,402,391186310.7
0.0,403,347626683.8
0.0,404,346163535.27
0.0,405,383728223.1
0.0,406,399095449.94
0.0,407,397993435.48
0.0,408,332332642.15
0.0,409,399058759.89
0.0,410,374881113.46
0.0,411,372085236.59
0.0,412,343991159.99
0.0,413,380607959.89
0.0,414,383257997.73
0.0,415,256069308.94
0.0,416,360196507.92
0.0,417,316018545.96
0.0,418,329302682.2
0.0,419,355758785.32
0.0,420,264538354.8
0.0,421,365684141.56
0.0,422,369195676.65
0.0,423,390226151.63
0.0,424,379527304.16
0.0,425,366799297.19
0.0,426,350245197.28
0.0,427,397715531.37
0.0,428,313541068.61
0.0,429,356941503.61
0.0,430,347360344.07
0.0,431,352981148.22
0.0,432,392010708.44
0.0,433,396540409.89
0.0,434,356242935.79
0.0,435,347450491.89
0.0,436,369457915.41
0.0,437,394656324.04
0.0,438,390638636.03
0.0,439,378343630.79
0.0,440,276975044.38
0.0,441,397891338.18
0.0,442,354224319.68
0.0,443,370731742.19
0.0,444,280755340.25
0.0,445,391672815.99
0.0,446,344704033.31
0.0,447,205353877.47
0.0,448,365406287.42
0.0,449,327416314.42
0.0,450,368238317.78
0.0,451,338425598.43
0.0,452,396130684.79
0.0,453,298294520.27
0.0,454,399157224.78
0.0,455,353733708.77
0.0,456,344536420.57
0.0,457,379213662.92
0.0,458,300091028.45
0.0,459,367462608.27
0.0,460,356277660.14
0.0,461,376983255.67
0.0,462,359818943.22
0.0,463,292500502.86
0.0,464,350671959.21
0.0,465,292008899.16
0.0,466,357802126.08
0.0,467,379410763.26
0.0,468,355484029.82
0.0,469,323624735.35
0.0,470,393971284.69
0.0,471,390131416.66
0.0,472,269329313.7
0.0,473,368966342.0
0.0,474,371788923.53
0.0,475,318273951.48
0.0,476,320904971.49
0.0,477,371780274.79
0.0,478,347918909.34
0.0,479,359439918.23
0.0,480,392698813.79
0.0,481,371177645.59
0.0,482,386070592.83
0.0,483,373056112.65
0.0,484,398183133.2
0.0,485,338911294.9
0.0,486,377616632.12
0.0,487,359476820.31
0.0,488,350280995.94
0.0,489,375268750.2
0.0,490,256325489.09
0.0,491,311150602.39
0.0,492,280262072.41
0.0,493,363221258.83
0.0,494,390966290.97
0.0,495,385833584.58
0.0,496,245546928.86
0.0,497,370352052.89
0.0,498,247687691.86
0.0,499,337654662.01
0.05,0,353066952.49
0.05,1,369078143.39
0.05,2,382727107.7
0.05,3,353363135.12
0.05,4,369653688.94
0.05,5,362125887.61
0.05,6,376137645.51
0.05,7,324822147.58
0.05,8,381134110.34
0.05,9,392920856.06
0.05,10,396419172.62
0.05,11,351480181.16
0.05,12,213347313.53
0.05,13,399821291.5
0.05,14,369858551.29
0.05,15,368472167.91
0.05,16,363920228.57
0.05,17,388432213.69
0.05,18,385158083.11
0.05,19,399215059.98
0.05,20,384592436.26
0.05,21,394363132.32
0.05,22,355729350.62
0.05,23,379683375.15
0.05,24,346426297.03
0.05,25,340582179.55
0.05,26,292795458.58
0.05,27,385359808.56
0.05,28,381572544.67
0.05,29,290159075.02
0.05,30,382277067.6
0.05,31,329993726.26
0.05,32,379972675.05
0.05,33,380435944.52
0.05,34,352645913.59
0.05,35,394790747.28
0.05,36,393646833.8
0.05,37,323813068.81
0.05,38,295667235.16
0.05,39,323439649.79
0.05,40,381444497.54
0.05,41,399053550.99
0.05,42,341719382.16
0.05,43,390684118.85
0.05,44,301331701.54
0.05,45,385068347.57
0.05,46,358880067.19
0.05,47,351684791.92
0.05,48,394546923.98
0.05,49,363473402.87
0.05,50,354687616.31
0.05,51,347591894.48
0.05,52,337867667.67
0.05,53,386307897.35
0.05,54,311554316.28
0.05,55,382181671.93
0.05,56,386960361.31
0.05,57,305135476.81
0.05,58,333313516.41
0.05,59,398130360.87
0.05,60,364473310.23
0.05,61,327373455.06
0.05,62,368261086.72
0.05,63,364351930.07
0.05,64,332566687.05
0.05,65,341315391.81
0.05,66,275477538.51
0.05,67,329359489.4
0.05,68,321145440.59
0.05,69,396494095.07
0.05,70,314032347.25
0.05,71,397860148.85
0.05,72,388084612.51
0.05,73,346158410.33
0.05,74,319728062.79
0.05,75,339986607.94
0.05,76,354651060.74
0.05,77,376981332.86
0.05,78,329579507.97
0.05,79,342504073.2
0.05,80,312124408.38
0.05,81,346754031.46
0.05,82,393077050.15
0.05,83,337789587.59
0.05,84,328539784.03
0.05,85,289939749.83
0.05,86,388389082.71
0.05,87,398554103.03
0.05,88,337108774.48
0.05,89,389105133.99
0.05,90,387241659.56
0.05,91,349309632.35
0.05,92,319792888.42
0.05,93,387508193.62
0.05,94,372908039.41
0.05,95,297684185.32
0.05,96,290602888.31
0.05,97,356736191.05
0.05,98,354368955.19
0.05,99,361272224.49
0.05,100,365119790.8
0.05,101,347608502.92
0.05,102,358292876.03
0.05,103,396850345.67
0.05,104,381370892.15
0.05,105,338593325.06
0.05,106,381975385.82
0.05,107,354500977.36
0.05,108,350231942.13
0.05,109,376584563.12
0.05,110,385706288.99
0.05,111,398264312.23
0.05,112,394504085.44
0.05,113,394633832.47
0.05,114,393372756.41
0.05,115,373867585.74
0.05,116,385866108.12
0.05,117,388558449.16
0.05,118,377735889.01
0.05,119,382380522.49
0.05,120,320723977.57
0.05,121,373984892.33
0.05,122,386454539.67
0.05,123,346701117.35
0.05,124,391337669.56
0.05,125,356819816.34
0.05,126,397342348.57
0.05,127,374384745.76
0.05,128,385047995.13
0.05,129,328252049.07
0.05,130,307329150.78
0.05,131,372159910.33
0.05,132,347158173.58
0.05,133,352793049.7
0.05,134,354598703.59
0.05,135,364667446.39
0.05,136,324437683.82
0.05,137,289572513.5
0.05,138,342951070.99
0.05,139,344023780.9
0.05,140,333745760.46
0.05,141,347694201.59
0.05,142,362143590.89
0.05,143,367326491.75
0.05,144,312895427.19
0.05,145,394267875.27
0.05,146,378464944.5
0.05,147,385362622.3
0.05,148,351431133.12
0.05,149,372548004.26
0.05,150,389451967.47
0.05,151,388967436.02
0.05,152,397719616.05
0.05,153,368562594.65
0.05,154,392575018.78
0.05,155,352273516.99
0.05,156,373575652.84
0.05,157,356239515.19
0.05,158,370818726.35
0.05,159,378473288.79
0.05,160,346952752.4
0.05,161,351293602.25
0.05,162,386658467.68
0.05,163,320897673.99
0.05,164,335219136.5
0.05,165,242508544.5
0.05,166,304783119.65
0.05,167,389206798.08
0.05,168,370858459.8
0.05,169,397060367.48
0.05,170,334625800.93
0.05,171,355867183.28
0.05,172,358146331.72
0.05,173,353495483.44
0.05,174,332931369.18
0.05,175,389495628.71
0.05,176,388022993.48
0.05,177,357296416.39
0.05,178,387490099.54
0.05,179,306451318.11
0.05,180,387314678.14
0.05,181,387461397.65
0.05,182,391348514.15
0.05,183,359728150.61
0.05,184,397673400.37
0.05,185,381472585.13
0.05,186,360577471.55
0.05,187,387630305.99
0.05,188,349418079.65
0.05,189,393428966.33
0.05,190,273066693.31
0.05,191,399860459.6
0.05,192,283945697.55
0.05,193,361024332.94
0.05,194,272921349.16
0.05,195,347373677.9
0.05,196,336117907.37
0.05,197,391039911.28
0.05,198,322382191.93
0.05,199,295025685.95
0.05,200,315213684.46
0.05,201,246781208.55
0.05,202,378543399.24
0.05,203,396334136.06
0.05,204,393093436.71
0.05,205,380690923.0
0.05,206,382821053.74
0.05,207,373609175.52
0.05,208,299112205.96
0.05,209,368734265.37
0.05,210,368716147.96
0.05,211,383461596.39
0.05,212,372940317.9
0.05,213,346722133.68
0.05,214,368966939.62
0.05,215,381581222.12
0.05,216,362129751.73
0.05,217,231093124.54
0.05,218,365591610.68
0.05,219,336836793.58
0.05,220,327721544.63
0.05,221,396497612.03
0.05,222,383581959.46
0.05,223,363296513.5
0.05,224,305314249.08
0.05,225,394394878.77
0.05,226,352695766.79
0.05,227,381821538.52
0.05,228,373030744.98
0.05,229,379685589.58
0.05,230,388223501.35
0.05,231,397431636.74
0.05,232,390110029.53
0.05,233,373380549.85
0.05,234,397630276.78
0.05,235,377520969.95
0.05,236,352674627.36
0.05,237,342569026.64
0.05,238,351087628.76
0.05,239,352070431.6
0.05,240,357533481.62
0.05,241,390261499.71
0.05,242,374424040.32
0.05,243,296214852.51
0.05,244,387423108.22
0.05,245,397230583.76
0.05,246,397373184.04
0.05,247,373069583.13
0.05,248,373085567.94
0.05,249,342261032.61
0.05,250,278764115.77
0.05,251,311723224.41
0.05,252,384632236.19
0.05,253,393811889.74
0.05,254,390767118.99
0.05,255,361294591.86
0.05,256,377423017.17
0.05,257,221392532.64
0.05,258,383552159.73
0.05,259,370663524.03
0.05,260,311592051.75
0.05,261,385815914.16
0.05,262,356021292.96
0.05,263,355675225.41
0.05,264,380710713.97
0.05,265,342834867.73
0.05,266,358510215.75
0.05,267,360755104.03
0.05,268,350127773.43
0.05,269,280574803.38
0.05,270,308901040.56
0.05,271,398974263.31
0.05,272,294461363.01
0.05,273,365318495.53
0.05,274,321031258.06
0.05,275,384195969.47
0.05,276,376657618.33
0.05,277,382932383.66
0.05,278,347159533.79
0.05,279,375833809.09
0.05,280,385767521.39
0.05,281,334659082.52
0.05,282,247799527.15
0.05,283,347529810.28
0.05,284,389933733.9
0.05,285,354981198.11
0.05,286,283543220.88
0.05,287,360168728.1
0.05,288,342331945.0
0.05,289,392406789.85
0.05,290,356359784.56
0.05,291,329439521.44
0.05,292,303567464.96
0.05,293,324211106.12
0.05,294,393470874.2
0.05,295,387735758.36
0.05,296,380756380.49
0.05,297,326047846.79
0.05,298,383209956.67
0.05,299,377145592.35
0.05,300,386392974.86
0.05,301,330243254.1
0.05,302,382120864.78
0.05,303,370135381.66
0.05,304,398442430.63
0.05,305,298931185.88
0.05,306,334064150.53
0.05,307,397868762.54
0.05,308,383043624.54
0.05,309,373984994.78
0.05,310,339880115.43
0.05,311,335651653.77
0.05,312,266711991.23
0.05,313,345298722.74
0.05,314,371066211.02
0.05,315,352857072.79
0.05,316,398124010.09
0.05,317,398331865.93
0.05,318,395783639.21
0.05,319,354413816.92
0.05,320,397262349.48
0.05,321,376621765.38
0.05,322,381388248.45
0.05,323,344116967.69
0.05,324,384069982.17
0.05,325,382373904.33
0.05,326,331963434.79
0.05,327,363406583.72
0.05,328,379119035.36
0.05,329,326332661.47
0.05,330,373061153.87
0.05,331,385175434.23
0.05,332,362935212.67
0.05,333,348999211.63
0.05,334,345629659.24
0.05,335,348711290.73
0.05,336,382773090.11
0.05,337,390860459.58
0.05,338,395030127.17
0.05,339,376840374.45
0.05,340,340310327.59
0.05,341,399295734.01
0.05,342,283196560.24
0.05,343,376519426.81
0.05,344,355233204.83
0.05,345,382849585.66
0.05,346,377692451.9
0.05,347,317854026.93
0.05,348,326934962.08
0.05,349,387779890.58
0.05,350,352363005.68
0.05,351,347716521.31
0.05,352,360620207.18
0.05,353,315850167.79
0.05,354,341839453.54
0.05,355,360216998.25
0.05,356,332488824.28
0.05,357,313459187.71
0.05,358,294582972.98
0.05,359,281811682.47
0.05,360,333195265.94
0.05,361,395902014.96
0.05,362,350589319.46
0.05,363,278433273.06
0.05,364,399411694.2
0.05,365,261137181.44
0.05,366,294361605.48
0.05,367,343088296.26
0.05,368,358565926.05
0.05,369,372084909.35
0.05,370,341227576.31
0.05,371,366020214.73
0.05,372,394207414.98
0.05,373,375762126.06
0.05,374,331031727.17
0.05,375,370970167.35
0.05,376,342524556.35
0.05,377,369715683.32
0.05,378,387901393.47
0.05,379,368576521.21
0.05,380,379204658.31
0.05,381,375887300.3
0.05,382,369196072.59
0.05,383,382974006.01
0.05,384,375445837.45
0.05,385,343309857.71
0.05,386,387591669.27
0.05,387,345316623.31
0.05,388,383604158.41
0.05,389,310951279.78
0.05,390,247211294.64
0.05,391,388785498.06
0.05,392,371905748.12
0.05,393,299058767.8
0.05,394,281920839.23
0.05,395,377618087.67
0.05,396,362832391.72
0.05,397,336620710.54
0.05,398,396990933.95
0.05,399,385914965.63
0.05,400,377168686.34
0.05,401,376460728.25
0.05,402,398757499.48
0.05,403,257004922.03
0.05,404,383228090.77
0.05,405,386970996.77
0.05,406,372807349.7
0.05,407,351172049.71
0.05,408,393835233.87
0.05,409,329986427.2
0.05,410,392311567.14
0.05,411,369794808.32
0.05,412,299941316.85
0.05,413,355202376.01
0.05,414,395611977.71
0.05,415,398925253.27
0.05,416,349910150.07
0.05,417,302643463.24
0.05,418,392130556.2
0.05,419,363407204.1
0.05,420,338540593.57
0.05,421,352914441.27
0.05,422,362936612.35
0.05,423,329702245.78
0.05,424,384240108.35
0.05,425,313961188.81
0.05,426,379862276.83
0.05,427,330999590.74
0.05,428,326266128.14
0.05,429,267667675.23
0.05,430,379387417.24
0.05,431,354012062.08
0.05,432,337936125.17
0.05,433,291258651.8
0.05,434,354060005.7
0.05,435,363906639.34
0.05,436,292173545.47
0.05,437,387687413.73
0.05,438,318348987.0
0.05,439,333506519.56
0.05,440,383681701.37
0.05,441,358913298.51
0.05,442,250760342.29
0.05,443,395795035.25
0.05,444,371542098.56
0.05,445,326454893.92
0.05,446,374741150.28
0.05,447,368127127.85
0.05,448,326222722.14
0.05,449,384921067.61
0.05,450,390687192.24
0.05,451,308038907.67
0.05,452,378647603.48
0.05,453,314647272.67
0.05,454,380280775.67
0.05,455,353783200.56
0.05,456,288366066.08
0.05,457,355804497.27
0.05,458,385279246.89
0.05,459,390597877.98
0.05,460,315348758.69
0.05,461,299235400.76
0.05,462,350218769.6
0.05,463,340829115.97
0.05,464,363953134.09
0.05,465,305692169.02
0.05,466,339226306.45
0.05,467,267965586.67
0.05,468,323551036.16
0.05,469,379833682.91
0.05,470,399090165.49
0.05,471,361148855.72
0.05,472,332512174.42
0.05,473,357767881.16
0.05,474,254832619.35
0.05,475,277544511.07
0.05,476,386250025.84
0.05,477,377994989.1
0.05,478,276702031.84
0.05,479,361424871.67
0.05,480,328843042.49
0.05,481,374701308.31
0.05,482,343883471.1
0.05,483,333216422.99
0.05,484,377188409.08
0.05,485,381943017.37
0.05,486,324288259.32
0.05,487,322305302.2
0.05,488,298067214.95
0.05,489,338353428.33
0.05,490,399598427.69
0.05,491,342046543.18
0.05,492,398712564.28
0.05,493,375970047.02
0.05,494,387558668.96
0.05,495,375974551.78
0.05,496,349920872.91
0.05,497,313173396.94
0.05,498,383276681.22
0.05,499,386899978.79
0.1,0,393038645.56
0.1,1,372217630.61
0.1,2,370568010.19
0.1,3,377958362.56
0.1,4,384674866.1
0.1,5,369052849.67
0.1,6,273623512.01
0.1,7,312424339.83
0.1,8,382419985.09
0.1,9,318973878.7
0.1,10,240688065.76
0.1,11,397286607.38
0.1,12,382464311.75
0.1,13,394357463.07
0.1,14,275319449.26
0.1,15,369738036.89
0.1,16,356230281.91
0.1,17,361216307.79
0.1,18,336470805.74
0.1,19,354938197.27
0.1,20,341658865.37
0.1,21,322038506.89
0.1,22,380155459.8
0.1,23,356763509.23
0.1,24,361459754.91
0.1,25,362795173.15
0.1,26,396208594.4
0.1,27,390606864.02
0.1,28,377196165.45
0.1,29,355908057.53
0.1,30,341833450.31
0.1,31,381769041.05
0.1,32,353749100.01
0.1,33,334002664.22
0.1,34,391305033.29
0.1,35,346057612.07
0.1,36,383212318.97
0.1,37,281508641.6
0.1,38,357583627.94
0.1,39,388093560.69
0.1,40,326853061.73
0.1,41,393320401.6
0.1,42,378564727.94
0.1,43,381986327.41
0.1,44,350254661.82
0.1,45,301054487.07
0.1,46,382460017.92
0.1,47,396218225.76
0.1,48,396004781.08
0.1,49,385523342.35
0.1,50,350250701.24
0.1,51,394304678.68
0.1,52,377297729.46
0.1,53,379232675.1
0.1,54,373311961.78
0.1,55,370531833.55
0.1,56,366720267.6
0.1,57,393433616.67
0.1,58,390019565.87
0.1,59,362895398.91
0.1,60,369283326.55
0.1,61,364543826.35
0.1,62,361161153.66
0.1,63,345204025.64
0.1,64,370265785.71
0.1,65,361917891.38
0.1,66,362770347.72
0.1,67,368228941.53
0.1,68,361395747.04
0.1,69,388063378.33
0.1,70,368010672.98
0.1,71,389955974.42
0.1,72,344507981.89
0.1,73,393752259.19
0.1,74,391770453.93
0.1,75,336100174.25
0.1,76,349978584.97
0.1,77,289595690.86
0.1,78,396032634.5
0.1,79,337325900.38
0.1,80,376934208.89
0.1,81,378495939.37
0.1,82,338041978.09
0.1,83,372317226.76
0.1,84,329329028.2
0.1,85,359244997.82
0.1,86,374938657.9
0.1,87,332104638.06
0.1,88,382962581.37
0.1,89,325913183.52
0.1,90,274029281.1
0.1,91,340150575.07
0.1,92,375392879.3
0.1,93,305711851.55
0.1,94,375858327.23
0.1,95,376294307.81
0.1,96,379532418.66
0.1,97,388138318.7
0.1,98,399075612.8
0.1,99,385878375.26
0.1,100,365592846.82
0.1,101,372589589.03
0.1,102,396360948.45
0.1,103,390622292.13
0.1,104,363095655.35
0.1,105,381570117.4
0.1,106,375119366.47
0.1,107,361670263.26
0.1,108,395873877.67
0.1,109,381280595.52
0.1,110,368427291.98
0.1,111,397342820.19
0.1,112,394186771.34
0.1,113,372749716.92
0.1,114,395145709.16
0.1,115,387118256.74
0.1,116,344557560.28
0.1,117,372979419.02
0.1,118,348077592.16
0.1,119,345587749.68
0.1,120,366986139.77
0.1,121,285832084.08
0.1,122,323453716.01
0.1,123,309769193.28
0.1,124,391022488.5
0.1,125,354984247.57
0.1,126,394430219.19
0.1,127,396413478.81
0.1,128,371210369.5
0.1,129,397220659.1
0.1,130,392704679.55
0.1,131,324252086.85
0.1,132,332603379.5
0.1,133,362062830.51
0.1,134,382399978.08
0.1,135,386654364.51
0.1,136,365829502.03
0.1,137,348114279.93
0.1,138,345467913.77
0.1,139,381723307.07
0.1,140,397585293.1
0.1,141,397904145.24
0.1,142,397348134.81
0.1,143,352952251.18
0.1,144,390225831.86
0.1,145,391220192.16
0.1,146,385659968.79
0.1,147,289692204.27
0.1,148,314565797.81
0.1,149,354881153.22
0.1,150,308187975.04
0.1,151,343427773.05
0.1,152,388442643.55
0.1,153,331598704.13
0.1,154,344267707.46
0.1,155,376935103.51
0.1,156,392808818.23
0.1,157,389178788.41
0.1,158,380202891.28
0.1,159,316397787.54
0.1,160,387188033.1
0.1,161,350455746.54
0.1,162,369150386.97
0.1,163,394872217.89
0.1,164,323481859.06
0.1,165,268348277.17
0.1,166,332066642.17
0.1,167,345875160.52
0.1,168,384932924.39
0.1,169,392408495.95
0.1,170,394546748.23
0.1,171,367692762.66
0.1,172,300254594.88
0.1,173,225397187.37
0.1,174,286794174.76
0.1,175,362229632.72
0.1,176,386889780.5
0.1,177,361662819.01
0.1,178,340575793.15
0.1,179,362524696.2
0.1,180,341098930.5
0.1,181,349586357.75
0.1,182,356150489.02
0.1,183,360633550.53
0.1,184,359670903.46
0.1,185,399565281.65
0.1,186,377414249.71
0.1,187,369375548.66
0.1,188,325235902.01
0.1,189,308208630.94
0.1,190,300746876.47
0.1,191,371096280.16
0.1,192,273074138.98
0.1,193,385373481.85
0.1,194,396942340.62
0.1,195,302442181.67
0.1,196,384732616.26
0.1,197,307835550.16
0.1,198,363039269.27
0.1,199,386032920.79
0.1,200,327502933.87
0.1,201,374834051.49
0.1,202,389570581.21
0.1,203,398935203.98
0.1,204,370425509.72
0.1,205,396654628.76
0.1,206,269260392.09
0.1,207,339950398.69
0.1,208,392635883.93
0.1,209,373541020.68
0.1,210,367102745.49
0.1,211,351868725.14
0.1,212,280699244.22
0.1,213,315235595.69
0.1,214,395876637.33
0.1,215,353107468.67
0.1,216,388507726.46
0.1,217,387664268.66
0.1,218,399041748.47
0.1,219,360404646.63
0.1,220,351566930.4
0.1,221,399625942.81
0.1,222,350662716.17
0.1,223,394399737.76
0.1,224,372841141.39
0.1,225,328818880.9
0.1,226,381004764.46
0.1,227,298139344.45
0.1,228,315337495.88
0.1,229,369875848.73
0.1,230,374888129.45
0.1,231,269586201.4
0.1,232,282063122.75
0.1,233,377747964.84
0.1,234,399657099.27
0.1,235,317640268.15
0.1,236,382617199.27
0.1,237,361397899.87
0.1,238,326719364.98
0.1,239,341384833.74
0.1,240,378958682.27
0.1,241,330236813.85
0.1,242,383001686.55
0.1,243,369234392.81
0.1,244,341780272.09
0.1,245,370506307.61
0.1,246,381094370.69
0.1,247,337253047.75
0.1,248,388915521.21
0.1,249,342715906.14
0.1,250,356591537.54
0.1,251,325229131.48
0.1,252,351414104.21
0.1,253,280170512.32
0.1,254,394221355.79
0.1,255,390386219.16
0.1,256,398261017.9
0.1,257,344877004.13
0.1,258,380751838.76
0.1,259,396524925.51
0.1,260,352693126.05
0.1,261,353411653.83
0.1,262,356298533.97
0.1,263,371412735.92
0.1,264,385047718.27
0.1,265,386748584.02
0.1,266,315030197.02
0.1,267,353392759.23
0.1,268,359855763.93
0.1,269,345405839.65
0.1,270,387219497.87
0.1,271,384533724.51
0.1,272,243452974.55
0.1,273,387581056.12
0.1,274,397240362.68
0.1,275,323553313.19
0.1,276,368463951.55
0.1,277,377802236.64
0.1,278,345128202.75
0.1,279,384379019.61
0.1,280,351808295.49
0.1,281,380863490.15
0.1,282,382604600.12
0.1,283,291209671.17
0.1,284,395138247.13
0.1,285,342112679.07
0.1,286,351648924.59
0.1,287,357708282.62
0.1,288,363437013.63
0.1,289,390233520.32
0.1,290,346898135.97
0.1,291,384879668.37
0.1,292,316705760.12
0.1,293,322398107.39
0.1,294,329566114.29
0.1,295,355766738.81
0.1,296,359587606.84
0.1,297,296033873.88
0.1,298,363776215.61
0.1,299,372171404.56
0.1,300,390672649.52
0.1,301,340710078.49
0.1,302,387678030.45
0.1,303,399480699.6
0.1,304,360211812.42
0.1,305,381537228.86
0.1,306,366580670.28
0.1,307,369214309.6
0.1,308,374597336.99
0.1,309,358423528.89
0.1,310,335810112.16
0.1,311,393855934.11
0.1,312,393321031.07
0.1,313,399020393.14
0.1,314,380536525.98
0.1,315,386098826.21
0.1,316,359283765.0
0.1,317,280395817.63
0.1,318,275892822.07
0.1,319,384139492.35
0.1,320,382911232.21
0.1,321,395684352.44
0.1,322,378974131.8
0.1,323,386748385.29
0.1,324,298896113.29
0.1,325,384431807.18
0.1,326,319028284.55
0.1,327,346900516.6
0.1,328,370342631.82
0.1,329,395053380.85
0.1,330,376279522.23
0.1,331,354678185.1
0.1,332,391394407.18
0.1,333,372002678.51
0.1,334,385798111.66
0.1,335,334179047.13
0.1,336,386750123.17
0.1,337,223773672.59
0.1,338,381744144.79
0.1,339,383237615.19
0.1,340,384672506.81
0.1,341,385362542.28
0.1,342,350863975.41
0.1,343,362023047.71
0.1,344,368456565.01
0.1,345,342453052.01
0.1,346,354239051.8
0.1,347,395368749.2
0.1,348,316800070.31
0.1,349,335006445.34
0.1,350,323181162.19
0.1,351,389528991.44
0.1,352,296520287.63
0.1,353,387842768.4
0.1,354,398223360.97
0.1,355,342655673.94
0.1,356,360554441.35
0.1,357,387051056.74
0.1,358,393245353.35
0.1,359,327803846.66
0.1,360,353533339.46
0.1,361,361077665.46
0.1,362,382131189.69
0.1,363,382361915.74
0.1,364,372641087.06
0.1,365,394153381.56
0.1,366,383592133.63
0.1,367,369961360.07
0.1,368,373475409.67
0.1,369,294571848.67
0.1,370,349585370.91
0.1,371,378134958.0
0.1,372,371284654.89
0.1,373,378319804.35
0.1,374,377728513.12
0.1,375,387212035.79
0.1,376,378291732.07
0.1,377,373168017.29
0.1,378,342622705.21
0.1,379,380470081.7
0.1,380,397992803.89
0.1,381,388992375.87
0.1,382,388649121.53
0.1,383,381878309.15
0.1,384,392111075.1
0.1,385,375454682.98
0.1,386,381637274.11
0.1,387,397436134.72
0.1,388,370104758.16
0.1,389,328422038.84
0.1,390,390129942.42
0.1,391,387940208.41
0.1,392,392663486.96
0.1,393,367557493.95
0.1,394,352045285.41
0.1,395,362855566.21
0.1,396,344673418.09
0.1,397,351278607.91
0.1,398,354693407.15
0.1,399,274076251.85
0.1,400,366046330.98
0.1,401,382431695.7
0.1,402,375332602.78
0.1,403,385425841.37
0.1,404,391505077.6
0.1,405,367380295.57
0.1,406,341753838.53
0.1,407,363031801.78
0.1,408,397195609.9
0.1,409,355826004.57
0.1,410,349531727.43
0.1,411,258571583.88
0.1,412,397180865.41
0.1,413,392048492.34
0.1,414,361851579.05
0.1,415,356333293.09
0.1,416,368478918.03
0.1,417,370920400.6
0.1,418,321148246.71
0.1,419,367375055.82
0.1,420,313091253.55
0.1,421,384010100.48
0.1,422,374554990.03
0.1,423,311474305.44
0.1,424,363075361.76
0.1,425,269038443.48
0.1,426,373735850.36
0.1,427,395068069.51
0.1,428,374933947.38
0.1,429,373207065.45
0.1,430,181452036.49
0.1,431,369585718.82
0.1,432,362241894.88
0.1,433,369432407.73
0.1,434,382731366.77
0.1,435,395664185.41
0.1,436,382782179.93
0.1,437,397669145.04
0.1,438,335203800.35
0.1,439,345689841.61
0.1,440,361652389.26
0.1,441,381622718.48
0.1,442,378996542.58
0.1,443,284683182.39
0.1,444,369368543.45
0.1,445,331361035.35
0.1,446,369185936.4
0.1,447,298232754.87
0.1,448,383017732.02
0.1,449,347840577.31
0.1,450,387943387.43
0.1,451,379039848.59
0.1,452,348526157.43
0.1,453,331912579.45
0.1,454,373826097.87
0.1,455,383721386.77
0.1,456,395179920.65
0.1,457,373893860.93
0.1,458,381451090.23
0.1,459,397976207.61
0.1,460,392962718.51
0.1,461,387347745.25
0.1,462,382135771.12
0.1,463,373282560.0
0.1,464,356389755.75
0.1,465,394237472.17
0.1,466,318011814.46
0.1,467,398637780.01
0.1,468,329521305.45
0.1,469,392401578.86
0.1,470,360456491.71
0.1,471,362456654.31
0.1,472,376328113.01
0.1,473,348819723.76
0.1,474,397930841.25
0.1,475,334747652.41
0.1,476,399292276.07
0.1,477,298570243.9
0.1,478,342000213.51
0.1,479,374421123.11
0.1,480,322777741.48
0.1,481,370334826.93
0.1,482,391239757.58
0.1,483,332301583.81
0.1,484,348125367.58
0.1,485,354175891.24
0.1,486,317196204.11
0.1,487,318686461.28
0.1,488,312363956.15
0.1,489,388748083.74
0.1,490,369497687.55
0.1,491,354745641.81
0.1,492,368760298.29
0.1,493,349925725.89
0.1,494,385159830.89
0.1,495,367714309.19
0.1,496,341942960.09
0.1,497,381910833.76
0.1,498,375911416.15
0.1,499,382197054.87
0.15,0,390483851.07
0.15,1,380722207.65
0.15,2,285199510.87
0.15,3,372509430.93
0.15,4,387323310.5
0.15,5,345886236.77
0.15,6,380356784.31
0.15,7,316355826.22
0.15,8,391375177.13
0.15,9,320773187.24
0.15,10,391499217.0
0.15,11,396899874.84
0.15,12,353361088.9
0.15,13,353044144.47
0.15,14,311907264.08
0.15,15,398183716.19
0.15,16,340700080.79
0.15,17,352515836.43
0.15,18,362176700.0
0.15,19,399303610.53
0.15,20,349047050.67
0.15,21,312450751.79
0.15,22,370144821.15
0.15,23,386480606.15
0.15,24,388624093.93
0.15,25,391891140.07
0.15,26,395280009.52
0.15,27,315641051.19
0.15,28,399443758.99
0.15,29,381197161.42
0.15,30,295438161.34
0.15,31,352778048.95
0.15,32,371585691.98
0.15,33,399023897.0
0.15,34,380033746.13
0.15,35,379944333.29
0.15,36,331431083.61
0.15,37,319339484.26
0.15,38,368879417.49
0.15,39,376821616.58
0.15,40,391357278.1
0.15,41,334069420.57
0.15,42,275380090.11
0.15,43,341306827.75
0.15,44,373554169.95
0.15,45,395096197.63
0.15,46,370194476.35
0.15,47,372010335.8
0.15,48,379809200.39
0.15,49,396256145.34
0.15,50,387328664.42
0.15,51,335644081.52
0.15,52,288716899.8
0.15,53,386641596.79
0.15,54,331347770.62
0.15,55,309671505.28
0.15,56,348488043.03
0.15,57,340624241.31
0.15,58,383837942.61
0.15,59,317950747.02
0.15,60,362719639.02
0.15,61,350954226.93
0.15,62,379190466.76
0.15,63,340774690.71
0.15,64,296945516.0
0.15,65,280866332.8
0.15,66,372535439.38
0.15,67,319075012.72
0.15,68,360750829.61
0.15,69,399883990.57
0.15,70,339332319.41
0.15,71,362288997.08
0.15,72,341154383.61
0.15,73,334254564.42
0.15,74,320191877.83
0.15,75,307817473.48
0.15,76,393267732.05
0.15,77,385362625.12
0.15,78,393291863.23
0.15,79,364575892.19
0.15,80,391335756.66
0.15,81,352134805.62
0.15,82,383158806.78
0.15,83,368831805.88
0.15,84,325849204.08
0.15,85,369961607.12
0.15,86,343645448.82
0.15,87,371864598.02
0.15,88,361093283.46
0.15,89,384220949.88
0.15,90,393986760.28
0.15,91,323557717.56
0.15,92,389359848.12
0.15,93,351534275.18
0.15,94,379783085.08
0.15,95,346787639.75
0.15,96,394544640.73
0.15,97,308687518.5
0.15,98,396210966.68
0.15,99,325589111.07
0.15,100,361186526.42
0.15,101,328420605.52
0.15,102,294173616.99
0.15,103,261750411.75
0.15,104,366782286.31
0.15,105,372408772.06
0.15,106,305969225.09
0.15,107,347101279.69
0.15,108,397411316.15
0.15,109,355452686.83
0.15,110,362519533.73
0.15,111,394039940.45
0.15,112,394946580.12
0.15,113,343921416.5
0.15,114,330729109.05
0.15,115,314800071.12
0.15,116,365615565.15
0.15,117,376132336.88
0.15,118,325402736.83
0.15,119,376975808.38
0.15,120,356726873.38
0.15,121,372635492.57
0.15,122,319022877.3
0.15,123,397765883.03
0.15,124,388771531.4
0.15,125,314091921.11
0.15,126,323978702.33
0.15,127,260806692.77
0.15,128,370962809.56
0.15,129,329927969.82
0.15,130,304414724.51
0.15,131,352719251.0
0.15,132,350517968.57
0.15,133,398464409.59
0.15,134,241794542.22
0.15,135,370971041.59
0.15,136,398143451.88
0.15,137,364348375.8
0.15,138,346945389.57
0.15,139,372318852.44
0.15,140,339326279.47
0.15,141,376753825.12
0.15,142,376534443.19
0.15,143,387568353.08
0.15,144,383923085.34
0.15,145,327357153.68
0.15,146,398744951.75
0.15,147,360493883.63
0.15,148,387601706.23
0.15,149,397022388.75
0.15,150,329807684.01
0.15,151,366134171.56
0.15,152,333345787.78
0.15,153,393251179.23
0.15,154,392310357.52
0.15,155,383715915.65
0.15,156,366394017.66
0.15,157,395950540.86
0.15,158,350218507.99
0.15,159,337400772.05
0.15,160,329295359.17
0.15,161,385198856.06
0.15,162,345887752.01
0.15,163,380616527.96
0.15,164,344251204.47
0.15,165,321061828.13
0.15,166,382144056.59
0.15,167,342979474.55
0.15,168,368707345.57
0.15,169,319936784.73
0.15,170,393022586.66
0.15,171,350673497.66
0.15,172,370233226.4
0.15,173,356389260.57
0.15,174,255442205.86
0.15,175,321883796.12
0.15,176,395116005.64
0.15,177,392229550.77
0.15,178,383084239.96
0.15,179,375906523.77
0.15,180,385312102.2
0.15,181,372827432.82
0.15,182,315743914.19
0.15,183,365350402.76
0.15,184,340622390.16
0.15,185,381811733.31
0.15,186,376838825.59
0.15,187,385023966.78
0.15,188,329417117.6
0.15,189,285680183.19
0.15,190,319798594.57
0.15,191,387439756.88
0.15,192,375258338.43
0.15,193,297513585.2
0.15,194,393256760.39
0.15,195,379756880.06
0.15,196,347917758.16
0.15,197,386508830.86
0.15,198,378023940.5
0.15,199,398847286.4
0.15,200,374553177.22
0.15,201,395852076.7
0.15,202,364647047.03
0.15,203,308331295.92
0.15,204,346784147.75
0.15,205,281346898.57
0.15,206,328909394.68
0.15,207,369034418.39
0.15,208,375215377.0
0.15,209,341981521.69
0.15,210,280461896.85
0.15,211,332578731.85
0.15,212,349444133.27
0.15,213,366341098.62
0.15,214,334493447.17
0.15,215,365191269.44
0.15,216,396555199.04
0.15,217,375645400.9
0.15,218,381669696.77
0.15,219,378756471.98
0.15,220,348393254.29
0.15,221,377031176.17
0.15,222,393204135.77
0.15,223,354867637.02
0.15,224,378833453.81
0.15,225,368411401.8
0.15,226,383823424.01
0.15,227,368971211.72
0.15,228,333403226.54
0.15,229,389029606.24
0.15,230,357610242.01
0.15,231,339947567.48
0.15,232,322722114.76
0.15,233,295469826.35
0.15,234,326928472.51
0.15,235,324589902.3
0.15,236,380255234.07
0.15,237,302667121.31
0.15,238,393979106.69
0.15,239,290345084.66
0.15,240,365689946.84
0.15,241,378897844.44
0.15,242,294307639.44
0.15,243,359408113.57
0.15,244,362805031.04
0.15,245,374216653.35
0.15,246,374851330.35
0.15,247,331816659.63
0.15,248,362606551.42
0.15,249,396749021.69
0.15,250,359122985.82
0.15,251,325947434.79
0.15,252,360901744.12
0.15,253,378168251.7
0.15,254,293700776.91
0.15,255,344510300.61
0.15,256,268514925.5
0.15,257,395471580.72
0.15,258,395375624.29
0.15,259,384032093.1
0.15,260,394912692.0
0.15,261,389117004.45
0.15,262,364253686.89
0.15,263,378549014.26
0.15,264,345714372.19
0.15,265,383295620.15
0.15,266,352702936.62
0.15,267,315355439.42
0.15,268,390486973.47
0.15,269,343931099.23
0.15,270,391663244.28
0.15,271,332504432.47
0.15,272,379858486.52
0.15,273,360722922.78
0.15,274,358473187.45
0.15,275,335489324.51
0.15,276,366513921.03
0.15,277,321037483.68
0.15,278,374200052.55
0.15,279,386806755.86
0.15,280,388883231.54
0.15,281,364519140.89
0.15,282,277330764.5
0.15,283,381095552.73
0.15,284,356669156.71
0.15,285,334564707.9
0.15,286,342327290.0
0.15,287,381581802.26
0.15,288,335883512.55
0.15,289,369245437.88
0.15,290,391595022.38
0.15,291,342313456.67
0.15,292,361212357.02
0.15,293,314528713.05
0.15,294,376506340.32
0.15,295,361541757.62
0.15,296,363003112.01
0.15,297,378915393.16
0.15,298,348279610.5
0.15,299,380818897.78
0.15,300,377758773.88
0.15,301,288593759.99
0.15,302,380433517.72
0.15,303,388168250.86
0.15,304,334682601.42
0.15,305,384353993.15
0.15,306,340552454.12
0.15,307,371106521.19
0.15,308,377799152.91
0.15,309,382371849.96
0.15,310,376266486.13
0.15,311,335309846.37
0.15,312,351045863.19
0.15,313,355587628.51
0.15,314,381542582.81
0.15,315,268268432.16
0.15,316,368451424.07
0.15,317,377011422.16
0.15,318,375339090.67
0.15,319,384690219.58
0.15,320,378950787.79
0.15,321,392220224.99
0.15,322,346180081.81
0.15,323,371898228.79
0.15,324,362961115.99
0.15,325,348752990.02
0.15,326,320621105.77
0.15,327,389311007.37
0.15,328,385637587.83
0.15,329,352800474.09
0.15,330,385988651.97
0.15,331,366707944.42
0.15,332,363702657.28
0.15,333,359175276.5
0.15,334,273951694.94
0.15,335,246059138.57
0.15,336,303417000.23
0.15,337,344211239.96
0.15,338,374439312.53
0.15,339,329252778.37
0.15,340,333087770.49
0.15,341,367235294.18
0.15,342,382502188.14
0.15,343,352089221.31
0.15,344,396522155.28
0.15,345,390139007.3
0.15,346,355198339.82
0.15,347,260031685.47
0.15,348,354602829.52
0.15,349,356422765.48
0.15,350,375408481.06
0.15,351,387951977.58
0.15,352,345638397.93
0.15,353,341109586.73
0.15,354,377480005.8
0.15,355,286473707.78
0.15,356,370439495.94
0.15,357,384003542.77
0.15,358,263532872.13
0.15,359,396902845.8
0.15,360,377365915.64
0.15,361,383014542.53
0.15,362,353215924.86
0.15,363,373208486.45
0.15,364,379275040.28
0.15,365,380215163.28
0.15,366,395488752.46
0.15,367,360792542.49
0.15,368,380018084.73
0.15,369,373107796.1
0.15,370,356948723.48
0.15,371,372796368.08
0.15,372,375346235.76
0.15,373,390816773.05
0.15,374,328325059.78
0.15,375,373738744.37
0.15,376,381251234.88
0.15,377,386398248.9
0.15,378,391190433.55
0.15,379,393048391.95
0.15,380,351785838.21
0.15,381,344865330.83
0.15,382,383629049.69
0.15,383,351960411.68
0.15,384,370396310.43
0.15,385,331516513.58
0.15,386,387164170.39
0.15,387,359075281.52
0.15,388,304637567.33
0.15,389,331177094.75
0.15,390,396940530.16
0.15,391,377568996.81
0.15,392,394703791.35
0.15,393,331677789.76
0.15,394,337106119.69
0.15,395,389545626.04
0.15,396,385666566.81
0.15,397,346908227.19
0.15,398,367927675.8
0.15,399,344464101.69
0.15,400,390599944.66
0.15,401,384101919.34
0.15,402,375613221.22
0.15,403,328870372.22
0.15,404,391796845.04
0.15,405,334644185.27
0.15,406,382316506.06
0.15,407,367188993.24
0.15,408,389409192.95
0.15,409,361078682.83
0.15,410,399205476.98
0.15,411,370232345.5
0.15,412,377616263.54
0.15,413,366016124.85
0.15,414,350039267.09
0.15,415,384103589.07
0.15,416,366685933.75
0.15,417,366464526.34
0.15,418,360828767.01
0.15,419,387090795.39
0.15,420,367991770.97
0.15,421,321761795.3
0.15,422,398149914.06
0.15,423,396420146.02
0.15,424,238950848.86
0.15,425,389594476.69
0.15,426,384941804.2
0.15,427,235378828.6
0.15,428,389414982.12
0.15,429,378908434.56
0.15,430,330731256.73
0.15,431,382328083.11
0.15,432,356878873.02
0.15,433,349543647.37
0.15,434,375855480.77
0.15,435,368442073.08
0.15,436,378904359.66
0.15,437,380268213.9
0.15,438,372874302.67
0.15,439,354822867.65
0.15,440,299807003.77
0.15,441,333718234.16
0.15,442,273845313.17
0.15,443,393727258.57
0.15,444,341420155.38
0.15,445,360215249.33
0.15,446,378632060.79
0.15,447,386173535.18
0.15,448,380163814.42
0.15,449,366187488.76
0.15,450,339793052.53
0.15,451,384506746.0
0.15,452,392797001.84
0.15,453,388392141.63
0.15,454,373269412.79
0.15,455,370373513.35
0.15,456,384245133.96
0.15,457,367184432.93
0.15,458,392468372.22
0.15,459,389210405.25
0.15,460,363553941.22
0.15,461,384826368.81
0.15,462,343476973.77
0.15,463,354078157.05
0.15,464,273134213.09
0.15,465,366486404.84
0.15,466,329571595.17
0.15,467,392892107.65
0.15,468,371175774.11
0.15,469,368305669.67
0.15,470,382086479.6
0.15,471,389188417.29
0.15,472,378501383.32
0.15,473,302900644.2
0.15,474,384960010.49
0.15,475,381268014.57
0.15,476,362602949.84
0.15,477,391987451.68
0.15,478,382394776.63
0.15,479,377481716.6
0.15,480,291596509.0
0.15,481,376634801.42
0.15,482,394038302.28
0.15,483,353678201.01
0.15,484,389991188.4
0.15,485,386645887.87
0.15,486,372072927.58
0.15,487,370346757.96
0.15,488,391459936.41
0.15,489,337931955.83
0.15,490,363113774.61
0.15,491,340979436.99
0.15,492,382740657.45
0.15,493,395017805.29
0.15,494,351127946.98
0.15,495,380486654.17
0.15,496,344796824.67
0.15,497,350870540.54
0.15,498,387722038.35
0.15,499,389751556.99
0.2,0,359132505.76
0.2,1,334730918.9
0.2,2,399144747.18
0.2,3,383263585.48
0.2,4,370327389.65
0.2,5,326592742.19
0.2,6,399072337.52
0.2,7,332853839.82
0.2,8,349843572.61
0.2,9,397652553.36
0.2,10,303239083.42
0.2,11,388973784.14
0.2,12,346443392.17
0.2,13,313667163.88
0.2,14,265425259.98
0.2,15,327460338.4
0.2,16,354468921.11
0.2,17,394230463.92
0.2,18,379805300.79
0.2,19,395183018.18
0.2,20,355724686.54
0.2,21,386200014.44
0.2,22,382124626.19
0.2,23,345919379.13
0.2,24,307383387.3
0.2,25,373907122.63
0.2,26,361110327.71
0.2,27,326728694.21
0.2,28,380137176.58
0.2,29,338437583.06
0.2,30,387000504.39
0.2,31,380487778.64
0.2,32,389588499.75
0.2,33,395008482.22
0.2,34,326764885.74
0.2,35,374848070.05
0.2,36,374589815.64
0.2,37,357086281.46
0.2,38,398131029.13
0.2,39,339131837.45
0.2,40,279151829.87
0.2,41,365544722.44
0.2,42,382270851.19
0.2,43,371061774.53
0.2,44,366816921.78
0.2,45,271677264.22
0.2,46,369037106.6
0.2,47,364907490.71
0.2,48,392816610.18
0.2,49,298291469.76
0.2,50,395408126.58
0.2,51,399907493.9
0.2,52,370561667.22
0.2,53,388202060.01
0.2,54,370104910.59
0.2,55,377211439.71
0.2,56,339121291.8
0.2,57,291983913.08
0.2,58,385455204.74
0.2,59,385529078.89
0.2,60,326463658.63
0.2,61,330624523.8
0.2,62,291952024.91
0.2,63,378698817.6
0.2,64,390429105.67
0.2,65,321436851.49
0.2,66,360488551.08
0.2,67,375841071.94
0.2,68,327124746.56
0.2,69,331836121.35
0.2,70,261364917.01
0.2,71,235720840.45
0.2,72,391810878.57
0.2,73,367810692.93
0.2,74,367792898.8
0.2,75,299392887.45
0.2,76,283429459.21
0.2,77,361246096.87
0.2,78,395511842.78
0.2,79,340678903.53
0.2,80,249864533.99
0.2,81,355215448.42
0.2,82,382964014.47
0.2,83,382396277.6
0.2,84,360466539.56
0.2,85,388335306.25
0.2,86,399771317.89
0.2,87,380826367.8
0.2,88,397930417.3
0.2,89,353188995.16
0.2,90,216041713.6
0.2,91,362444431.42
0.2,92,339537809.32
0.2,93,389792926.05
0.2,94,382978526.89
0.2,95,389656206.77
0.2,96,345047179.59
0.2,97,387890782.32
0.2,98,391825693.75
0.2,99,355313265.74
0.2,100,379120006.35
0.2,101,379100145.8
0.2,102,386741099.42
0.2,103,398115373.3
0.2,104,367716851.61
0.2,105,372513986.99
0.2,106,360124244.87
0.2,107,371807299.86
0.2,108,386939166.3
0.2,109,378472827.12
0.2,110,370134714.86
0.2,111,309233488.06
0.2,112,390823381.2
0.2,113,335680845.4
0.2,114,314975502.6
0.2,115,363633442.15
0.2,116,351924799.8
0.2,117,364971630.55
0.2,118,330210637.44
0.2,119,298059147.03
0.2,120,396251513.42
0.2,121,384697630.0
0.2,122,384391219.43
0.2,123,351024688.39
0.2,124,397874176.69
0.2,125,301411014.56
0.2,126,381659215.75
0.2,127,379484429.92
0.2,128,389775384.99
0.2,129,370449654.81
0.2,130,344231798.16
0.2,131,335102832.86
0.2,132,395406664.12
0.2,133,384254972.59
0.2,134,395155330.45
0.2,135,331459170.67
0.2,136,367809028.79
0.2,137,387919779.62
0.2,138,387891162.85
0.2,139,375078930.61
0.2,140,365800649.4
0.2,141,376125238.16
0.2,142,383050981.02
0.2,143,376457353.9
0.2,144,395547356.74
0.2,145,389930624.55
0.2,146,382827473.41
0.2,147,330901250.65
0.2,148,391104382.41
0.2,149,289105329.45
0.2,150,331154196.9
0.2,151,346275979.53
0.2,152,343073840.62
0.2,153,251066490.38
0.2,154,376302738.83
0.2,155,383917529.35
0.2,156,327863120.28
0.2,157,372525577.12
0.2,158,347886017.28
0.2,159,202631206.77
0.2,160,393656172.46
0.2,161,379631631.43
0.2,162,307263284.32
0.2,163,360261343.59
0.2,164,347930065.6
0.2,165,373053199.98
0.2,166,377832485.42
0.2,167,345638608.63
0.2,168,364977219.97
0.2,169,365957481.32
0.2,170,351678454.29
0.2,171,350377315.28
0.2,172,362162896.18
0.2,173,396985942.18
0.2,174,382572040.07
0.2,175,384887622.98
0.2,176,341054296.41
0.2,177,321511532.55
0.2,178,349392781.88
0.2,179,320117680.78
0.2,180,388235916.69
0.2,181,384301870.37
0.2,182,368247454.18
0.2,183,394369923.59
0.2,184,391229538.47
0.2,185,394244514.96
0.2,186,383173401.7
0.2,187,382961814.98
0.2,188,342382097.34
0.2,189,368095415.89
0.2,190,322687909.34
0.2,191,381790048.85
0.2,192,387037024.95
0.2,193,379474405.89
0.2,194,368365011.9
0.2,195,362487161.07
0.2,196,336859373.16
0.2,197,397006655.44
0.2,198,372898561.42
0.2,199,385978710.78
0.2,200,393210718.54
0.2,201,362871942.11
0.2,202,393060592.61
0.2,203,283391656.23
0.2,204,394387978.72
0.2,205,324657999.58
0.2,206,257401680.93
0.2,207,303682345.74
0.2,208,342196664.2
0.2,209,362882308.03
0.2,210,372893934.38
0.2,211,397173233.78
0.2,212,373062525.0
0.2,213,392848889.97
0.2,214,369977373.74
0.2,215,261291184.84
0.2,216,306766555.11
0.2,217,391760315.46
0.2,218,352292367.67
0.2,219,337591106.79
0.2,220,364958210.7
0.2,221,366666215.51
0.2,222,320718656.96
0.2,223,367671751.52
0.2,224,399821012.64
0.2,225,391654367.0
0.2,226,363822825.05
0.2,227,314047442.48
0.2,228,394331267.63
0.2,229,357354330.95
0.2,230,336324331.69
0.2,231,358552747.87
0.2,232,332612634.69
0.2,233,332081978.55
0.2,234,296583046.56
0.2,235,305476416.59
0.2,236,364786626.51
0.2,237,385218152.37
0.2,238,367361696.58
0.2,239,396612695.91
0.2,240,336472705.06
0.2,241,340494624.99
0.2,242,389791335.89
0.2,243,394756691.82
0.2,244,350421046.56
0.2,245,337930567.47
0.2,246,366833435.18
0.2,247,259967227.48
0.2,248,351819583.95
0.2,249,387404415.89
0.2,250,367149664.27
0.2,251,281288593.2
0.2,252,327234676.35
0.2,253,320489303.55
0.2,254,383384119.38
0.2,255,329379795.42
0.2,256,347788450.31
0.2,257,387631688.48
0.2,258,368397221.77
0.2,259,372428622.91
0.2,260,355132620.91
0.2,261,382488061.58
0.2,262,388900201.24
0.2,263,380438340.1
0.2,264,333656722.72
0.2,265,272542416.24
0.2,266,358609086.9
0.2,267,312615697.92
0.2,268,397419429.88
0.2,269,331263155.08
0.2,270,392951178.64
0.2,271,357804790.39
0.2,272,395355745.74
0.2,273,353466111.32
0.2,274,371029672.24
0.2,275,384340730.9
0.2,276,376522808.35
0.2,277,394332136.74
0.2,278,340824452.62
0.2,279,383237732.91
0.2,280,324404218.91
0.2,281,343758735.83
0.2,282,325254899.32
0.2,283,389376193.29
0.2,284,377033485.49
0.2,285,390018386.4
0.2,286,363352817.9
0.2,287,285326513.39
0.2,288,321715698.29
0.2,289,299121883.09
0.2,290,388519222.24
0.2,291,363771204.33
0.2,292,333306876.33
0.2,293,356433662.62
0.2,294,312778902.17
0.2,295,394725545.34
0.2,296,386478885.65
0.2,297,376272599.18
0.2,298,331729848.51
0.2,299,338030184.61
0.2,300,378229944.35
0.2,301,377124715.72
0.2,302,360303221.33
0.2,303,389601390.03
0.2,304,390079155.97
0.2,305,332789421.56
0.2,306,393726913.68
0.2,307,381497343.78
0.2,308,338817557.03
0.2,309,396942218.18
0.2,310,344181563.34
0.2,311,364129486.57
0.2,312,385279507.59
0.2,313,325546228.72
0.2,314,328150341.75
0.2,315,371536385.74
0.2,316,280940062.11
0.2,317,396348342.54
0.2,318,358881629.13
0.2,319,343247252.74
0.2,320,369941555.81
0.2,321,378641682.62
0.2,322,290378197.5
0.2,323,395410897.15
0.2,324,389433785.97
0.2,325,391550298.27
0.2,326,357161953.16
0.2,327,346883950.37
0.2,328,367072936.04
0.2,329,376545213.13
0.2,330,375482095.44
0.2,331,289514005.0
0.2,332,374916855.01
0.2,333,372809613.97
0.2,334,331932154.2
0.2,335,367815971.35
0.2,336,310330448.5
0.2,337,397747410.91
0.2,338,380335150.52
0.2,339,366817380.28
0.2,340,397910690.01
0.2,341,390468200.09
0.2,342,370447805.11
0.2,343,392942231.0
0.2,344,347508647.34
0.2,345,348194849.31
0.2,346,365681376.98
0.2,347,316006289.68
0.2,348,364129717.19
0.2,349,390500920.95
0.2,350,375000574.41
0.2,351,340012301.65
0.2,352,331051523.86
0.2,353,366398168.34
0.2,354,336310506.43
0.2,355,378967436.35
0.2,356,394509165.05
0.2,357,350243759.34
0.2,358,335483664.5
0.2,359,348736944.72
0.2,360,326291070.56
0.2,361,390617230.73
0.2,362,364259871.84
0.2,363,377607690.48
0.2,364,364739687.23
0.2,365,370872938.68
0.2,366,358582808.54
0.2,367,378071513.49
0.2,368,323647594.88
0.2,369,284808788.39
0.2,370,378471256.93
0.2,371,361159714.0
0.2,372,339180512.35
0.2,373,370721618.78
0.2,374,352574608.67
0.2,375,302662981.05
0.2,376,322287621.27
0.2,377,374970705.29
0.2,378,313606439.26
0.2,379,297662517.9
0.2,380,373602641.47
0.2,381,329916656.25
0.2,382,340633704.51
0.2,383,374693022.28
0.2,384,387098926.69
0.2,385,305066109.14
0.2,386,375067649.01
0.2,387,399595634.91
0.2,388,382031718.32
0.2,389,398513439.71
0.2,390,369244080.39
0.2,391,369361834.39
0.2,392,331678786.39
0.2,393,294328771.82
0.2,394,336919906.85
0.2,395,365429083.74
0.2,396,304773641.03
0.2,397,287572046.55
0.2,398,340678898.23
0.2,399,381647439.85
0.2,400,397519344.48
0.2,401,366868681.99
0.2,402,376287780.62
0.2,403,356503203.54
0.2,404,369648285.9
0.2,405,373646959.02
0.2,406,279862506.09
0.2,407,338489082.88
0.2,408,393718493.91
0.2,409,381621939.06
0.2,410,358948575.39
0.2,411,289534909.64
0.2,412,398678159.75
0.2,413,366968005.96
0.2,414,365848362.99
0.2,415,366518740.99
0.2,416,365716256.12
0.2,417,382262197.65
0.2,418,373642581.35
0.2,419,374883655.58
0.2,420,380249620.31
0.2,421,375631941.6
0.2,422,364674568.49
0.2,423,373423793.83
0.2,424,318086598.62
0.2,425,388182698.16
0.2,426,394465044.8
0.2,427,363880096.73
0.2,428,386328535.26
0.2,429,342468416.52
0.2,430,279775520.84
0.2,431,329864088.54
0.2,432,331950290.35
0.2,433,377455126.45
0.2,434,358071202.34
0.2,435,354000279.2
0.2,436,253478013.6
0.2,437,315348289.72
0.2,438,383475855.19
0.2,439,371143665.79
0.2,440,387207163.56
0.2,441,391633078.45
0.2,442,332671145.78
0.2,443,354425275.74
0.2,444,399438606.81
0.2,445,307021434.55
0.2,446,377405357.31
0.2,447,325069404.2
0.2,448,348298609.7
0.2,449,396126742.55
0.2,450,352250563.81
0.2,451,380322011.56
0.2,452,331412884.75
0.2,453,379544781.9
0.2,454,377824972.02
0.2,455,390578117.8
0.2,456,334517580.75
0.2,457,282425639.98
0.2,458,381352156.85
0.2,459,368044388.9
0.2,460,378246202.39
0.2,461,330663142.3
0.2,462,357418912.04
0.2,463,348891057.86
0.2,464,395900357.26
0.2,465,396710842.15
0.2,466,325610368.02
0.2,467,357388590.84
0.2,468,246648497.07
0.2,469,357812334.36
0.2,470,359628541.09
0.2,471,326306081.27
0.2,472,388228085.74
0.2,473,342146567.8
0.2,474,390079932.28
0.2,475,373174799.84
0.2,476,387980266.52
0.2,477,371968744.2
0.2,478,359780971.1
0.2,479,309615182.81
0.2,480,335658891.55
0.2,481,324522075.8
0.2,482,243296460.55
0.2,483,351792227.4
0.2,484,380460319.69
0.2,485,392833049.08
0.2,486,340439812.32
0.2,487,364558843.08
0.2,488,380923290.04
0.2,489,387750496.75
0.2,490,397834728.0
0.2,491,314724266.48
0.2,492,365529296.33
0.2,493,396582005.32
0.2,494,397933647.15
0.2,495,212793360.67
0.2,496,325956070.47
0.2,497,327915335.18
0.2,498,355561064.94
0.2,499,380667871.02
0.25,0,161520600.42
0.25,1,351772116.25
0.25,2,278329829.95
0.25,3,357251420.67
0.25,4,362684682.21
0.25,5,341843289.6
0.25,6,399358122.46
0.25,7,319917721.73
0.25,8,361698394.78
0.25,9,385958607.08
0.25,10,369358322.28
0.25,11,258277390.57
0.25,12,377038970.15
0.25,13,380782422.21
0.25,14,323940032.51
0.25,15,384613197.95
0.25,16,315381302.99
0.25,17,385350616.14
0.25,18,335936214.76
0.25,19,393773356.68
0.25,20,369577575.69
0.25,21,303781860.06
0.25,22,390699154.97
0.25,23,393461087.63
0.25,24,389772199.94
0.25,25,308615116.39
0.25,26,301145988.66
0.25,27,334003846.62
0.25,28,254529596.39
0.25,29,371619946.37
0.25,30,372658609.54
0.25,31,398672088.87
0.25,32,378454840.01
0.25,33,266903123.21
0.25,34,358657036.67
0.25,35,323701403.11
0.25,36,386861060.14
0.25,37,395253703.51
0.25,38,381390128.55
0.25,39,375298791.37
0.25,40,397992347.66
0.25,41,397164961.51
0.25,42,376761790.99
0.25,43,398717710.46
0.25,44,386860907.53
0.25,45,357788332.42
0.25,46,369825389.22
0.25,47,239459193.16
0.25,48,308352730.03
0.25,49,364083889.3
0.25,50,398344331.98
0.25,51,376211452.05
0.25,52,384273946.3
0.25,53,385658614.06
0.25,54,335691539.28
0.25,55,396528921.05
0.25,56,346122430.4
0.25,57,354969837.9
0.25,58,388125066.37
0.25,59,264466733.31
0.25,60,383344223.37
0.25,61,340499318.66
0.25,62,345939657.31
0.25,63,388355652.91
0.25,64,386544874.37
0.25,65,373156182.88
0.25,66,336965585.78
0.25,67,379558761.96
0.25,68,365057666.15
0.25,69,397108792.01
0.25,70,386720760.12
0.25,71,393051267.09
0.25,72,396363296.22
0.25,73,371014691.62
0.25,74,352196146.09
0.25,75,347984964.52
0.25,76,374402300.95
0.25,77,370404186.08
0.25,78,250261542.99
0.25,79,358412075.51
0.25,80,345592277.28
0.25,81,332722384.9
0.25,82,393464926.63
0.25,83,348998783.63
0.25,84,322511604.5
0.25,85,343407100.27
0.25,86,365309633.14
0.25,87,394665790.21
0.25,88,366633741.39
0.25,89,373659726.26
0.25,90,378795811.93
0.25,91,376171783.79
0.25,92,365606226.46
0.25,93,370297708.52
0.25,94,370642818.95
0.25,95,394447607.74
0.25,96,355617613.47
0.25,97,348455074.05
0.25,98,371308073.43
0.25,99,398030803.57
0.25,100,380934183.29
0.25,101,367699740.52
0.25,102,386376353.96
0.25,103,375306690.62
0.25,104,343680224.39
0.25,105,374491294.26
0.25,106,394519211.09
0.25,107,377641880.59
0.25,108,316317304.89
0.25,109,386153127.54
0.25,110,370774120.67
0.25,111,337629728.04
0.25,112,387029747.13
0.25,113,390549642.0
0.25,114,367269021.22
0.25,115,350927409.36
0.25,116,355959461.48
0.25,117,339787059.39
0.25,118,377934889.22
0.25,119,382763615.15
0.25,120,346773203.16
0.25,121,350299679.29
0.25,122,387544255.16
0.25,123,297280820.57
0.25,124,312948091.67
0.25,125,338310767.1
0.25,126,372244688.49
0.25,127,358339331.42
0.25,128,371949112.82
0.25,129,298855674.02
0.25,130,376026047.68
0.25,131,397376772.84
0.25,132,356139610.48
0.25,133,371204544.12
0.25,134,311585578.59
0.25,135,279123917.15
0.25,136,377332224.25
0.25,137,396688945.12
0.25,138,298843427.67
0.25,139,385318477.01
0.25,140,391448062.86
0.25,141,355077780.05
0.25,142,367395610.25
0.25,143,333303065.21
0.25,144,392220514.36
0.25,145,395447353.53
0.25,146,392614948.92
0.25,147,398823601.97
0.25,148,366221266.94
0.25,149,378658827.8
0.25,150,339809704.89
0.25,151,387271773.15
0.25,152,368426716.31
0.25,153,397730177.23
0.25,154,317028539.6
0.25,155,355323250.68
0.25,156,372212592.24
0.25,157,350492684.9
0.25,158,383268112.5
0.25,159,399336566.57
0.25,160,350847109.48
0.25,161,385636960.35
0.25,162,380988474.26
0.25,163,399965445.58
0.25,164,327221116.63
0.25,165,334808068.45
0.25,166,299856272.55
0.25,167,296880650.78
0.25,168,359795604.69
0.25,169,379379303.16
0.25,170,390141284.1
0.25,171,365594315.44
0.25,172,362399794.05
0.25,173,290697407.27
0.25,174,380898759.27
0.25,175,369393189.23
0.25,176,366211328.07
0.25,177,398024302.74
0.25,178,386489700.23
0.25,179,378744441.87
0.25,180,397032268.02
0.25,181,383071242.14
0.25,182,370025100.33
0.25,183,394761458.98
0.25,184,328394651.78
0.25,185,394481791.78
0.25,186,318940947.52
0.25,187,354097908.76
0.25,188,384201950.1
0.25,189,395750032.58
0.25,190,367170812.89
0.25,191,306534492.04
0.25,192,283672434.33
0.25,193,394785734.63
0.25,194,296666048.87
0.25,195,379181466.03
0.25,196,365163749.34
0.25,197,357673961.18
0.25,198,360331494.77
0.25,199,387921576.54
0.25,200,336696683.64
0.25,201,351149857.17
0.25,202,399914379.07
0.25,203,372866629.39
0.25,204,235829087.17
0.25,205,371169259.51
0.25,206,374957509.73
0.25,207,324704402.23
0.25,208,380882435.46
0.25,209,380823593.18
0.25,210,359036106.99
0.25,211,248358816.56
0.25,212,307371216.88
0.25,213,360451398.61
0.25,214,369041878.16
0.25,215,361281583.51
0.25,216,394626157.16
0.25,217,375517662.92
0.25,218,394580882.7
0.25,219,387629627.18
0.25,220,378176707.59
0.25,221,340375459.17
0.25,222,375657883.85
0.25,223,390293785.38
0.25,224,391790171.33
0.25,225,266205237.0
0.25,226,356086423.06
0.25,227,384236680.86
0.25,228,372700310.08
0.25,229,310107974.92
0.25,230,375430975.86
0.25,231,352695701.52
0.25,232,384710357.63
0.25,233,320675299.09
0.25,234,337027896.7
0.25,235,269173208.6
0.25,236,341660745.52
0.25,237,253801178.8
0.25,238,392467530.76
0.25,239,394218988.17
0.25,240,353234996.28
0.25,241,328659808.05
0.25,242,361306327.49
0.25,243,366860959.48
0.25,244,387257365.38
0.25,245,291309778.73
0.25,246,252316238.94
0.25,247,396894653.53
0.25,248,342581205.56
0.25,249,385280696.2
0.25,250,378697582.13
0.25,251,363307516.36
0.25,252,359002806.06
0.25,253,383621298.82
0.25,254,398883105.84
0.25,255,320214349.57
0.25,256,263493589.46
0.25,257,281481570.33
0.25,258,385754363.86
0.25,259,391919982.61
0.25,260,352194703.69
0.25,261,398516583.07
0.25,262,298681477.9
0.25,263,347704898.09
0.25,264,347226761.06
0.25,265,376966500.81
0.25,266,389701163.47
0.25,267,371959770.04
0.25,268,293567506.84
0.25,269,374986867.07
0.25,270,357354033.52
0.25,271,369169693.69
0.25,272,370412796.28
0.25,273,353217721.67
0.25,274,376956445.87
0.25,275,390340797.18
0.25,276,375407168.03
0.25,277,367991088.96
0.25,278,295799390.23
0.25,279,394015323.45
0.25,280,371660568.41
0.25,281,348626122.33
0.25,282,284220454.72
0.25,283,375952850.68
0.25,284,396371879.22
0.25,285,317033416.59
0.25,286,388105010.66
0.25,287,398824487.92
0.25,288,363504067.94
0.25,289,383064563.48
0.25,290,384957845.35
0.25,291,339872708.85
0.25,292,372459160.53
0.25,293,340042921.61
0.25,294,387301875.64
0.25,295,338798347.73
0.25,296,343650304.85
0.25,297,304673173.85
0.25,298,369116025.3
0.25,299,351361068.22
0.25,300,298749524.77
0.25,301,375790929.3
0.25,302,389771487.35
0.25,303,362622790.34
0.25,304,392826058.79
0.25,305,346406533.49
0.25,306,350810052.97
0.25,307,326262462.63
0.25,308,382279607.03
0.25,309,360611184.34
0.25,310,353620966.5
0.25,311,339338727.43
0.25,312,334170900.29
0.25,313,307584530.62
0.25,314,392597036.46
0.25,315,368718819.37
0.25,316,394536636.9
0.25,317,391891514.21
0.25,318,372843028.63
0.25,319,376845619.02
0.25,320,378107143.13
0.25,321,327830141.53
0.25,322,369207935.89
0.25,323,366151014.58
0.25,324,368263301.04
0.25,325,346680294.77
0.25,326,362090603.65
0.25,327,354548346.77
0.25,328,362033128.64
0.25,329,384046015.05
0.25,330,357783119.34
0.25,331,350459730.22
0.25,332,342742422.16
0.25,333,374461295.89
0.25,334,363457353.22
0.25,335,347796752.25
0.25,336,388622418.45
0.25,337,398940792.22
0.25,338,353667538.1
0.25,339,310410973.77
0.25,340,387845214.06
0.25,341,363470106.89
0.25,342,310035541.24
0.25,343,374546230.87
0.25,344,302464073.61
0.25,345,390272740.82
0.25,346,395353633.1
0.25,347,397681018.24
0.25,348,351077388.28
0.25,349,324540358.23
0.25,350,316905700.93
0.25,351,340161217.73
0.25,352,378499162.51
0.25,353,355640904.61
0.25,354,246536215.83
0.25,355,386847092.0
0.25,356,367238020.38
0.25,357,353905131.56
0.25,358,399133674.75
0.25,359,398516527.03
0.25,360,397539079.74
0.25,361,339906839.48
0.25,362,367827104.96
0.25,363,385912934.56
0.25,364,391144237.75
0.25,365,390424483.73
0.25,366,389139272.24
0.25,367,328413812.72
0.25,368,390752977.41
0.25,369,386776019.99
0.25,370,302258612.21
0.25,371,398046493.61
0.25,372,378734363.91
0.25,373,374003084.53
0.25,374,385056682.44
0.25,375,352626437.49
0.25,376,382694140.93
0.25,377,364512170.22
0.25,378,380636526.86
0.25,379,319226674.45
0.25,380,398622469.21
0.25,381,323113148.98
0.25,382,352841823.44
0.25,383,253101592.52
0.25,384,259471282.93
0.25,385,268710336.78
0.25,386,381072272.83
0.25,387,384389990.9
0.25,388,393744587.37
0.25,389,389157278.17
0.25,390,335783596.26
0.25,391,358030481.97
0.25,392,365946353.84
0.25,393,380877261.25
0.25,394,377925151.39
0.25,395,325241258.56
0.25,396,392761732.13
0.25,397,349453677.42
0.25,398,396088436.0
0.25,399,247537431.21
0.25,400,392020451.01
0.25,401,370495598.58
0.25,402,367620680.76
0.25,403,396787085.1
0.25,404,292690526.86
0.25,405,397014958.13
0.25,406,352193359.01
0.25,407,398920678.84
0.25,408,342053688.15
0.25,409,385925167.16
0.25,410,265614496.4
0.25,411,370860681.39
0.25,412,331693543.01
0.25,413,399341840.87
0.25,414,398866828.73
0.25,415,395630464.55
0.25,416,268784124.3
0.25,417,340046784.57
0.25,418,355525841.36
0.25,419,387289479.98
0.25,420,399454408.5
0.25,421,391114019.56
0.25,422,378955126.62
0.25,423,347606937.32
0.25,424,371426403.39
0.25,425,371900618.36
0.25,426,379363343.63
0.25,427,347438806.63
0.25,428,380155245.85
0.25,429,259401593.01
0.25,430,395189633.55
0.25,431,353979059.57
0.25,432,346860449.54
0.25,433,352402744.31
0.25,434,325995201.3
0.25,435,378218051.63
0.25,436,385677641.88
0.25,437,375161953.58
0.25,438,366662238.47
0.25,439,378653509.12
0.25,440,329625387.69
0.25,441,334729813.26
0.25,442,296700875.05
0.25,443,391205693.35
0.25,444,393590608.17
0.25,445,342556613.36
0.25,446,384154072.98
0.25,447,383426275.11
0.25,448,384428665.42
0.25,449,352623431.53
0.25,450,394612038.2
0.25,451,396723928.15
0.25,452,274672217.45
0.25,453,339057830.48
0.25,454,339204552.7
0.25,455,357112781.05
0.25,456,395078487.45
0.25,457,353836396.24
0.25,458,380691396.02
0.25,459,309494192.92
0.25,460,369636386.58
0.25,461,305801668.34
0.25,462,340715622.52
0.25,463,369243158.78
0.25,464,320710147.78
0.25,465,381253518.26
0.25,466,303881599.81
0.25,467,345446899.17
0.25,468,303625163.91
0.25,469,371020663.61
0.25,470,346008743.01
0.25,471,288981557.53
0.25,472,339575724.45
0.25,473,384359400.88
0.25,474,383599651.1
0.25,475,370674238.06
0.25,476,394139723.42
0.25,477,395617052.1
0.25,478,320838608.2
0.25,479,399462634.51
0.25,480,330884760.94
0.25,481,381329268.99
0.25,482,366811951.84
0.25,483,359176257.06
0.25,484,367190199.13
0.25,485,384696988.46
0.25,486,349323897.42
0.25,487,315773874.33
0.25,488,339898410.49
0.25,489,366815080.36
0.25,490,354705805.93
0.25,491,398277637.21
0.25,492,398247552.64
0.25,493,346197539.92
0.25,494,372975564.7
0.25,495,381422073.22
0.25,496,379993127.86
0.25,497,373833166.0
0.25,498,344163115.42
0.25,499,378937077.07
0.3,0,375176318.4
0.3,1,332397313.11
0.3,2,378845724.06
0.3,3,365545758.94
0.3,4,294600088.55
0.3,5,383089257.08
0.3,6,387308643.05
0.3,7,299184936.67
0.3,8,391447875.92
0.3,9,327217434.98
0.3,10,377337759.77
0.3,11,362332692.45
0.3,12,388952477.35
0.3,13,369445156.03
0.3,14,340617538.16
0.3,15,249697133.3
0.3,16,349491831.35
0.3,17,242270864.54
0.3,18,383519136.73
0.3,19,345965213.52
0.3,20,380609012.16
0.3,21,379728937.77
0.3,22,324439280.76
0.3,23,380810467.59
0.3,24,342895300.53
0.3,25,383827140.13
0.3,26,385297521.92
0.3,27,378518564.02
0.3,28,366877389.32
0.3,29,389567788.67
0.3,30,342359147.22
0.3,31,363215138.66
0.3,32,383981697.91
0.3,33,319811666.11
0.3,34,342257220.57
0.3,35,342227046.09
0.3,36,372690219.65
0.3,37,354146006.86
0.3,38,333276660.06
0.3,39,282348774.97
0.3,40,376395643.18
0.3,41,335530082.12
0.3,42,396040605.91
0.3,43,226033676.19
0.3,44,380807631.52
0.3,45,370923359.86
0.3,46,367006099.38
0.3,47,361299442.02
0.3,48,373132299.24
0.3,49,259591068.59
0.3,50,393534277.89
0.3,51,381329794.18
0.3,52,360829780.53
0.3,53,371183653.09
0.3,54,272942737.59
0.3,55,381725082.48
0.3,56,281562068.26
0.3,57,390500749.53
0.3,58,360341760.27
0.3,59,361586028.35
0.3,60,372125032.49
0.3,61,328292540.46
0.3,62,346937616.3
0.3,63,366202497.68
0.3,64,363510005.83
0.3,65,397093161.47
0.3,66,383232749.36
0.3,67,381574937.14
0.3,68,347693275.98
0.3,69,378666058.7
0.3,70,301951144.93
0.3,71,375712183.15
0.3,72,326262418.55
0.3,73,383048700.78
0.3,74,385998111.12
0.3,75,338039333.09
0.3,76,397033547.13
0.3,77,354015386.0
0.3,78,398333575.25
0.3,79,369454522.84
0.3,80,360724410.77
0.3,81,356760129.44
0.3,82,389490469.04
0.3,83,366166433.33
0.3,84,291921249.26
0.3,85,246748147.22
0.3,86,292436533.89
0.3,87,397783846.27
0.3,88,380587706.4
0.3,89,385995163.89
0.3,90,376205217.47
0.3,91,383371936.31
0.3,92,395151801.42
0.3,93,336014826.31
0.3,94,363913834.72
0.3,95,353019146.51
0.3,96,352446831.09
0.3,97,279478502.89
0.3,98,390550543.14
0.3,99,294090872.71
0.3,100,392185549.58
0.3,101,386609729.99
0.3,102,316936597.75
0.3,103,278889388.65
0.3,104,373291936.49
0.3,105,342619388.5
0.3,106,362007690.84
0.3,107,391425951.53
0.3,108,395114736.98
0.3,109,371768859.99
0.3,110,287378337.0
0.3,111,389466184.94
0.3,112,360970225.29
0.3,113,396009785.95
0.3,114,358653051.67
0.3,115,372811782.73
0.3,116,363135961.26
0.3,117,364583938.8
0.3,118,385721439.26
0.3,119,391605710.59
0.3,120,389294548.93
0.3,121,376169722.08
0.3,122,362438694.64
0.3,123,374460249.17
0.3,124,218839504.41
0.3,125,356793042.54
0.3,126,287550984.16
0.3,127,363673728.23
0.3,128,345031097.33
0.3,129,244376824.23
0.3,130,379540372.14
0.3,131,368533162.07
0.3,132,395517407.17
0.3,133,382837531.76
0.3,134,369754545.3
0.3,135,396629833.39
0.3,136,383453116.47
0.3,137,360989100.75
0.3,138,311291343.2
0.3,139,318459249.77
0.3,140,376654078.33
0.3,141,358341653.59
0.3,142,284147849.02
0.3,143,339795367.45
0.3,144,379819515.04
0.3,145,344469572.32
0.3,146,392785157.37
0.3,147,371481348.88
0.3,148,391324661.51
0.3,149,243747631.88
0.3,150,374779519.28
0.3,151,387316248.76
0.3,152,373744604.92
0.3,153,363785482.07
0.3,154,359903806.84
0.3,155,383754364.28
0.3,156,362257482.64
0.3,157,387248936.97
0.3,158,359620257.78
0.3,159,383217441.61
0.3,160,378495209.89
0.3,161,399611772.77
0.3,162,371551268.74
0.3,163,393148553.89
0.3,164,348545680.33
0.3,165,399522891.88
0.3,166,383616701.49
0.3,167,364109685.65
0.3,168,374445180.75
0.3,169,366457120.83
0.3,170,355495985.46
0.3,171,257986162.89
0.3,172,389109880.53
0.3,173,376686890.6
0.3,174,398835836.14
0.3,175,387285741.07
0.3,176,303101546.57
0.3,177,398833896.35
0.3,178,362485606.5
0.3,179,310000446.6
0.3,180,393096899.51
0.3,181,349604290.29
0.3,182,396183196.09
0.3,183,385823694.73
0.3,184,341004193.0
0.3,185,370393222.55
0.3,186,349435621.28
0.3,187,341241641.36
0.3,188,381779983.5
0.3,189,371238062.63
0.3,190,287335435.21
0.3,191,384541943.78
0.3,192,326678756.09
0.3,193,368933430.77
0.3,194,390628737.69
0.3,195,376688312.69
0.3,196,334899323.27
0.3,197,387938990.7
0.3,198,385721863.38
0.3,199,338742742.86
0.3,200,387772280.27
0.3,201,372121490.26
0.3,202,332941629.12
0.3,203,339805286.23
0.3,204,385882092.78
0.3,205,263660175.79
0.3,206,379050062.13
0.3,207,391839040.2
0.3,208,379191887.65
0.3,209,325658937.81
0.3,210,237462380.48
0.3,211,180831169.99
0.3,212,338120936.13
0.3,213,382763774.79
0.3,214,343587845.29
0.3,215,334762341.42
0.3,216,391782814.29
0.3,217,393691714.67
0.3,218,341446725.59
0.3,219,379239973.77
0.3,220,352389172.84
0.3,221,361407822.89
0.3,222,394831243.36
0.3,223,368608508.6
0.3,224,339119604.41
0.3,225,368943549.22
0.3,226,291997102.1
0.3,227,370557803.75
0.3,228,370474303.88
0.3,229,391669766.62
0.3,230,364774995.93
0.3,231,368139049.37
0.3,232,338261170.26
0.3,233,337119838.18
0.3,234,381870583.27
0.3,235,378538599.26
0.3,236,289591166.53
0.3,237,390945246.43
0.3,238,375239502.55
0.3,239,381657871.61
0.3,240,360179686.14
0.3,241,343873267.11
0.3,242,343037947.74
0.3,243,365896219.48
0.3,244,273666111.69
0.3,245,366944339.55
0.3,246,389609130.54
0.3,247,388699046.46
0.3,248,348004763.09
0.3,249,357484472.38
0.3,250,352694515.91
0.3,251,398753579.24
0.3,252,378540649.49
0.3,253,387176530.74
0.3,254,360019766.93
0.3,255,334606382.38
0.3,256,337337675.62
0.3,257,350388992.45
0.3,258,393404604.59
0.3,259,332091112.72
0.3,260,391210681.63
0.3,261,399042362.33
0.3,262,336680428.41
0.3,263,214406713.48
0.3,264,358535505.02
0.3,265,340339671.57
0.3,266,304902692.07
0.3,267,383403785.23
0.3,268,335528399.64
0.3,269,361449952.4
0.3,270,372505962.64
0.3,271,344801722.47
0.3,272,354209800.81
0.3,273,311044635.12
0.3,274,394816422.34
0.3,275,324450616.82
0.3,276,376442196.23
0.3,277,392687497.28
0.3,278,367836583.44
0.3,279,375369181.47
0.3,280,364170949.05
0.3,281,362990167.99
0.3,282,377667178.31
0.3,283,330155906.24
0.3,284,347221823.39
0.3,285,391829037.09
0.3,286,360426564.66
0.3,287,365816723.51
0.3,288,363668639.98
0.3,289,355861564.04
0.3,290,369701676.62
0.3,291,339327617.06
0.3,292,377946433.2
0.3,293,359453579.47
0.3,294,398345299.16
0.3,295,308986973.57
0.3,296,335640876.45
0.3,297,369387661.49
0.3,298,397728968.65
0.3,299,381755024.46
0.3,300,348378248.75
0.3,301,366781324.54
0.3,302,395691076.65
0.3,303,384003209.01
0.3,304,369804072.99
0.3,305,285782472.98
0.3,306,372481077.56
0.3,307,349894923.77
0.3,308,397110225.58
0.3,309,364340194.0
0.3,310,372207672.29
0.3,311,385700167.14
0.3,312,345592779.4
0.3,313,364034173.94
0.3,314,374857015.28
0.3,315,384175034.8
0.3,316,361626782.54
0.3,317,322764048.63
0.3,318,351600176.79
0.3,319,385683699.76
0.3,320,380721303.76
0.3,321,390179588.79
0.3,322,364600339.69
0.3,323,370094408.61
0.3,324,277659434.61
0.3,325,326363062.21
0.3,326,337967511.41
0.3,327,344635939.51
0.3,328,346229072.74
0.3,329,369269558.65
0.3,330,327247829.29
0.3,331,398537541.18
0.3,332,377581946.16
0.3,333,391537515.49
0.3,334,285755944.48
0.3,335,398436507.33
0.3,336,380112392.63
0.3,337,355227715.01
0.3,338,388397717.36
0.3,339,332405705.64
0.3,340,362106679.78
0.3,341,393021803.47
0.3,342,328545068.06
0.3,343,381399338.23
0.3,344,321427915.5
0.3,345,342207807.18
0.3,346,361679694.72
0.3,347,309760449.93
0.3,348,393913584.44
0.3,349,378373630.6
0.3,350,395556626.78
0.3,351,384594056.57
0.3,352,380150012.36
0.3,353,333789497.41
0.3,354,340124433.9
0.3,355,364153250.62
0.3,356,304660678.13
0.3,357,397703719.35
0.3,358,364752995.25
0.3,359,374583437.74
0.3,360,382633025.8
0.3,361,371010660.14
0.3,362,363906103.34
0.3,363,373460885.28
0.3,364,370214826.69
0.3,365,289519982.73
0.3,366,398625179.42
0.3,367,391728368.07
0.3,368,349424315.47
0.3,369,378882944.93
0.3,370,396291893.92
0.3,371,363217443.2
0.3,372,329648754.54
0.3,373,321002666.58
0.3,374,384042204.37
0.3,375,321168844.42
0.3,376,396562863.39
0.3,377,379563078.43
0.3,378,287478375.43
0.3,379,372319492.49
0.3,380,294531280.47
0.3,381,386410448.76
0.3,382,346802361.54
0.3,383,365096602.18
0.3,384,331121294.99
0.3,385,371254647.62
0.3,386,269041671.48
0.3,387,356002603.45
0.3,388,326200241.13
0.3,389,330009174.82
0.3,390,367721259.53
0.3,391,374370996.39
0.3,392,202317947.39
0.3,393,294344418.77
0.3,394,379084055.7
0.3,395,388379569.77
0.3,396,378647024.93
0.3,397,345985722.45
0.3,398,387503799.54
0.3,399,355475875.89
0.3,400,390480771.87
0.3,401,352609733.86
0.3,402,372381442.87
0.3,403,375427177.56
0.3,404,364310168.04
0.3,405,314608800.17
0.3,406,355096242.84
0.3,407,320955544.72
0.3,408,360148335.28
0.3,409,350118377.13
0.3,410,330246124.04
0.3,411,364503916.13
0.3,412,336008613.52
0.3,413,366439567.49
0.3,414,382611880.78
0.3,415,395720003.43
0.3,416,268694559.15
0.3,417,349243718.32
0.3,418,320969112.63
0.3,419,393131458.02
0.3,420,320026067.22
0.3,421,393058238.82
0.3,422,387457501.52
0.3,423,389446923.2
0.3,424,328829963.68
0.3,425,354282708.52
0.3,426,271531739.33
0.3,427,391464006.18
0.3,428,374777827.7
0.3,429,379769416.28
0.3,430,388012619.97
0.3,431,313414193.36
0.3,432,392344235.34
0.3,433,333634822.99
0.3,434,389391783.03
0.3,435,341394986.27
0.3,436,316017829.84
0.3,437,376627356.25
0.3,438,309631797.11
0.3,439,351690034.62
0.3,440,350448275.74
0.3,441,374959771.31
0.3,442,371590983.27
0.3,443,336936158.6
0.3,444,348584747.04
0.3,445,377305904.1
0.3,446,365040295.14
0.3,447,380574371.26
0.3,448,341375588.78
0.3,449,315055915.05
0.3,450,389990737.16
0.3,451,395373451.58
0.3,452,396332368.49
0.3,453,311035430.94
0.3,454,352917952.36
0.3,455,337596949.41
0.3,456,396616559.48
0.3,457,275513448.81
0.3,458,380599109.41
0.3,459,374832528.59
0.3,460,397156163.19
0.3,461,383508885.32
0.3,462,336357209.94
0.3,463,366322769.25
0.3,464,374588502.93
0.3,465,281714383.37
0.3,466,396885641.62
0.3,467,274907375.64
0.3,468,348332805.73
0.3,469,360452650.5
0.3,470,351926712.02
0.3,471,391215177.85
0.3,472,363040498.95
0.3,473,394196679.0
0.3,474,398467627.35
0.3,475,326092900.63
0.3,476,355470391.54
0.3,477,397218981.49
0.3,478,242700261.28
0.3,479,384225197.36
0.3,480,391916516.48
0.3,481,366764576.02
0.3,482,275099962.91
0.3,483,369071030.42
0.3,484,392673692.93
0.3,485,393699998.01
0.3,486,305562555.11
0.3,487,353448915.98
0.3,488,328399220.07
0.3,489,337626816.91
0.3,490,368334817.28
0.3,491,282136121.72
0.3,492,355620766.56
0.3,493,383881829.66
0.3,494,370934064.41
0.3,495,375100941.8
0.3,496,312857005.67
0.3,497,349631307.04
0.3,498,396542485.58
0.3,499,337745000.88
0.35,0,301919356.87
0.35,1,385546361.78
0.35,2,380227163.78
0.35,3,261349921.35
0.35,4,344813974.96
0.35,5,395272174.18
0.35,6,361326798.31
0.35,7,354479218.25
0.35,8,377613268.27
0.35,9,386164203.1
0.35,10,397224941.48
0.35,11,347075947.47
0.35,12,390102988.8
0.35,13,313013865.01
0.35,14,398200850.09
0.35,15,377355318.17
0.35,16,345145473.2
0.35,17,389595197.0
0.35,18,371036238.53
0.35,19,293548479.48
0.35,20,337869960.81
0.35,21,323218881.74
0.35,22,321190569.7
0.35,23,382525036.25
0.35,24,339608550.34
0.35,25,390081952.53
0.35,26,396291499.17
0.35,27,391480479.1
0.35,28,294832558.01
0.35,29,315211249.58
0.35,30,355340383.34
0.35,31,393281456.65
0.35,32,378809218.29
0.35,33,350434530.7
0.35,34,380105061.08
0.35,35,390435432.53
0.35,36,386849526.11
0.35,37,377811565.57
0.35,38,373786448.62
0.35,39,329511652.71
0.35,40,254904858.14
0.35,41,387008397.73
0.35,42,339119180.06
0.35,43,325264986.7
0.35,44,393850654.35
0.35,45,364762994.05
0.35,46,283058274.02
0.35,47,398904577.91
0.35,48,367617698.13
0.35,49,379371707.31
0.35,50,354754199.23
0.35,51,376310219.2
0.35,52,335470288.57
0.35,53,360867081.05
0.35,54,385415795.91
0.35,55,390150492.73
0.35,56,365179713.14
0.35,57,366580933.02
0.35,58,371037841.55
0.35,59,345230753.69
0.35,60,368127244.41
0.35,61,376353142.59
0.35,62,389246490.51
0.35,63,299682370.33
0.35,64,337576885.44
0.35,65,328057177.56
0.35,66,225766790.86
0.35,67,222591527.57
0.35,68,383440299.42
0.35,69,373885583.65
0.35,70,304216583.22
0.35,71,388753083.85
0.35,72,391912372.25
0.35,73,391300582.79
0.35,74,287478339.21
0.35,75,386578666.74
0.35,76,398595445.73
0.35,77,340470514.89
0.35,78,373203644.8
0.35,79,365969280.88
0.35,80,370376199.24
0.35,81,339916236.32
0.35,82,336810233.98
0.35,83,281518766.79
0.35,84,351673636.06
0.35,85,356503236.47
0.35,86,372986321.86
0.35,87,303744562.22
0.35,88,389518010.24
0.35,89,372381974.68
0.35,90,377678456.9
0.35,91,309353207.87
0.35,92,397386823.95
0.35,93,269766741.77
0.35,94,387247847.51
0.35,95,339854451.88
0.35,96,394188730.51
0.35,97,358045085.06
0.35,98,393052238.79
0.35,99,395485006.94
0.35,100,343690602.72
0.35,101,305788909.97
0.35,102,300701120.55
0.35,103,333459769.99
0.35,104,376821376.45
0.35,105,379564164.84
0.35,106,356279522.25
0.35,107,302374853.73
0.35,108,304635798.95
0.35,109,373804848.8
0.35,110,374066514.44
0.35,111,348424322.56
0.35,112,359548698.44
0.35,113,305875616.27
0.35,114,316633425.4
0.35,115,362320507.0
0.35,116,388097922.62
0.35,117,374582027.44
0.35,118,386984573.86
0.35,119,384184969.1
0.35,120,329592194.72
0.35,121,372853451.89
0.35,122,377462727.9
0.35,123,381513524.39
0.35,124,196899272.15
0.35,125,274928590.26
0.35,126,291870419.07
0.35,127,375107840.21
0.35,128,385807525.02
0.35,129,382380570.39
0.35,130,389084613.31
0.35,131,337355975.39
0.35,132,276321547.22
0.35,133,381698565.27
0.35,134,367440486.58
0.35,135,362445233.37
0.35,136,264189896.4
0.35,137,381364609.82
0.35,138,397378457.95
0.35,139,308146641.51
0.35,140,300840788.21
0.35,141,388385169.46
0.35,142,361403536.39
0.35,143,352823837.54
0.35,144,344121081.95
0.35,145,394546434.16
0.35,146,374843398.11
0.35,147,167976036.72
0.35,148,323416322.54
0.35,149,397111674.45
0.35,150,369479565.56
0.35,151,393499792.84
0.35,152,325044427.41
0.35,153,331713527.48
0.35,154,380244864.95
0.35,155,342333615.3
0.35,156,375061706.7
0.35,157,385391183.53
0.35,158,396866019.21
0.35,159,362210416.18
0.35,160,383624636.97
0.35,161,316347960.95
0.35,162,303693469.5
0.35,163,399481726.39
0.35,164,301010532.0
0.35,165,326163714.54
0.35,166,351859285.18
0.35,167,353778589.16
0.35,168,369765079.3
0.35,169,353132513.61
0.35,170,393676463.36
0.35,171,379893196.58
0.35,172,285730935.32
0.35,173,345767317.12
0.35,174,334084628.29
0.35,175,373089890.52
0.35,176,386397940.14
0.35,177,371001485.5
0.35,178,243012264.13
0.35,179,275854519.93
0.35,180,369972014.61
0.35,181,352213335.73
0.35,182,283084366.83
0.35,183,394297438.05
0.35,184,367496787.95
0.35,185,377904461.19
0.35,186,385752146.03
0.35,187,295647472.5
0.35,188,381336017.04
0.35,189,255389244.33
0.35,190,381476979.16
0.35,191,379857207.25
0.35,192,361206810.4
0.35,193,360222423.46
0.35,194,359310415.55
0.35,195,346878937.55
0.35,196,380524499.18
0.35,197,379475426.72
0.35,198,385693684.27
0.35,199,371373461.51
0.35,200,339696071.09
0.35,201,363072018.1
0.35,202,308018617.18
0.35,203,385809988.4
0.35,204,383350500.69
0.35,205,374658774.54
0.35,206,384862897.95
0.35,207,354722281.93
0.35,208,355166902.18
0.35,209,375933231.29
0.35,210,335909657.4
0.35,211,381052310.18
0.35,212,310001932.21
0.35,213,382868636.9
0.35,214,363475720.25
0.35,215,378719894.24
0.35,216,292858000.06
0.35,217,387337458.35
0.35,218,354335751.04
0.35,219,365137501.4
0.35,220,353326719.79
0.35,221,281430253.58
0.35,222,399897250.87
0.35,223,391370353.61
0.35,224,287962072.18
0.35,225,254120378.68
0.35,226,344496648.59
0.35,227,362066051.16
0.35,228,339432512.31
0.35,229,300530561.82
0.35,230,335852819.44
0.35,231,347241413.65
0.35,232,359539431.28
0.35,233,355391202.18
0.35,234,273846180.52
0.35,235,240073021.58
0.35,236,355489380.98
0.35,237,371147360.22
0.35,238,366184990.97
0.35,239,342288816.72
0.35,240,399620735.09
0.35,241,359859575.58
0.35,242,326280356.37
0.35,243,363188341.86
0.35,244,312571685.84
0.35,245,372118016.37
0.35,246,364953535.13
0.35,247,398119410.94
0.35,248,322996637.0
0.35,249,308999960.64
0.35,250,314726337.7
0.35,251,362469481.41
0.35,252,326674409.43
0.35,253,296570251.7
0.35,254,386325757.4
0.35,255,383264772.67
0.35,256,360355875.72
0.35,257,305361651.62
0.35,258,282625080.34
0.35,259,362996298.74
0.35,260,320761375.3
0.35,261,391145630.91
0.35,262,355517212.46
0.35,263,305412761.94
0.35,264,345888331.44
0.35,265,342402621.49
0.35,266,367461943.82
0.35,267,364999753.16
0.35,268,364593635.75
0.35,269,328688044.8
0.35,270,388501906.53
0.35,271,288663843.96
0.35,272,310917191.84
0.35,273,390615083.08
0.35,274,356950774.32
0.35,275,363025368.73
0.35,276,312446328.01
0.35,277,364490095.19
0.35,278,373697552.12
0.35,279,332377194.59
0.35,280,359028574.37
0.35,281,324404990.11
0.35,282,344003435.87
0.35,283,346155600.08
0.35,284,361786456.16
0.35,285,374375069.54
0.35,286,380919422.52
0.35,287,364107066.58
0.35,288,385216916.3
0.35,289,321484623.33
0.35,290,360189969.07
0.35,291,342616886.27
0.35,292,325854672.79
0.35,293,276395419.87
0.35,294,393284317.95
0.35,295,319120396.33
0.35,296,384472773.4
0.35,297,354705261.31
0.35,298,290397966.71
0.35,299,318045624.18
0.35,300,320624074.14
0.35,301,358300664.03
0.35,302,328939989.92
0.35,303,345420868.62
0.35,304,377970810.96
0.35,305,399323669.9
0.35,306,387216832.58
0.35,307,390606378.49
0.35,308,348126017.67
0.35,309,352130609.09
0.35,310,368611756.04
0.35,311,387040149.96
0.35,312,328813813.33
0.35,313,379160054.2
0.35,314,341731742.78
0.35,315,386691441.38
0.35,316,359341982.21
0.35,317,375329837.65
0.35,318,396281329.03
0.35,319,377191953.1
0.35,320,394843137.55
0.35,321,334783497.73
0.35,322,349043676.16
0.35,323,371289788.32
0.35,324,360984686.99
0.35,325,302207213.15
0.35,326,311468091.18
0.35,327,332570554.02
0.35,328,262601409.49
0.35,329,370584150.34
0.35,330,384445942.22
0.35,331,247453160.54
0.35,332,370398615.67
0.35,333,275702858.14
0.35,334,350868741.88
0.35,335,345532344.03
0.35,336,369853152.45
0.35,337,334323913.06
0.35,338,396227392.53
0.35,339,247389883.13
0.35,340,389932073.96
0.35,341,371013541.22
0.35,342,330101544.22
0.35,343,260729191.47
0.35,344,346108148.78
0.35,345,363341804.58
0.35,346,325336077.34
0.35,347,307603185.75
0.35,348,329049920.05
0.35,349,385865444.08
0.35,350,354287677.78
0.35,351,384208075.64
0.35,352,390155826.61
0.35,353,357725128.42
0.35,354,365388864.13
0.35,355,381607378.55
0.35,356,390349984.54
0.35,357,395358705.52
0.35,358,357687767.65
0.35,359,319048391.57
0.35,360,331706536.75
0.35,361,388350759.89
0.35,362,328298719.78
0.35,363,379985045.1
0.35,364,280585655.35
0.35,365,330783724.31
0.35,366,363294435.57
0.35,367,310923886.02
0.35,368,331814753.7
0.35,369,365742573.61
0.35,370,372513013.6
0.35,371,322917022.56
0.35,372,338400949.15
0.35,373,369639461.25
0.35,374,373689249.59
0.35,375,316443005.48
0.35,376,344378520.35
0.35,377,311543093.68
0.35,378,369737806.51
0.35,379,387275396.17
0.35,380,253441926.99
0.35,381,386701252.61
0.35,382,367858292.88
0.35,383,346904359.33
0.35,384,386276433.99
0.35,385,368347722.39
0.35,386,318137937.97
0.35,387,341891581.93
0.35,388,396147351.27
0.35,389,386117682.33
0.35,390,371681551.31
0.35,391,374999669.82
0.35,392,395836598.86
0.35,393,332983037.36
0.35,394,368813106.3
0.35,395,371167144.04
0.35,396,343652668.67
0.35,397,235403968.77
0.35,398,309941025.94
0.35,399,333648244.48
0.35,400,370540552.86
0.35,401,364375039.74
0.35,402,341121109.42
0.35,403,323674606.84
0.35,404,378935953.36
0.35,405,369870893.7
0.35,406,378781510.53
0.35,407,396689091.66
0.35,408,364987544.2
0.35,409,380379129.46
0.35,410,367866893.65
0.35,411,356739741.09
0.35,412,396991101.16
0.35,413,369646016.59
0.35,414,333692934.23
0.35,415,382870592.51
0.35,416,356148926.08
0.35,417,304287444.25
0.35,418,324355269.06
0.35,419,391855234.62
0.35,420,219016813.42
0.35,421,306009557.68
0.35,422,329194175.13
0.35,423,384583564.84
0.35,424,310052203.87
0.35,425,399386423.72
0.35,426,354546463.19
0.35,427,391017807.27
0.35,428,356323934.65
0.35,429,349329040.77
0.35,430,311055044.15
0.35,431,372804697.81
0.35,432,291161426.03
0.35,433,376481533.26
0.35,434,379608313.32
0.35,435,360004882.93
0.35,436,362893713.86
0.35,437,384489424.81
0.35,438,389700867.95
0.35,439,364537474.14
0.35,440,305141685.69
0.35,441,370958428.44
0.35,442,360891986.59
0.35,443,324574819.96
0.35,444,358786181.95
0.35,445,289139960.6
0.35,446,380990077.45
0.35,447,350016915.53
0.35,448,346549624.16
0.35,449,295644378.69
0.35,450,368074138.05
0.35,451,312382142.79
0.35,452,394983141.71
0.35,453,382124180.92
0.35,454,351014722.54
0.35,455,394203635.11
0.35,456,397295700.99
0.35,457,392670720.89
0.35,458,360055371.47
0.35,459,334368145.1
0.35,460,346201067.59
0.35,461,386000826.23
0.35,462,339881409.86
0.35,463,381922869.64
0.35,464,375018454.66
0.35,465,387692477.25
0.35,466,361037389.09
0.35,467,339586414.67
0.35,468,387985186.55
0.35,469,349669493.47
0.35,470,394301798.99
0.35,471,373790110.62
0.35,472,322753224.37
0.35,473,343759957.73
0.35,474,347847492.31
0.35,475,383969211.09
0.35,476,371337006.91
0.35,477,365562395.24
0.35,478,386984120.53
0.35,479,391146301.85
0.35,480,349957596.55
0.35,481,286842915.41
0.35,482,342613256.48
0.35,483,336923983.19
0.35,484,364168082.81
0.35,485,391929900.13
0.35,486,389986110.83
0.35,487,317312041.47
0.35,488,388590471.99
0.35,489,382593286.17
0.35,490,249638358.39
0.35,491,311934007.38
0.35,492,311925441.47
0.35,493,333413793.87
0.35,494,392793283.6
0.35,495,372930543.06
0.35,496,397861944.94
0.35,497,357239685.94
0.35,498,395785508.6
0.35,499,370419964.21
0.4,0,375508470.42
0.4,1,277193093.98
0.4,2,322558592.42
0.4,3,323228832.13
0.4,4,351759682.54
0.4,5,383354389.15
0.4,6,336609522.59
0.4,7,380972476.11
0.4,8,338099040.91
0.4,9,390775588.74
0.4,10,372635654.89
0.4,11,337603283.66
0.4,12,393074826.25
0.4,13,373267982.93
0.4,14,379405281.02
0.4,15,389349978.57
0.4,16,343546096.76
0.4,17,347818336.1
0.4,18,346798267.86
0.4,19,347079129.43
0.4,20,381022356.97
0.4,21,347752001.23
0.4,22,344383636.65
0.4,23,368389922.63
0.4,24,339250776.93
0.4,25,311878513.52
0.4,26,318992163.93
0.4,27,386057985.13
0.4,28,343597012.34
0.4,29,380179008.69
0.4,30,238281774.93
0.4,31,393286259.59
0.4,32,271550634.6
0.4,33,370364845.18
0.4,34,398431692.92
0.4,35,379232005.09
0.4,36,379241681.4
0.4,37,387099593.67
0.4,38,330286242.31
0.4,39,396725600.82
0.4,40,342157870.02
0.4,41,333973252.67
0.4,42,338961949.4
0.4,43,343156384.1
0.4,44,288772471.45
0.4,45,331163344.97
0.4,46,387883393.4
0.4,47,319778132.2
0.4,48,311388544.52
0.4,49,392584280.87
0.4,50,355201087.19
0.4,51,364804029.55
0.4,52,233407379.21
0.4,53,395458981.44
0.4,54,397628775.82
0.4,55,373959197.62
0.4,56,395347726.68
0.4,57,189735500.08
0.4,58,387413977.98
0.4,59,379454088.25
0.4,60,390321251.37
0.4,61,369419916.92
0.4,62,297961487.75
0.4,63,396088705.87
0.4,64,279070870.04
0.4,65,350542329.67
0.4,66,384810328.43
0.4,67,219662913.78
0.4,68,379474596.4
0.4,69,382209259.47
0.4,70,248629520.06
0.4,71,398648097.9
0.4,72,366008594.25
0.4,73,328840189.39
0.4,74,316251435.07
0.4,75,344096974.57
0.4,76,388359652.11
0.4,77,353154001.17
0.4,78,390135327.17
0.4,79,378890358.62
0.4,80,387702998.99
0.4,81,329898895.25
0.4,82,349646763.69
0.4,83,396166561.88
0.4,84,374335426.0
0.4,85,332531145.54
0.4,86,383768287.39
0.4,87,272242272.09
0.4,88,396013616.7
0.4,89,380806654.64
0.4,90,363144039.96
0.4,91,390835152.14
0.4,92,372581905.61
0.4,93,381275579.0
0.4,94,323626217.02
0.4,95,378208815.31
0.4,96,378614981.14
0.4,97,379641702.9
0.4,98,370359736.97
0.4,99,338076304.65
0.4,100,389127780.15
0.4,101,282929951.93
0.4,102,349704171.62
0.4,103,341062099.07
0.4,104,347229693.44
0.4,105,356360274.5
0.4,106,356029288.36
0.4,107,393617773.72
0.4,108,364376615.43
0.4,109,390315583.24
0.4,110,289518280.88
0.4,111,298928420.92
0.4,112,373996661.2
0.4,113,316313268.11
0.4,114,396079044.77
0.4,115,349530627.92
0.4,116,338027983.37
0.4,117,384543251.12
0.4,118,367669280.89
0.4,119,396797237.44
0.4,120,318476881.22
0.4,121,340699571.47
0.4,122,378507816.83
0.4,123,276710811.61
0.4,124,315661084.38
0.4,125,300099136.97
0.4,126,377525752.25
0.4,127,396880127.11
0.4,128,386318300.58
0.4,129,353765909.02
0.4,130,270093064.82
0.4,131,383615612.35
0.4,132,381791184.11
0.4,133,322843896.0
0.4,134,358931459.49
0.4,135,313185303.46
0.4,136,371048312.33
0.4,137,337304158.27
0.4,138,343772377.25
0.4,139,374524461.58
0.4,140,354483549.53
0.4,141,340743278.59
0.4,142,398715213.73
0.4,143,269679640.19
0.4,144,343855216.02
0.4,145,345507786.72
0.4,146,334907540.51
0.4,147,373656359.58
0.4,148,287236577.74
0.4,149,394538432.17
0.4,150,378571127.97
0.4,151,382327547.23
0.4,152,276800360.44
0.4,153,365693927.47
0.4,154,346604710.3
0.4,155,368751164.59
0.4,156,378389751.05
0.4,157,332381658.89
0.4,158,355713448.05
0.4,159,312707750.48
0.4,160,395460627.45
0.4,161,362413597.48
0.4,162,273582269.9
0.4,163,321672113.65
0.4,164,379161764.45
0.4,165,365724806.5
0.4,166,315746049.61
0.4,167,372064298.45
0.4,168,377160797.53
0.4,169,335021297.74
0.4,170,391656009.19
0.4,171,348757014.29
0.4,172,366368989.54
0.4,173,313701948.03
0.4,174,352818461.42
0.4,175,357235400.85
0.4,176,383580542.39
0.4,177,363079721.19
0.4,178,394250413.28
0.4,179,318255466.09
0.4,180,369542662.1
0.4,181,385122482.6
0.4,182,349548933.11
0.4,183,345246278.11
0.4,184,324456589.09
0.4,185,335926560.8
0.4,186,369394820.55
0.4,187,363494804.96
0.4,188,386228802.83
0.4,189,318985505.32
0.4,190,321964250.17
0.4,191,335012111.06
0.4,192,342301915.26
0.4,193,355055529.71
0.4,194,395248760.62
0.4,195,300663429.27
0.4,196,284670993.75
0.4,197,398197354.18
0.4,198,342103185.96
0.4,199,348700225.22
0.4,200,372968392.23
0.4,201,329185938.71
0.4,202,326494509.43
0.4,203,237359770.61
0.4,204,387918741.29
0.4,205,358774465.95
0.4,206,391672230.21
0.4,207,386639665.58
0.4,208,284723882.52
0.4,209,351256467.63
0.4,210,374351452.98
0.4,211,368272206.92
0.4,212,367342795.79
0.4,213,308330743.3
0.4,214,385344974.42
0.4,215,379143630.32
0.4,216,367631187.23
0.4,217,338152063.19
0.4,218,360304988.82
0.4,219,387292182.49
0.4,220,306388186.15
0.4,221,353807578.75
0.4,222,326803913.66
0.4,223,395738142.81
0.4,224,338160772.74
0.4,225,364465796.51
0.4,226,378356975.85
0.4,227,209092964.2
0.4,228,361210556.16
0.4,229,383116894.69
0.4,230,354134503.23
0.4,231,364764052.56
0.4,232,365709648.74
0.4,233,385260686.33
0.4,234,290576461.31
0.4,235,391997708.32
0.4,236,320324261.31
0.4,237,300871863.92
0.4,238,330416412.32
0.4,239,361824714.71
0.4,240,347813560.9
0.4,241,385504365.02
0.4,242,377919447.27
0.4,243,275454268.37
0.4,244,325599277.26
0.4,245,372153588.97
0.4,246,397086127.68
0.4,247,396973898.19
0.4,248,332569038.6
0.4,249,353147082.08
0.4,250,397110656.8
0.4,251,316634093.47
0.4,252,314057780.7
0.4,253,397837074.26
0.4,254,375752014.48
0.4,255,365052271.51
0.4,256,333839844.66
0.4,257,341320808.02
0.4,258,367894191.73
0.4,259,363429750.25
0.4,260,254099446.46
0.4,261,394569452.15
0.4,262,314010314.6
0.4,263,378246945.22
0.4,264,385033076.21
0.4,265,393184388.17
0.4,266,363002068.02
0.4,267,394901843.1
0.4,268,385195901.62
0.4,269,362291854.71
0.4,270,305767843.94
0.4,271,389991586.42
0.4,272,323466638.5
0.4,273,387225911.02
0.4,274,372638955.08
0.4,275,391928269.57
0.4,276,309496850.0
0.4,277,388352165.0
0.4,278,231141108.55
0.4,279,332982943.99
0.4,280,395612720.19
0.4,281,301798456.39
0.4,282,388703699.15
0.4,283,386832960.6
0.4,284,271406914.78
0.4,285,378630466.79
0.4,286,350905198.92
0.4,287,287077426.32
0.4,288,384289048.0
0.4,289,326898740.22
0.4,290,329312649.06
0.4,291,355502376.69
0.4,292,388505382.59
0.4,293,242471166.01
0.4,294,303974032.46
0.4,295,385778254.13
0.4,296,388055250.99
0.4,297,349704747.38
0.4,298,319511539.05
0.4,299,317068084.32
0.4,300,396437950.22
0.4,301,397409563.16
0.4,302,377503119.44
0.4,303,300683866.58
0.4,304,369064025.4
0.4,305,280553313.81
0.4,306,364717745.93
0.4,307,351669040.15
0.4,308,320956715.73
0.4,309,381059199.33
0.4,310,376494553.3
0.4,311,372109445.82
0.4,312,398359299.64
0.4,313,363229121.65
0.4,314,393214849.17
0.4,315,369342682.92
0.4,316,335532507.48
0.4,317,388461888.26
0.4,318,364601261.58
0.4,319,372203289.77
0.4,320,372971716.22
0.4,321,377881063.42
0.4,322,374229237.23
0.4,323,324546516.88
0.4,324,349902192.84
0.4,325,382964322.16
0.4,326,391745761.36
0.4,327,330341171.44
0.4,328,390188069.33
0.4,329,271826250.2
0.4,330,374954386.81
0.4,331,324992887.66
0.4,332,299911645.76
0.4,333,290904019.81
0.4,334,334585266.1
0.4,335,362229711.04
0.4,336,382199134.01
0.4,337,368183671.68
0.4,338,325608979.86
0.4,339,395550972.48
0.4,340,313845826.9
0.4,341,366414335.05
0.4,342,307241155.1
0.4,343,358982265.81
0.4,344,360267804.45
0.4,345,333701193.47
0.4,346,395814422.51
0.4,347,379106533.53
0.4,348,364157371.17
0.4,349,332621620.41
0.4,350,383696925.27
0.4,351,385562654.08
0.4,352,369693665.21
0.4,353,353351020.38
0.4,354,393937255.25
0.4,355,335066933.16
0.4,356,292674615.88
0.4,357,376168505.52
0.4,358,371838939.29
0.4,359,393387137.65
0.4,360,386307561.37
0.4,361,323073899.59
0.4,362,366802952.36
0.4,363,394108883.04
0.4,364,348036089.28
0.4,365,389669892.79
0.4,366,370009481.91
0.4,367,333442786.37
0.4,368,293505381.64
0.4,369,332298219.05
0.4,370,320608943.95
0.4,371,348775571.8
0.4,372,373299261.1
0.4,373,368205027.9
0.4,374,363611685.5
0.4,375,360259111.68
0.4,376,375049144.85
0.4,377,334304185.79
0.4,378,389329967.02
0.4,379,397980788.37
0.4,380,346351766.78
0.4,381,376434108.1
0.4,382,393672330.26
0.4,383,373483860.71
0.4,384,323495314.5
0.4,385,350581880.18
0.4,386,368891656.23
0.4,387,350029972.42
0.4,388,387084272.05
0.4,389,371585529.93
0.4,390,341801563.84
0.4,391,287381044.3
0.4,392,395207965.17
0.4,393,378599849.16
0.4,394,333881287.65
0.4,395,389556400.77
0.4,396,317850331.43
0.4,397,389936821.43
0.4,398,368963360.1
0.4,399,271421432.19
0.4,400,375108263.79
0.4,401,354344418.94
0.4,402,370778172.5
0.4,403,354239813.42
0.4,404,395091394.64
0.4,405,375808877.24
0.4,406,381917747.93
0.4,407,385446501.44
0.4,408,380677485.25
0.4,409,243677609.49
0.4,410,382698131.7
0.4,411,397895952.75
0.4,412,380361977.95
0.4,413,363764783.3
0.4,414,332751514.24
0.4,415,346099625.03
0.4,416,368149671.61
0.4,417,375374691.1
0.4,418,353106369.2
0.4,419,366269325.08
0.4,420,352703393.52
0.4,421,380890338.29
0.4,422,247295764.04
0.4,423,377204621.72
0.4,424,373424392.62
0.4,425,385523695.34
0.4,426,308359852.43
0.4,427,316388374.13
0.4,428,312970622.08
0.4,429,384776901.19
0.4,430,367274219.33
0.4,431,343115784.53
0.4,432,333701047.48
0.4,433,380186497.71
0.4,434,304924797.35
0.4,435,328381346.84
0.4,436,384695574.74
0.4,437,356005421.43
0.4,438,359672162.03
0.4,439,386996565.8
0.4,440,361414751.41
0.4,441,383777324.22
0.4,442,368797393.3
0.4,443,320544264.14
0.4,444,361949373.92
0.4,445,335733885.39
0.4,446,377304699.31
0.4,447,386384064.63
0.4,448,385977974.64
0.4,449,398781395.15
0.4,450,333908547.46
0.4,451,375299421.41
0.4,452,329353171.86
0.4,453,386627591.67
0.4,454,355565484.3
0.4,455,345596767.48
0.4,456,377172181.57
0.4,457,376651004.52
0.4,458,323601175.43
0.4,459,382654077.78
0.4,460,398876196.6
0.4,461,343078635.82
0.4,462,373138280.61
0.4,463,349365308.83
0.4,464,357238377.38
0.4,465,370254830.53
0.4,466,394499724.48
0.4,467,320666429.88
0.4,468,342628471.49
0.4,469,390901706.9
0.4,470,384064971.71
0.4,471,283917026.35
0.4,472,378417653.4
0.4,473,357095017.87
0.4,474,389738898.84
0.4,475,392623907.38
0.4,476,344115481.57
0.4,477,384762244.79
0.4,478,380845826.15
0.4,479,353294150.26
0.4,480,383058056.51
0.4,481,386771346.71
0.4,482,315698041.33
0.4,483,366180796.71
0.4,484,356589852.55
0.4,485,324547672.48
0.4,486,328070361.99
0.4,487,390351817.97
0.4,488,248963002.53
0.4,489,385362399.32
0.4,490,398404006.25
0.4,491,390184149.28
0.4,492,361884254.62
0.4,493,395680998.14
0.4,494,370434815.86
0.4,495,365000564.96
0.4,496,378179054.55
0.4,497,319465211.89
0.4,498,359839942.73
0.4,499,375366748.18
0.45,0,360668498.98
0.45,1,396087324.05
0.45,2,361923562.46
0.45,3,390458533.24
0.45,4,267732525.12
0.45,5,388830584.89
0.45,6,355302078.98
0.45,7,394003807.99
0.45,8,389951770.99
0.45,9,325376284.87
0.45,10,397224793.39
0.45,11,334648694.83
0.45,12,385669683.31
0.45,13,365650415.93
0.45,14,367463533.23
0.45,15,386661477.09
0.45,16,381257192.74
0.45,17,335972009.07
0.45,18,315755906.45
0.45,19,397695343.28
0.45,20,368825168.44
0.45,21,311905741.41
0.45,22,367764314.26
0.45,23,395145933.68
0.45,24,342989695.14
0.45,25,378833247.45
0.45,26,338729618.2
0.45,27,367167425.16
0.45,28,380798925.83
0.45,29,316840486.95
0.45,30,397260266.43
0.45,31,383437152.37
0.45,32,356138950.55
0.45,33,362628218.27
0.45,34,376543245.5
0.45,35,312212592.6
0.45,36,326504099.65
0.45,37,385471781.88
0.45,38,345723584.81
0.45,39,317933406.39
0.45,40,356584344.67
0.45,41,272508377.61
0.45,42,258314210.42
0.45,43,346818963.3
0.45,44,384839812.76
0.45,45,336328155.94
0.45,46,382086196.63
0.45,47,352838844.53
0.45,48,388532515.29
0.45,49,391517618.57
0.45,50,385137923.84
0.45,51,388013331.28
0.45,52,381087805.8
0.45,53,329976308.75
0.45,54,386670599.03
0.45,55,393522925.92
0.45,56,375844779.91
0.45,57,388018931.31
0.45,58,394294090.64
0.45,59,351008705.41
0.45,60,353690377.49
0.45,61,355979572.03
0.45,62,334051891.65
0.45,63,377547613.33
0.45,64,300009358.35
0.45,65,355166791.45
0.45,66,341765421.33
0.45,67,362206325.61
0.45,68,314956312.39
0.45,69,357909854.31
0.45,70,358778076.48
0.45,71,338631787.83
0.45,72,355393717.18
0.45,73,276429091.91
0.45,74,341292316.97
0.45,75,398078150.24
0.45,76,326154145.97
0.45,77,379417140.51
0.45,78,309575853.96
0.45,79,383534702.97
0.45,80,338309159.21
0.45,81,362878572.7
0.45,82,343484098.59
0.45,83,384092989.09
0.45,84,395313092.03
0.45,85,328350860.5
0.45,86,394497931.92
0.45,87,388140652.91
0.45,88,297539482.29
0.45,89,371715913.9
0.45,90,319668739.57
0.45,91,304062764.61
0.45,92,387606878.49
0.45,93,360261463.25
0.45,94,375105595.35
0.45,95,372957713.13
0.45,96,324987045.72
0.45,97,380382767.72
0.45,98,385233518.03
0.45,99,244332259.84
0.45,100,287389794.37
0.45,101,368109292.23
0.45,102,313878861.74
0.45,103,335844649.69
0.45,104,320781685.44
0.45,105,389283357.04
0.45,106,292380128.35
0.45,107,341106833.97
0.45,108,389927890.71
0.45,109,370426016.93
0.45,110,365482779.78
0.45,111,363725169.44
0.45,112,391842518.05
0.45,113,335456494.76
0.45,114,387503090.04
0.45,115,392377757.21
0.45,116,301035306.07
0.45,117,394436115.79
0.45,118,384258519.07
0.45,119,363841640.22
0.45,120,350396031.72
0.45,121,297521625.58
0.45,122,360736344.15
0.45,123,290822601.57
0.45,124,302883353.81
0.45,125,196016721.13
0.45,126,352193166.9
0.45,127,262070410.02
0.45,128,307138182.52
0.45,129,259539945.55
0.45,130,374945037.28
0.45,131,376010863.8
0.45,132,337024219.93
0.45,133,386103497.36
0.45,134,301513687.93
0.45,135,398439979.15
0.45,136,348911867.11
0.45,137,370329545.7
0.45,138,334847490.89
0.45,139,374500998.12
0.45,140,370962235.07
0.45,141,374477658.74
0.45,142,346748277.88
0.45,143,397531129.57
0.45,144,372325149.34
0.45,145,322752254.46
0.45,146,393902885.03
0.45,147,345324646.17
0.45,148,393724307.83
0.45,149,332217034.81
0.45,150,385200167.54
0.45,151,385581280.76
0.45,152,366470117.37
0.45,153,337501052.05
0.45,154,301173321.64
0.45,155,391317455.45
0.45,156,378800401.97
0.45,157,335285149.69
0.45,158,393247577.81
0.45,159,322620080.9
0.45,160,380163588.44
0.45,161,364700698.23
0.45,162,374735664.25
0.45,163,285788668.73
0.45,164,321102430.84
0.45,165,326232727.87
0.45,166,346351180.99
0.45,167,245137550.63
0.45,168,373444381.19
0.45,169,318213034.55
0.45,170,378297521.94
0.45,171,308384413.71
0.45,172,387507963.18
0.45,173,237856950.08
0.45,174,278805912.78
0.45,175,377787033.54
0.45,176,297963241.25
0.45,177,302217885.41
0.45,178,354491253.52
0.45,179,393667460.29
0.45,180,353956233.25
0.45,181,398851967.75
0.45,182,379962719.19
0.45,183,319405980.27
0.45,184,389403049.84
0.45,185,360002115.13
0.45,186,391466672.52
0.45,187,311974352.69
0.45,188,343323627.84
0.45,189,289618091.85
0.45,190,289010370.05
0.45,191,360493470.28
0.45,192,325440655.32
0.45,193,394005634.99
0.45,194,386157847.07
0.45,195,312663255.96
0.45,196,340263818.87
0.45,197,375114652.74
0.45,198,339881821.37
0.45,199,387586783.69
0.45,200,328605529.55
0.45,201,328781172.27
0.45,202,332761064.06
0.45,203,388575057.79
0.45,204,364559983.47
0.45,205,388032230.74
0.45,206,392750955.82
0.45,207,327072113.39
0.45,208,372354709.55
0.45,209,390181761.39
0.45,210,381242700.72
0.45,211,315815035.93
0.45,212,369559909.22
0.45,213,364614979.18
0.45,214,344466940.87
0.45,215,366823916.58
0.45,216,341729926.39
0.45,217,390307570.12
0.45,218,353382730.83
0.45,219,352806924.54
0.45,220,375747672.38
0.45,221,376633544.7
0.45,222,364986979.39
0.45,223,305909421.07
0.45,224,339582799.27
0.45,225,388458415.8
0.45,226,338211676.07
0.45,227,353598404.22
0.45,228,344889020.73
0.45,229,381212547.63
0.45,230,378035081.94
0.45,231,396427335.35
0.45,232,293510097.49
0.45,233,341781655.43
0.45,234,398913272.19
0.45,235,386768761.48
0.45,236,313772159.06
0.45,237,357313110.75
0.45,238,301375541.47
0.45,239,389939778.88
0.45,240,383540641.21
0.45,241,396701030.16
0.45,242,357721499.01
0.45,243,369868992.05
0.45,244,370570430.33
0.45,245,326604816.43
0.45,246,317250574.74
0.45,247,388409042.44
0.45,248,358965554.61
0.45,249,380276655.68
0.45,250,382429419.92
0.45,251,378464866.13
0.45,252,291697192.51
0.45,253,368094652.68
0.45,254,288483441.08
0.45,255,361258894.31
0.45,256,348484640.06
0.45,257,342611096.27
0.45,258,297119530.84
0.45,259,371546044.86
0.45,260,342915668.03
0.45,261,363088109.15
0.45,262,368789084.86
0.45,263,385218111.12
0.45,264,330624002.53
0.45,265,363405512.06
0.45,266,306131305.33
0.45,267,316474115.27
0.45,268,368223325.22
0.45,269,290131154.51
0.45,270,234557554.9
0.45,271,322303055.68
0.45,272,311679228.5
0.45,273,359520405.74
0.45,274,339193004.1
0.45,275,320231999.51
0.45,276,371176936.14
0.45,277,305243982.41
0.45,278,290632852.19
0.45,279,380226429.28
0.45,280,271187119.67
0.45,281,356085177.36
0.45,282,396739992.68
0.45,283,350838973.7
0.45,284,278152466.99
0.45,285,377921821.24
0.45,286,375170395.55
0.45,287,308840972.97
0.45,288,333710629.25
0.45,289,348630647.38
0.45,290,333354301.34
0.45,291,388206824.53
0.45,292,305519747.43
0.45,293,277306174.77
0.45,294,321455525.82
0.45,295,328697243.43
0.45,296,386335362.9
0.45,297,382947267.9
0.45,298,224500699.34
0.45,299,309278760.69
0.45,300,368827312.2
0.45,301,392721314.02
0.45,302,300521536.55
0.45,303,380166359.77
0.45,304,330415759.88
0.45,305,380819158.55
0.45,306,323118263.86
0.45,307,287264616.01
0.45,308,359569043.11
0.45,309,395307127.2
0.45,310,399478323.81
0.45,311,387016772.05
0.45,312,399320042.29
0.45,313,274551319.29
0.45,314,394665570.76
0.45,315,333755797.81
0.45,316,380100433.65
0.45,317,316513354.25
0.45,318,315730590.06
0.45,319,356723357.04
0.45,320,329026734.89
0.45,321,347041547.3
0.45,322,381011258.46
0.45,323,389338795.09
0.45,324,388854478.82
0.45,325,334737627.33
0.45,326,369976759.15
0.45,327,359127928.02
0.45,328,362492181.04
0.45,329,384770494.26
0.45,330,366713033.48
0.45,331,380556665.49
0.45,332,393640186.74
0.45,333,294487914.88
0.45,334,347833152.13
0.45,335,397129613.64
0.45,336,338053660.51
0.45,337,378830798.53
0.45,338,331062380.53
0.45,339,388473035.25
0.45,340,338347623.19
0.45,341,350075663.78
0.45,342,379912049.31
0.45,343,334816172.57
0.45,344,398958612.45
0.45,345,312042057.53
0.45,346,360160710.65
0.45,347,350239449.18
0.45,348,353238187.72
0.45,349,390497672.86
0.45,350,300031236.27
0.45,351,356146832.1
0.45,352,219083296.51
0.45,353,393536638.32
0.45,354,396369214.19
0.45,355,248095914.02
0.45,356,358043947.46
0.45,357,345498748.03
0.45,358,330807211.88
0.45,359,374734142.33
0.45,360,284604223.44
0.45,361,372780034.26
0.45,362,323969728.97
0.45,363,381432282.8
0.45,364,345266809.18
0.45,365,370034830.17
0.45,366,399301913.12
0.45,367,391143398.65
0.45,368,383225857.03
0.45,369,376954380.99
0.45,370,379965755.44
0.45,371,282455974.44
0.45,372,356895449.44
0.45,373,376319558.74
0.45,374,388829970.49
0.45,375,291697333.9
0.45,376,393311961.77
0.45,377,384513708.06
0.45,378,282604977.87
0.45,379,280784978.91
0.45,380,359922377.28
0.45,381,355102910.36
0.45,382,307744304.14
0.45,383,342421416.77
0.45,384,370901732.11
0.45,385,363813595.5
0.45,386,391516650.2
0.45,387,288818506.44
0.45,388,332456681.26
0.45,389,367722469.32
0.45,390,313307420.1
0.45,391,392512008.17
0.45,392,279245785.6
0.45,393,391727642.19
0.45,394,368953847.68
0.45,395,390451705.75
0.45,396,323240283.44
0.45,397,372286882.12
0.45,398,399728227.78
0.45,399,398988504.39
0.45,400,276527438.48
0.45,401,395860581.12
0.45,402,340026418.06
0.45,403,352232024.74
0.45,404,359058350.87
0.45,405,346873278.89
0.45,406,333722926.99
0.45,407,352994829.87
0.45,408,329761521.76
0.45,409,303327522.72
0.45,410,289196454.5
0.45,411,323722599.04
0.45,412,305014771.44
0.45,413,321527251.21
0.45,414,365658282.08
0.45,415,392425516.09
0.45,416,387799747.28
0.45,417,264664112.05
0.45,418,353768849.6
0.45,419,336643667.42
0.45,420,358476467.16
0.45,421,369436743.84
0.45,422,317161894.0
0.45,423,393323021.58
0.45,424,380431540.81
0.45,425,394565436.86
0.45,426,387804183.97
0.45,427,393528310.89
0.45,428,399021827.54
0.45,429,261150141.08
0.45,430,331657917.43
0.45,431,350977798.86
0.45,432,364640748.03
0.45,433,338936653.94
0.45,434,277852747.33
0.45,435,344003804.12
0.45,436,365066306.97
0.45,437,288551260.65
0.45,438,386250562.33
0.45,439,297908917.67
0.45,440,382925418.44
0.45,441,392137843.35
0.45,442,329547913.33
0.45,443,374514855.09
0.45,444,350633035.41
0.45,445,390823166.56
0.45,446,273154934.47
0.45,447,355683784.09
0.45,448,395349940.94
0.45,449,373209362.75
0.45,450,385290940.91
0.45,451,364427719.06
0.45,452,388398889.45
0.45,453,383660050.81
0.45,454,364393407.13
0.45,455,339669350.89
0.45,456,369300721.64
0.45,457,358371069.17
0.45,458,386273350.32
0.45,459,390157795.61
0.45,460,323187851.3
0.45,461,313688625.96
0.45,462,330457845.32
0.45,463,363894970.14
0.45,464,361984181.33
0.45,465,364212570.56
0.45,466,358955907.06
0.45,467,387073607.38
0.45,468,312595469.15
0.45,469,374438275.83
0.45,470,305499367.98
0.45,471,354446102.16
0.45,472,370810417.73
0.45,473,381206344.07
0.45,474,379508078.76
0.45,475,325184717.62
0.45,476,339127738.07
0.45,477,301598172.85
0.45,478,335024203.2
0.45,479,309783520.05
0.45,480,275008429.83
0.45,481,399225116.23
0.45,482,352113881.77
0.45,483,309222979.86
0.45,484,308878986.95
0.45,485,391092822.99
0.45,486,379950109.33
0.45,487,391297179.14
0.45,488,374976633.72
0.45,489,381869886.95
0.45,490,385335079.9
0.45,491,369446854.38
0.45,492,298284391.51
0.45,493,346422310.3
0.45,494,342567588.6
0.45,495,331802810.39
0.45,496,358025799.4
0.45,497,396809360.24
0.45,498,291488224.37
0.45,499,381761636.69
0.5,0,381964431.67
0.5,1,361669574.51
0.5,2,373217987.33
0.5,3,363985533.44
0.5,4,388265796.28
0.5,5,389927233.98
0.5,6,256160349.22
0.5,7,354839046.42
0.5,8,345631548.65
0.5,9,358831783.34
0.5,10,340631363.34
0.5,11,322549013.52
0.5,12,303352826.84
0.5,13,306849586.88
0.5,14,362420989.19
0.5,15,363960566.08
0.5,16,292970107.49
0.5,17,399098013.11
0.5,18,372308143.54
0.5,19,379647223.82
0.5,20,335043641.04
0.5,21,357157617.37
0.5,22,393044076.55
0.5,23,384903144.48
0.5,24,338287391.59
0.5,25,374954957.69
0.5,26,398240705.45
0.5,27,378114073.93
0.5,28,328334529.71
0.5,29,373425051.66
0.5,30,361273996.55
0.5,31,383552351.75
0.5,32,369457795.17
0.5,33,320715756.52
0.5,34,306832599.43
0.5,35,377073383.58
0.5,36,199293207.32
0.5,37,389671049.89
0.5,38,368440602.5
0.5,39,383784900.12
0.5,40,394457140.01
0.5,41,360277900.68
0.5,42,300732226.52
0.5,43,376019945.11
0.5,44,376653019.09
0.5,45,395725022.75
0.5,46,305933209.1
0.5,47,399500183.39
0.5,48,361045588.02
0.5,49,376204540.3
0.5,50,385874838.41
0.5,51,361855598.15
0.5,52,355227421.89
0.5,53,392635730.2
0.5,54,381690465.43
0.5,55,310248374.38
0.5,56,327349093.3
0.5,57,266813627.55
0.5,58,384234380.91
0.5,59,306625588.57
0.5,60,363476082.85
0.5,61,302730520.55
0.5,62,329589479.69
0.5,63,255126124.58
0.5,64,378323926.76
0.5,65,260313146.44
0.5,66,363236433.75
0.5,67,314562665.07
0.5,68,374707202.74
0.5,69,370702588.92
0.5,70,316097803.59
0.5,71,399532582.49
0.5,72,293864373.03
0.5,73,360156381.96
0.5,74,344000313.5
0.5,75,382118143.47
0.5,76,375819451.9
0.5,77,354809660.53
0.5,78,357936199.55
0.5,79,336075628.18
0.5,80,354277184.29
0.5,81,386572826.26
0.5,82,352908552.62
0.5,83,358075503.53
0.5,84,244401430.67
0.5,85,364181588.89
0.5,86,317043238.95
0.5,87,385960869.97
0.5,88,364508804.11
0.5,89,397583908.08
0.5,90,359487597.09
0.5,91,349594225.56
0.5,92,357977454.32
0.5,93,372417600.62
0.5,94,341472506.8
0.5,95,361905924.23
0.5,96,356828424.85
0.5,97,255626695.49
0.5,98,292540074.29
0.5,99,380084543.93
0.5,100,329455711.92
0.5,101,337571814.72
0.5,102,398120428.51
0.5,103,356833845.54
0.5,104,385803235.75
0.5,105,351679767.18
0.5,106,376159056.91
0.5,107,336664905.6
0.5,108,359824118.35
0.5,109,393995755.49
0.5,110,330527693.88
0.5,111,381374947.94
0.5,112,236941959.91
0.5,113,324555789.81
0.5,114,393220754.41
0.5,115,394405207.1
0.5,116,378651974.9
0.5,117,382694262.89
0.5,118,331868410.3
0.5,119,252088205.12
0.5,120,358993896.84
0.5,121,309629334.68
0.5,122,330325944.72
0.5,123,398469029.48
0.5,124,340480840.8
0.5,125,372355889.28
0.5,126,334225496.16
0.5,127,374417229.03
0.5,128,287285190.9
0.5,129,359838653.63
0.5,130,373383799.82
0.5,131,363332929.34
0.5,132,377666781.55
0.5,133,383493045.91
0.5,134,311318512.33
0.5,135,394080638.16
0.5,136,391995237.64
0.5,137,374593518.59
0.5,138,286127398.13
0.5,139,372478211.8
0.5,140,390206789.34
0.5,141,376270308.48
0.5,142,399228369.86
0.5,143,326255359.73
0.5,144,373184833.38
0.5,145,300781002.66
0.5,146,392739357.78
0.5,147,384991382.63
0.5,148,366635348.64
0.5,149,327098649.79
0.5,150,250712939.14
0.5,151,346052096.87
0.5,152,385782317.95
0.5,153,305700303.04
0.5,154,393652753.35
0.5,155,341021062.87
0.5,156,380517196.84
0.5,157,267134128.52
0.5,158,386916515.44
0.5,159,385409542.84
0.5,160,347964845.73
0.5,161,315540435.17
0.5,162,374124663.0
0.5,163,371139119.42
0.5,164,360200630.32
0.5,165,393424992.16
0.5,166,356471284.45
0.5,167,381496222.45
0.5,168,383936666.33
0.5,169,315382308.77
0.5,170,364520513.84
0.5,171,300372420.69
0.5,172,374617113.77
0.5,173,346852558.86
0.5,174,349078000.78
0.5,175,350615911.51
0.5,176,361514939.9
0.5,177,277879727.27
0.5,178,352919739.3
0.5,179,272103571.49
0.5,180,337980485.9
0.5,181,330974274.46
0.5,182,316485378.11
0.5,183,355061998.25
0.5,184,303825848.38
0.5,185,377992176.16
0.5,186,387858666.01
0.5,187,385218398.91
0.5,188,271849329.69
0.5,189,273443608.76
0.5,190,383260441.65
0.5,191,365780875.27
0.5,192,378059125.97
0.5,193,316912965.96
0.5,194,352194264.11
0.5,195,354168237.56
0.5,196,395364130.47
0.5,197,357896780.42
0.5,198,398128039.73
0.5,199,315169963.98
0.5,200,315763496.86
0.5,201,347582680.2
0.5,202,395590499.39
0.5,203,380020886.74
0.5,204,385265895.23
0.5,205,357259913.1
0.5,206,352672539.28
0.5,207,381440018.66
0.5,208,340452297.92
0.5,209,385655435.25
0.5,210,353982884.43
0.5,211,340722848.47
0.5,212,354016203.67
0.5,213,377075115.22
0.5,214,392471168.41
0.5,215,377657604.39
0.5,216,358371170.81
0.5,217,384577089.83
0.5,218,399256632.16
0.5,219,321140527.22
0.5,220,385870476.85
0.5,221,337092388.21
0.5,222,266656612.73
0.5,223,347268821.87
0.5,224,368015221.56
0.5,225,378443225.18
0.5,226,333140215.84
0.5,227,394217503.91
0.5,228,343759702.66
0.5,229,390148358.35
0.5,230,372510668.86
0.5,231,354110174.26
0.5,232,390526219.2
0.5,233,385486225.37
0.5,234,340004504.18
0.5,235,335333450.34
0.5,236,335469089.13
0.5,237,357560857.39
0.5,238,366402849.34
0.5,239,361765902.52
0.5,240,271892405.19
0.5,241,337127097.54
0.5,242,336926087.03
0.5,243,381136918.89
0.5,244,364759368.61
0.5,245,334613953.25
0.5,246,391471927.59
0.5,247,390838972.47
0.5,248,389295679.01
0.5,249,384032512.97
0.5,250,375629616.54
0.5,251,363890550.52
0.5,252,392740617.25
0.5,253,380535577.49
0.5,254,334022922.36
0.5,255,314922751.06
0.5,256,318733171.35
0.5,257,295289182.54
0.5,258,366606799.71
0.5,259,346841449.42
0.5,260,311576838.56
0.5,261,303040075.52
0.5,262,361692621.29
0.5,263,389553611.55
0.5,264,346437439.65
0.5,265,339938376.89
0.5,266,390158519.6
0.5,267,395195942.45
0.5,268,344825253.81
0.5,269,383638271.3
0.5,270,284657307.98
0.5,271,300403503.5
0.5,272,396404390.11
0.5,273,341290949.85
0.5,274,392798551.54
0.5,275,343968916.41
0.5,276,324203078.45
0.5,277,385034245.14
0.5,278,390662023.65
0.5,279,376283114.5
0.5,280,370087211.59
0.5,281,372079076.02
0.5,282,363117967.75
0.5,283,357413427.02
0.5,284,359298266.16
0.5,285,357157725.39
0.5,286,361381557.53
0.5,287,235934414.04
0.5,288,289435603.85
0.5,289,388175041.11
0.5,290,362610308.88
0.5,291,366985688.83
0.5,292,336684874.99
0.5,293,319870128.2
0.5,294,397079454.86
0.5,295,348648888.54
0.5,296,397842750.31
0.5,297,307701325.64
0.5,298,300453077.12
0.5,299,395949643.59
0.5,300,370510028.46
0.5,301,391605504.18
0.5,302,252675782.6
0.5,303,369714173.14
0.5,304,360246283.94
0.5,305,336577837.31
0.5,306,348298662.82
0.5,307,366600177.68
0.5,308,324000546.81
0.5,309,399599983.38
0.5,310,323700284.44
0.5,311,391899125.3
0.5,312,366168248.96
0.5,313,341825069.88
0.5,314,361545413.74
0.5,315,234635395.72
0.5,316,361659150.08
0.5,317,354830515.93
0.5,318,343836556.52
0.5,319,391315740.99
0.5,320,368613342.56
0.5,321,307859431.67
0.5,322,353378559.51
0.5,323,364903609.38
0.5,324,370325434.06
0.5,325,307317606.55
0.5,326,376300010.3
0.5,327,382402388.19
0.5,328,382877908.79
0.5,329,343463019.51
0.5,330,346803046.39
0.5,331,393985469.81
0.5,332,396017362.38
0.5,333,386772459.37
0.5,334,397815923.64
0.5,335,316093666.38
0.5,336,381220132.82
0.5,337,291296003.45
0.5,338,385746182.16
0.5,339,397332302.04
0.5,340,389842491.49
0.5,341,386391827.46
0.5,342,387029054.36
0.5,343,348416845.95
0.5,344,385892296.44
0.5,345,388330944.77
0.5,346,316750476.19
0.5,347,350435404.74
0.5,348,373283223.28
0.5,349,360888311.68
0.5,350,325271739.78
0.5,351,388004111.93
0.5,352,322239161.81
0.5,353,278777512.42
0.5,354,370751349.27
0.5,355,387273054.74
0.5,356,399226920.14
0.5,357,271421403.03
0.5,358,351163136.88
0.5,359,371803854.98
0.5,360,391038681.44
0.5,361,393583806.22
0.5,362,333232507.74
0.5,363,381833257.06
0.5,364,335868688.37
0.5,365,385681954.59
0.5,366,371674169.93
0.5,367,386579871.97
0.5,368,382790694.02
0.5,369,361071978.55
0.5,370,356971902.79
0.5,371,353903288.28
0.5,372,357376861.21
0.5,373,361232003.26
0.5,374,334568485.72
0.5,375,359492932.43
0.5,376,356693316.9
0.5,377,318271484.61
0.5,378,354013197.82
0.5,379,383784706.64
0.5,380,347320729.21
0.5,381,376338380.45
0.5,382,317172880.17
0.5,383,315608581.09
0.5,384,387348618.47
0.5,385,347088690.78
0.5,386,393163574.13
0.5,387,389453102.9
0.5,388,396611186.64
0.5,389,285819837.97
0.5,390,383456547.61
0.5,391,391329757.9
0.5,392,313090532.23
0.5,393,352253099.84
0.5,394,396254025.87
0.5,395,315679481.42
0.5,396,377113638.43
0.5,397,267177628.6
0.5,398,263981577.5
0.5,399,325375668.57
0.5,400,397475295.55
0.5,401,328796855.55
0.5,402,320075659.21
0.5,403,339626020.48
0.5,404,394335956.23
0.5,405,341097323.09
0.5,406,356068317.67
0.5,407,351730890.42
0.5,408,375095634.0
0.5,409,347482097.99
0.5,410,272862829.22
0.5,411,392442257.6
0.5,412,388787078.54
0.5,413,319160615.86
0.5,414,373615941.3
0.5,415,342995858.43
0.5,416,365585549.22
0.5,417,385581436.58
0.5,418,293261379.5
0.5,419,391505055.64
0.5,420,353603174.95
0.5,421,320540681.23
0.5,422,351564357.15
0.5,423,347042241.0
0.5,424,399355964.94
0.5,425,344747148.98
0.5,426,387152792.15
0.5,427,377146663.03
0.5,428,356847504.06
0.5,429,370451964.37
0.5,430,389636649.57
0.5,431,311656846.58
0.5,432,323301245.69
0.5,433,348828193.58
0.5,434,330603404.22
0.5,435,307126616.94
0.5,436,372547917.5
0.5,437,322778244.79
0.5,438,340004574.02
0.5,439,316350796.92
0.5,440,276804480.68
0.5,441,359347938.13
0.5,442,306496050.05
0.5,443,305791977.22
0.5,444,343645770.45
0.5,445,344670088.36
0.5,446,360596870.58
0.5,447,345283424.14
0.5,448,355238105.44
0.5,449,313948055.44
0.5,450,323063804.79
0.5,451,374000588.77
0.5,452,278293968.77
0.5,453,292939726.0
0.5,454,347072504.38
0.5,455,359548287.44
0.5,456,378691200.99
0.5,457,320243746.55
0.5,458,365696537.39
0.5,459,274179924.98
0.5,460,326714606.29
0.5,461,356303510.78
0.5,462,338969243.74
0.5,463,315979921.28
0.5,464,348872990.88
0.5,465,379760440.81
0.5,466,352663395.39
0.5,467,383811673.82
0.5,468,384247438.96
0.5,469,385967794.79
0.5,470,365139825.03
0.5,471,356944878.29
0.5,472,360553635.4
0.5,473,353044554.19
0.5,474,289679876.21
0.5,475,317979254.26
0.5,476,376326985.46
0.5,477,343655116.49
0.5,478,389331592.35
0.5,479,294645471.46
0.5,480,368819020.28
0.5,481,343914122.81
0.5,482,356040124.82
0.5,483,301033082.76
0.5,484,328507381.01
0.5,485,396858171.31
0.5,486,337790710.58
0.5,487,184899713.32
0.5,488,376074348.8
0.5,489,361928892.98
0.5,490,372393802.62
0.5,491,248057410.32
0.5,492,361535939.97
0.5,493,392652090.46
0.5,494,338876915.17
0.5,495,383734374.27
0.5,496,342381419.48
0.5,497,348483490.72
0.5,498,272591081.0
0.5,499,356782092.08
0.6,0,388701587.44
0.6,1,343123338.44
0.6,2,383706389.3
0.6,3,333530059.57
0.6,4,321411330.4
0.6,5,370652948.48
0.6,6,338471968.68
0.6,7,346945402.52
0.6,8,299835651.37
0.6,9,373054516.89
0.6,10,344880572.1
0.6,11,386898182.01
0.6,12,373810597.93
0.6,13,387488503.7
0.6,14,378556753.93
0.6,15,390493428.36
0.6,16,336965936.85
0.6,17,337628854.75
0.6,18,359160416.55
0.6,19,331077815.46
0.6,20,392116917.33
0.6,21,373282901.82
0.6,22,336003751.76
0.6,23,360631591.74
0.6,24,308540822.93
0.6,25,355613070.81
0.6,26,309137024.14
0.6,27,294201265.34
0.6,28,385578720.41
0.6,29,341572014.05
0.6,30,194304900.64
0.6,31,348813233.97
0.6,32,370389676.79
0.6,33,365105477.99
0.6,34,284629049.87
0.6,35,297549249.8
0.6,36,360001927.18
0.6,37,372135315.75
0.6,38,344491193.33
0.6,39,336259388.54
0.6,40,386282599.66
0.6,41,383403588.51
0.6,42,366095307.86
0.6,43,392097822.46
0.6,44,363749759.23
0.6,45,387827253.63
0.6,46,359285178.74
0.6,47,354665485.39
0.6,48,389256123.36
0.6,49,336231634.89
0.6,50,375633242.8
0.6,51,345213537.8
0.6,52,360044208.37
0.6,53,316774208.71
0.6,54,336633001.36
0.6,55,388561453.91
0.6,56,376135787.63
0.6,57,333550366.37
0.6,58,380537753.22
0.6,59,371152558.93
0.6,60,339140642.22
0.6,61,343844018.52
0.6,62,211686342.08
0.6,63,342330703.16
0.6,64,337285294.45
0.6,65,345297627.23
0.6,66,367496311.43
0.6,67,368039855.89
0.6,68,301269902.36
0.6,69,316698094.76
0.6,70,393466626.07
0.6,71,356139412.5
0.6,72,331668995.77
0.6,73,373676474.9
0.6,74,386380119.17
0.6,75,354018608.51
0.6,76,381776582.14
0.6,77,383046329.73
0.6,78,331077215.3
0.6,79,377598110.49
0.6,80,388120162.0
0.6,81,333496973.05
0.6,82,328958769.15
0.6,83,340772651.26
0.6,84,394121127.01
0.6,85,354812126.29
0.6,86,346300268.17
0.6,87,329023543.58
0.6,88,347467436.39
0.6,89,268308041.37
0.6,90,389502380.34
0.6,91,381507021.85
0.6,92,390357340.29
0.6,93,391351496.0
0.6,94,289807216.26
0.6,95,371919610.59
0.6,96,389408990.52
0.6,97,290462195.97
0.6,98,266454878.94
0.6,99,341893379.15
0.6,100,370368265.59
0.6,101,268840903.4
0.6,102,374003432.63
0.6,103,305713222.06
0.6,104,392167005.71
0.6,105,376434794.59
0.6,106,369107745.85
0.6,107,223977726.98
0.6,108,382727707.67
0.6,109,381193142.24
0.6,110,390476736.73
0.6,111,387979551.27
0.6,112,373210210.09
0.6,113,369092352.55
0.6,114,380695606.7
0.6,115,363788727.69
0.6,116,398303629.57
0.6,117,283259576.26
0.6,118,357599497.26
0.6,119,310453621.94
0.6,120,398670742.18
0.6,121,359286437.27
0.6,122,394068499.44
0.6,123,343487672.63
0.6,124,380417025.64
0.6,125,293892453.66
0.6,126,343117612.1
0.6,127,344113014.78
0.6,128,265780897.46
0.6,129,323010678.76
0.6,130,371305216.4
0.6,131,370684822.01
0.6,132,335896595.21
0.6,133,386882371.46
0.6,134,318250931.9
0.6,135,367529709.12
0.6,136,325540911.07
0.6,137,398679149.3
0.6,138,281345241.45
0.6,139,232151061.13
0.6,140,330274520.55
0.6,141,337148775.28
0.6,142,342531764.33
0.6,143,351342209.15
0.6,144,345982284.51
0.6,145,372311943.03
0.6,146,356199477.91
0.6,147,379899432.22
0.6,148,364630023.06
0.6,149,357575661.24
0.6,150,213580452.95
0.6,151,345980645.02
0.6,152,304123304.64
0.6,153,332220937.75
0.6,154,368059158.75
0.6,155,374519730.79
0.6,156,391681729.07
0.6,157,391495857.78
0.6,158,393954618.39
0.6,159,286066655.09
0.6,160,343372887.87
0.6,161,352393961.08
0.6,162,355465343.44
0.6,163,370560074.24
0.6,164,375999421.67
0.6,165,359851345.02
0.6,166,366608246.23
0.6,167,369447057.15
0.6,168,324393095.57
0.6,169,337767325.54
0.6,170,363651021.21
0.6,171,369879635.29
0.6,172,331772508.45
0.6,173,372838073.83
0.6,174,388702291.15
0.6,175,346251209.73
0.6,176,379407384.04
0.6,177,367961470.0
0.6,178,374295647.79
0.6,179,308065648.62
0.6,180,376709776.32
0.6,181,327304136.83
0.6,182,393650174.85
0.6,183,338896108.0
0.6,184,344716588.19
0.6,185,282483700.26
0.6,186,371909410.53
0.6,187,340324347.52
0.6,188,370342425.82
0.6,189,389043161.47
0.6,190,394323489.26
0.6,191,369674555.62
0.6,192,385633420.57
0.6,193,354921733.6
0.6,194,300618957.77
0.6,195,370594766.76
0.6,196,378642991.21
0.6,197,337582806.79
0.6,198,352269401.73
0.6,199,349870161.25
0.6,200,375580665.34
0.6,201,394287988.6
0.6,202,394133014.01
0.6,203,382340528.02
0.6,204,281280325.1
0.6,205,370979705.33
0.6,206,366590713.12
0.6,207,362998121.26
0.6,208,352437174.76
0.6,209,351665751.15
0.6,210,307161568.26
0.6,211,369443093.95
0.6,212,388409240.97
0.6,213,189386731.31
0.6,214,264973349.61
0.6,215,381320978.91
0.6,216,372660960.26
0.6,217,380505040.66
0.6,218,336503962.56
0.6,219,386949116.31
0.6,220,359736856.82
0.6,221,341599603.71
0.6,222,338147204.14
0.6,223,373291244.9
0.6,224,353880146.13
0.6,225,340396920.99
0.6,226,391057218.27
0.6,227,397278230.68
0.6,228,394509427.4
0.6,229,334118961.49
0.6,230,395814770.48
0.6,231,393513635.08
0.6,232,333511423.72
0.6,233,389574206.24
0.6,234,359288326.09
0.6,235,379794934.32
0.6,236,208027224.98
0.6,237,375631327.39
0.6,238,318154880.84
0.6,239,285848299.72
0.6,240,369274496.08
0.6,241,377959627.98
0.6,242,359289110.86
0.6,243,371490317.63
0.6,244,373582291.27
0.6,245,334390559.62
0.6,246,394579290.68
0.6,247,255536917.0
0.6,248,365170454.15
0.6,249,351355286.46
0.6,250,385824631.26
0.6,251,310001527.62
0.6,252,321302451.19
0.6,253,363220763.62
0.6,254,291796177.9
0.6,255,343185922.88
0.6,256,362497642.22
0.6,257,331282855.45
0.6,258,286123598.31
0.6,259,398084138.24
0.6,260,377894024.12
0.6,261,390826710.96
0.6,262,357453594.58
0.6,263,362989910.1
0.6,264,306732815.12
0.6,265,381049020.08
0.6,266,384946252.8
0.6,267,316595197.87
0.6,268,340685007.94
0.6,269,361834655.48
0.6,270,275438063.86
0.6,271,362123085.23
0.6,272,385506646.78
0.6,273,330510402.08
0.6,274,264916861.74
0.6,275,391394620.32
0.6,276,322901109.52
0.6,277,390616666.59
0.6,278,298974557.2
0.6,279,364673350.06
0.6,280,367305256.05
0.6,281,362534035.88
0.6,282,378012351.68
0.6,283,381634091.25
0.6,284,359075597.69
0.6,285,393190459.57
0.6,286,315204648.4
0.6,287,326342115.45
0.6,288,375991518.64
0.6,289,391700698.85
0.6,290,393354459.11
0.6,291,281585853.18
0.6,292,390828885.27
0.6,293,384833687.83
0.6,294,337590193.63
0.6,295,332525131.44
0.6,296,364174069.02
0.6,297,304250081.01
0.6,298,367362016.25
0.6,299,370459785.16
0.6,300,362468977.35
0.6,301,355138768.08
0.6,302,389504753.26
0.6,303,235222542.08
0.6,304,338353879.85
0.6,305,285941142.6
0.6,306,380132604.13
0.6,307,338799297.76
0.6,308,374715517.47
0.6,309,360489512.56
0.6,310,308948926.49
0.6,311,306397625.68
0.6,312,281684333.55
0.6,313,371378612.88
0.6,314,393354886.88
0.6,315,395065780.73
0.6,316,360162988.63
0.6,317,391425718.41
0.6,318,365109074.42
0.6,319,384150364.2
0.6,320,384793324.91
0.6,321,378281352.16
0.6,322,371665694.77
0.6,323,368099547.43
0.6,324,396122576.91
0.6,325,301500371.73
0.6,326,371979932.72
0.6,327,399198261.92
0.6,328,316913518.91
0.6,329,381738769.18
0.6,330,240324060.58
0.6,331,382526088.98
0.6,332,382831922.92
0.6,333,399215874.28
0.6,334,384392435.1
0.6,335,317995981.43
0.6,336,351101841.72
0.6,337,379587252.27
0.6,338,375022486.35
0.6,339,378756060.4
0.6,340,361053329.24
0.6,341,388519523.33
0.6,342,386492155.69
0.6,343,358142772.72
0.6,344,377971071.39
0.6,345,370969741.48
0.6,346,301341145.95
0.6,347,376575752.63
0.6,348,381775246.83
0.6,349,347699128.52
0.6,350,396462037.13
0.6,351,326144788.15
0.6,352,299969073.53
0.6,353,399414429.13
0.6,354,351228204.52
0.6,355,387751555.21
0.6,356,343632791.11
0.6,357,380025583.6
0.6,358,394332383.06
0.6,359,305953982.27
0.6,360,383277493.36
0.6,361,382432816.28
0.6,362,315618983.63
0.6,363,387695180.45
0.6,364,258976339.55
0.6,365,349355679.16
0.6,366,354639573.72
0.6,367,321302981.17
0.6,368,374486563.92
0.6,369,395448308.27
0.6,370,381125096.63
0.6,371,380622008.84
0.6,372,335042045.69
0.6,373,373489392.96
0.6,374,381209178.89
0.6,375,392472885.72
0.6,376,376856697.86
0.6,377,315084776.64
0.6,378,356588036.81
0.6,379,359755668.18
0.6,380,373678465.12
0.6,381,394070176.81
0.6,382,387135445.65
0.6,383,382847974.8
0.6,384,282614516.62
0.6,385,355404199.56
0.6,386,363008489.94
0.6,387,370688493.91
0.6,388,399749208.78
0.6,389,384794928.14
0.6,390,297809432.49
0.6,391,335489842.48
0.6,392,361321930.68
0.6,393,295472231.7
0.6,394,380517172.67
0.6,395,384601093.83
0.6,396,393001764.99
0.6,397,395618855.37
0.6,398,299006272.44
0.6,399,354292187.41
0.6,400,376782872.85
0.6,401,373570797.81
0.6,402,363692467.66
0.6,403,392846491.67
0.6,404,322663587.24
0.6,405,318444174.69
0.6,406,388942836.52
0.6,407,310174634.94
0.6,408,364320218.44
0.6,409,381785947.22
0.6,410,274227495.09
0.6,411,300385280.67
0.6,412,396331584.97
0.6,413,390575613.92
0.6,414,379245225.09
0.6,415,393726695.3
0.6,416,359032980.65
0.6,417,318622030.7
0.6,418,374067069.33
0.6,419,238682948.9
0.6,420,328857261.27
0.6,421,349022112.34
0.6,422,314592232.73
0.6,423,387345440.77
0.6,424,334636773.36
0.6,425,319316494.73
0.6,426,360337855.95
0.6,427,338873910.1
0.6,428,378855758.51
0.6,429,293498850.32
0.6,430,331071262.94
0.6,431,388547921.51
0.6,432,300451824.09
0.6,433,386968320.01
0.6,434,388678479.99
0.6,435,380438229.7
0.6,436,302447036.85
0.6,437,331684684.98
0.6,438,342173851.69
0.6,439,322707941.16
0.6,440,397194773.51
0.6,441,375595980.97
0.6,442,334979113.13
0.6,443,269387116.8
0.6,444,339478251.13
0.6,445,379727731.2
0.6,446,299176054.13
0.6,447,297315121.25
0.6,448,372048899.39
0.6,449,270933564.41
0.6,450,397281334.07
0.6,451,364853211.74
0.6,452,378586150.59
0.6,453,288121451.91
0.6,454,369203373.1
0.6,455,361595558.85
0.6,456,378831460.78
0.6,457,389998949.25
0.6,458,332465682.33
0.6,459,398869576.05
0.6,460,392748784.35
0.6,461,355624017.93
0.6,462,368865588.27
0.6,463,337567865.01
0.6,464,316392436.99
0.6,465,361638080.68
0.6,466,368645176.82
0.6,467,386095313.28
0.6,468,333633114.66
0.6,469,389783643.99
0.6,470,399802941.96
0.6,471,360653127.19
0.6,472,351216355.36
0.6,473,228259954.77
0.6,474,350756721.48
0.6,475,168154353.38
0.6,476,332823800.49
0.6,477,351363740.86
0.6,478,233122615.86
0.6,479,299148405.55
0.6,480,381983718.29
0.6,481,397007902.06
0.6,482,364286200.04
0.6,483,353087461.35
0.6,484,329928409.33
0.6,485,368464581.22
0.6,486,316119853.31
0.6,487,376114733.41
0.6,488,359653969.3
0.6,489,387910442.05
0.6,490,374333517.08
0.6,491,344350984.67
0.6,492,390259678.24
0.6,493,383082422.97
0.6,494,364051738.08
0.6,495,335192623.64
0.6,496,383796768.8
0.6,497,342629009.21
0.6,498,284577856.72
0.6,499,335258976.19
0.7,0,295363359.76
0.7,1,329860427.47
0.7,2,342954390.92
0.7,3,314429962.87
0.7,4,293355271.03
0.7,5,337583924.09
0.7,6,373289878.74
0.7,7,317786543.98
0.7,8,273970949.97
0.7,9,352029605.37
0.7,10,379778214.3
0.7,11,365730199.37
0.7,12,259311662.35
0.7,13,259667535.26
0.7,14,346999205.58
0.7,15,371150984.93
0.7,16,384139545.78
0.7,17,298398431.7
0.7,18,304592018.21
0.7,19,247028729.97
0.7,20,318539857.6
0.7,21,381156170.62
0.7,22,393206037.88
0.7,23,351924068.23
0.7,24,370613439.38
0.7,25,346471520.65
0.7,26,262955576.52
0.7,27,352444352.52
0.7,28,367769316.36
0.7,29,379227918.87
0.7,30,275338743.83
0.7,31,306452705.36
0.7,32,360295445.57
0.7,33,379479848.94
0.7,34,387957140.94
0.7,35,313059062.43
0.7,36,363370747.74
0.7,37,338931605.37
0.7,38,287167807.03
0.7,39,366191847.13
0.7,40,344327725.89
0.7,41,301307074.88
0.7,42,251304135.56
0.7,43,388165180.56
0.7,44,353637362.56
0.7,45,360167533.85
0.7,46,356059141.31
0.7,47,286535335.44
0.7,48,307208737.66
0.7,49,303839736.34
0.7,50,360377169.15
0.7,51,389003569.28
0.7,52,396336212.12
0.7,53,260545545.11
0.7,54,337865743.78
0.7,55,377169133.78
0.7,56,318811529.67
0.7,57,341309771.73
0.7,58,396664360.18
0.7,59,391064706.93
0.7,60,382231253.99
0.7,61,365275588.93
0.7,62,286589080.07
0.7,63,351611947.55
0.7,64,363634774.34
0.7,65,328835038.01
0.7,66,338780650.72
0.7,67,340866774.54
0.7,68,355434167.64
0.7,69,368302455.24
0.7,70,383486546.35
0.7,71,379213544.26
0.7,72,364444339.96
0.7,73,344755591.57
0.7,74,342317426.23
0.7,75,374839895.31
0.7,76,395151172.2
0.7,77,245653920.51
0.7,78,329102282.74
0.7,79,345394168.53
0.7,80,367464400.79
0.7,81,385585346.37
0.7,82,277606328.17
0.7,83,354814699.05
0.7,84,343719545.01
0.7,85,360731979.12
0.7,86,321704712.83
0.7,87,389134697.63
0.7,88,362595596.66
0.7,89,362658836.6
0.7,90,218016210.79
0.7,91,298320078.28
0.7,92,310613934.88
0.7,93,357567901.93
0.7,94,383459896.74
0.7,95,362082680.26
0.7,96,378599007.01
0.7,97,306505513.49
0.7,98,367303123.73
0.7,99,363128390.88
0.7,100,345239657.24
0.7,101,389210558.4
0.7,102,386979397.86
0.7,103,271486682.46
0.7,104,377382429.3
0.7,105,374544061.65
0.7,106,301046005.81
0.7,107,366121906.18
0.7,108,399608428.73
0.7,109,252577946.23
0.7,110,348102777.18
0.7,111,336451563.98
0.7,112,377510685.5
0.7,113,311446268.78
0.7,114,347776523.61
0.7,115,292846478.54
0.7,116,287858629.68
0.7,117,339490966.47
0.7,118,378679410.19
0.7,119,216462919.21
0.7,120,341506173.51
0.7,121,314562422.32
0.7,122,388288240.83
0.7,123,351847873.74
0.7,124,343853455.47
0.7,125,389080875.45
0.7,126,351367207.83
0.7,127,381455048.69
0.7,128,268140257.59
0.7,129,344380401.1
0.7,130,362447254.24
0.7,131,379517346.7
0.7,132,371847368.89
0.7,133,277341193.51
0.7,134,364256778.16
0.7,135,365411821.83
0.7,136,341855640.95
0.7,137,366698793.5
0.7,138,341661927.68
0.7,139,354239200.58
0.7,140,384245373.18
0.7,141,369131315.62
0.7,142,391519664.3
0.7,143,361932406.18
0.7,144,355137046.64
0.7,145,306312009.82
0.7,146,394286123.67
0.7,147,262344132.16
0.7,148,345617860.02
0.7,149,322240963.49
0.7,150,348245970.8
0.7,151,355471900.64
0.7,152,364311617.45
0.7,153,352287993.57
0.7,154,391804328.2
0.7,155,349517967.54
0.7,156,377675304.94
0.7,157,332241807.18
0.7,158,390557532.95
0.7,159,309768753.21
0.7,160,380077654.99
0.7,161,388872525.76
0.7,162,241417515.21
0.7,163,306122016.63
0.7,164,396692342.51
0.7,165,309871142.84
0.7,166,381938375.23
0.7,167,364798098.98
0.7,168,323498250.66
0.7,169,388672631.71
0.7,170,315557727.29
0.7,171,393015207.4
0.7,172,367315108.65
0.7,173,388452059.5
0.7,174,386815028.53
0.7,175,388757919.04
0.7,176,277744215.55
0.7,177,271612267.64
0.7,178,291279289.71
0.7,179,355175961.94
0.7,180,367205662.56
0.7,181,288912527.56
0.7,182,352661109.9
0.7,183,385890218.74
0.7,184,346226934.96
0.7,185,384208928.4
0.7,186,305615605.74
0.7,187,336837362.69
0.7,188,365217843.6
0.7,189,364842214.94
0.7,190,389817705.06
0.7,191,373492953.08
0.7,192,371316367.33
0.7,193,274317443.16
0.7,194,372824262.27
0.7,195,357310337.27
0.7,196,398236275.98
0.7,197,293712775.97
0.7,198,350511348.68
0.7,199,388851744.47
0.7,200,297171283.37
0.7,201,374867515.61
0.7,202,245776655.71
0.7,203,329577699.05
0.7,204,329088856.18
0.7,205,348033412.0
0.7,206,264402681.49
0.7,207,303147064.03
0.7,208,373933720.97
0.7,209,351867596.81
0.7,210,365286222.62
0.7,211,394997000.22
0.7,212,319042472.48
0.7,213,323700932.12
0.7,214,360975198.97
0.7,215,385735534.11
0.7,216,332087910.21
0.7,217,366667836.11
0.7,218,347681084.62
0.7,219,323570955.82
0.7,220,392501068.12
0.7,221,395685161.9
0.7,222,349529919.86
0.7,223,373342284.29
0.7,224,304775918.23
0.7,225,333528013.53
0.7,226,361375089.35
0.7,227,236422074.63
0.7,228,320035700.75
0.7,229,359135216.49
0.7,230,335587129.12
0.7,231,379078537.74
0.7,232,369891937.3
0.7,233,393621198.45
0.7,234,330454081.25
0.7,235,346224416.04
0.7,236,268048642.39
0.7,237,349438479.85
0.7,238,378046904.81
0.7,239,306265055.03
0.7,240,396983900.86
0.7,241,337753134.55
0.7,242,389078009.08
0.7,243,337504565.35
0.7,244,375618811.84
0.7,245,372624049.11
0.7,246,369911185.12
0.7,247,336021011.86
0.7,248,338066248.54
0.7,249,321595873.73
0.7,250,393355540.83
0.7,251,388954143.48
0.7,252,335634902.11
0.7,253,384681338.04
0.7,254,317488419.02
0.7,255,268116500.06
0.7,256,366341787.3
0.7,257,390880272.31
0.7,258,377290876.54
0.7,259,327899165.24
0.7,260,341298431.61
0.7,261,380492364.78
0.7,262,338089763.08
0.7,263,354650967.91
0.7,264,391912891.58
0.7,265,360424286.1
0.7,266,344414022.19
0.7,267,252358745.74
0.7,268,254653192.92
0.7,269,281771903.72
0.7,270,322799596.68
0.7,271,359047996.57
0.7,272,364465583.03
0.7,273,317012616.8
0.7,274,339920002.38
0.7,275,350364538.69
0.7,276,384364175.82
0.7,277,316929281.55
0.7,278,358569368.78
0.7,279,372374308.51
0.7,280,369469009.36
0.7,281,303452347.72
0.7,282,394666562.65
0.7,283,288840001.68
0.7,284,312401543.71
0.7,285,374580105.7
0.7,286,383498111.72
0.7,287,374204090.04
0.7,288,329558345.14
0.7,289,397903949.0
0.7,290,266779405.78
0.7,291,380097530.85
0.7,292,361846431.03
0.7,293,332212021.5
0.7,294,319712237.65
0.7,295,252088566.69
0.7,296,364827343.07
0.7,297,387478106.76
0.7,298,391867187.93
0.7,299,318671614.51
0.7,300,382579587.3
0.7,301,353323750.43
0.7,302,386821600.06
0.7,303,397248992.85
0.7,304,376092747.86
0.7,305,387934558.37
0.7,306,377518061.91
0.7,307,262629616.91
0.7,308,346153647.94
0.7,309,371018084.21
0.7,310,332009825.57
0.7,311,347335538.6
0.7,312,363978318.98
0.7,313,324646785.08
0.7,314,386770845.31
0.7,315,359176368.64
0.7,316,338058614.24
0.7,317,361814009.42
0.7,318,394142700.92
0.7,319,336250116.14
0.7,320,340283669.43
0.7,321,313592672.52
0.7,322,387098832.12
0.7,323,363391162.09
0.7,324,231229941.93
0.7,325,284438077.81
0.7,326,351854413.46
0.7,327,297538138.5
0.7,328,383975477.11
0.7,329,313925867.83
0.7,330,358366531.66
0.7,331,338308747.99
0.7,332,316513259.15
0.7,333,279152903.36
0.7,334,383725098.38
0.7,335,395502790.66
0.7,336,330705810.76
0.7,337,365623126.59
0.7,338,328762964.85
0.7,339,310904566.91
0.7,340,319544865.57
0.7,341,392781637.72
0.7,342,387184239.47
0.7,343,387747665.44
0.7,344,327334135.82
0.7,345,321181472.56
0.7,346,321048628.32
0.7,347,357113258.19
0.7,348,355008849.99
0.7,349,384219369.39
0.7,350,339396727.75
0.7,351,378784824.71
0.7,352,334248633.07
0.7,353,372710738.64
0.7,354,289412431.02
0.7,355,315288169.77
0.7,356,283907689.29
0.7,357,289249887.39
0.7,358,338288696.78
0.7,359,368830865.59
0.7,360,290712325.51
0.7,361,363986828.3
0.7,362,355938398.64
0.7,363,251795945.44
0.7,364,350944988.87
0.7,365,348761074.46
0.7,366,353241881.05
0.7,367,381711214.75
0.7,368,316046250.55
0.7,369,351022174.13
0.7,370,362887933.72
0.7,371,338595751.31
0.7,372,394268658.31
0.7,373,381856971.57
0.7,374,368628408.68
0.7,375,387959982.81
0.7,376,349025188.28
0.7,377,298067561.68
0.7,378,335621906.77
0.7,379,307868376.18
0.7,380,389745174.63
0.7,381,375934721.45
0.7,382,331606013.18
0.7,383,321604060.78
0.7,384,326760161.93
0.7,385,352799203.08
0.7,386,376078938.35
0.7,387,326169962.46
0.7,388,374475063.62
0.7,389,383373052.46
0.7,390,353913066.72
0.7,391,312616419.01
0.7,392,383149859.83
0.7,393,285295712.05
0.7,394,281286634.67
0.7,395,371376323.17
0.7,396,397925461.4
0.7,397,311732968.72
0.7,398,360538772.73
0.7,399,330207733.18
0.7,400,377414824.78
0.7,401,385464730.06
0.7,402,231116939.57
0.7,403,386793727.68
0.7,404,347174195.1
0.7,405,308881889.6
0.7,406,362355094.66
0.7,407,291443547.83
0.7,408,305376207.62
0.7,409,229625188.58
0.7,410,395428286.99
0.7,411,360105318.82
0.7,412,344850498.39
0.7,413,381781821.42
0.7,414,364536435.53
0.7,415,269712796.12
0.7,416,376557807.31
0.7,417,257851054.25
0.7,418,336452777.5
0.7,419,368690698.54
0.7,420,328578052.96
0.7,421,395348068.18
0.7,422,318308809.44
0.7,423,385450512.97
0.7,424,352444852.89
0.7,425,309113384.92
0.7,426,383580993.46
0.7,427,333304845.96
0.7,428,375708309.3
0.7,429,313984329.56
0.7,430,217164494.74
0.7,431,360307342.13
0.7,432,347733314.42
0.7,433,264800814.12
0.7,434,389569162.13
0.7,435,353196538.06
0.7,436,333885043.88
0.7,437,299906120.88
0.7,438,361873580.16
0.7,439,353988803.15
0.7,440,348076183.81
0.7,441,350094772.91
0.7,442,332357145.1
0.7,443,368590748.51
0.7,444,283171647.85
0.7,445,274682836.94
0.7,446,356605479.66
0.7,447,371996904.6
0.7,448,373369430.94
0.7,449,342696053.94
0.7,450,375441927.99
0.7,451,383414484.73
0.7,452,357264093.55
0.7,453,300001922.28
0.7,454,373334029.0
0.7,455,366968572.62
0.7,456,393618100.3
0.7,457,307730064.98
0.7,458,342593397.9
0.7,459,284859686.35
0.7,460,363073770.83
0.7,461,322715721.65
0.7,462,252078957.98
0.7,463,338236271.94
0.7,464,319453361.0
0.7,465,330619907.86
0.7,466,295863697.12
0.7,467,365298623.02
0.7,468,346410542.95
0.7,469,363644229.81
0.7,470,362880102.37
0.7,471,371000446.09
0.7,472,365341830.35
0.7,473,373138097.01
0.7,474,393195753.14
0.7,475,347508562.27
0.7,476,258457952.96
0.7,477,352116639.65
0.7,478,346461210.16
0.7,479,388834136.03
0.7,480,254363810.32
0.7,481,369261492.39
0.7,482,343791951.63
0.7,483,373402597.14
0.7,484,352424599.73
0.7,485,366840631.61
0.7,486,373557250.83
0.7,487,290318214.87
0.7,488,368644979.42
0.7,489,368768296.52
0.7,490,389385362.49
0.7,491,353068499.25
0.7,492,389884619.3
0.7,493,363689758.06
0.7,494,299014272.28
0.7,495,303225644.36
0.7,496,374023920.05
0.7,497,301475950.89
0.7,498,377297879.48
0.7,499,313205052.63
0.8,0,390576762.67
0.8,1,390935029.22
0.8,2,373023423.17
0.8,3,384409778.27
0.8,4,353916546.65
0.8,5,338384280.56
0.8,6,348066056.8
0.8,7,295012012.59
0.8,8,337100279.05
0.8,9,399538124.82
0.8,10,337623157.23
0.8,11,351389080.71
0.8,12,250586179.15
0.8,13,343222872.07
0.8,14,360371078.0
0.8,15,293303458.23
0.8,16,353657808.19
0.8,17,300310238.7
0.8,18,317873221.46
0.8,19,358298900.36
0.8,20,307417219.69
0.8,21,378424830.92
0.8,22,360372862.38
0.8,23,341830371.41
0.8,24,385396899.9
0.8,25,377307088.22
0.8,26,372637391.53
0.8,27,263081031.57
0.8,28,397923186.63
0.8,29,353790175.27
0.8,30,322212663.22
0.8,31,385284869.76
0.8,32,251142954.97
0.8,33,361228968.59
0.8,34,359228779.56
0.8,35,386101518.82
0.8,36,286740172.61
0.8,37,320847153.26
0.8,38,361279877.09
0.8,39,266994425.83
0.8,40,314108771.47
0.8,41,386838305.91
0.8,42,365718753.37
0.8,43,383504374.02
0.8,44,337851029.88
0.8,45,239278636.27
0.8,46,396738470.94
0.8,47,377195766.77
0.8,48,337510198.55
0.8,49,379210734.08
0.8,50,345289028.19
0.8,51,396910202.51
0.8,52,259395429.42
0.8,53,393074236.98
0.8,54,196590608.53
0.8,55,343566097.59
0.8,56,381057887.51
0.8,57,347752381.34
0.8,58,380202320.07
0.8,59,381848508.08
0.8,60,268748949.95
0.8,61,292881197.27
0.8,62,375235465.56
0.8,63,307671342.41
0.8,64,361500791.9
0.8,65,350578221.81
0.8,66,354586988.55
0.8,67,339203088.88
0.8,68,371739483.06
0.8,69,313794253.63
0.8,70,345078821.91
0.8,71,308966546.43
0.8,72,336525388.1
0.8,73,357047061.2
0.8,74,340635251.07
0.8,75,312788803.81
0.8,76,389775966.09
0.8,77,314510133.67
0.8,78,361254658.48
0.8,79,364154641.47
0.8,80,387756686.26
0.8,81,305666304.93
0.8,82,381441585.38
0.8,83,307259644.46
0.8,84,366825850.72
0.8,85,366838756.78
0.8,86,387808728.73
0.8,87,313624309.86
0.8,88,370954134.91
0.8,89,347069663.83
0.8,90,367788555.02
0.8,91,364249877.14
0.8,92,372670366.99
0.8,93,286157209.13
0.8,94,326617688.93
0.8,95,372061305.38
0.8,96,339587633.47
0.8,97,392371169.95
0.8,98,290192254.37
0.8,99,373324772.2
0.8,100,342099885.26
0.8,101,390443847.35
0.8,102,327092981.14
0.8,103,282740206.82
0.8,104,336857022.26
0.8,105,358205134.85
0.8,106,343422318.24
0.8,107,322221285.56
0.8,108,364157912.74
0.8,109,382035760.23
0.8,110,347655666.7
0.8,111,340038703.21
0.8,112,390544184.65
0.8,113,389281226.57
0.8,114,315190466.45
0.8,115,383482858.54
0.8,116,350528219.4
0.8,117,317271119.4
0.8,118,310479669.94
0.8,119,357061938.43
0.8,120,344573012.95
0.8,121,390522515.18
0.8,122,374803255.21
0.8,123,373020163.67
0.8,124,330547366.83
0.8,125,325364803.95
0.8,126,382139212.48
0.8,127,364040795.44
0.8,128,373347539.1
0.8,129,332404709.45
0.8,130,292789183.07
0.8,131,370993554.27
0.8,132,322179284.96
0.8,133,333854908.94
0.8,134,365477392.74
0.8,135,370090735.98
0.8,136,373463682.28
0.8,137,330082500.34
0.8,138,332522826.39
0.8,139,371823038.99
0.8,140,362235746.33
0.8,141,319894352.01
0.8,142,383956621.35
0.8,143,313884688.2
0.8,144,292659693.41
0.8,145,246844404.9
0.8,146,288623386.04
0.8,147,397482410.85
0.8,148,396636869.11
0.8,149,307141105.3
0.8,150,196292544.26
0.8,151,385148365.36
0.8,152,381673994.06
0.8,153,384013940.18
0.8,154,317820136.17
0.8,155,277439253.45
0.8,156,367563903.32
0.8,157,356655465.3
0.8,158,375291641.98
0.8,159,295306251.87
0.8,160,366181442.62
0.8,161,362069029.74
0.8,162,329018725.35
0.8,163,364230859.74
0.8,164,360208809.3
0.8,165,344003346.21
0.8,166,374168264.92
0.8,167,373328439.18
0.8,168,398989663.23
0.8,169,389316017.41
0.8,170,363910819.16
0.8,171,244297668.53
0.8,172,394264610.0
0.8,173,380206805.14
0.8,174,396325864.22
0.8,175,398295700.04
0.8,176,277463138.11
0.8,177,348745662.68
0.8,178,371125458.96
0.8,179,385066641.95
0.8,180,380616304.63
0.8,181,336810472.8
0.8,182,398211795.17
0.8,183,350451768.35
0.8,184,302222067.2
0.8,185,384069845.32
0.8,186,337678985.4
0.8,187,358166293.78
0.8,188,350828095.8
0.8,189,376530795.2
0.8,190,325421324.35
0.8,191,272411999.29
0.8,192,349156157.33
0.8,193,348888807.22
0.8,194,375384112.46
0.8,195,353318570.5
0.8,196,347092826.9
0.8,197,386653347.16
0.8,198,319330568.7
0.8,199,344800137.3
0.8,200,314863589.82
0.8,201,354324740.55
0.8,202,383889706.06
0.8,203,360188080.04
0.8,204,342656435.79
0.8,205,398287231.02
0.8,206,383182950.92
0.8,207,327881913.53
0.8,208,358986680.44
0.8,209,351182230.98
0.8,210,299244675.78
0.8,211,350555125.23
0.8,212,314656758.55
0.8,213,304035686.06
0.8,214,281128907.34
0.8,215,371588650.4
0.8,216,284628755.86
0.8,217,366490484.46
0.8,218,383157569.5
0.8,219,381695928.01
0.8,220,286147775.53
0.8,221,392396580.37
0.8,222,375639704.78
0.8,223,385234599.65
0.8,224,398249627.71
0.8,225,376699460.63
0.8,226,378318902.46
0.8,227,352458229.95
0.8,228,350373629.83
0.8,229,354055919.12
0.8,230,342513458.77
0.8,231,357728067.18
0.8,232,303894935.88
0.8,233,265263688.62
0.8,234,272912614.05
0.8,235,353596389.42
0.8,236,378949610.57
0.8,237,395322003.22
0.8,238,359048472.95
0.8,239,301612598.73
0.8,240,373469370.55
0.8,241,361275207.76
0.8,242,355968137.63
0.8,243,251809065.79
0.8,244,370149688.75
0.8,245,353510981.86
0.8,246,395442034.52
0.8,247,394956927.48
0.8,248,293059373.42
0.8,249,330211278.45
0.8,250,315262393.26
0.8,251,375518900.01
0.8,252,313318239.21
0.8,253,304776354.05
0.8,254,344439941.27
0.8,255,306837140.77
0.8,256,319702498.21
0.8,257,384443149.35
0.8,258,394509553.8
0.8,259,371780008.09
0.8,260,348681651.44
0.8,261,395967052.8
0.8,262,337813387.65
0.8,263,369811284.3
0.8,264,254097435.45
0.8,265,317898121.03
0.8,266,387044611.48
0.8,267,396536640.38
0.8,268,322624560.95
0.8,269,381867607.44
0.8,270,359412092.34
0.8,271,373650270.76
0.8,272,344294996.06
0.8,273,389582715.38
0.8,274,369053011.85
0.8,275,378783659.9
0.8,276,339682808.71
0.8,277,319515136.34
0.8,278,395574964.29
0.8,279,332711904.04
0.8,280,365973250.85
0.8,281,396559984.11
0.8,282,358229884.13
0.8,283,375627592.6
0.8,284,309010838.25
0.8,285,393674726.11
0.8,286,200122394.04
0.8,287,323132610.84
0.8,288,335044687.03
0.8,289,370369044.31
0.8,290,384471554.04
0.8,291,357082813.32
0.8,292,321462319.46
0.8,293,307609624.0
0.8,294,355807680.36
0.8,295,346057375.65
0.8,296,270818875.36
0.8,297,307689378.19
0.8,298,307131960.14
0.8,299,215923922.35
0.8,300,320022656.08
0.8,301,384953021.89
0.8,302,344414656.02
0.8,303,375008846.05
0.8,304,383614669.21
0.8,305,381617341.91
0.8,306,365928354.22
0.8,307,317456902.44
0.8,308,348199639.64
0.8,309,355993718.91
0.8,310,385701596.22
0.8,311,383645097.0
0.8,312,378525568.65
0.8,313,345615683.33
0.8,314,388603874.44
0.8,315,354180511.47
0.8,316,352644883.74
0.8,317,298447181.57
0.8,318,388007764.6
0.8,319,354111878.86
0.8,320,354541771.06
0.8,321,363174383.77
0.8,322,377337538.04
0.8,323,391528173.69
0.8,324,374260157.07
0.8,325,355104265.21
0.8,326,385099592.55
0.8,327,347687263.74
0.8,328,356553680.58
0.8,329,304751438.85
0.8,330,302104699.83
0.8,331,307592179.6
0.8,332,295533467.77
0.8,333,356031227.78
0.8,334,331758193.68
0.8,335,342980210.22
0.8,336,302077500.25
0.8,337,356664532.88
0.8,338,347690899.9
0.8,339,388434718.58
0.8,340,229443508.53
0.8,341,341195667.3
0.8,342,397350130.37
0.8,343,333319538.53
0.8,344,370087995.49
0.8,345,301003773.31
0.8,346,312110968.62
0.8,347,399331259.35
0.8,348,230040797.13
0.8,349,278284307.18
0.8,350,379814174.13
0.8,351,370894493.85
0.8,352,319560839.71
0.8,353,295156431.9
0.8,354,323447157.04
0.8,355,358564732.81
0.8,356,379413724.75
0.8,357,381872836.56
0.8,358,361450687.49
0.8,359,384143871.67
0.8,360,370848541.65
0.8,361,366793061.45
0.8,362,290402208.57
0.8,363,342512242.59
0.8,364,364439703.46
0.8,365,334041638.14
0.8,366,354204615.65
0.8,367,332475965.57
0.8,368,356285230.02
0.8,369,263338795.59
0.8,370,346908041.53
0.8,371,369407161.63
0.8,372,343433290.38
0.8,373,315454171.24
0.8,374,373624886.93
0.8,375,386527369.69
0.8,376,267604034.86
0.8,377,385129132.82
0.8,378,346660223.06
0.8,379,377126251.17
0.8,380,351035715.38
0.8,381,393297784.78
0.8,382,321045151.46
0.8,383,320743367.22
0.8,384,238251666.88
0.8,385,354343285.64
0.8,386,249672485.66
0.8,387,368603908.78
0.8,388,298391841.15
0.8,389,322476424.33
0.8,390,353962971.54
0.8,391,347722453.98
0.8,392,394888788.89
0.8,393,294263324.67
0.8,394,289743083.98
0.8,395,287608767.48
0.8,396,368250192.18
0.8,397,348885129.82
0.8,398,365482998.32
0.8,399,301732401.99
0.8,400,354211803.31
0.8,401,329821101.91
0.8,402,371354500.93
0.8,403,382614809.64
0.8,404,365833782.88
0.8,405,368696231.22
0.8,406,316717484.05
0.8,407,379851283.81
0.8,408,276737157.01
0.8,409,293217663.59
0.8,410,376170311.09
0.8,411,319440779.14
0.8,412,395825989.61
0.8,413,352264493.7
0.8,414,346197038.55
0.8,415,375017162.78
0.8,416,346093644.24
0.8,417,391333067.79
0.8,418,295575867.38
0.8,419,354003203.68
0.8,420,285685205.34
0.8,421,381948300.81
0.8,422,354336041.29
0.8,423,369880394.0
0.8,424,372037296.82
0.8,425,343777560.43
0.8,426,286764617.13
0.8,427,380359222.24
0.8,428,380900282.35
0.8,429,389979863.11
0.8,430,347684562.41
0.8,431,359512968.55
0.8,432,373753414.26
0.8,433,281232151.59
0.8,434,367410589.17
0.8,435,315216544.44
0.8,436,334556791.19
0.8,437,378885998.24
0.8,438,333028996.25
0.8,439,369046934.52
0.8,440,365945597.41
0.8,441,329416183.86
0.8,442,374628647.95
0.8,443,338322388.64
0.8,444,355079616.84
0.8,445,320052822.0
0.8,446,366288049.68
0.8,447,336215785.98
0.8,448,325133057.43
0.8,449,350854890.17
0.8,450,387435809.12
0.8,451,387505231.48
0.8,452,342952690.11
0.8,453,281402570.79
0.8,454,227228918.04
0.8,455,336782357.4
0.8,456,381360414.57
0.8,457,368892008.54
0.8,458,344712045.06
0.8,459,374727520.12
0.8,460,381382230.39
0.8,461,338754125.53
0.8,462,376340761.75
0.8,463,333596711.84
0.8,464,281291190.54
0.8,465,273612389.02
0.8,466,397024659.22
0.8,467,351670012.0
0.8,468,331306379.16
0.8,469,324356792.86
0.8,470,382294208.73
0.8,471,350693349.52
0.8,472,386774966.03
0.8,473,301557677.63
0.8,474,363056323.57
0.8,475,399113907.64
0.8,476,355172248.18
0.8,477,390698887.89
0.8,478,356458828.86
0.8,479,371089337.34
0.8,480,339342103.77
0.8,481,391948784.03
0.8,482,382053671.91
0.8,483,378602979.56
0.8,484,332677008.95
0.8,485,342208114.59
0.8,486,300179900.24
0.8,487,371258355.25
0.8,488,384243065.19
0.8,489,398540561.7
0.8,490,384041723.35
0.8,491,369588024.87
0.8,492,377867426.41
0.8,493,358729247.95
0.8,494,394479672.8
0.8,495,372613393.69
0.8,496,269732338.78
0.8,497,343003167.47
0.8,498,364834054.25
0.8,499,391239344.78
0.9,0,392008519.5
0.9,1,344987355.33
0.9,2,248389813.59
0.9,3,328578079.03
0.9,4,376757162.42
0.9,5,351290886.81
0.9,6,371288331.58
0.9,7,316781805.92
0.9,8,279912937.22
0.9,9,264879066.86
0.9,10,388653686.65
0.9,11,332217788.42
0.9,12,318984614.76
0.9,13,329373567.22
0.9,14,241358107.36
0.9,15,282760448.27
0.9,16,341875664.64
0.9,17,326769336.11
0.9,18,284369147.26
0.9,19,314052248.67
0.9,20,351529784.27
0.9,21,380790365.75
0.9,22,353941771.82
0.9,23,320452217.08
0.9,24,241841495.64
0.9,25,299741041.51
0.9,26,186025021.18
0.9,27,330035533.81
0.9,28,355660802.79
0.9,29,204827758.69
0.9,30,352840698.39
0.9,31,319844849.24
0.9,32,331500925.54
0.9,33,360372028.18
0.9,34,353178383.0
0.9,35,378753611.92
0.9,36,390431425.14
0.9,37,374021117.96
0.9,38,330037556.02
0.9,39,345289616.33
0.9,40,214153512.45
0.9,41,369333386.41
0.9,42,364114498.77
0.9,43,344366641.72
0.9,44,387273192.35
0.9,45,262029511.75
0.9,46,374652853.53
0.9,47,386672373.95
0.9,48,363058095.6
0.9,49,396468235.0
0.9,50,337580284.51
0.9,51,364010097.39
0.9,52,296389015.11
0.9,53,362736449.29
0.9,54,348687750.39
0.9,55,372963660.95
0.9,56,360135069.72
0.9,57,349902462.26
0.9,58,376441502.13
0.9,59,314256824.35
0.9,60,371294483.86
0.9,61,392428019.05
0.9,62,369707519.61
0.9,63,315042854.97
0.9,64,277066438.75
0.9,65,349625594.21
0.9,66,335478948.61
0.9,67,350390914.0
0.9,68,373356911.88
0.9,69,378945706.77
0.9,70,216892216.35
0.9,71,305657288.72
0.9,72,346726533.54
0.9,73,356799546.07
0.9,74,379824890.07
0.9,75,396171758.45
0.9,76,317083704.45
0.9,77,338588701.68
0.9,78,368972585.34
0.9,79,345590025.25
0.9,80,324980941.74
0.9,81,318605074.82
0.9,82,385196415.92
0.9,83,329221826.12
0.9,84,349572801.51
0.9,85,377429159.41
0.9,86,319477110.43
0.9,87,386090415.79
0.9,88,372418933.61
0.9,89,327178861.36
0.9,90,278928618.87
0.9,91,392317377.6
0.9,92,294410078.65
0.9,93,257719625.88
0.9,94,363854550.67
0.9,95,381209482.06
0.9,96,323249709.71
0.9,97,358619229.93
0.9,98,332769674.12
0.9,99,354563602.76
0.9,100,386007120.27
0.9,101,352735442.11
0.9,102,320205775.34
0.9,103,368221047.82
0.9,104,234378676.85
0.9,105,368702793.74
0.9,106,310116680.21
0.9,107,355199980.98
0.9,108,360468139.54
0.9,109,343134138.86
0.9,110,331831774.47
0.9,111,346268741.57
0.9,112,347935330.06
0.9,113,342140523.45
0.9,114,220234964.41
0.9,115,330028434.68
0.9,116,372334548.64
0.9,117,388721476.62
0.9,118,379642795.53
0.9,119,394645366.29
0.9,120,281115039.79
0.9,121,322709244.55
0.9,122,291384461.54
0.9,123,357121576.88
0.9,124,303653444.57
0.9,125,345919935.92
0.9,126,390297510.95
0.9,127,287159552.94
0.9,128,312103627.67
0.9,129,378647990.15
0.9,130,324632047.89
0.9,131,369434580.32
0.9,132,332245781.25
0.9,133,327597162.6
0.9,134,294594326.88
0.9,135,333357284.52
0.9,136,370658481.79
0.9,137,312253854.65
0.9,138,336092392.98
0.9,139,388019516.43
0.9,140,316462077.48
0.9,141,330032477.32
0.9,142,354824571.84
0.9,143,372350910.1
0.9,144,270494810.84
0.9,145,290385823.15
0.9,146,354013592.86
0.9,147,277182741.91
0.9,148,300800679.01
0.9,149,198685993.28
0.9,150,376165529.58
0.9,151,320003917.95
0.9,152,330807257.32
0.9,153,302742784.29
0.9,154,343113581.63
0.9,155,390803054.55
0.9,156,325063861.43
0.9,157,388400024.4
0.9,158,342985490.77
0.9,159,383779988.44
0.9,160,302976078.26
0.9,161,298553448.95
0.9,162,352568825.95
0.9,163,334099941.03
0.9,164,371572300.29
0.9,165,348040597.43
0.9,166,326597388.28
0.9,167,376642255.52
0.9,168,378761070.5
0.9,169,349828019.3
0.9,170,371072928.66
0.9,171,355301579.86
0.9,172,354536143.82
0.9,173,340936063.22
0.9,174,351975572.62
0.9,175,337830003.57
0.9,176,384077808.42
0.9,177,351955537.23
0.9,178,327210390.41
0.9,179,382024187.11
0.9,180,362981547.18
0.9,181,294989244.11
0.9,182,392764627.63
0.9,183,301773558.84
0.9,184,379626686.02
0.9,185,310740402.28
0.9,186,309990933.02
0.9,187,357990424.91
0.9,188,360517178.47
0.9,189,384092022.71
0.9,190,324913193.49
0.9,191,390411377.44
0.9,192,349977987.67
0.9,193,343372687.35
0.9,194,354752121.86
0.9,195,368151833.82
0.9,196,384123952.68
0.9,197,339557708.81
0.9,198,293822201.26
0.9,199,392625921.2
0.9,200,349441510.12
0.9,201,320699426.96
0.9,202,364425480.98
0.9,203,330867036.55
0.9,204,385838667.6
0.9,205,388221920.84
0.9,206,249356235.59
0.9,207,334328731.95
0.9,208,388885862.91
0.9,209,284508047.81
0.9,210,266708273.11
0.9,211,302636630.61
0.9,212,351001119.85
0.9,213,351608228.12
0.9,214,326122764.47
0.9,215,357439518.9
0.9,216,321231813.36
0.9,217,335401412.81
0.9,218,372834468.41
0.9,219,269411886.58
0.9,220,312083377.83
0.9,221,362617082.13
0.9,222,390508399.57
0.9,223,371522164.79
0.9,224,376253168.34
0.9,225,350692368.56
0.9,226,311119391.0
0.9,227,334097601.5
0.9,228,365757480.16
0.9,229,372449490.18
0.9,230,387597216.3
0.9,231,283298061.45
0.9,232,269390540.46
0.9,233,272910765.78
0.9,234,265731546.58
0.9,235,379756761.15
0.9,236,353084447.73
0.9,237,374267716.59
0.9,238,351329579.23
0.9,239,332179301.73
0.9,240,370631235.45
0.9,241,380103075.54
0.9,242,330198593.7
0.9,243,358514714.82
0.9,244,376132012.77
0.9,245,387968620.95
0.9,246,364435406.64
0.9,247,392359051.94
0.9,248,364884688.35
0.9,249,387959330.5
0.9,250,380972189.13
0.9,251,344935642.26
0.9,252,355913413.91
0.9,253,271306681.86
0.9,254,395373657.92
0.9,255,395660136.82
0.9,256,371801607.39
0.9,257,331949300.48
0.9,258,352525639.04
0.9,259,394830439.87
0.9,260,328680960.96
0.9,261,390041633.91
0.9,262,311043627.03
0.9,263,331329391.38
0.9,264,287082170.52
0.9,265,362094582.32
0.9,266,376558679.74
0.9,267,381968471.65
0.9,268,348577081.89
0.9,269,312498021.2
0.9,270,370067258.93
0.9,271,337250316.79
0.9,272,348048692.92
0.9,273,384624527.46
0.9,274,354762463.53
0.9,275,381756873.39
0.9,276,205793961.73
0.9,277,392178126.59
0.9,278,390044841.12
0.9,279,290891499.51
0.9,280,342382171.32
0.9,281,368331273.71
0.9,282,352626078.49
0.9,283,345576840.49
0.9,284,281446637.35
0.9,285,318703455.42
0.9,286,306338978.67
0.9,287,311698949.35
0.9,288,347846327.95
0.9,289,383632205.88
0.9,290,298483434.29
0.9,291,262303664.22
0.9,292,372335397.31
0.9,293,317492333.01
0.9,294,332628301.83
0.9,295,378776190.89
0.9,296,279705337.29
0.9,297,390814261.65
0.9,298,251383136.54
0.9,299,343560363.3
0.9,300,347495572.56
0.9,301,364813420.78
0.9,302,365297845.1
0.9,303,346905026.31
0.9,304,327362926.85
0.9,305,224656073.9
0.9,306,325021229.58
0.9,307,213815843.15
0.9,308,322429659.98
0.9,309,301407398.04
0.9,310,343840308.52
0.9,311,257131684.33
0.9,312,338138256.89
0.9,313,336719808.26
0.9,314,375020934.47
0.9,315,326914351.86
0.9,316,284540619.23
0.9,317,353231314.59
0.9,318,356697893.58
0.9,319,384323202.68
0.9,320,251529244.24
0.9,321,316637065.97
0.9,322,381597320.88
0.9,323,391454068.63
0.9,324,251390574.59
0.9,325,372576911.57
0.9,326,340861560.31
0.9,327,279123964.46
0.9,328,314283119.02
0.9,329,358999407.72
0.9,330,371597001.86
0.9,331,339051004.11
0.9,332,357436824.64
0.9,333,324428942.99
0.9,334,264444586.82
0.9,335,353255040.98
0.9,336,259773040.71
0.9,337,254763560.61
0.9,338,360183816.99
0.9,339,393047405.19
0.9,340,390865198.72
0.9,341,312409175.41
0.9,342,377166164.96
0.9,343,298186622.27
0.9,344,350928550.23
0.9,345,283310723.91
0.9,346,318858578.76
0.9,347,297403797.76
0.9,348,336523391.96
0.9,349,390202406.3
0.9,350,343795207.37
0.9,351,394168944.52
0.9,352,363175880.11
0.9,353,351589111.0
0.9,354,367644199.52
0.9,355,381941087.71
0.9,356,369492177.86
0.9,357,398856683.64
0.9,358,305670578.41
0.9,359,386933496.04
0.9,360,329171945.68
0.9,361,314751162.5
0.9,362,313544804.91
0.9,363,268686471.94
0.9,364,384737267.72
0.9,365,395863265.26
0.9,366,287406228.37
0.9,367,356624127.03
0.9,368,394437460.31
0.9,369,376258308.48
0.9,370,388421418.92
0.9,371,353587349.43
0.9,372,371215469.2
0.9,373,370384871.78
0.9,374,374697406.86
0.9,375,385223745.24
0.9,376,367581009.9
0.9,377,394088712.64
0.9,378,304299660.98
0.9,379,368869399.26
0.9,380,353669629.35
0.9,381,338037761.49
0.9,382,304687939.99
0.9,383,336212343.55
0.9,384,243462192.83
0.9,385,287758144.77
0.9,386,335118424.15
0.9,387,371096044.79
0.9,388,386686430.13
0.9,389,367983443.93
0.9,390,269029479.02
0.9,391,300599187.2
0.9,392,321172250.05
0.9,393,339626479.53
0.9,394,225619950.99
0.9,395,345774818.66
0.9,396,397610730.68
0.9,397,293793426.22
0.9,398,353455443.66
0.9,399,355035177.28
0.9,400,385119648.6
0.9,401,359677590.38
0.9,402,298448966.2
0.9,403,349500346.74
0.9,404,375755144.03
0.9,405,327671217.68
0.9,406,387999716.64
0.9,407,342364409.24
0.9,408,389269955.03
0.9,409,257407722.08
0.9,410,314733414.66
0.9,411,360328965.36
0.9,412,303081072.78
0.9,413,369104021.98
0.9,414,280510147.38
0.9,415,332022964.25
0.9,416,340147009.17
0.9,417,245523089.13
0.9,418,380612219.97
0.9,419,298757807.49
0.9,420,344104145.89
0.9,421,377643885.53
0.9,422,331165852.95
0.9,423,309058538.52
0.9,424,358831589.28
0.9,425,318167497.32
0.9,426,373146557.9
0.9,427,380579381.96
0.9,428,357866178.7
0.9,429,368954132.86
0.9,430,265164676.93
0.9,431,327380464.52
0.9,432,378925776.27
0.9,433,392849619.98
0.9,434,395626393.86
0.9,435,234824825.42
0.9,436,254914691.51
0.9,437,378306121.7
0.9,438,393655732.33
0.9,439,367985562.05
0.9,440,371271423.23
0.9,441,368425928.66
0.9,442,317783358.63
0.9,443,328710169.3
0.9,444,289534952.14
0.9,445,347738941.92
0.9,446,297335589.18
0.9,447,374307796.82
0.9,448,349484647.56
0.9,449,365058660.09
0.9,450,356235294.9
0.9,451,305468037.01
0.9,452,380072078.59
0.9,453,339899286.1
0.9,454,390351854.17
0.9,455,388251086.19
0.9,456,325783923.48
0.9,457,384111022.6
0.9,458,283584666.24
0.9,459,311966424.72
0.9,460,294858691.57
0.9,461,355902487.62
0.9,462,351490053.01
0.9,463,391213517.13
0.9,464,248838544.52
0.9,465,325711370.79
0.9,466,394991956.82
0.9,467,287072095.27
0.9,468,350230002.3
0.9,469,391792458.44
0.9,470,255548427.26
0.9,471,374420379.69
0.9,472,375591245.59
0.9,473,335053255.89
0.9,474,278683384.3
0.9,475,367650401.71
0.9,476,313256935.04
0.9,477,358853453.54
0.9,478,382966793.27
0.9,479,376289523.99
0.9,480,344380627.35
0.9,481,381612879.39
0.9,482,309596960.4
0.9,483,379430674.87
0.9,484,272963694.88
0.9,485,275841052.37
0.9,486,333949782.08
0.9,487,312987299.36
0.9,488,350310172.77
0.9,489,354967534.38
0.9,490,351039300.16
0.9,491,388491415.81
0.9,492,339038558.09
0.9,493,282663543.62
0.9,494,357480110.91
0.9,495,328796869.59
0.9,496,376223635.17
0.9,497,377816528.8
0.9,498,368684878.89
0.9,499,367945759.67
1.0,0,346076841.89
1.0,1,278060511.94
1.0,2,391977428.63
1.0,3,361345463.2
1.0,4,339198568.84
1.0,5,381383718.63
1.0,6,335162782.78
1.0,7,307546065.19
1.0,8,266407468.69
1.0,9,369519897.59
1.0,10,372199439.61
1.0,11,397684807.91
1.0,12,326283478.95
1.0,13,363563404.15
1.0,14,332946864.95
1.0,15,285360344.84
1.0,16,367398161.35
1.0,17,370204156.91
1.0,18,366733313.53
1.0,19,370035093.61
1.0,20,304594802.19
1.0,21,334513634.88
1.0,22,281523927.93
1.0,23,351893492.65
1.0,24,388200439.69
1.0,25,358845680.17
1.0,26,270463889.47
1.0,27,391297058.49
1.0,28,398881522.79
1.0,29,383285992.4
1.0,30,363502883.52
1.0,31,352965793.12
1.0,32,232489229.18
1.0,33,315599408.65
1.0,34,358837602.51
1.0,35,289029284.45
1.0,36,381915050.92
1.0,37,371819805.38
1.0,38,305755368.78
1.0,39,343139725.8
1.0,40,387134089.06
1.0,41,326986059.92
1.0,42,268660293.59
1.0,43,348558411.03
1.0,44,315471153.12
1.0,45,362804125.27
1.0,46,377552576.54
1.0,47,382034168.11
1.0,48,311757284.72
1.0,49,365705404.97
1.0,50,360381486.75
1.0,51,274811116.45
1.0,52,385153766.12
1.0,53,364616479.17
1.0,54,328284155.36
1.0,55,386320094.51
1.0,56,370565485.06
1.0,57,344295969.38
1.0,58,310723933.82
1.0,59,306849327.97
1.0,60,201475810.21
1.0,61,334081414.53
1.0,62,276694785.51
1.0,63,310595001.64
1.0,64,356490461.84
1.0,65,312084033.45
1.0,66,362505900.83
1.0,67,374274791.62
1.0,68,241870254.87
1.0,69,296994926.25
1.0,70,284756594.76
1.0,71,380984187.05
1.0,72,258013338.35
1.0,73,227614139.67
1.0,74,319752080.23
1.0,75,301834307.13
1.0,76,392190914.16
1.0,77,289181862.22
1.0,78,366734348.55
1.0,79,321883230.36
1.0,80,313965994.85
1.0,81,356351801.05
1.0,82,379062752.69
1.0,83,338852350.82
1.0,84,336109375.02
1.0,85,381117092.31
1.0,86,303864405.05
1.0,87,305633057.19
1.0,88,295128282.08
1.0,89,369676500.5
1.0,90,394466718.81
1.0,91,360224107.41
1.0,92,323967486.11
1.0,93,360044374.0
1.0,94,350871202.61
1.0,95,393478540.34
1.0,96,360907963.53
1.0,97,358093995.74
1.0,98,353940834.08
1.0,99,353268296.47
1.0,100,373074231.77
1.0,101,377455496.84
1.0,102,397197868.31
1.0,103,287398219.52
1.0,104,381958249.96
1.0,105,371205865.52
1.0,106,384924419.88
1.0,107,317163806.85
1.0,108,289119884.63
1.0,109,242143605.39
1.0,110,368968344.93
1.0,111,343360742.73
1.0,112,285561060.3
1.0,113,376279623.47
1.0,114,375739825.36
1.0,115,360282985.63
1.0,116,336294085.6
1.0,117,370429269.42
1.0,118,339341014.62
1.0,119,344662900.32
1.0,120,386592207.7
1.0,121,286485847.98
1.0,122,327360119.64
1.0,123,357951403.94
1.0,124,379312432.07
1.0,125,245463780.02
1.0,126,364273349.6
1.0,127,388045401.33
1.0,128,370541215.43
1.0,129,227542697.59
1.0,130,290971530.62
1.0,131,381421470.1
1.0,132,290647299.9
1.0,133,381590048.65
1.0,134,371474287.47
1.0,135,376530408.28
1.0,136,369329899.09
1.0,137,319631954.09
1.0,138,396350564.58
1.0,139,337424648.63
1.0,140,367448699.74
1.0,141,362997463.08
1.0,142,346085746.89
1.0,143,381534571.35
1.0,144,354719486.93
1.0,145,305939018.07
1.0,146,374022725.9
1.0,147,366494883.92
1.0,148,373083226.79
1.0,149,351156829.28
1.0,150,320570587.87
1.0,151,292472045.21
1.0,152,356176377.68
1.0,153,321708194.57
1.0,154,333001652.63
1.0,155,316016671.28
1.0,156,351620731.55
1.0,157,333254113.96
1.0,158,344786569.3
1.0,159,380990003.44
1.0,160,300198623.69
1.0,161,335081637.23
1.0,162,364487954.28
1.0,163,374516415.14
1.0,164,327133463.72
1.0,165,282773066.04
1.0,166,385772597.12
1.0,167,310236244.82
1.0,168,331986163.05
1.0,169,374779330.01
1.0,170,297918370.12
1.0,171,332298098.16
1.0,172,305004083.44
1.0,173,196018881.84
1.0,174,303571536.46
1.0,175,372122479.16
1.0,176,321506137.05
1.0,177,397244197.45
1.0,178,381105577.99
1.0,179,372741267.61
1.0,180,396231707.56
1.0,181,362767560.16
1.0,182,333439246.42
1.0,183,364899770.79
1.0,184,398987796.89
1.0,185,376357525.73
1.0,186,331628150.76
1.0,187,384663241.63
1.0,188,340181705.96
1.0,189,303842206.45
1.0,190,353167473.87
1.0,191,388143904.98
1.0,192,396288541.27
1.0,193,219604616.38
1.0,194,329926336.01
1.0,195,393993264.86
1.0,196,380251585.66
1.0,197,272038244.29
1.0,198,332537865.21
1.0,199,310308415.16
1.0,200,354308768.63
1.0,201,390468943.38
1.0,202,358516250.21
1.0,203,359050664.35
1.0,204,330517540.37
1.0,205,343269641.38
1.0,206,385087412.37
1.0,207,333271933.97
1.0,208,338256419.03
1.0,209,385893013.54
1.0,210,261280557.78
1.0,211,358817312.51
1.0,212,371018541.19
1.0,213,346982768.86
1.0,214,364444116.96
1.0,215,375891293.71
1.0,216,366948205.45
1.0,217,389754991.13
1.0,218,359476984.72
1.0,219,300775505.38
1.0,220,270053433.32
1.0,221,374112291.06
1.0,222,346116407.26
1.0,223,387519993.93
1.0,224,381442715.53
1.0,225,382538424.31
1.0,226,379880846.3
1.0,227,309518125.89
1.0,228,390655696.27
1.0,229,348922577.44
1.0,230,366321240.99
1.0,231,275948765.75
1.0,232,323423803.92
1.0,233,386475903.77
1.0,234,361603958.23
1.0,235,228866577.33
1.0,236,385581715.83
1.0,237,352875325.38
1.0,238,281188969.85
1.0,239,384110191.87
1.0,240,382598963.13
1.0,241,395924655.83
1.0,242,384381531.6
1.0,243,278849679.08
1.0,244,376286048.26
1.0,245,332580689.87
1.0,246,352380215.87
1.0,247,376180670.77
1.0,248,351437848.8
1.0,249,318982453.51
1.0,250,353402842.25
1.0,251,373194419.35
1.0,252,341105260.63
1.0,253,335824689.45
1.0,254,373772536.04
1.0,255,367592792.63
1.0,256,379537345.77
1.0,257,258550416.83
1.0,258,310341065.38
1.0,259,394995607.1
1.0,260,283434520.25
1.0,261,382022448.39
1.0,262,350464323.05
1.0,263,380838503.17
1.0,264,355948782.47
1.0,265,347338771.26
1.0,266,300688742.03
1.0,267,310286420.59
1.0,268,383643925.24
1.0,269,336757416.43
1.0,270,307893249.84
1.0,271,381720360.01
1.0,272,356325906.47
1.0,273,287001279.13
1.0,274,374360299.48
1.0,275,358734803.66
1.0,276,331161803.56
1.0,277,384927157.35
1.0,278,390999145.29
1.0,279,272874250.56
1.0,280,206666749.48
1.0,281,360501879.9
1.0,282,371768259.12
1.0,283,399099369.98
1.0,284,362871690.61
1.0,285,388717339.47
1.0,286,350666115.23
1.0,287,380149006.44
1.0,288,338436181.42
1.0,289,371149921.2
1.0,290,383003692.23
1.0,291,379578681.37
1.0,292,355180805.7
1.0,293,371520537.92
1.0,294,365894313.34
1.0,295,318563051.39
1.0,296,383664981.73
1.0,297,371218451.16
1.0,298,379414645.56
1.0,299,370136362.49
1.0,300,329454667.97
1.0,301,332663094.97
1.0,302,353540077.6
1.0,303,379894174.43
1.0,304,396205345.6
1.0,305,343227207.27
1.0,306,353634778.7
1.0,307,369493149.62
1.0,308,377770877.49
1.0,309,351302520.85
1.0,310,351694633.25
1.0,311,331325402.99
1.0,312,350332463.31
1.0,313,386653772.09
1.0,314,392094305.71
1.0,315,366747226.01
1.0,316,386712118.11
1.0,317,326055335.27
1.0,318,362046738.59
1.0,319,347148306.08
1.0,320,238628778.14
1.0,321,349352628.27
1.0,322,357415274.75
1.0,323,384966741.25
1.0,324,372463567.69
1.0,325,298010234.26
1.0,326,368876145.46
1.0,327,387157381.21
1.0,328,354539517.53
1.0,329,375888803.27
1.0,330,321904321.07
1.0,331,378356011.48
1.0,332,344498124.35
1.0,333,380122371.64
1.0,334,351543928.0
1.0,335,282770548.31
1.0,336,374251717.84
1.0,337,309138228.08
1.0,338,379190712.96
1.0,339,332179664.94
1.0,340,395269506.4
1.0,341,375525523.16
1.0,342,346105076.2
1.0,343,352505003.88
1.0,344,396661723.8
1.0,345,279626356.54
1.0,346,347353592.66
1.0,347,347262499.7
1.0,348,395734699.6
1.0,349,295853388.04
1.0,350,332130745.15
1.0,351,363324727.33
1.0,352,352656809.47
1.0,353,365841109.44
1.0,354,328879420.1
1.0,355,380750196.0
1.0,356,324765304.76
1.0,357,345917194.38
1.0,358,396687200.84
1.0,359,371088424.0
1.0,360,394162212.23
1.0,361,340520069.01
1.0,362,337325827.47
1.0,363,312204396.27
1.0,364,383575072.81
1.0,365,373068123.21
1.0,366,387068270.87
1.0,367,355274587.57
1.0,368,267515826.54
1.0,369,379444065.63
1.0,370,277492269.17
1.0,371,262358803.09
1.0,372,336955196.53
1.0,373,330995883.15
1.0,374,361225679.44
1.0,375,314710562.05
1.0,376,392413905.17
1.0,377,274496394.38
1.0,378,389550519.18
1.0,379,327923537.05
1.0,380,345751700.43
1.0,381,341066619.33
1.0,382,348916555.08
1.0,383,312867804.76
1.0,384,234109297.95
1.0,385,342735949.13
1.0,386,341339140.69
1.0,387,369737213.84
1.0,388,208706390.77
1.0,389,289479956.55
1.0,390,325781213.34
1.0,391,348686032.17
1.0,392,331754850.28
1.0,393,315313039.42
1.0,394,371593927.35
1.0,395,360512108.06
1.0,396,358393024.83
1.0,397,354580088.26
1.0,398,386690777.78
1.0,399,208643782.7
1.0,400,358206410.91
1.0,401,366273549.05
1.0,402,326568067.26
1.0,403,285613346.89
1.0,404,355009500.97
1.0,405,337041838.3
1.0,406,385988605.23
1.0,407,368175355.48
1.0,408,367045009.8
1.0,409,396218617.32
1.0,410,365608098.4
1.0,411,327814233.17
1.0,412,370626584.86
1.0,413,314581728.12
1.0,414,308809117.64
1.0,415,350865512.44
1.0,416,343564216.8
1.0,417,385176493.67
1.0,418,317784239.23
1.0,419,351375251.81
1.0,420,364622989.7
1.0,421,360281313.37
1.0,422,340028158.57
1.0,423,234015584.26
1.0,424,250951632.97
1.0,425,332564972.23
1.0,426,384068481.02
1.0,427,349434459.91
1.0,428,351474830.14
1.0,429,346127427.0
1.0,430,317539248.39
1.0,431,340370301.57
1.0,432,387128416.13
1.0,433,364428974.98
1.0,434,350647186.34
1.0,435,369778509.57
1.0,436,311690761.59
1.0,437,313614792.27
1.0,438,360380666.47
1.0,439,337759645.53
1.0,440,320625384.3
1.0,441,231082705.57
1.0,442,258733264.97
1.0,443,352275743.11
1.0,444,300615548.79
1.0,445,340162192.37
1.0,446,378927455.41
1.0,447,329395897.6
1.0,448,358286638.91
1.0,449,323886525.89
1.0,450,345437829.34
1.0,451,376848516.94
1.0,452,330265797.51
1.0,453,367120359.72
1.0,454,364972716.65
1.0,455,212628516.66
1.0,456,381012217.04
1.0,457,315021115.17
1.0,458,241981231.11
1.0,459,303231572.94
1.0,460,397362308.16
1.0,461,311936190.81
1.0,462,323463055.64
1.0,463,327841335.68
1.0,464,379994078.76
1.0,465,275223931.29
1.0,466,303034306.04
1.0,467,333139531.73
1.0,468,383739372.12
1.0,469,369264111.06
1.0,470,305605715.15
1.0,471,388558028.11
1.0,472,357426702.48
1.0,473,311007885.75
1.0,474,335477926.47
1.0,475,343704599.3
1.0,476,375825068.25
1.0,477,378233762.1
1.0,478,350668406.55
1.0,479,350804789.26
1.0,480,267213197.31
1.0,481,380432061.55
1.0,482,222597176.62
1.0,483,352468102.08
1.0,484,368848199.1
1.0,485,373758427.43
1.0,486,337786263.68
1.0,487,304063570.24
1.0,488,366121192.83
1.0,489,288113658.93
1.0,490,300393188.53
1.0,491,331520653.57
1.0,492,303350969.1
1.0,493,323685308.91
1.0,494,324570113.1
1.0,495,249321871.51
1.0,496,369371118.13
1.0,497,302338307.79
1.0,498,367018200.39
1.0,499,250541747.72
1.1,0,300589637.71
1.1,1,328061688.78
1.1,2,333452880.04
1.1,3,345302581.66
1.1,4,320023222.63
1.1,5,257009767.15
1.1,6,307807527.33
1.1,7,373825668.52
1.1,8,375272978.25
1.1,9,279968329.38
1.1,10,377271717.41
1.1,11,363650035.39
1.1,12,376037294.15
1.1,13,333997819.89
1.1,14,374657278.75
1.1,15,370358057.98
1.1,16,298828006.38
1.1,17,375161441.63
1.1,18,366016645.93
1.1,19,362278220.68
1.1,20,377470208.85
1.1,21,325058148.8
1.1,22,388037122.05
1.1,23,369605007.44
1.1,24,275070955.12
1.1,25,371293149.31
1.1,26,363107593.44
1.1,27,305639746.21
1.1,28,366464829.59
1.1,29,298664904.68
1.1,30,364133844.42
1.1,31,313522508.61
1.1,32,335033605.72
1.1,33,375914096.89
1.1,34,353590479.78
1.1,35,353595154.49
1.1,36,380143722.9
1.1,37,382829118.15
1.1,38,342791273.5
1.1,39,348770850.06
1.1,40,376819268.12
1.1,41,356322164.4
1.1,42,302820836.78
1.1,43,366982375.46
1.1,44,261111730.84
1.1,45,304514412.65
1.1,46,332047528.95
1.1,47,385714671.75
1.1,48,358563357.12
1.1,49,395068865.55
1.1,50,363038083.07
1.1,51,293714812.98
1.1,52,354172952.85
1.1,53,396949902.32
1.1,54,348168559.68
1.1,55,394525874.63
1.1,56,337573867.22
1.1,57,296928062.16
1.1,58,371556216.09
1.1,59,297763877.65
1.1,60,259183724.61
1.1,61,344538515.93
1.1,62,324927112.32
1.1,63,347779349.83
1.1,64,282510498.16
1.1,65,361358229.84
1.1,66,354437264.06
1.1,67,318072125.51
1.1,68,367853097.73
1.1,69,286864961.97
1.1,70,365776886.3
1.1,71,355472511.86
1.1,72,335570718.76
1.1,73,363206284.97
1.1,74,365060145.94
1.1,75,258372413.66
1.1,76,326808347.67
1.1,77,341946496.98
1.1,78,346021325.53
1.1,79,360007328.82
1.1,80,265742911.96
1.1,81,398399024.24
1.1,82,312187714.75
1.1,83,370219051.81
1.1,84,295429681.6
1.1,85,367150673.29
1.1,86,381543934.71
1.1,87,318899154.89
1.1,88,379387902.96
1.1,89,309158153.86
1.1,90,380767938.72
1.1,91,391613232.83
1.1,92,362914907.14
1.1,93,294955043.0
1.1,94,286180693.98
1.1,95,334391341.7
1.1,96,375725838.56
1.1,97,352732245.6
1.1,98,306771728.0
1.1,99,369094750.0
1.1,100,309283082.64
1.1,101,299414421.92
1.1,102,313354052.14
1.1,103,394459765.57
1.1,104,286505082.42
1.1,105,292647147.37
1.1,106,239594621.44
1.1,107,386442361.69
1.1,108,368614686.22
1.1,109,369174239.79
1.1,110,356806399.52
1.1,111,347022273.48
1.1,112,311312117.33
1.1,113,382929543.64
1.1,114,376960953.91
1.1,115,277507631.63
1.1,116,344478393.57
1.1,117,366876858.17
1.1,118,312027219.58
1.1,119,371678350.04
1.1,120,356822677.54
1.1,121,325188160.98
1.1,122,346247686.86
1.1,123,378609122.11
1.1,124,371874207.68
1.1,125,387957910.74
1.1,126,356154404.27
1.1,127,320742837.5
1.1,128,332164647.0
1.1,129,363792129.29
1.1,130,349927115.52
1.1,131,291891386.98
1.1,132,377548758.09
1.1,133,341511123.63
1.1,134,340225913.7
1.1,135,383674996.0
1.1,136,358403287.83
1.1,137,338174725.91
1.1,138,331509458.65
1.1,139,391983221.17
1.1,140,363940996.83
1.1,141,287106253.94
1.1,142,294766016.53
1.1,143,387767704.6
1.1,144,354602694.58
1.1,145,330356392.68
1.1,146,366951522.98
1.1,147,393805904.66
1.1,148,355161890.67
1.1,149,330746794.33
1.1,150,346916392.32
1.1,151,384634522.86
1.1,152,376026462.25
1.1,153,229555930.8
1.1,154,340603641.6
1.1,155,396658388.31
1.1,156,388562216.01
1.1,157,337122619.33
1.1,158,353607804.04
1.1,159,336891742.43
1.1,160,345306773.16
1.1,161,349868251.8
1.1,162,354349758.58
1.1,163,293340758.6
1.1,164,343976755.36
1.1,165,347850061.42
1.1,166,398038333.06
1.1,167,369335107.88
1.1,168,332894717.49
1.1,169,340326265.66
1.1,170,323187409.87
1.1,171,224145930.33
1.1,172,366590586.32
1.1,173,373817004.53
1.1,174,271253378.8
1.1,175,327113522.5
1.1,176,396794633.83
1.1,177,282890679.58
1.1,178,355988144.81
1.1,179,385383444.11
1.1,180,234798234.03
1.1,181,361920640.03
1.1,182,389690868.55
1.1,183,341251527.43
1.1,184,388469217.63
1.1,185,295772597.28
1.1,186,303383571.18
1.1,187,330150389.35
1.1,188,361235907.52
1.1,189,398996544.11
1.1,190,320031645.53
1.1,191,305891315.88
1.1,192,330582672.44
1.1,193,352617398.38
1.1,194,228075538.65
1.1,195,369836248.51
1.1,196,275023292.01
1.1,197,322980794.54
1.1,198,332249712.07
1.1,199,386014550.45
1.1,200,355806647.23
1.1,201,302262038.13
1.1,202,376386679.43
1.1,203,313222597.47
1.1,204,277431833.15
1.1,205,301477692.58
1.1,206,396477211.49
1.1,207,379025879.61
1.1,208,379622355.12
1.1,209,340984862.43
1.1,210,365999210.99
1.1,211,380949552.32
1.1,212,343647811.3
1.1,213,247416047.6
1.1,214,366836988.52
1.1,215,361838602.76
1.1,216,372158718.97
1.1,217,394915627.35
1.1,218,387190260.91
1.1,219,325709109.12
1.1,220,324599900.95
1.1,221,379315500.84
1.1,222,378933877.7
1.1,223,342122089.26
1.1,224,375882708.59
1.1,225,314776447.38
1.1,226,351211660.59
1.1,227,242966145.19
1.1,228,377801355.0
1.1,229,345852151.11
1.1,230,379259638.13
1.1,231,362810903.55
1.1,232,357350786.36
1.1,233,307850005.07
1.1,234,369431278.88
1.1,235,283141337.32
1.1,236,312149333.2
1.1,237,347336977.58
1.1,238,379918223.82
1.1,239,289904270.72
1.1,240,229100240.5
1.1,241,340164887.48
1.1,242,350943122.82
1.1,243,390147391.35
1.1,244,350250848.04
1.1,245,396633136.53
1.1,246,310487421.43
1.1,247,237774064.81
1.1,248,330815935.36
1.1,249,398886350.72
1.1,250,331252954.17
1.1,251,322233495.53
1.1,252,399597979.07
1.1,253,379352563.85
1.1,254,382224987.24
1.1,255,388473803.98
1.1,256,350068898.19
1.1,257,251027982.51
1.1,258,347280555.12
1.1,259,346584518.54
1.1,260,349707660.98
1.1,261,396177778.1
1.1,262,293554909.03
1.1,263,320888889.12
1.1,264,320174141.71
1.1,265,344119508.92
1.1,266,386556161.4
1.1,267,396691201.83
1.1,268,311023669.06
1.1,269,375322808.78
1.1,270,270537938.91
1.1,271,316503499.41
1.1,272,357400632.4
1.1,273,387010156.83
1.1,274,332582697.18
1.1,275,231527628.12
1.1,276,304914080.88
1.1,277,399534244.79
1.1,278,241021827.13
1.1,279,365183113.51
1.1,280,381476004.09
1.1,281,368481764.06
1.1,282,323069665.7
1.1,283,243761214.08
1.1,284,331980121.22
1.1,285,397985538.37
1.1,286,397930983.44
1.1,287,376593737.52
1.1,288,357628046.95
1.1,289,314526275.41
1.1,290,378309860.96
1.1,291,389449088.33
1.1,292,361561105.91
1.1,293,360163117.39
1.1,294,228652828.37
1.1,295,324127845.77
1.1,296,369895175.13
1.1,297,353923229.2
1.1,298,396586518.2
1.1,299,398107821.34
1.1,300,283205854.19
1.1,301,310349427.12
1.1,302,317912659.21
1.1,303,380070825.67
1.1,304,392124890.45
1.1,305,398613586.64
1.1,306,339875044.48
1.1,307,272063034.07
1.1,308,248553479.04
1.1,309,359814858.3
1.1,310,349907347.2
1.1,311,213423302.3
1.1,312,303235283.09
1.1,313,364181588.17
1.1,314,396182811.61
1.1,315,381296995.74
1.1,316,372939773.69
1.1,317,314224788.68
1.1,318,296510532.26
1.1,319,336453324.25
1.1,320,301770614.89
1.1,321,345038803.83
1.1,322,395650913.91
1.1,323,301924341.38
1.1,324,250917546.53
1.1,325,302404924.43
1.1,326,358335713.44
1.1,327,330816460.68
1.1,328,360458398.42
1.1,329,352216983.61
1.1,330,232992260.82
1.1,331,361443254.13
1.1,332,298561464.1
1.1,333,379287508.27
1.1,334,279401280.31
1.1,335,243068747.72
1.1,336,310808224.12
1.1,337,346705760.19
1.1,338,340154640.91
1.1,339,349927407.91
1.1,340,368650339.1
1.1,341,361529555.64
1.1,342,334130052.5
1.1,343,334788663.08
1.1,344,357611103.2
1.1,345,377664816.76
1.1,346,346657775.4
1.1,347,395733722.29
1.1,348,299344852.75
1.1,349,312247177.27
1.1,350,372571360.53
1.1,351,195481889.53
1.1,352,303260801.4
1.1,353,258946506.67
1.1,354,377596997.33
1.1,355,370174589.46
1.1,356,391393155.23
1.1,357,353039490.17
1.1,358,284396699.35
1.1,359,337320230.18
1.1,360,337768224.44
1.1,361,323107499.09
1.1,362,252737404.32
1.1,363,338509713.21
1.1,364,327530784.98
1.1,365,341011055.17
1.1,366,369157945.86
1.1,367,320810080.64
1.1,368,239386998.15
1.1,369,372341243.59
1.1,370,362445699.81
1.1,371,346485046.4
1.1,372,347735076.57
1.1,373,385891084.06
1.1,374,303103621.92
1.1,375,330767545.5
1.1,376,381249391.7
1.1,377,336448612.35
1.1,378,320821038.74
1.1,379,356235943.95
1.1,380,394760105.84
1.1,381,384105474.38
1.1,382,346293905.64
1.1,383,394312353.11
1.1,384,344415491.52
1.1,385,390848588.41
1.1,386,291740955.49
1.1,387,309587366.06
1.1,388,331617870.85
1.1,389,360485122.97
1.1,390,386523076.02
1.1,391,325880006.65
1.1,392,276807855.2
1.1,393,364659422.64
1.1,394,380104345.86
1.1,395,334057695.02
1.1,396,348230432.43
1.1,397,349091429.51
1.1,398,330647463.6
1.1,399,297839353.97
1.1,400,323036454.88
1.1,401,339943398.76
1.1,402,199401876.53
1.1,403,302300924.59
1.1,404,342216291.24
1.1,405,252693240.86
1.1,406,360767731.58
1.1,407,366702930.81
1.1,408,300254491.26
1.1,409,375484835.91
1.1,410,323405484.21
1.1,411,391112128.81
1.1,412,319670138.04
1.1,413,285600830.09
1.1,414,395680818.99
1.1,415,355924656.33
1.1,416,381046974.17
1.1,417,308545452.53
1.1,418,344808246.28
1.1,419,351907405.71
1.1,420,320870386.77
1.1,421,302876123.55
1.1,422,340238252.42
1.1,423,329017016.54
1.1,424,379867802.85
1.1,425,389460683.96
1.1,426,317874909.52
1.1,427,370067313.12
1.1,428,330286057.57
1.1,429,368669298.63
1.1,430,384184559.41
1.1,431,334321249.21
1.1,432,295376471.24
1.1,433,340895068.2
1.1,434,376604888.83
1.1,435,379641736.9
1.1,436,390705490.74
1.1,437,284534800.32
1.1,438,381583276.26
1.1,439,286337418.06
1.1,440,360174809.37
1.1,441,374693825.51
1.1,442,328079488.85
1.1,443,377907306.02
1.1,444,374167697.43
1.1,445,380759194.38
1.1,446,277196970.1
1.1,447,310072611.06
1.1,448,370172500.92
1.1,449,326851452.66
1.1,450,391285339.7
1.1,451,333983493.78
1.1,452,387484933.97
1.1,453,268957039.03
1.1,454,384075540.34
1.1,455,344516984.23
1.1,456,371785966.96
1.1,457,328791555.73
1.1,458,323808513.11
1.1,459,347710339.67
1.1,460,350908681.06
1.1,461,288635251.53
1.1,462,340405609.21
1.1,463,387147623.31
1.1,464,329862886.41
1.1,465,364652889.78
1.1,466,252374364.48
1.1,467,331637439.08
1.1,468,391545122.46
1.1,469,347969188.59
1.1,470,359370283.06
1.1,471,366853570.52
1.1,472,325800764.38
1.1,473,379284221.05
1.1,474,354984839.2
1.1,475,392293987.57
1.1,476,299508605.03
1.1,477,356811782.39
1.1,478,319175714.03
1.1,479,307010448.93
1.1,480,372713727.67
1.1,481,337197870.36
1.1,482,267718536.78
1.1,483,287895085.53
1.1,484,362627793.39
1.1,485,369005900.11
1.1,486,364181523.97
1.1,487,284731993.83
1.1,488,356728803.69
1.1,489,363076897.68
1.1,490,247710838.07
1.1,491,358862258.77
1.1,492,381073507.5
1.1,493,370594646.4
1.1,494,338998643.48
1.1,495,349088253.44
1.1,496,326607454.34
1.1,497,390317259.42
1.1,498,311073356.31
1.1,499,354989395.88
1.2,0,377199612.84
1.2,1,323889518.48
1.2,2,281689702.54
1.2,3,363177938.28
1.2,4,320252745.53
1.2,5,341475573.38
1.2,6,272704871.82
1.2,7,249191426.35
1.2,8,320604494.43
1.2,9,324947508.35
1.2,10,319469669.22
1.2,11,299200503.76
1.2,12,340741878.89
1.2,13,338957922.35
1.2,14,307298108.42
1.2,15,287833878.53
1.2,16,335945595.42
1.2,17,328609945.19
1.2,18,279785663.76
1.2,19,345867693.54
1.2,20,354182734.45
1.2,21,330754703.26
1.2,22,372779147.9
1.2,23,391069357.99
1.2,24,334743186.23
1.2,25,306726155.15
1.2,26,257311610.86
1.2,27,341461711.36
1.2,28,360496635.45
1.2,29,365512777.58
1.2,30,291291976.22
1.2,31,359076547.0
1.2,32,296382062.44
1.2,33,394633192.19
1.2,34,351451152.64
1.2,35,387420464.4
1.2,36,381149462.14
1.2,37,302021567.03
1.2,38,362628158.25
1.2,39,263927060.76
1.2,40,375198557.91
1.2,41,391361744.6
1.2,42,356309965.09
1.2,43,352481884.33
1.2,44,333267197.0
1.2,45,387871951.37
1.2,46,355774341.4
1.2,47,289560370.85
1.2,48,387500383.35
1.2,49,362944472.42
1.2,50,290915527.93
1.2,51,355864845.97
1.2,52,340035905.51
1.2,53,393006298.57
1.2,54,397972359.7
1.2,55,317530150.87
1.2,56,333411086.41
1.2,57,358688688.83
1.2,58,253897234.29
1.2,59,377589272.77
1.2,60,374569490.36
1.2,61,330368339.39
1.2,62,355132752.84
1.2,63,383754360.64
1.2,64,318051573.76
1.2,65,374137372.65
1.2,66,352199158.55
1.2,67,327240278.96
1.2,68,332045388.02
1.2,69,391756667.33
1.2,70,378194761.5
1.2,71,337743212.32
1.2,72,358499383.02
1.2,73,360197980.74
1.2,74,320526874.78
1.2,75,389139974.34
1.2,76,360321225.65
1.2,77,338690004.23
1.2,78,284566737.2
1.2,79,256146789.4
1.2,80,368636952.15
1.2,81,291780824.05
1.2,82,255747534.55
1.2,83,335385528.32
1.2,84,282167520.94
1.2,85,292703919.58
1.2,86,398867137.18
1.2,87,399750367.92
1.2,88,358083432.28
1.2,89,303033582.21
1.2,90,335129670.67
1.2,91,382480297.49
1.2,92,344109119.81
1.2,93,285940093.62
1.2,94,377222002.61
1.2,95,375256878.87
1.2,96,364277417.58
1.2,97,362313784.82
1.2,98,297866275.55
1.2,99,288697910.91
1.2,100,320424519.36
1.2,101,352078237.79
1.2,102,328655110.12
1.2,103,287901952.63
1.2,104,338503026.99
1.2,105,386611914.96
1.2,106,361944856.87
1.2,107,376697627.47
1.2,108,348216133.25
1.2,109,376865486.04
1.2,110,377377987.09
1.2,111,372073874.0
1.2,112,338592013.15
1.2,113,349628019.4
1.2,114,311230410.71
1.2,115,286412876.87
1.2,116,350375633.97
1.2,117,369097414.63
1.2,118,375113678.76
1.2,119,240599708.73
1.2,120,253672459.73
1.2,121,375304050.42
1.2,122,392177414.17
1.2,123,364190190.42
1.2,124,327334313.74
1.2,125,398257436.67
1.2,126,338897377.15
1.2,127,303474396.5
1.2,128,277834250.36
1.2,129,293021284.66
1.2,130,395417924.06
1.2,131,390870926.56
1.2,132,260352437.64
1.2,133,374238651.32
1.2,134,386762478.52
1.2,135,349705638.68
1.2,136,345156659.63
1.2,137,355069002.04
1.2,138,362625034.19
1.2,139,296204000.47
1.2,140,349403099.88
1.2,141,378338909.58
1.2,142,315253526.95
1.2,143,357938851.36
1.2,144,361513658.47
1.2,145,359812880.32
1.2,146,393783586.0
1.2,147,320896601.81
1.2,148,311584666.22
1.2,149,349328659.07
1.2,150,348696428.82
1.2,151,330648329.63
1.2,152,387186318.67
1.2,153,363280689.29
1.2,154,161342803.18
1.2,155,342470625.89
1.2,156,332864002.06
1.2,157,364069189.81
1.2,158,303452341.08
1.2,159,248603035.85
1.2,160,290539563.15
1.2,161,347292607.95
1.2,162,330633958.81
1.2,163,371801287.5
1.2,164,385395665.47
1.2,165,249240762.73
1.2,166,354234497.86
1.2,167,357633283.26
1.2,168,355779998.57
1.2,169,397515432.88
1.2,170,331695555.38
1.2,171,217924066.53
1.2,172,384178194.89
1.2,173,303759590.87
1.2,174,289113092.17
1.2,175,362342884.47
1.2,176,377832898.61
1.2,177,383885186.69
1.2,178,382425466.83
1.2,179,353009487.73
1.2,180,358066519.84
1.2,181,355310805.28
1.2,182,394428985.12
1.2,183,266108775.77
1.2,184,363494736.51
1.2,185,369327816.71
1.2,186,265769650.12
1.2,187,362103507.1
1.2,188,315189084.84
1.2,189,395948097.54
1.2,190,353526641.4
1.2,191,386100129.38
1.2,192,386995144.87
1.2,193,333369862.33
1.2,194,382880957.4
1.2,195,320204996.18
1.2,196,390949469.68
1.2,197,325019566.81
1.2,198,388297740.58
1.2,199,366636437.93
1.2,200,397887083.16
1.2,201,349746235.66
1.2,202,327184930.38
1.2,203,364907458.88
1.2,204,356582567.13
1.2,205,377594106.84
1.2,206,328009206.78
1.2,207,395359095.6
1.2,208,313797980.46
1.2,209,327455867.39
1.2,210,329032031.74
1.2,211,240377769.27
1.2,212,329111414.12
1.2,213,386290315.44
1.2,214,375594601.12
1.2,215,285110133.78
1.2,216,384050237.15
1.2,217,338973345.43
1.2,218,370094152.12
1.2,219,383827278.18
1.2,220,257580945.27
1.2,221,368408724.75
1.2,222,359830970.41
1.2,223,345899383.7
1.2,224,297905309.96
1.2,225,376621835.35
1.2,226,340553088.32
1.2,227,305044538.06
1.2,228,355565106.46
1.2,229,380073469.26
1.2,230,309177039.58
1.2,231,243299076.57
1.2,232,379628542.73
1.2,233,391916440.85
1.2,234,343763120.61
1.2,235,370458719.21
1.2,236,290867894.84
1.2,237,345401986.63
1.2,238,364268356.54
1.2,239,280788289.29
1.2,240,346278795.6
1.2,241,332629230.57
1.2,242,370040403.27
1.2,243,380696633.01
1.2,244,394985048.62
1.2,245,330803043.7
1.2,246,298398303.14
1.2,247,329058790.89
1.2,248,375754905.88
1.2,249,303921136.21
1.2,250,376993992.23
1.2,251,377695519.22
1.2,252,272084771.78
1.2,253,311789493.12
1.2,254,356927208.48
1.2,255,321708669.61
1.2,256,242005511.28
1.2,257,337024578.97
1.2,258,346488162.06
1.2,259,339448419.58
1.2,260,356826027.91
1.2,261,300305155.95
1.2,262,377160509.79
1.2,263,388481192.34
1.2,264,275278427.95
1.2,265,358145900.58
1.2,266,338916593.46
1.2,267,329088122.02
1.2,268,371367450.54
1.2,269,316297950.21
1.2,270,327329111.88
1.2,271,276929670.59
1.2,272,333911692.0
1.2,273,365324657.43
1.2,274,317156586.51
1.2,275,260490175.2
1.2,276,345412194.1
1.2,277,383565014.17
1.2,278,291106881.68
1.2,279,332469685.48
1.2,280,347158130.99
1.2,281,277310496.85
1.2,282,302775193.75
1.2,283,352253863.55
1.2,284,351064031.1
1.2,285,295551381.84
1.2,286,379021657.08
1.2,287,394711718.31
1.2,288,383993631.64
1.2,289,215439756.95
1.2,290,366093559.62
1.2,291,373472986.18
1.2,292,261323801.87
1.2,293,342269615.08
1.2,294,241523677.27
1.2,295,356609048.66
1.2,296,318450546.56
1.2,297,367747868.21
1.2,298,285647344.89
1.2,299,270416216.43
1.2,300,362959264.29
1.2,301,238583564.51
1.2,302,342976536.67
1.2,303,302017946.93
1.2,304,362155368.59
1.2,305,351763650.61
1.2,306,295871819.33
1.2,307,392551160.81
1.2,308,372615406.78
1.2,309,393779870.97
1.2,310,387641449.78
1.2,311,244921957.93
1.2,312,267213492.89
1.2,313,300643870.73
1.2,314,359345840.61
1.2,315,258767345.97
1.2,316,335445029.43
1.2,317,223029296.35
1.2,318,363382995.19
1.2,319,275425856.43
1.2,320,330817953.7
1.2,321,351068349.52
1.2,322,320630569.13
1.2,323,397955334.78
1.2,324,303793194.23
1.2,325,357043213.94
1.2,326,350580814.94
1.2,327,337163454.92
1.2,328,312252576.54
1.2,329,374230959.54
1.2,330,390418453.84
1.2,331,337155396.18
1.2,332,269973630.47
1.2,333,270067498.86
1.2,334,328086485.41
1.2,335,275782491.19
1.2,336,354515814.32
1.2,337,322077040.4
1.2,338,365795442.66
1.2,339,235949374.05
1.2,340,322210613.8
1.2,341,362396562.12
1.2,342,318707661.88
1.2,343,386453837.93
1.2,344,392235919.05
1.2,345,192820317.52
1.2,346,356342536.47
1.2,347,370335644.6
1.2,348,380326005.19
1.2,349,343093791.33
1.2,350,355193024.1
1.2,351,360364490.33
1.2,352,392424485.37
1.2,353,223298483.93
1.2,354,337910508.77
1.2,355,398361593.97
1.2,356,376022677.2
1.2,357,344832082.74
1.2,358,285783143.16
1.2,359,342759380.07
1.2,360,330487312.78
1.2,361,385432299.04
1.2,362,299170870.33
1.2,363,362409803.34
1.2,364,215034771.86
1.2,365,375977091.0
1.2,366,321611077.26
1.2,367,325414272.04
1.2,368,371537260.47
1.2,369,393721082.81
1.2,370,324214450.75
1.2,371,296601901.19
1.2,372,361533814.99
1.2,373,292172466.39
1.2,374,242634743.98
1.2,375,233300388.81
1.2,376,298777937.12
1.2,377,370916828.92
1.2,378,302281115.63
1.2,379,226345766.74
1.2,380,397743608.28
1.2,381,271196250.81
1.2,382,357423651.44
1.2,383,322958393.47
1.2,384,369038921.28
1.2,385,365053328.46
1.2,386,378422105.52
1.2,387,320756558.12
1.2,388,340024555.28
1.2,389,301572249.92
1.2,390,296551062.32
1.2,391,330908603.56
1.2,392,294455531.97
1.2,393,324255236.85
1.2,394,322064596.83
1.2,395,343353212.59
1.2,396,368664093.97
1.2,397,328936855.88
1.2,398,299946558.87
1.2,399,354150057.28
1.2,400,235405597.57
1.2,401,338388915.59
1.2,402,384888100.52
1.2,403,365519858.18
1.2,404,367579713.67
1.2,405,296603371.98
1.2,406,296906472.42
1.2,407,257125429.08
1.2,408,315264181.34
1.2,409,263187407.68
1.2,410,376183402.05
1.2,411,355583417.03
1.2,412,304102474.97
1.2,413,365435934.61
1.2,414,362418636.74
1.2,415,360258002.74
1.2,416,370572399.23
1.2,417,394158765.91
1.2,418,357057630.58
1.2,419,182876585.33
1.2,420,271922290.26
1.2,421,311189519.91
1.2,422,313286264.9
1.2,423,357529343.76
1.2,424,362927024.63
1.2,425,252981959.6
1.2,426,333930044.84
1.2,427,363411680.08
1.2,428,312994562.91
1.2,429,339098291.44
1.2,430,321368984.8
1.2,431,324252970.72
1.2,432,348570209.46
1.2,433,376781906.18
1.2,434,348358056.26
1.2,435,377491490.44
1.2,436,234479665.75
1.2,437,355424399.33
1.2,438,363815326.34
1.2,439,362230449.63
1.2,440,254555224.29
1.2,441,318892130.54
1.2,442,340819762.12
1.2,443,284798499.66
1.2,444,353163316.44
1.2,445,368132499.7
1.2,446,393747604.1
1.2,447,359658403.46
1.2,448,358449849.3
1.2,449,317999761.92
1.2,450,388124308.24
1.2,451,271699690.02
1.2,452,306387632.03
1.2,453,364273935.32
1.2,454,298550586.06
1.2,455,341304506.8
1.2,456,344842399.28
1.2,457,329804879.13
1.2,458,354823303.16
1.2,459,217414125.57
1.2,460,281790018.05
1.2,461,364333701.33
1.2,462,371803049.57
1.2,463,363996426.82
1.2,464,379478992.11
1.2,465,375568770.46
1.2,466,368718026.57
1.2,467,397289026.54
1.2,468,359739045.34
1.2,469,296808600.52
1.2,470,342146203.2
1.2,471,283897694.96
1.2,472,374538429.11
1.2,473,309741719.93
1.2,474,390270192.22
1.2,475,238586554.55
1.2,476,230073337.09
1.2,477,370343318.25
1.2,478,342172126.1
1.2,479,283938691.0
1.2,480,346896957.1
1.2,481,369045545.62
1.2,482,302454593.89
1.2,483,322369246.04
1.2,484,340059309.67
1.2,485,375500624.97
1.2,486,344699387.03
1.2,487,274333931.23
1.2,488,329700774.05
1.2,489,306239072.03
1.2,490,314086680.18
1.2,491,322085315.03
1.2,492,366427841.25
1.2,493,300334535.2
1.2,494,280257955.86
1.2,495,386742108.84
1.2,496,323850219.34
1.2,497,335962062.49
1.2,498,380050551.23
1.2,499,346141167.43
1.3,0,261391249.91
1.3,1,340241224.63
1.3,2,369753048.12
1.3,3,360627837.91
1.3,4,345654541.17
1.3,5,349068540.31
1.3,6,271192394.57
1.3,7,314653488.51
1.3,8,306975510.35
1.3,9,290793486.37
1.3,10,398159208.56
1.3,11,307109740.6
1.3,12,260969021.83
1.3,13,233846979.27
1.3,14,383058333.25
1.3,15,311221928.98
1.3,16,395073549.55
1.3,17,376834914.13
1.3,18,326936723.58
1.3,19,355389273.96
1.3,20,379236763.35
1.3,21,377042703.55
1.3,22,384185103.5
1.3,23,316917686.52
1.3,24,349518292.38
1.3,25,255308137.57
1.3,26,379399723.53
1.3,27,261376217.82
1.3,28,387339685.31
1.3,29,393507811.57
1.3,30,376830620.07
1.3,31,362510035.43
1.3,32,349284815.42
1.3,33,305340136.84
1.3,34,239313391.42
1.3,35,320499369.8
1.3,36,383311993.61
1.3,37,395042311.43
1.3,38,364257318.75
1.3,39,263694900.42
1.3,40,321343956.83
1.3,41,342638968.3
1.3,42,373401801.11
1.3,43,387300049.55
1.3,44,294152914.77
1.3,45,356676904.83
1.3,46,398617708.14
1.3,47,326002353.13
1.3,48,369487314.42
1.3,49,370113554.99
1.3,50,348408327.24
1.3,51,378965987.57
1.3,52,372145884.21
1.3,53,367603683.56
1.3,54,360267036.55
1.3,55,342258947.29
1.3,56,263256618.61
1.3,57,359746371.35
1.3,58,399591919.48
1.3,59,318893749.29
1.3,60,387575668.66
1.3,61,345567684.86
1.3,62,337324997.62
1.3,63,383491920.3
1.3,64,393641734.58
1.3,65,283320598.73
1.3,66,280123294.99
1.3,67,324579072.09
1.3,68,261048607.65
1.3,69,248350022.12
1.3,70,302371913.76
1.3,71,359986108.06
1.3,72,292776460.82
1.3,73,313623776.27
1.3,74,350175828.6
1.3,75,315343180.35
1.3,76,329862059.55
1.3,77,312296207.95
1.3,78,240497522.99
1.3,79,255353860.2
1.3,80,278358765.74
1.3,81,303659349.71
1.3,82,352183254.67
1.3,83,259357601.17
1.3,84,345270531.86
1.3,85,376172057.32
1.3,86,316487362.11
1.3,87,355564702.42
1.3,88,353994597.46
1.3,89,336360820.7
1.3,90,357516166.82
1.3,91,393846665.78
1.3,92,370252252.8
1.3,93,390180929.41
1.3,94,332006452.86
1.3,95,248057588.39
1.3,96,375093279.89
1.3,97,399136277.76
1.3,98,370016692.0
1.3,99,253757746.79
1.3,100,349487507.16
1.3,101,328188150.47
1.3,102,336437368.62
1.3,103,366981813.88
1.3,104,264307597.56
1.3,105,360507972.09
1.3,106,361287627.06
1.3,107,380553833.79
1.3,108,326559867.05
1.3,109,319377133.28
1.3,110,376842564.74
1.3,111,261300378.7
1.3,112,254731851.89
1.3,113,347430053.49
1.3,114,223282860.96
1.3,115,284313063.53
1.3,116,320424490.87
1.3,117,339282826.74
1.3,118,360509948.64
1.3,119,340108352.53
1.3,120,278334043.49
1.3,121,324212586.93
1.3,122,355186423.36
1.3,123,357113444.73
1.3,124,278315060.14
1.3,125,283342206.51
1.3,126,298330842.09
1.3,127,264807879.14
1.3,128,343462381.58
1.3,129,346789378.24
1.3,130,366385718.31
1.3,131,315440480.01
1.3,132,306184554.92
1.3,133,338455853.93
1.3,134,287602106.83
1.3,135,335033920.31
1.3,136,313744933.83
1.3,137,328439348.45
1.3,138,352048679.69
1.3,139,313416057.39
1.3,140,256546860.91
1.3,141,283186700.52
1.3,142,266814570.69
1.3,143,326419282.3
1.3,144,373686377.67
1.3,145,392241454.03
1.3,146,389869824.96
1.3,147,283120518.67
1.3,148,234167718.09
1.3,149,292916554.39
1.3,150,381576799.25
1.3,151,355953985.5
1.3,152,310094073.85
1.3,153,255499038.93
1.3,154,374658132.91
1.3,155,337824928.97
1.3,156,381724082.35
1.3,157,330322676.85
1.3,158,315404558.77
1.3,159,350865162.33
1.3,160,337363637.96
1.3,161,365479851.55
1.3,162,181054951.17
1.3,163,336247711.45
1.3,164,320132484.21
1.3,165,345094774.43
1.3,166,383516338.97
1.3,167,295252480.33
1.3,168,377769738.93
1.3,169,277846645.39
1.3,170,239927021.68
1.3,171,387425739.94
1.3,172,308674366.28
1.3,173,366695088.55
1.3,174,295349492.27
1.3,175,332853269.93
1.3,176,304503420.2
1.3,177,357027450.35
1.3,178,204339232.54
1.3,179,391820903.49
1.3,180,385572272.94
1.3,181,320784768.84
1.3,182,350377548.61
1.3,183,301207690.69
1.3,184,317833609.82
1.3,185,371399898.01
1.3,186,170744526.63
1.3,187,367282345.23
1.3,188,359266569.75
1.3,189,325905051.83
1.3,190,398874125.71
1.3,191,394175316.0
1.3,192,395846229.98
1.3,193,369264171.33
1.3,194,363889274.17
1.3,195,362322176.91
1.3,196,383368818.7
1.3,197,296729385.03
1.3,198,326286069.05
1.3,199,345464052.74
1.3,200,369879252.87
1.3,201,393287138.2
1.3,202,346539841.4
1.3,203,235090482.24
1.3,204,397575589.38
1.3,205,306015364.65
1.3,206,272753692.52
1.3,207,333241382.79
1.3,208,353067765.36
1.3,209,389041287.19
1.3,210,356697782.73
1.3,211,317410642.83
1.3,212,233171163.81
1.3,213,303837974.47
1.3,214,359411049.52
1.3,215,365780263.98
1.3,216,398343816.85
1.3,217,379730651.4
1.3,218,379369546.2
1.3,219,295291178.24
1.3,220,359015296.09
1.3,221,328985332.4
1.3,222,361279571.28
1.3,223,395514859.37
1.3,224,298594833.93
1.3,225,333645934.32
1.3,226,298121805.81
1.3,227,347263518.79
1.3,228,316250688.04
1.3,229,342674019.87
1.3,230,332338215.44
1.3,231,336497610.34
1.3,232,326659153.21
1.3,233,384317749.66
1.3,234,374784547.76
1.3,235,335185489.93
1.3,236,368492973.88
1.3,237,365406988.9
1.3,238,397689314.58
1.3,239,340797109.24
1.3,240,308126110.35
1.3,241,392199119.22
1.3,242,356277410.27
1.3,243,389856349.76
1.3,244,374397797.19
1.3,245,276312222.02
1.3,246,351304392.68
1.3,247,375105522.95
1.3,248,259851698.53
1.3,249,329121949.54
1.3,250,283080754.55
1.3,251,237505506.72
1.3,252,345972427.89
1.3,253,341358567.5
1.3,254,324484818.77
1.3,255,285895760.35
1.3,256,251202557.1
1.3,257,344434051.49
1.3,258,380592863.23
1.3,259,339246065.95
1.3,260,262601633.21
1.3,261,348041608.49
1.3,262,367848046.62
1.3,263,361184404.2
1.3,264,279650759.1
1.3,265,350918413.15
1.3,266,348620238.17
1.3,267,361519926.21
1.3,268,323266198.06
1.3,269,342551624.1
1.3,270,383236721.93
1.3,271,275731913.24
1.3,272,386528322.84
1.3,273,373744062.14
1.3,274,312553954.95
1.3,275,368874897.82
1.3,276,321788005.47
1.3,277,357949813.86
1.3,278,278361507.07
1.3,279,358301968.15
1.3,280,395213837.03
1.3,281,385120993.14
1.3,282,342685481.48
1.3,283,234283107.64
1.3,284,353651378.0
1.3,285,324767467.67
1.3,286,385128776.43
1.3,287,320889940.19
1.3,288,382974478.93
1.3,289,256376242.82
1.3,290,313806252.78
1.3,291,328367888.72
1.3,292,343403930.36
1.3,293,339592587.94
1.3,294,371933433.58
1.3,295,379453723.64
1.3,296,250900403.77
1.3,297,360195310.46
1.3,298,336996401.65
1.3,299,370510029.35
1.3,300,350333021.73
1.3,301,368001841.71
1.3,302,393097188.88
1.3,303,384225145.96
1.3,304,293746492.82
1.3,305,374768347.14
1.3,306,295556539.44
1.3,307,291372621.01
1.3,308,375869733.1
1.3,309,273800685.3
1.3,310,253115174.68
1.3,311,298103684.27
1.3,312,358201807.71
1.3,313,362019878.15
1.3,314,362250063.3
1.3,315,288567665.85
1.3,316,359394534.65
1.3,317,368671791.75
1.3,318,350059889.56
1.3,319,366634208.35
1.3,320,383870636.09
1.3,321,312038651.8
1.3,322,356053332.29
1.3,323,368025051.89
1.3,324,381284612.58
1.3,325,303028559.34
1.3,326,336254639.75
1.3,327,360041009.92
1.3,328,394830045.68
1.3,329,185404490.37
1.3,330,305937557.67
1.3,331,323741053.92
1.3,332,352544198.56
1.3,333,365350813.75
1.3,334,383766134.16
1.3,335,398434845.05
1.3,336,377760953.02
1.3,337,379592708.42
1.3,338,343507280.05
1.3,339,304084714.18
1.3,340,328887978.08
1.3,341,364163014.1
1.3,342,343408887.71
1.3,343,395084803.87
1.3,344,294013705.47
1.3,345,387582777.61
1.3,346,382153257.52
1.3,347,353783174.78
1.3,348,364071237.42
1.3,349,387852017.86
1.3,350,373255030.15
1.3,351,337429450.51
1.3,352,321762352.17
1.3,353,352644828.06
1.3,354,336548104.16
1.3,355,382877792.45
1.3,356,348011904.19
1.3,357,315847342.65
1.3,358,374344281.81
1.3,359,382860511.74
1.3,360,339015488.93
1.3,361,341604666.57
1.3,362,292061557.83
1.3,363,304555491.17
1.3,364,359356642.09
1.3,365,320630320.56
1.3,366,351107858.54
1.3,367,369953526.95
1.3,368,368019214.51
1.3,369,343354300.44
1.3,370,302742450.59
1.3,371,341555903.6
1.3,372,341727041.1
1.3,373,327823686.61
1.3,374,367683691.08
1.3,375,370730081.21
1.3,376,298674214.15
1.3,377,372184088.83
1.3,378,346362027.03
1.3,379,360764095.72
1.3,380,276556248.0
1.3,381,335298854.87
1.3,382,329486869.67
1.3,383,338147037.23
1.3,384,384417299.27
1.3,385,260293025.18
1.3,386,216250911.19
1.3,387,371974904.64
1.3,388,372565595.42
1.3,389,215870951.45
1.3,390,365197491.07
1.3,391,342395447.78
1.3,392,330821501.81
1.3,393,370376619.54
1.3,394,301353302.42
1.3,395,287441800.27
1.3,396,370638848.07
1.3,397,353572165.13
1.3,398,359687746.94
1.3,399,330850607.93
1.3,400,365977443.59
1.3,401,327492977.33
1.3,402,369867057.56
1.3,403,366429634.3
1.3,404,337816150.12
1.3,405,385074364.71
1.3,406,319728181.92
1.3,407,372995318.41
1.3,408,291651002.55
1.3,409,237617800.58
1.3,410,296237019.12
1.3,411,357682020.54
1.3,412,305733290.98
1.3,413,266668039.37
1.3,414,316437848.86
1.3,415,315093726.62
1.3,416,389446450.94
1.3,417,363244568.13
1.3,418,335299591.26
1.3,419,377942869.06
1.3,420,299645722.48
1.3,421,389855922.71
1.3,422,311663476.75
1.3,423,317030886.92
1.3,424,381200372.6
1.3,425,353446967.22
1.3,426,396407859.69
1.3,427,278745420.61
1.3,428,375715152.98
1.3,429,267730640.52
1.3,430,302719739.0
1.3,431,215566161.21
1.3,432,254089365.36
1.3,433,353665710.63
1.3,434,352569792.55
1.3,435,358278121.23
1.3,436,370265603.3
1.3,437,347704836.32
1.3,438,345078492.5
1.3,439,346711818.05
1.3,440,367322637.1
1.3,441,265116374.61
1.3,442,343878649.79
1.3,443,342012106.91
1.3,444,393727030.46
1.3,445,324403939.49
1.3,446,396283120.91
1.3,447,395636892.93
1.3,448,317934392.74
1.3,449,359113211.4
1.3,450,361044683.17
1.3,451,351041327.26
1.3,452,390326674.01
1.3,453,276270929.59
1.3,454,328819271.65
1.3,455,367508326.21
1.3,456,369467523.0
1.3,457,371045724.94
1.3,458,391159523.45
1.3,459,240697201.25
1.3,460,383953393.94
1.3,461,369557600.0
1.3,462,339611835.75
1.3,463,378418925.81
1.3,464,340179491.14
1.3,465,380340441.84
1.3,466,323572692.3
1.3,467,378414635.29
1.3,468,365368130.48
1.3,469,348226452.02
1.3,470,325408202.44
1.3,471,263679299.98
1.3,472,364175060.73
1.3,473,388170649.97
1.3,474,240440345.49
1.3,475,332042013.2
1.3,476,267121517.5
1.3,477,291891609.06
1.3,478,268728034.71
1.3,479,349881425.52
1.3,480,374949432.9
1.3,481,339421468.84
1.3,482,312813191.79
1.3,483,326397572.94
1.3,484,290852328.14
1.3,485,363289428.1
1.3,486,344879438.12
1.3,487,392795477.9
1.3,488,155318974.92
1.3,489,378869877.05
1.3,490,361807213.87
1.3,491,363675928.48
1.3,492,376879896.76
1.3,493,337072764.82
1.3,494,371328821.4
1.3,495,363874517.92
1.3,496,303092548.43
1.3,497,396508746.17
1.3,498,377357022.56
1.3,499,366744049.34
1.4,0,358387585.15
1.4,1,368740452.1
1.4,2,271791468.39
1.4,3,327731713.35
1.4,4,341604491.52
1.4,5,374369708.45
1.4,6,323376824.69
1.4,7,283349864.15
1.4,8,373531135.83
1.4,9,395502344.48
1.4,10,358284050.78
1.4,11,360323621.87
1.4,12,347163687.87
1.4,13,306692262.24
1.4,14,389509487.64
1.4,15,372480474.24
1.4,16,322930024.3
1.4,17,291613409.99
1.4,18,360833875.79
1.4,19,340362812.67
1.4,20,334369718.41
1.4,21,378654217.55
1.4,22,367340731.56
1.4,23,370953058.71
1.4,24,342814246.2
1.4,25,352131952.23
1.4,26,284342565.18
1.4,27,331882573.25
1.4,28,397715894.02
1.4,29,379439948.85
1.4,30,398307254.24
1.4,31,343167755.78
1.4,32,254805734.98
1.4,33,258203759.19
1.4,34,379472137.74
1.4,35,310506904.32
1.4,36,370959895.73
1.4,37,386405936.82
1.4,38,344322438.94
1.4,39,294978264.48
1.4,40,346410986.47
1.4,41,370343595.59
1.4,42,286905539.1
1.4,43,397522546.17
1.4,44,343328039.39
1.4,45,315123085.94
1.4,46,328040077.01
1.4,47,379450202.19
1.4,48,374097581.11
1.4,49,383957468.72
1.4,50,347799479.7
1.4,51,352219312.21
1.4,52,361442767.0
1.4,53,345587497.58
1.4,54,393633313.57
1.4,55,321653627.0
1.4,56,311833634.75
1.4,57,298570041.98
1.4,58,328861846.36
1.4,59,375876143.59
1.4,60,398490133.94
1.4,61,327852638.76
1.4,62,295963650.7
1.4,63,301562562.65
1.4,64,377206870.34
1.4,65,281565091.43
1.4,66,333483837.7
1.4,67,277476630.81
1.4,68,382494500.29
1.4,69,277580742.99
1.4,70,321581009.52
1.4,71,295038750.76
1.4,72,321491981.44
1.4,73,361961949.46
1.4,74,380857989.09
1.4,75,347717026.03
1.4,76,387419633.35
1.4,77,329841603.64
1.4,78,387092699.31
1.4,79,273968979.32
1.4,80,300592014.94
1.4,81,374358219.42
1.4,82,362007874.09
1.4,83,348003896.6
1.4,84,324618373.59
1.4,85,396601283.68
1.4,86,383728895.4
1.4,87,390123752.95
1.4,88,312935397.4
1.4,89,370141362.28
1.4,90,332473161.13
1.4,91,373471799.4
1.4,92,362983868.21
1.4,93,358382373.62
1.4,94,304663396.35
1.4,95,317407269.51
1.4,96,349058145.76
1.4,97,287669039.28
1.4,98,359032632.0
1.4,99,239831342.32
1.4,100,324996576.67
1.4,101,353402343.1
1.4,102,298389477.58
1.4,103,351697823.81
1.4,104,316909649.87
1.4,105,313373289.96
1.4,106,354522972.43
1.4,107,218042530.34
1.4,108,318992788.04
1.4,109,366920758.23
1.4,110,385779522.08
1.4,111,260492374.07
1.4,112,327276152.87
1.4,113,305282912.33
1.4,114,374126061.84
1.4,115,215047327.23
1.4,116,373413403.78
1.4,117,382375605.51
1.4,118,375194949.26
1.4,119,311648504.11
1.4,120,364076753.67
1.4,121,377336797.53
1.4,122,389250052.21
1.4,123,362773123.78
1.4,124,333448069.11
1.4,125,387312819.92
1.4,126,233208466.63
1.4,127,377119399.08
1.4,128,301780162.32
1.4,129,385391872.51
1.4,130,361844579.36
1.4,131,347481742.35
1.4,132,333216191.31
1.4,133,388737616.29
1.4,134,307149157.5
1.4,135,346660580.7
1.4,136,327325144.44
1.4,137,272841513.98
1.4,138,333335844.41
1.4,139,394492635.48
1.4,140,345892231.11
1.4,141,354212130.63
1.4,142,326107706.06
1.4,143,221974871.87
1.4,144,331408021.44
1.4,145,229771007.43
1.4,146,349325512.73
1.4,147,274879536.69
1.4,148,276722298.04
1.4,149,320177751.02
1.4,150,326662611.42
1.4,151,244798477.48
1.4,152,321890687.13
1.4,153,355426833.58
1.4,154,310002946.99
1.4,155,311022583.94
1.4,156,343510484.94
1.4,157,357801220.8
1.4,158,344373340.58
1.4,159,372623982.03
1.4,160,354084186.53
1.4,161,330691628.83
1.4,162,377562758.75
1.4,163,346355037.39
1.4,164,359308500.05
1.4,165,315365715.49
1.4,166,368075940.46
1.4,167,375759306.13
1.4,168,363190205.25
1.4,169,344403686.17
1.4,170,351360201.23
1.4,171,348400037.48
1.4,172,343383194.23
1.4,173,332990779.28
1.4,174,317779772.73
1.4,175,319716433.52
1.4,176,340139140.91
1.4,177,349005295.82
1.4,178,380227135.89
1.4,179,305100401.08
1.4,180,366982858.48
1.4,181,232523107.2
1.4,182,329488751.42
1.4,183,356637509.57
1.4,184,310516825.14
1.4,185,338401174.1
1.4,186,294296519.25
1.4,187,375517471.97
1.4,188,365914107.97
1.4,189,394612738.85
1.4,190,389669502.03
1.4,191,365488777.88
1.4,192,219892480.51
1.4,193,313545441.4
1.4,194,354562821.05
1.4,195,347364574.49
1.4,196,379172290.79
1.4,197,345342172.52
1.4,198,380849494.31
1.4,199,337021840.82
1.4,200,203998134.59
1.4,201,316807224.8
1.4,202,283689282.05
1.4,203,379399801.96
1.4,204,330177334.45
1.4,205,396613069.14
1.4,206,341650873.98
1.4,207,350143328.42
1.4,208,374303403.9
1.4,209,324687384.92
1.4,210,236066961.9
1.4,211,363649953.14
1.4,212,252681290.14
1.4,213,340904453.42
1.4,214,316207008.69
1.4,215,376837407.57
1.4,216,375416812.7
1.4,217,318896462.03
1.4,218,318904850.17
1.4,219,361115581.2
1.4,220,363357871.6
1.4,221,337011961.35
1.4,222,359597082.13
1.4,223,312601143.98
1.4,224,341089578.74
1.4,225,351884381.35
1.4,226,316998165.83
1.4,227,308193070.68
1.4,228,289305449.48
1.4,229,315025060.4
1.4,230,323336419.51
1.4,231,350014601.82
1.4,232,364538600.81
1.4,233,383551476.31
1.4,234,339941504.37
1.4,235,251424154.16
1.4,236,305088127.25
1.4,237,360160254.23
1.4,238,234848966.1
1.4,239,290027843.6
1.4,240,315387130.33
1.4,241,334323587.71
1.4,242,326281194.64
1.4,243,377140935.31
1.4,244,358112113.38
1.4,245,281687160.61
1.4,246,372408546.36
1.4,247,369089795.19
1.4,248,395140771.97
1.4,249,307118805.54
1.4,250,354088633.3
1.4,251,382779996.05
1.4,252,329067466.31
1.4,253,334673508.25
1.4,254,309179428.67
1.4,255,365758224.56
1.4,256,285976698.55
1.4,257,285209240.74
1.4,258,275177222.71
1.4,259,344903095.21
1.4,260,337401423.85
1.4,261,333975472.89
1.4,262,271110682.47
1.4,263,331807652.29
1.4,264,381819410.97
1.4,265,358164196.78
1.4,266,350380580.12
1.4,267,211543902.0
1.4,268,329538794.7
1.4,269,303635208.78
1.4,270,268967136.49
1.4,271,310215769.77
1.4,272,356362214.19
1.4,273,311160684.64
1.4,274,353896710.52
1.4,275,315792789.98
1.4,276,344581318.15
1.4,277,379686833.5
1.4,278,305567478.49
1.4,279,383809160.35
1.4,280,346090869.99
1.4,281,297628365.96
1.4,282,288375016.36
1.4,283,390236824.75
1.4,284,352513222.77
1.4,285,304664596.4
1.4,286,332220165.78
1.4,287,373732963.38
1.4,288,359376006.09
1.4,289,343217556.88
1.4,290,267638306.19
1.4,291,261364290.7
1.4,292,392179978.95
1.4,293,377823107.2
1.4,294,356688553.31
1.4,295,283247569.33
1.4,296,352439117.64
1.4,297,346248282.02
1.4,298,384374004.57
1.4,299,381082487.14
1.4,300,374407913.71
1.4,301,335538483.43
1.4,302,354832047.38
1.4,303,370061881.33
1.4,304,335525426.59
1.4,305,330747935.39
1.4,306,323594912.25
1.4,307,371238356.66
1.4,308,276864074.02
1.4,309,294737977.25
1.4,310,275459247.38
1.4,311,271714696.14
1.4,312,373525846.54
1.4,313,309719802.3
1.4,314,310372995.53
1.4,315,279959951.09
1.4,316,399241241.04
1.4,317,353516545.42
1.4,318,303043196.52
1.4,319,353148920.18
1.4,320,258015417.54
1.4,321,395509316.13
1.4,322,374604808.98
1.4,323,289930133.1
1.4,324,201262168.55
1.4,325,322547843.49
1.4,326,396987568.17
1.4,327,290266204.81
1.4,328,323006894.06
1.4,329,315811281.05
1.4,330,394586385.57
1.4,331,286714381.78
1.4,332,242944525.19
1.4,333,323064403.51
1.4,334,310281129.61
1.4,335,303790808.92
1.4,336,338115778.11
1.4,337,222066829.87
1.4,338,327083816.0
1.4,339,319596098.58
1.4,340,336239260.34
1.4,341,208444860.78
1.4,342,387338463.77
1.4,343,279371555.32
1.4,344,266730303.88
1.4,345,230820146.05
1.4,346,362861200.38
1.4,347,273737823.22
1.4,348,377213309.47
1.4,349,365113500.6
1.4,350,235846939.91
1.4,351,318155572.06
1.4,352,294665202.94
1.4,353,363585662.42
1.4,354,373720263.47
1.4,355,375511953.08
1.4,356,312564480.25
1.4,357,363717792.67
1.4,358,395739812.11
1.4,359,341157043.87
1.4,360,335630750.59
1.4,361,225054879.09
1.4,362,316148899.71
1.4,363,351491455.05
1.4,364,335428278.41
1.4,365,220464045.68
1.4,366,374179724.89
1.4,367,235088365.9
1.4,368,283701431.43
1.4,369,374347086.34
1.4,370,304753183.15
1.4,371,267091882.34
1.4,372,285994595.76
1.4,373,343884601.84
1.4,374,353609784.66
1.4,375,306568563.5
1.4,376,279628013.2
1.4,377,384578939.26
1.4,378,352748757.31
1.4,379,336265858.18
1.4,380,391821740.92
1.4,381,323265794.09
1.4,382,360876101.62
1.4,383,196385131.56
1.4,384,382459114.64
1.4,385,332743567.06
1.4,386,286516361.33
1.4,387,307182080.27
1.4,388,237406424.76
1.4,389,360755914.95
1.4,390,318752040.13
1.4,391,383119430.82
1.4,392,389483944.65
1.4,393,380491224.67
1.4,394,327672745.16
1.4,395,276923416.41
1.4,396,357863410.88
1.4,397,311550862.39
1.4,398,391718137.83
1.4,399,301077655.6
1.4,400,362894064.34
1.4,401,323798750.04
1.4,402,262146275.07
1.4,403,274605991.39
1.4,404,319007218.79
1.4,405,349580256.54
1.4,406,274905410.24
1.4,407,351810058.9
1.4,408,345181433.26
1.4,409,270362934.97
1.4,410,372789315.31
1.4,411,295980619.46
1.4,412,369921928.83
1.4,413,329941558.85
1.4,414,381183548.23
1.4,415,294112956.91
1.4,416,342830372.58
1.4,417,288133078.19
1.4,418,360903267.48
1.4,419,280438180.37
1.4,420,374039224.09
1.4,421,391842086.83
1.4,422,347756505.04
1.4,423,370943565.67
1.4,424,326551740.15
1.4,425,303522988.97
1.4,426,307658511.82
1.4,427,356714036.06
1.4,428,366566243.35
1.4,429,353269750.51
1.4,430,297576181.83
1.4,431,298129575.45
1.4,432,316194465.99
1.4,433,382365399.65
1.4,434,383381987.15
1.4,435,353602480.78
1.4,436,341511235.9
1.4,437,279374047.3
1.4,438,274199540.27
1.4,439,376903470.38
1.4,440,323384170.07
1.4,441,296593882.03
1.4,442,363616331.44
1.4,443,320097816.72
1.4,444,290658821.8
1.4,445,320044615.08
1.4,446,350448206.26
1.4,447,329067003.01
1.4,448,381870971.83
1.4,449,380353918.68
1.4,450,399371471.08
1.4,451,350657945.82
1.4,452,338773746.03
1.4,453,370792166.83
1.4,454,361108050.74
1.4,455,282319325.38
1.4,456,374037400.69
1.4,457,355423667.12
1.4,458,353910841.1
1.4,459,291951186.45
1.4,460,344659196.01
1.4,461,240430175.03
1.4,462,310353329.92
1.4,463,338124091.47
1.4,464,393783057.36
1.4,465,370950526.88
1.4,466,368422687.62
1.4,467,329905768.88
1.4,468,365252215.72
1.4,469,348396056.26
1.4,470,363720475.85
1.4,471,206231701.01
1.4,472,367366105.49
1.4,473,374565420.57
1.4,474,364806449.76
1.4,475,314312693.43
1.4,476,241926966.49
1.4,477,379744822.66
1.4,478,394278319.83
1.4,479,360347408.32
1.4,480,345642400.68
1.4,481,358266323.26
1.4,482,397100384.67
1.4,483,397358950.13
1.4,484,322717298.53
1.4,485,345374126.33
1.4,486,334563691.28
1.4,487,308111569.28
1.4,488,397709298.91
1.4,489,379721434.21
1.4,490,325726881.51
1.4,491,387889574.09
1.4,492,342329582.81
1.4,493,320179452.95
1.4,494,383378281.12
1.4,495,327343405.33
1.4,496,273085703.33
1.4,497,373373943.47
1.4,498,379254310.98
1.4,499,217627242.35
1.5,0,223633085.99
1.5,1,211708488.08
1.5,2,373982717.07
1.5,3,396483654.27
1.5,4,375229222.69
1.5,5,279544365.46
1.5,6,239007422.67
1.5,7,345291718.66
1.5,8,357560319.15
1.5,9,314586299.03
1.5,10,357445277.55
1.5,11,351419504.52
1.5,12,329271884.2
1.5,13,355867763.07
1.5,14,303561222.87
1.5,15,275275826.19
1.5,16,335373457.87
1.5,17,348036419.66
1.5,18,273757716.38
1.5,19,385645620.29
1.5,20,323015546.18
1.5,21,330410205.65
1.5,22,377763712.58
1.5,23,318791051.77
1.5,24,339461159.57
1.5,25,341366856.33
1.5,26,356462269.17
1.5,27,341446359.74
1.5,28,347829757.4
1.5,29,360380434.87
1.5,30,369708773.64
1.5,31,278392936.79
1.5,32,338881925.71
1.5,33,391344135.23
1.5,34,392974323.93
1.5,35,382797437.19
1.5,36,298457313.64
1.5,37,248927606.96
1.5,38,379763922.27
1.5,39,303087499.03
1.5,40,319594361.76
1.5,41,332948479.06
1.5,42,179884025.55
1.5,43,357916654.87
1.5,44,364598989.74
1.5,45,304367879.11
1.5,46,354650717.35
1.5,47,360691989.49
1.5,48,369465706.56
1.5,49,361506119.56
1.5,50,319699263.48
1.5,51,342710176.37
1.5,52,332184888.7
1.5,53,397796740.11
1.5,54,306650374.84
1.5,55,336896618.19
1.5,56,323771861.68
1.5,57,371863387.22
1.5,58,331619235.58
1.5,59,369518492.37
1.5,60,246333446.92
1.5,61,286921964.73
1.5,62,307649632.32
1.5,63,379230057.75
1.5,64,333760006.08
1.5,65,288934212.63
1.5,66,399752536.93
1.5,67,319692040.78
1.5,68,330158273.97
1.5,69,266324361.36
1.5,70,308035589.75
1.5,71,275515492.17
1.5,72,391175281.62
1.5,73,267823281.71
1.5,74,381049563.78
1.5,75,281469949.02
1.5,76,292092960.3
1.5,77,339605354.45
1.5,78,328582850.08
1.5,79,392523558.41
1.5,80,206600650.72
1.5,81,316330834.51
1.5,82,338667952.32
1.5,83,297669630.29
1.5,84,381537736.23
1.5,85,380963413.73
1.5,86,368815190.01
1.5,87,290604938.97
1.5,88,354806178.24
1.5,89,384848139.85
1.5,90,198397648.17
1.5,91,295096766.08
1.5,92,335561907.02
1.5,93,246311664.5
1.5,94,372346123.98
1.5,95,258470383.64
1.5,96,156093932.84
1.5,97,315476816.38
1.5,98,374244382.49
1.5,99,383708073.39
1.5,100,366710224.89
1.5,101,358774415.25
1.5,102,355493910.14
1.5,103,337575850.17
1.5,104,325754709.0
1.5,105,367518117.22
1.5,106,376853357.66
1.5,107,378939528.02
1.5,108,374098099.95
1.5,109,380710712.37
1.5,110,287629639.95
1.5,111,279233733.29
1.5,112,263198940.72
1.5,113,346409455.18
1.5,114,358790048.21
1.5,115,250507329.47
1.5,116,341189403.28
1.5,117,305489932.03
1.5,118,368234927.77
1.5,119,341879113.24
1.5,120,351070395.77
1.5,121,345777727.3
1.5,122,269599152.34
1.5,123,294611354.0
1.5,124,237158775.79
1.5,125,368285377.46
1.5,126,333546590.59
1.5,127,320654892.18
1.5,128,316612137.62
1.5,129,363971722.76
1.5,130,268886252.41
1.5,131,352475367.76
1.5,132,370786141.22
1.5,133,311587673.18
1.5,134,261099181.37
1.5,135,375889206.28
1.5,136,374564070.61
1.5,137,334806721.72
1.5,138,388962452.57
1.5,139,328838580.13
1.5,140,393078678.51
1.5,141,365586482.07
1.5,142,337818729.17
1.5,143,353019848.8
1.5,144,293072955.5
1.5,145,343302870.25
1.5,146,393453768.35
1.5,147,359289610.0
1.5,148,399040585.24
1.5,149,364871282.0
1.5,150,361480276.95
1.5,151,283026245.18
1.5,152,378101855.0
1.5,153,286313450.53
1.5,154,375235927.14
1.5,155,355721273.47
1.5,156,279489352.96
1.5,157,364621807.08
1.5,158,321141006.22
1.5,159,356051939.46
1.5,160,374961237.67
1.5,161,300482300.89
1.5,162,381113862.02
1.5,163,273329226.85
1.5,164,263723773.61
1.5,165,248552791.96
1.5,166,350910468.48
1.5,167,260307414.83
1.5,168,371842257.3
1.5,169,348037775.61
1.5,170,375292268.27
1.5,171,303021161.36
1.5,172,295197858.3
1.5,173,284754882.89
1.5,174,295581057.83
1.5,175,371525342.41
1.5,176,342799998.64
1.5,177,343878130.87
1.5,178,362838906.36
1.5,179,387381673.0
1.5,180,348245885.1
1.5,181,307454902.86
1.5,182,321826590.23
1.5,183,350581098.69
1.5,184,374590008.03
1.5,185,339886861.29
1.5,186,359075538.31
1.5,187,337756349.64
1.5,188,244374773.37
1.5,189,390955905.64
1.5,190,343024579.84
1.5,191,355328632.72
1.5,192,280322123.42
1.5,193,324923244.72
1.5,194,360593907.99
1.5,195,282968537.54
1.5,196,258953110.4
1.5,197,318159983.73
1.5,198,253820871.85
1.5,199,370537530.0
1.5,200,342974663.35
1.5,201,383778952.65
1.5,202,357393033.15
1.5,203,266832196.12
1.5,204,378661630.0
1.5,205,349167201.7
1.5,206,276590372.12
1.5,207,318091242.67
1.5,208,342435751.89
1.5,209,384046589.71
1.5,210,330008587.08
1.5,211,376389813.24
1.5,212,327700388.01
1.5,213,258498253.59
1.5,214,334134518.88
1.5,215,265164621.47
1.5,216,394343040.79
1.5,217,387249420.87
1.5,218,337670726.49
1.5,219,307276342.55
1.5,220,328184913.46
1.5,221,333721847.7
1.5,222,363292417.79
1.5,223,302242363.25
1.5,224,334682941.56
1.5,225,298977571.51
1.5,226,364085551.43
1.5,227,387242848.82
1.5,228,364663742.34
1.5,229,385633467.29
1.5,230,393979885.75
1.5,231,306428789.1
1.5,232,342355655.83
1.5,233,255587742.77
1.5,234,379309442.37
1.5,235,364460400.04
1.5,236,379387360.64
1.5,237,256464474.34
1.5,238,340529586.65
1.5,239,351985093.59
1.5,240,370045880.77
1.5,241,315570893.97
1.5,242,390759235.24
1.5,243,375440469.62
1.5,244,312702295.44
1.5,245,254031838.56
1.5,246,368564506.18
1.5,247,352061297.83
1.5,248,342110822.74
1.5,249,373956716.7
1.5,250,270915015.84
1.5,251,250681708.05
1.5,252,322874493.07
1.5,253,384944187.69
1.5,254,371357624.21
1.5,255,333070228.71
1.5,256,362333216.09
1.5,257,337444201.3
1.5,258,315869053.16
1.5,259,325893497.83
1.5,260,359200141.74
1.5,261,349929478.88
1.5,262,378380861.03
1.5,263,352388795.22
1.5,264,326311625.25
1.5,265,329426729.99
1.5,266,330003908.48
1.5,267,341492478.52
1.5,268,334198567.49
1.5,269,383607839.85
1.5,270,383035220.04
1.5,271,351100363.23
1.5,272,309344010.16
1.5,273,350810816.06
1.5,274,334337723.72
1.5,275,352941676.04
1.5,276,211606957.25
1.5,277,335352865.84
1.5,278,265829240.26
1.5,279,363136443.84
1.5,280,312636504.41
1.5,281,357681450.17
1.5,282,241003371.01
1.5,283,377746043.25
1.5,284,349426582.97
1.5,285,336308154.92
1.5,286,377421022.91
1.5,287,383309852.27
1.5,288,278615761.79
1.5,289,308745788.28
1.5,290,347053541.57
1.5,291,328192079.27
1.5,292,278892447.01
1.5,293,354838500.03
1.5,294,241716572.91
1.5,295,338280156.14
1.5,296,286218462.06
1.5,297,227893110.26
1.5,298,381468618.92
1.5,299,254073530.16
1.5,300,353596149.53
1.5,301,280183035.66
1.5,302,273503403.47
1.5,303,314218977.45
1.5,304,340913204.73
1.5,305,344468772.89
1.5,306,342218376.34
1.5,307,296570594.85
1.5,308,308037476.44
1.5,309,389504626.51
1.5,310,321387725.74
1.5,311,378673802.8
1.5,312,209771320.58
1.5,313,398979511.31
1.5,314,286026684.77
1.5,315,336432982.05
1.5,316,344984331.76
1.5,317,248097256.43
1.5,318,362216268.61
1.5,319,389170008.33
1.5,320,370548396.8
1.5,321,254243647.66
1.5,322,288085460.35
1.5,323,370568254.31
1.5,324,358042018.06
1.5,325,293292724.14
1.5,326,363628132.44
1.5,327,279277448.35
1.5,328,262286944.93
1.5,329,273021463.96
1.5,330,360768387.34
1.5,331,373756487.48
1.5,332,375948683.51
1.5,333,356110449.36
1.5,334,311509627.65
1.5,335,332735016.45
1.5,336,318553932.97
1.5,337,256590545.68
1.5,338,360212704.05
1.5,339,291021404.56
1.5,340,288270059.16
1.5,341,315240069.68
1.5,342,312507257.77
1.5,343,340318511.26
1.5,344,344811527.83
1.5,345,383286516.83
1.5,346,262410816.52
1.5,347,305939160.24
1.5,348,342143892.53
1.5,349,324262708.55
1.5,350,392970092.21
1.5,351,289027681.49
1.5,352,369002142.97
1.5,353,335906332.13
1.5,354,297728232.96
1.5,355,360317050.7
1.5,356,234201594.95
1.5,357,362340369.58
1.5,358,319065275.34
1.5,359,321686014.53
1.5,360,281936512.29
1.5,361,305224102.17
1.5,362,295779604.2
1.5,363,395988153.02
1.5,364,322293181.36
1.5,365,344291077.58
1.5,366,313297407.32
1.5,367,316995358.05
1.5,368,357834451.59
1.5,369,292944696.07
1.5,370,299274669.65
1.5,371,371443463.09
1.5,372,317595255.49
1.5,373,376344102.65
1.5,374,303876962.57
1.5,375,355001136.56
1.5,376,385493965.07
1.5,377,383649436.9
1.5,378,375865714.06
1.5,379,323124905.23
1.5,380,290553834.07
1.5,381,327957710.66
1.5,382,368145720.9
1.5,383,328597564.21
1.5,384,356636534.72
1.5,385,388044891.23
1.5,386,305935879.52
1.5,387,351185172.01
1.5,388,360160934.76
1.5,389,386782928.23
1.5,390,371559782.81
1.5,391,334705586.22
1.5,392,358471618.83
1.5,393,347411581.57
1.5,394,309411126.1
1.5,395,350834626.17
1.5,396,334760985.27
1.5,397,352052994.6
1.5,398,238139053.81
1.5,399,337928062.66
1.5,400,385192723.43
1.5,401,228610725.35
1.5,402,323725941.35
1.5,403,262046757.47
1.5,404,291026786.15
1.5,405,260062044.77
1.5,406,365833442.46
1.5,407,185082264.18
1.5,408,376562358.49
1.5,409,365482499.35
1.5,410,372874506.84
1.5,411,382186640.16
1.5,412,388548729.34
1.5,413,380454273.3
1.5,414,355333604.35
1.5,415,248654654.96
1.5,416,353635842.34
1.5,417,299880775.84
1.5,418,366555117.35
1.5,419,372557255.92
1.5,420,216865111.29
1.5,421,250355540.41
1.5,422,277014717.67
1.5,423,292962436.5
1.5,424,357374410.26
1.5,425,364439124.65
1.5,426,295124842.94
1.5,427,290721965.51
1.5,428,271053048.84
1.5,429,239677377.69
1.5,430,391694325.71
1.5,431,335950874.39
1.5,432,390020697.78
1.5,433,289937978.79
1.5,434,360607432.42
1.5,435,348053076.82
1.5,436,223499158.02
1.5,437,304098593.59
1.5,438,302164761.91
1.5,439,389090637.4
1.5,440,318810624.73
1.5,441,317662937.32
1.5,442,394186105.27
1.5,443,363299446.76
1.5,444,293434116.15
1.5,445,322285324.38
1.5,446,223243223.96
1.5,447,271923006.13
1.5,448,300898896.66
1.5,449,278367837.82
1.5,450,291529168.78
1.5,451,377610465.04
1.5,452,387116250.63
1.5,453,289582020.11
1.5,454,223197023.51
1.5,455,374889318.72
1.5,456,372656754.63
1.5,457,255951556.19
1.5,458,389823514.77
1.5,459,282768151.44
1.5,460,379462000.83
1.5,461,382401578.51
1.5,462,278535634.6
1.5,463,231606293.98
1.5,464,355968342.5
1.5,465,251432463.63
1.5,466,390580249.25
1.5,467,372823692.65
1.5,468,245828847.96
1.5,469,358997759.9
1.5,470,365475423.47
1.5,471,303864062.19
1.5,472,375004936.13
1.5,473,276854218.65
1.5,474,351618390.72
1.5,475,374690161.01
1.5,476,299582668.13
1.5,477,393619136.55
1.5,478,366048541.67
1.5,479,357275322.9
1.5,480,271080705.39
1.5,481,321159862.78
1.5,482,323989001.93
1.5,483,296549810.34
1.5,484,353927485.94
1.5,485,301265260.71
1.5,486,353867262.11
1.5,487,306363492.03
1.5,488,371464742.74
1.5,489,328884178.86
1.5,490,376868586.73
1.5,491,269171892.48
1.5,492,276135069.19
1.5,493,384538803.32
1.5,494,348158201.53
1.5,495,387327998.52
1.5,496,317678594.37
1.5,497,326523203.82
1.5,498,175033450.97
1.5,499,343016720.59
1.6,0,331265304.0
1.6,1,396385747.43
1.6,2,284693678.77
1.6,3,335959264.26
1.6,4,374333716.79
1.6,5,350160106.26
1.6,6,334712028.72
1.6,7,273121580.91
1.6,8,283065332.03
1.6,9,363731340.4
1.6,10,246325738.65
1.6,11,328101365.62
1.6,12,370835421.1
1.6,13,351805303.79
1.6,14,206033654.56
1.6,15,360479089.41
1.6,16,307824330.75
1.6,17,230162701.5
1.6,18,380470301.1
1.6,19,365570112.01
1.6,20,362821215.31
1.6,21,378844218.03
1.6,22,329670131.92
1.6,23,352634515.28
1.6,24,240573763.39
1.6,25,332232435.9
1.6,26,312139894.35
1.6,27,265340852.05
1.6,28,395845054.27
1.6,29,336764067.77
1.6,30,346185289.82
1.6,31,371971275.35
1.6,32,395195901.3
1.6,33,362077201.55
1.6,34,247579679.97
1.6,35,299877889.22
1.6,36,365361986.67
1.6,37,310713648.09
1.6,38,347226690.74
1.6,39,367124392.29
1.6,40,257653421.94
1.6,41,303841669.47
1.6,42,362072405.28
1.6,43,263865841.7
1.6,44,384373911.58
1.6,45,328407576.92
1.6,46,374343455.4
1.6,47,343056227.3
1.6,48,341888643.05
1.6,49,322895184.26
1.6,50,338100078.65
1.6,51,344583679.16
1.6,52,379269215.45
1.6,53,358135086.42
1.6,54,367392790.28
1.6,55,294469242.05
1.6,56,381358755.84
1.6,57,366412730.38
1.6,58,304180291.33
1.6,59,371622612.04
1.6,60,397084572.68
1.6,61,368017808.73
1.6,62,300347733.36
1.6,63,332494875.2
1.6,64,299319851.74
1.6,65,342874066.49
1.6,66,330391224.26
1.6,67,297290382.49
1.6,68,396112689.58
1.6,69,335476274.51
1.6,70,366290587.85
1.6,71,300140846.87
1.6,72,388918507.53
1.6,73,209094022.14
1.6,74,209866786.21
1.6,75,257968865.45
1.6,76,359210227.77
1.6,77,282353063.79
1.6,78,394543228.65
1.6,79,377675805.14
1.6,80,343229217.78
1.6,81,316498408.38
1.6,82,287120535.55
1.6,83,308997738.09
1.6,84,374861641.91
1.6,85,322004388.08
1.6,86,342315071.51
1.6,87,336195121.75
1.6,88,298482235.61
1.6,89,301666334.21
1.6,90,346347263.21
1.6,91,375989309.72
1.6,92,324427600.93
1.6,93,393667290.76
1.6,94,372270975.72
1.6,95,344773593.24
1.6,96,320740530.99
1.6,97,350318750.1
1.6,98,367080732.26
1.6,99,308165186.4
1.6,100,359421820.72
1.6,101,288217779.52
1.6,102,390321627.98
1.6,103,338720895.48
1.6,104,368404846.57
1.6,105,377880871.25
1.6,106,352108536.66
1.6,107,293680666.32
1.6,108,353647143.35
1.6,109,370753894.88
1.6,110,296755235.44
1.6,111,258665155.66
1.6,112,354813009.38
1.6,113,339944111.62
1.6,114,372951522.01
1.6,115,343916490.48
1.6,116,354697118.09
1.6,117,249482756.07
1.6,118,321624525.66
1.6,119,237909692.67
1.6,120,356006019.85
1.6,121,350992829.22
1.6,122,368060036.16
1.6,123,327869079.77
1.6,124,332994482.16
1.6,125,395973057.79
1.6,126,302577159.57
1.6,127,346806528.29
1.6,128,301057064.35
1.6,129,211702494.01
1.6,130,355054221.87
1.6,131,380266256.94
1.6,132,321777523.05
1.6,133,314480220.5
1.6,134,308937856.86
1.6,135,351002158.82
1.6,136,357453277.69
1.6,137,315012282.32
1.6,138,366349264.97
1.6,139,379560094.83
1.6,140,326305095.38
1.6,141,293351612.74
1.6,142,317266986.35
1.6,143,333232459.21
1.6,144,329868125.07
1.6,145,304915624.33
1.6,146,367312924.17
1.6,147,358304716.94
1.6,148,382730519.35
1.6,149,324447034.44
1.6,150,393813166.4
1.6,151,379617172.58
1.6,152,367667376.55
1.6,153,350084363.68
1.6,154,353453605.51
1.6,155,363752053.32
1.6,156,326411325.48
1.6,157,360697742.04
1.6,158,225724327.22
1.6,159,263368463.25
1.6,160,343746856.36
1.6,161,328368326.23
1.6,162,270005268.76
1.6,163,357250615.59
1.6,164,367496900.82
1.6,165,309945053.76
1.6,166,321938651.29
1.6,167,347913831.54
1.6,168,386092513.95
1.6,169,282037465.96
1.6,170,388043523.39
1.6,171,375577729.41
1.6,172,323898784.96
1.6,173,350069480.03
1.6,174,368447703.71
1.6,175,350977294.9
1.6,176,341470781.48
1.6,177,266276550.75
1.6,178,259917190.6
1.6,179,309397580.39
1.6,180,329862575.35
1.6,181,236838480.59
1.6,182,386007121.09
1.6,183,245998492.76
1.6,184,390086779.09
1.6,185,369490557.34
1.6,186,350883241.89
1.6,187,326564005.04
1.6,188,342098268.21
1.6,189,355126910.85
1.6,190,312481877.73
1.6,191,323958082.49
1.6,192,216289941.83
1.6,193,326501146.2
1.6,194,332014683.43
1.6,195,282300787.83
1.6,196,395498433.58
1.6,197,393920604.65
1.6,198,339698083.47
1.6,199,320775656.0
1.6,200,330800157.81
1.6,201,348370941.52
1.6,202,296242270.46
1.6,203,238307583.3
1.6,204,380808197.73
1.6,205,289153253.6
1.6,206,378715682.25
1.6,207,377135160.73
1.6,208,384177043.83
1.6,209,177690477.56
1.6,210,343109690.12
1.6,211,373011258.9
1.6,212,237745438.61
1.6,213,210764573.4
1.6,214,303821591.33
1.6,215,373543838.65
1.6,216,296310613.78
1.6,217,328861769.68
1.6,218,363652014.98
1.6,219,254485990.75
1.6,220,354680266.4
1.6,221,249355993.27
1.6,222,359988869.41
1.6,223,329076858.61
1.6,224,349808905.44
1.6,225,311897458.03
1.6,226,289714753.12
1.6,227,317432606.14
1.6,228,375953663.18
1.6,229,336917766.22
1.6,230,357597396.47
1.6,231,322731506.71
1.6,232,357980225.67
1.6,233,386474715.69
1.6,234,353015661.58
1.6,235,344626569.67
1.6,236,354718640.6
1.6,237,270040243.44
1.6,238,387778625.07
1.6,239,319167681.4
1.6,240,291279881.17
1.6,241,225532044.12
1.6,242,338248417.01
1.6,243,326746326.44
1.6,244,382215993.73
1.6,245,305816858.09
1.6,246,287893320.29
1.6,247,323040807.45
1.6,248,372363712.06
1.6,249,323166972.66
1.6,250,270273549.69
1.6,251,387365443.08
1.6,252,338924392.2
1.6,253,373138369.82
1.6,254,331375590.75
1.6,255,176225896.65
1.6,256,333895563.94
1.6,257,280359133.76
1.6,258,255777167.22
1.6,259,381733317.47
1.6,260,378665158.55
1.6,261,343759860.57
1.6,262,328408592.89
1.6,263,325458439.03
1.6,264,264848823.79
1.6,265,276978194.04
1.6,266,345473190.91
1.6,267,293823881.22
1.6,268,280405548.85
1.6,269,377865237.87
1.6,270,230250654.21
1.6,271,342526707.18
1.6,272,264974554.0
1.6,273,326940547.59
1.6,274,377707403.74
1.6,275,303174825.76
1.6,276,383179850.62
1.6,277,342070512.34
1.6,278,359318414.98
1.6,279,288072478.9
1.6,280,356556143.38
1.6,281,290747978.91
1.6,282,348504334.67
1.6,283,357989097.48
1.6,284,319512141.79
1.6,285,350854816.96
1.6,286,277761562.53
1.6,287,337788122.99
1.6,288,357043755.24
1.6,289,298206975.23
1.6,290,334846367.19
1.6,291,373951852.51
1.6,292,290907811.61
1.6,293,249942253.21
1.6,294,350036736.94
1.6,295,324182010.56
1.6,296,399201481.44
1.6,297,336730722.49
1.6,298,274807483.13
1.6,299,390658868.77
1.6,300,286606157.99
1.6,301,383598016.39
1.6,302,289128344.48
1.6,303,286835848.24
1.6,304,372201316.32
1.6,305,380815847.98
1.6,306,342675753.7
1.6,307,318118921.31
1.6,308,347577251.14
1.6,309,258991995.91
1.6,310,281536848.25
1.6,311,386541664.89
1.6,312,370023458.78
1.6,313,320084156.86
1.6,314,392866385.85
1.6,315,381734180.99
1.6,316,311897318.69
1.6,317,324878507.19
1.6,318,327362294.85
1.6,319,371917426.89
1.6,320,352522613.55
1.6,321,321089074.54
1.6,322,361716825.94
1.6,323,352815991.29
1.6,324,377099775.24
1.6,325,357656539.05
1.6,326,380941973.92
1.6,327,305341559.24
1.6,328,370881103.4
1.6,329,299082318.69
1.6,330,339655897.09
1.6,331,309910605.29
1.6,332,364685734.92
1.6,333,385971239.04
1.6,334,345073264.51
1.6,335,326113801.1
1.6,336,392280312.54
1.6,337,329624153.77
1.6,338,348253486.69
1.6,339,348329103.13
1.6,340,260643179.56
1.6,341,330441754.76
1.6,342,373994948.72
1.6,343,339072845.54
1.6,344,332080097.43
1.6,345,352461742.8
1.6,346,362533544.08
1.6,347,324084193.4
1.6,348,307364043.72
1.6,349,345509099.14
1.6,350,355423010.13
1.6,351,340407246.3
1.6,352,325164388.49
1.6,353,373076114.67
1.6,354,309396073.83
1.6,355,285836120.88
1.6,356,321006951.29
1.6,357,226854246.17
1.6,358,297981526.5
1.6,359,375866274.07
1.6,360,314573555.19
1.6,361,373809993.79
1.6,362,286120615.19
1.6,363,365393622.67
1.6,364,339941329.29
1.6,365,313808248.62
1.6,366,271335821.57
1.6,367,390603009.38
1.6,368,351351714.25
1.6,369,313138730.26
1.6,370,295673665.75
1.6,371,340333463.42
1.6,372,257442138.66
1.6,373,342424198.54
1.6,374,356637559.4
1.6,375,350892174.6
1.6,376,287118035.87
1.6,377,383545266.79
1.6,378,354639669.5
1.6,379,387594814.07
1.6,380,381751656.97
1.6,381,334814831.83
1.6,382,368507139.22
1.6,383,384490683.54
1.6,384,316692330.52
1.6,385,294095818.99
1.6,386,343157902.4
1.6,387,284231423.76
1.6,388,358926353.82
1.6,389,340653619.47
1.6,390,309722412.04
1.6,391,345997928.04
1.6,392,368922787.68
1.6,393,351133698.7
1.6,394,392391279.58
1.6,395,363421828.16
1.6,396,359717534.05
1.6,397,312311006.48
1.6,398,359905681.22
1.6,399,341200887.54
1.6,400,390445557.0
1.6,401,312561745.9
1.6,402,388159371.43
1.6,403,308185389.13
1.6,404,366044165.61
1.6,405,393264770.31
1.6,406,186438922.05
1.6,407,283418562.97
1.6,408,361859857.55
1.6,409,300551754.9
1.6,410,318685963.83
1.6,411,390266709.4
1.6,412,389989061.42
1.6,413,273616824.09
1.6,414,387501950.45
1.6,415,285490057.4
1.6,416,290033003.54
1.6,417,379558165.29
1.6,418,294248497.01
1.6,419,394852099.12
1.6,420,325590534.57
1.6,421,343066275.4
1.6,422,254510547.94
1.6,423,388016486.01
1.6,424,354678891.31
1.6,425,295330935.83
1.6,426,388433956.94
1.6,427,365874552.1
1.6,428,324248495.73
1.6,429,262258975.59
1.6,430,360080368.67
1.6,431,328009424.73
1.6,432,342611203.36
1.6,433,362306647.25
1.6,434,296000010.05
1.6,435,380027688.18
1.6,436,365743143.78
1.6,437,275270666.67
1.6,438,286520938.49
1.6,439,255737756.87
1.6,440,319770815.84
1.6,441,325051824.36
1.6,442,323822059.24
1.6,443,386150353.29
1.6,444,315464037.29
1.6,445,337795330.21
1.6,446,365365103.14
1.6,447,378775319.37
1.6,448,269473134.27
1.6,449,390864961.57
1.6,450,376495933.97
1.6,451,330480554.92
1.6,452,211144676.34
1.6,453,253596515.29
1.6,454,313401460.91
1.6,455,294821987.18
1.6,456,370242902.29
1.6,457,269505286.25
1.6,458,231828109.22
1.6,459,386217781.1
1.6,460,379650457.05
1.6,461,287400345.42
1.6,462,384379934.67
1.6,463,331949237.9
1.6,464,281940054.19
1.6,465,376826492.5
1.6,466,376105255.46
1.6,467,270681023.69
1.6,468,386992995.17
1.6,469,385354440.06
1.6,470,292517352.01
1.6,471,383411404.72
1.6,472,267939766.29
1.6,473,365625332.35
1.6,474,264494987.7
1.6,475,270905146.91
1.6,476,365611727.74
1.6,477,384013058.86
1.6,478,386201133.84
1.6,479,259366505.73
1.6,480,321078906.52
1.6,481,345391789.06
1.6,482,252185982.62
1.6,483,331144120.78
1.6,484,357841992.4
1.6,485,245245063.36
1.6,486,322922441.57
1.6,487,383413462.23
1.6,488,284228753.97
1.6,489,313146944.1
1.6,490,378409560.62
1.6,491,396479857.08
1.6,492,337056583.3
1.6,493,359580327.85
1.6,494,370530457.38
1.6,495,387325846.67
1.6,496,311110020.06
1.6,497,249191115.85
1.6,498,303149029.3
1.6,499,247566818.12
1.7,0,379590534.8
1.7,1,354424658.28
1.7,2,364448516.76
1.7,3,279024435.43
1.7,4,307717163.9
1.7,5,343693858.41
1.7,6,391647841.46
1.7,7,304264121.67
1.7,8,212074477.38
1.7,9,251831459.35
1.7,10,324332548.83
1.7,11,293464801.84
1.7,12,353251129.54
1.7,13,383137528.0
1.7,14,296781242.95
1.7,15,334489652.01
1.7,16,337809465.8
1.7,17,339945120.9
1.7,18,371694978.66
1.7,19,369509722.8
1.7,20,381017885.74
1.7,21,385838409.75
1.7,22,314384702.37
1.7,23,381008614.57
1.7,24,347661669.0
1.7,25,362287590.31
1.7,26,355681164.39
1.7,27,255707584.97
1.7,28,251473582.22
1.7,29,209754957.17
1.7,30,341966706.63
1.7,31,397227453.8
1.7,32,281660179.86
1.7,33,383688215.5
1.7,34,341458899.95
1.7,35,293686735.32
1.7,36,303472883.87
1.7,37,381530728.84
1.7,38,341037767.14
1.7,39,229846870.46
1.7,40,341840612.43
1.7,41,374093925.08
1.7,42,351306268.14
1.7,43,383814637.82
1.7,44,276212098.8
1.7,45,389865929.0
1.7,46,369737949.21
1.7,47,339574058.48
1.7,48,370547283.52
1.7,49,314453238.85
1.7,50,352780148.51
1.7,51,385189793.12
1.7,52,364256770.89
1.7,53,240389468.93
1.7,54,350986080.97
1.7,55,323106464.76
1.7,56,375284506.13
1.7,57,384289935.68
1.7,58,306735230.35
1.7,59,369807984.18
1.7,60,375735281.53
1.7,61,303700217.29
1.7,62,393653043.19
1.7,63,335520085.55
1.7,64,304239226.72
1.7,65,252294846.6
1.7,66,349443281.99
1.7,67,315371928.21
1.7,68,286591311.15
1.7,69,377594098.67
1.7,70,388320244.09
1.7,71,360984029.55
1.7,72,383667631.39
1.7,73,200725989.58
1.7,74,391754293.81
1.7,75,278184935.16
1.7,76,333878543.73
1.7,77,351759485.07
1.7,78,369241042.56
1.7,79,280732253.99
1.7,80,346838126.49
1.7,81,321161446.77
1.7,82,228328139.59
1.7,83,385886990.98
1.7,84,274647861.35
1.7,85,383934711.11
1.7,86,388632729.02
1.7,87,312815659.78
1.7,88,346166912.27
1.7,89,304223903.49
1.7,90,270738516.26
1.7,91,382436226.61
1.7,92,336294794.36
1.7,93,287666085.78
1.7,94,291284146.1
1.7,95,391146875.24
1.7,96,329272882.04
1.7,97,367886695.56
1.7,98,394242504.44
1.7,99,391102197.48
1.7,100,372499382.75
1.7,101,359327949.6
1.7,102,306575566.04
1.7,103,338179677.63
1.7,104,387182541.71
1.7,105,383726018.93
1.7,106,340752234.52
1.7,107,309911128.0
1.7,108,231556034.42
1.7,109,227062970.08
1.7,110,359283434.75
1.7,111,365201088.34
1.7,112,378691266.61
1.7,113,387127183.65
1.7,114,377557722.12
1.7,115,384816387.13
1.7,116,297583717.39
1.7,117,361643485.91
1.7,118,350176933.97
1.7,119,376232010.77
1.7,120,357417674.32
1.7,121,364025520.97
1.7,122,256183322.34
1.7,123,381455507.34
1.7,124,377099761.36
1.7,125,366370231.15
1.7,126,343767039.13
1.7,127,323332445.3
1.7,128,301418336.8
1.7,129,345916971.11
1.7,130,377475103.14
1.7,131,357717476.6
1.7,132,336423465.42
1.7,133,392228444.41
1.7,134,271159768.24
1.7,135,354269079.31
1.7,136,263443101.94
1.7,137,240867612.41
1.7,138,324242941.66
1.7,139,344647633.67
1.7,140,364155093.82
1.7,141,297662257.42
1.7,142,245173170.41
1.7,143,374850112.64
1.7,144,333287391.36
1.7,145,349406038.94
1.7,146,344572528.16
1.7,147,294983683.34
1.7,148,362504779.03
1.7,149,375435368.61
1.7,150,276918913.13
1.7,151,332916924.87
1.7,152,369924773.19
1.7,153,314321545.16
1.7,154,368353201.91
1.7,155,281995327.58
1.7,156,270350856.03
1.7,157,348170501.6
1.7,158,201035512.0
1.7,159,349019910.61
1.7,160,398532911.8
1.7,161,396113929.19
1.7,162,284928751.77
1.7,163,293108454.42
1.7,164,319868437.82
1.7,165,387569419.81
1.7,166,284736210.57
1.7,167,270787340.56
1.7,168,357973347.63
1.7,169,298780496.0
1.7,170,362771045.69
1.7,171,377813386.79
1.7,172,278789969.74
1.7,173,372959149.64
1.7,174,288161918.54
1.7,175,321536751.09
1.7,176,271179245.3
1.7,177,373360427.58
1.7,178,390419163.88
1.7,179,319926660.74
1.7,180,296481864.17
1.7,181,356660630.73
1.7,182,268389152.65
1.7,183,365274789.51
1.7,184,334124968.7
1.7,185,317743740.65
1.7,186,371343868.33
1.7,187,240234324.79
1.7,188,307260882.91
1.7,189,364872701.02
1.7,190,231426099.63
1.7,191,319420644.52
1.7,192,330641274.2
1.7,193,315565571.47
1.7,194,382592817.54
1.7,195,311085797.46
1.7,196,289068387.92
1.7,197,378405076.75
1.7,198,287334592.96
1.7,199,306775126.25
1.7,200,286253052.84
1.7,201,265638009.29
1.7,202,368036694.63
1.7,203,329769496.55
1.7,204,380862799.41
1.7,205,277001355.99
1.7,206,325675533.59
1.7,207,358597762.69
1.7,208,270736049.77
1.7,209,318382541.46
1.7,210,307675285.83
1.7,211,314875708.47
1.7,212,397454592.08
1.7,213,341489193.2
1.7,214,306583212.85
1.7,215,398091648.65
1.7,216,330293209.01
1.7,217,381379065.64
1.7,218,299523117.12
1.7,219,373789136.31
1.7,220,277077803.85
1.7,221,351756201.0
1.7,222,306928835.46
1.7,223,371384892.6
1.7,224,334052710.51
1.7,225,266507557.14
1.7,226,384456891.82
1.7,227,352746954.93
1.7,228,303904492.54
1.7,229,390553167.51
1.7,230,303458913.96
1.7,231,315071144.06
1.7,232,253565193.3
1.7,233,380269317.89
1.7,234,318102719.33
1.7,235,354451142.05
1.7,236,323108760.02
1.7,237,319762645.33
1.7,238,294270026.15
1.7,239,242644759.81
1.7,240,388675511.56
1.7,241,283997911.27
1.7,242,311614643.85
1.7,243,370762519.8
1.7,244,360239631.93
1.7,245,340893267.86
1.7,246,209706145.62
1.7,247,397307146.87
1.7,248,377162417.79
1.7,249,289800234.06
1.7,250,287973034.78
1.7,251,367994773.52
1.7,252,254119489.58
1.7,253,333412918.21
1.7,254,396557906.49
1.7,255,292462403.88
1.7,256,325659860.18
1.7,257,369029191.87
1.7,258,254627860.06
1.7,259,394216680.37
1.7,260,230959154.37
1.7,261,361109201.44
1.7,262,349751903.27
1.7,263,352683728.71
1.7,264,271393215.18
1.7,265,325561550.75
1.7,266,348262633.83
1.7,267,327396833.64
1.7,268,379750990.18
1.7,269,343930152.13
1.7,270,386065214.35
1.7,271,259512443.96
1.7,272,391587683.03
1.7,273,264469221.02
1.7,274,370144462.15
1.7,275,392875686.37
1.7,276,385019836.14
1.7,277,344859871.3
1.7,278,368752974.99
1.7,279,302398381.76
1.7,280,390911906.47
1.7,281,348855197.96
1.7,282,307990561.34
1.7,283,288760697.16
1.7,284,385561541.86
1.7,285,394618870.16
1.7,286,303072315.22
1.7,287,358605217.95
1.7,288,194484531.02
1.7,289,241476309.82
1.7,290,280443915.66
1.7,291,373101497.77
1.7,292,390485851.01
1.7,293,254349470.1
1.7,294,358334277.71
1.7,295,269940885.13
1.7,296,310255753.98
1.7,297,347590343.65
1.7,298,369350893.66
1.7,299,377642857.78
1.7,300,377946624.3
1.7,301,358279193.55
1.7,302,346301878.3
1.7,303,302875587.85
1.7,304,340633870.59
1.7,305,347999941.26
1.7,306,291295155.96
1.7,307,391208753.11
1.7,308,351959915.13
1.7,309,292825187.36
1.7,310,321550728.67
1.7,311,290645249.35
1.7,312,302376633.88
1.7,313,359563779.82
1.7,314,252911161.33
1.7,315,370768916.54
1.7,316,356136100.82
1.7,317,233605752.07
1.7,318,336416720.49
1.7,319,296620538.54
1.7,320,305530072.83
1.7,321,333653262.77
1.7,322,384465266.45
1.7,323,356317907.26
1.7,324,311855222.34
1.7,325,303190023.55
1.7,326,369174235.66
1.7,327,326015185.01
1.7,328,300328260.68
1.7,329,246704968.03
1.7,330,385127873.97
1.7,331,362981496.77
1.7,332,395720411.87
1.7,333,367983211.57
1.7,334,345483601.45
1.7,335,326777832.68
1.7,336,361986250.22
1.7,337,341335802.02
1.7,338,346681101.12
1.7,339,305908663.29
1.7,340,321327115.46
1.7,341,375229014.82
1.7,342,372962110.33
1.7,343,358221843.23
1.7,344,326321762.71
1.7,345,310459179.32
1.7,346,348779187.75
1.7,347,318444846.58
1.7,348,331342703.4
1.7,349,246248148.37
1.7,350,385950929.38
1.7,351,393761472.71
1.7,352,234454522.15
1.7,353,281839716.39
1.7,354,253291523.74
1.7,355,348382199.59
1.7,356,332282920.52
1.7,357,314113620.92
1.7,358,398882193.93
1.7,359,319413987.72
1.7,360,334127018.13
1.7,361,328082238.23
1.7,362,363196836.93
1.7,363,350374010.68
1.7,364,388351770.3
1.7,365,354858431.34
1.7,366,226847824.0
1.7,367,366099012.16
1.7,368,374012768.81
1.7,369,368420989.39
1.7,370,387308992.75
1.7,371,377523204.96
1.7,372,369331307.92
1.7,373,360100284.56
1.7,374,301845811.76
1.7,375,391558982.84
1.7,376,281860840.79
1.7,377,328294081.47
1.7,378,338564437.01
1.7,379,323732701.63
1.7,380,314961682.0
1.7,381,332939409.4
1.7,382,351370079.12
1.7,383,387037899.11
1.7,384,374949820.7
1.7,385,311212321.49
1.7,386,210843220.45
1.7,387,279998419.81
1.7,388,262415329.36
1.7,389,301787297.95
1.7,390,346443516.47
1.7,391,307038620.34
1.7,392,225667917.65
1.7,393,156143423.5
1.7,394,279230782.39
1.7,395,250116539.02
1.7,396,305834211.97
1.7,397,253067639.5
1.7,398,283058313.98
1.7,399,348276111.96
1.7,400,322030083.91
1.7,401,187414078.48
1.7,402,323312391.47
1.7,403,333875755.39
1.7,404,316840626.14
1.7,405,283154355.25
1.7,406,393745149.43
1.7,407,239700728.31
1.7,408,391397077.17
1.7,409,357680123.9
1.7,410,259992096.4
1.7,411,387820338.63
1.7,412,373679510.82
1.7,413,330982528.85
1.7,414,385934993.61
1.7,415,345388080.82
1.7,416,307271909.47
1.7,417,342132506.64
1.7,418,287710928.95
1.7,419,277114882.9
1.7,420,240461613.88
1.7,421,323781109.11
1.7,422,349080597.17
1.7,423,325994140.36
1.7,424,391782507.56
1.7,425,375126407.26
1.7,426,340443016.73
1.7,427,315274465.56
1.7,428,369390468.88
1.7,429,247615385.91
1.7,430,378256212.25
1.7,431,345721970.82
1.7,432,316860473.42
1.7,433,284883014.72
1.7,434,268733518.0
1.7,435,325170570.57
1.7,436,334073880.76
1.7,437,322771966.05
1.7,438,366930402.22
1.7,439,379923916.67
1.7,440,374475495.13
1.7,441,263063248.57
1.7,442,225762842.18
1.7,443,288604902.95
1.7,444,335866057.33
1.7,445,236141737.45
1.7,446,225227632.0
1.7,447,370164456.24
1.7,448,233466147.06
1.7,449,346439784.37
1.7,450,369666993.67
1.7,451,332435815.53
1.7,452,358347461.86
1.7,453,326235670.39
1.7,454,310953804.96
1.7,455,293962786.85
1.7,456,317873486.22
1.7,457,360542191.38
1.7,458,319595182.11
1.7,459,311607116.15
1.7,460,286775320.66
1.7,461,338120199.49
1.7,462,391774072.26
1.7,463,249667346.04
1.7,464,276270927.1
1.7,465,383383148.67
1.7,466,227642163.73
1.7,467,293687661.45
1.7,468,356531099.23
1.7,469,336305188.38
1.7,470,304544668.66
1.7,471,321111223.97
1.7,472,364164135.89
1.7,473,278796466.89
1.7,474,220537617.44
1.7,475,368074337.76
1.7,476,326300072.98
1.7,477,341226642.74
1.7,478,368901713.81
1.7,479,278357314.92
1.7,480,391032124.05
1.7,481,393603131.37
1.7,482,395660080.79
1.7,483,350030163.61
1.7,484,278409763.46
1.7,485,353212465.31
1.7,486,394279792.17
1.7,487,317713476.59
1.7,488,347669265.33
1.7,489,339062637.17
1.7,490,301046405.77
1.7,491,344429955.29
1.7,492,350686554.71
1.7,493,337934170.51
1.7,494,330419450.24
1.7,495,338362887.8
1.7,496,282127560.94
1.7,497,325447265.03
1.7,498,322287758.93
1.7,499,282844027.66
1.8,0,381256190.46
1.8,1,327989132.67
1.8,2,345648654.14
1.8,3,271240770.48
1.8,4,287811793.06
1.8,5,365880757.91
1.8,6,237923541.72
1.8,7,248458419.13
1.8,8,222953449.4
1.8,9,364900928.6
1.8,10,173956626.87
1.8,11,387953528.64
1.8,12,325885850.57
1.8,13,391816228.01
1.8,14,327718691.85
1.8,15,393976064.98
1.8,16,358359668.1
1.8,17,365987853.33
1.8,18,336939841.66
1.8,19,318262896.51
1.8,20,290868365.02
1.8,21,340687519.18
1.8,22,318185398.87
1.8,23,307462770.25
1.8,24,344324822.4
1.8,25,248684154.28
1.8,26,292098759.93
1.8,27,381704162.92
1.8,28,360206590.17
1.8,29,357405696.26
1.8,30,376157860.14
1.8,31,365254483.21
1.8,32,379254775.99
1.8,33,334673656.63
1.8,34,325919268.2
1.8,35,366147486.67
1.8,36,358249249.23
1.8,37,352559198.77
1.8,38,353846534.72
1.8,39,341564585.37
1.8,40,375255901.1
1.8,41,342864150.95
1.8,42,334675995.88
1.8,43,381391087.25
1.8,44,284448898.56
1.8,45,327563730.23
1.8,46,355964468.1
1.8,47,320203777.84
1.8,48,354699672.81
1.8,49,331046154.05
1.8,50,344130852.96
1.8,51,232796993.87
1.8,52,376538228.08
1.8,53,316445317.57
1.8,54,340556347.44
1.8,55,243685615.23
1.8,56,384340367.89
1.8,57,341365545.2
1.8,58,245090004.18
1.8,59,344259765.95
1.8,60,384773294.17
1.8,61,277912280.67
1.8,62,348786122.84
1.8,63,294971780.04
1.8,64,188106870.39
1.8,65,386552727.77
1.8,66,344488230.6
1.8,67,343805902.89
1.8,68,355910034.02
1.8,69,299113076.18
1.8,70,352994510.54
1.8,71,339643912.19
1.8,72,167362267.52
1.8,73,354957413.16
1.8,74,331170664.13
1.8,75,391620920.14
1.8,76,331133868.51
1.8,77,337504393.15
1.8,78,384082528.27
1.8,79,351707147.34
1.8,80,324933191.81
1.8,81,254821079.53
1.8,82,257308579.32
1.8,83,343274006.13
1.8,84,329683430.13
1.8,85,314807103.23
1.8,86,313030520.79
1.8,87,329304676.32
1.8,88,383390986.57
1.8,89,387994367.96
1.8,90,191701620.94
1.8,91,340714560.96
1.8,92,393204939.32
1.8,93,345155079.98
1.8,94,356402980.15
1.8,95,376700185.45
1.8,96,281426076.33
1.8,97,379664188.38
1.8,98,379270829.62
1.8,99,282041185.04
1.8,100,371242669.87
1.8,101,331471321.68
1.8,102,355965761.02
1.8,103,383723999.33
1.8,104,334872539.32
1.8,105,358150025.07
1.8,106,330625647.69
1.8,107,287760446.74
1.8,108,273234383.01
1.8,109,376055263.58
1.8,110,358145948.79
1.8,111,250721655.2
1.8,112,329256204.81
1.8,113,390905705.15
1.8,114,259889326.77
1.8,115,238713902.23
1.8,116,322457232.68
1.8,117,242385480.29
1.8,118,354693158.62
1.8,119,323258307.16
1.8,120,256477108.66
1.8,121,364729612.53
1.8,122,354562104.09
1.8,123,388002960.16
1.8,124,236636732.62
1.8,125,332689827.14
1.8,126,386442033.94
1.8,127,228344085.42
1.8,128,384402442.0
1.8,129,366514546.94
1.8,130,374460931.27
1.8,131,336202731.85
1.8,132,362389492.74
1.8,133,235104317.97
1.8,134,332367337.17
1.8,135,306558243.87
1.8,136,353946780.77
1.8,137,265832916.71
1.8,138,341439760.74
1.8,139,329469335.45
1.8,140,394416773.59
1.8,141,285392684.38
1.8,142,392003756.02
1.8,143,242283695.85
1.8,144,289689630.73
1.8,145,278965177.68
1.8,146,326058664.66
1.8,147,260706624.27
1.8,148,286519087.86
1.8,149,289698908.03
1.8,150,277988273.76
1.8,151,254069944.09
1.8,152,370654600.62
1.8,153,273253788.94
1.8,154,369316425.04
1.8,155,293935621.71
1.8,156,318914037.0
1.8,157,245369292.35
1.8,158,369331274.12
1.8,159,357122894.11
1.8,160,392954830.51
1.8,161,353805129.3
1.8,162,370506167.11
1.8,163,315511697.01
1.8,164,388558668.47
1.8,165,335383742.33
1.8,166,350654751.94
1.8,167,377273729.51
1.8,168,332414753.76
1.8,169,340283099.2
1.8,170,323053138.6
1.8,171,294653367.61
1.8,172,389110976.95
1.8,173,386758404.06
1.8,174,243729316.55
1.8,175,298837791.29
1.8,176,383319676.97
1.8,177,346234853.35
1.8,178,375376209.5
1.8,179,269977671.01
1.8,180,337128912.78
1.8,181,362440313.64
1.8,182,193949203.48
1.8,183,326838883.49
1.8,184,299242991.72
1.8,185,343622143.98
1.8,186,389611570.03
1.8,187,263616733.99
1.8,188,244838937.67
1.8,189,387978073.76
1.8,190,324718966.87
1.8,191,253489005.12
1.8,192,232324861.76
1.8,193,282731319.38
1.8,194,308049195.08
1.8,195,363889662.13
1.8,196,255351823.0
1.8,197,313868514.75
1.8,198,339234550.77
1.8,199,387997707.02
1.8,200,240163656.52
1.8,201,348700137.91
1.8,202,365464103.79
1.8,203,309879537.87
1.8,204,358089969.53
1.8,205,287021075.82
1.8,206,244654032.73
1.8,207,367846364.86
1.8,208,289502491.95
1.8,209,331275520.14
1.8,210,378596865.97
1.8,211,343856694.23
1.8,212,365600758.71
1.8,213,386642583.63
1.8,214,308164302.76
1.8,215,355926127.75
1.8,216,268264920.16
1.8,217,335774671.13
1.8,218,392616771.1
1.8,219,374347220.31
1.8,220,314251566.16
1.8,221,329371271.72
1.8,222,342443694.16
1.8,223,325949254.25
1.8,224,343196767.91
1.8,225,345583500.22
1.8,226,383235576.13
1.8,227,338806320.8
1.8,228,307574831.18
1.8,229,399953136.51
1.8,230,303718875.94
1.8,231,343810785.75
1.8,232,283724705.89
1.8,233,347305966.18
1.8,234,249831178.29
1.8,235,294430465.29
1.8,236,295372113.25
1.8,237,236142139.1
1.8,238,290647560.66
1.8,239,325464047.6
1.8,240,282729068.45
1.8,241,304767518.62
1.8,242,283826192.78
1.8,243,395346887.12
1.8,244,283242304.79
1.8,245,318164300.4
1.8,246,299722454.02
1.8,247,304095235.13
1.8,248,298941974.46
1.8,249,311086352.9
1.8,250,272247342.7
1.8,251,355187232.75
1.8,252,334536205.52
1.8,253,394577210.9
1.8,254,362586405.7
1.8,255,263864190.41
1.8,256,323161958.43
1.8,257,339200165.73
1.8,258,353889253.45
1.8,259,315379425.12
1.8,260,330797563.12
1.8,261,357818914.78
1.8,262,270770413.56
1.8,263,366412526.44
1.8,264,317911727.0
1.8,265,397744750.71
1.8,266,358672023.9
1.8,267,310884978.64
1.8,268,281200734.96
1.8,269,352370319.5
1.8,270,281093606.14
1.8,271,327505440.17
1.8,272,352062022.32
1.8,273,318504712.09
1.8,274,240116473.77
1.8,275,350637583.92
1.8,276,268883017.37
1.8,277,249609262.01
1.8,278,293717223.63
1.8,279,303108450.44
1.8,280,372383912.28
1.8,281,322129887.09
1.8,282,270614280.91
1.8,283,271325867.96
1.8,284,264796824.81
1.8,285,315869869.14
1.8,286,341911668.68
1.8,287,309105195.16
1.8,288,349502457.43
1.8,289,252665714.47
1.8,290,269389736.29
1.8,291,300638360.12
1.8,292,317162452.55
1.8,293,306452626.31
1.8,294,336228700.28
1.8,295,368898463.45
1.8,296,345016354.94
1.8,297,261618691.77
1.8,298,276267432.46
1.8,299,352431865.08
1.8,300,353028505.59
1.8,301,309497242.2
1.8,302,364490292.99
1.8,303,376895536.38
1.8,304,342716053.22
1.8,305,341419245.91
1.8,306,367828931.31
1.8,307,197262083.14
1.8,308,353559377.52
1.8,309,357244588.56
1.8,310,255869441.38
1.8,311,325604272.71
1.8,312,279783322.91
1.8,313,394510970.82
1.8,314,329258648.14
1.8,315,321985377.83
1.8,316,297049767.27
1.8,317,367823060.55
1.8,318,357250669.82
1.8,319,394641013.15
1.8,320,384570799.9
1.8,321,360571160.87
1.8,322,332006474.09
1.8,323,296622396.15
1.8,324,337273687.78
1.8,325,371379824.56
1.8,326,314567995.74
1.8,327,351804690.02
1.8,328,327930300.05
1.8,329,393196429.63
1.8,330,263852363.26
1.8,331,246354783.45
1.8,332,288951081.58
1.8,333,389423915.1
1.8,334,276602013.92
1.8,335,300209476.92
1.8,336,255819348.34
1.8,337,192269650.31
1.8,338,359104415.47
1.8,339,361323900.81
1.8,340,328229927.08
1.8,341,300369485.11
1.8,342,204837887.08
1.8,343,366058530.08
1.8,344,325206924.36
1.8,345,370737111.17
1.8,346,331805819.15
1.8,347,310048257.11
1.8,348,238446577.03
1.8,349,394694241.3
1.8,350,282591015.43
1.8,351,251132607.46
1.8,352,381919946.62
1.8,353,360208655.93
1.8,354,298502137.26
1.8,355,379298400.2
1.8,356,369235635.71
1.8,357,303749268.46
1.8,358,166939602.24
1.8,359,229416606.2
1.8,360,332846357.19
1.8,361,311521963.71
1.8,362,316037029.63
1.8,363,222023448.68
1.8,364,360153654.21
1.8,365,348378263.23
1.8,366,249651780.64
1.8,367,327363817.53
1.8,368,334265580.31
1.8,369,208869352.16
1.8,370,374759751.59
1.8,371,383399174.66
1.8,372,329490632.03
1.8,373,245046593.83
1.8,374,279038626.82
1.8,375,268557038.59
1.8,376,297402030.96
1.8,377,396285393.67
1.8,378,385829725.72
1.8,379,321216636.69
1.8,380,361200639.77
1.8,381,344211622.25
1.8,382,317440396.08
1.8,383,290808934.9
1.8,384,272973770.39
1.8,385,352271255.1
1.8,386,379453607.38
1.8,387,315442972.54
1.8,388,257263377.65
1.8,389,369545428.35
1.8,390,343216120.46
1.8,391,345175389.27
1.8,392,357579677.42
1.8,393,295902966.33
1.8,394,391855224.77
1.8,395,310250129.11
1.8,396,304578943.91
1.8,397,366539447.32
1.8,398,364771521.48
1.8,399,313241951.05
1.8,400,368187463.7
1.8,401,269808338.33
1.8,402,362178089.28
1.8,403,334141326.12
1.8,404,382746283.1
1.8,405,306158895.89
1.8,406,365918941.97
1.8,407,388618084.66
1.8,408,377436948.65
1.8,409,254446503.73
1.8,410,340350779.15
1.8,411,327772833.17
1.8,412,246381400.42
1.8,413,342821653.57
1.8,414,338185611.01
1.8,415,365014078.68
1.8,416,356986282.15
1.8,417,256272927.56
1.8,418,300102255.57
1.8,419,376450700.65
1.8,420,397131393.51
1.8,421,341437231.86
1.8,422,336533277.69
1.8,423,323854951.15
1.8,424,341682211.03
1.8,425,388123687.43
1.8,426,311692209.84
1.8,427,272845334.21
1.8,428,329139150.73
1.8,429,305482790.34
1.8,430,324501943.74
1.8,431,313718774.11
1.8,432,376651152.75
1.8,433,318225373.11
1.8,434,305491451.83
1.8,435,342407201.69
1.8,436,261205368.27
1.8,437,348285991.87
1.8,438,337276469.25
1.8,439,277585107.19
1.8,440,387674548.52
1.8,441,324525131.78
1.8,442,334184732.37
1.8,443,307651511.58
1.8,444,384051491.49
1.8,445,378897580.5
1.8,446,319435100.81
1.8,447,347133989.31
1.8,448,343349587.28
1.8,449,291706278.62
1.8,450,238764819.63
1.8,451,292477397.82
1.8,452,371152577.06
1.8,453,309675690.64
1.8,454,333610274.95
1.8,455,335785981.6
1.8,456,376853647.02
1.8,457,374657056.31
1.8,458,314744679.15
1.8,459,262060153.37
1.8,460,383526509.78
1.8,461,370297541.74
1.8,462,329077850.61
1.8,463,321523216.15
1.8,464,321508806.81
1.8,465,312623098.76
1.8,466,277399721.79
1.8,467,363137789.6
1.8,468,387814217.11
1.8,469,298941703.42
1.8,470,267464180.26
1.8,471,342442033.57
1.8,472,340762295.39
1.8,473,247088895.76
1.8,474,373982504.98
1.8,475,366680619.89
1.8,476,309933392.32
1.8,477,367718751.44
1.8,478,339046938.91
1.8,479,396236640.72
1.8,480,391712909.04
1.8,481,325031347.15
1.8,482,352129458.41
1.8,483,375314855.64
1.8,484,312543269.82
1.8,485,289791398.44
1.8,486,345749630.79
1.8,487,327198571.6
1.8,488,398981427.47
1.8,489,306816791.98
1.8,490,261998366.48
1.8,491,352512066.62
1.8,492,316378495.85
1.8,493,370047405.09
1.8,494,361233680.26
1.8,495,388599248.93
1.8,496,388808520.74
1.8,497,354200518.36
1.8,498,350929107.16
1.8,499,366479664.66
1.9,0,360755370.89
1.9,1,268901418.31
1.9,2,372155150.47
1.9,3,387847052.86
1.9,4,300049852.16
1.9,5,295358108.18
1.9,6,313803507.51
1.9,7,373358276.46
1.9,8,334691019.26
1.9,9,302339000.07
1.9,10,340790944.77
1.9,11,331662446.11
1.9,12,357087295.62
1.9,13,378608821.88
1.9,14,289278694.52
1.9,15,307905609.69
1.9,16,336148679.34
1.9,17,371395196.78
1.9,18,299868846.5
1.9,19,291359270.68
1.9,20,316037363.3
1.9,21,368756491.69
1.9,22,281648642.67
1.9,23,216019501.78
1.9,24,291223097.67
1.9,25,285890548.2
1.9,26,369308887.05
1.9,27,384882211.64
1.9,28,265584450.68
1.9,29,366880633.21
1.9,30,335231250.63
1.9,31,225676361.42
1.9,32,388094979.35
1.9,33,358942724.4
1.9,34,355950776.99
1.9,35,247565490.97
1.9,36,322142801.65
1.9,37,381153838.91
1.9,38,275097804.77
1.9,39,305261604.03
1.9,40,344748351.61
1.9,41,307981414.85
1.9,42,303655985.16
1.9,43,369511936.65
1.9,44,282653423.66
1.9,45,330012513.71
1.9,46,280514733.79
1.9,47,303863224.44
1.9,48,385207264.18
1.9,49,321034039.48
1.9,50,288976056.78
1.9,51,252658170.21
1.9,52,387382138.52
1.9,53,332834558.17
1.9,54,357841655.03
1.9,55,219898753.99
1.9,56,383940029.04
1.9,57,288377180.11
1.9,58,379445359.81
1.9,59,377923341.16
1.9,60,352394691.88
1.9,61,264699298.05
1.9,62,373458149.81
1.9,63,318948536.33
1.9,64,345238193.19
1.9,65,358296946.91
1.9,66,275053051.01
1.9,67,330131258.4
1.9,68,363053225.66
1.9,69,289410493.92
1.9,70,260464611.22
1.9,71,361745555.39
1.9,72,246868355.62
1.9,73,299633391.95
1.9,74,315586411.03
1.9,75,358110093.4
1.9,76,367663611.89
1.9,77,375565245.19
1.9,78,373741005.38
1.9,79,346150634.23
1.9,80,376688918.14
1.9,81,281326139.3
1.9,82,396399091.8
1.9,83,384921647.79
1.9,84,379751986.52
1.9,85,360006897.39
1.9,86,322232250.65
1.9,87,357663107.19
1.9,88,363391039.41
1.9,89,316765256.04
1.9,90,279852078.67
1.9,91,335721722.94
1.9,92,348014163.48
1.9,93,354174227.87
1.9,94,371065413.15
1.9,95,373412376.3
1.9,96,386224966.12
1.9,97,333570158.48
1.9,98,389639690.07
1.9,99,336830986.86
1.9,100,335308390.12
1.9,101,347302985.64
1.9,102,303203982.46
1.9,103,297899365.94
1.9,104,349554787.66
1.9,105,336820464.82
1.9,106,308642490.78
1.9,107,328294954.43
1.9,108,303411384.8
1.9,109,350929677.39
1.9,110,309378711.06
1.9,111,235998644.25
1.9,112,376482317.98
1.9,113,216291396.29
1.9,114,382895019.49
1.9,115,312154742.59
1.9,116,185327399.09
1.9,117,310428740.62
1.9,118,352427704.07
1.9,119,273947176.24
1.9,120,394899595.3
1.9,121,296277485.11
1.9,122,314718066.45
1.9,123,397752427.9
1.9,124,335978033.71
1.9,125,220924483.19
1.9,126,291898541.76
1.9,127,367360512.39
1.9,128,295336592.18
1.9,129,386087452.27
1.9,130,277485069.11
1.9,131,271087261.71
1.9,132,309746686.34
1.9,133,336824641.66
1.9,134,354974366.3
1.9,135,345797871.25
1.9,136,336746119.45
1.9,137,344754041.41
1.9,138,309597113.35
1.9,139,243190302.16
1.9,140,351970976.52
1.9,141,154684862.74
1.9,142,352508326.5
1.9,143,377113005.74
1.9,144,300217451.02
1.9,145,391410858.68
1.9,146,311359653.68
1.9,147,374540594.49
1.9,148,354956062.33
1.9,149,306582227.91
1.9,150,348360189.49
1.9,151,255278981.94
1.9,152,395993265.24
1.9,153,281437107.45
1.9,154,285436437.13
1.9,155,356728373.61
1.9,156,305928336.83
1.9,157,253737277.91
1.9,158,287910448.62
1.9,159,317303889.49
1.9,160,332083067.76
1.9,161,374086840.63
1.9,162,390607857.17
1.9,163,360332245.0
1.9,164,360258773.64
1.9,165,318124470.7
1.9,166,370274517.1
1.9,167,298637279.1
1.9,168,237854214.57
1.9,169,330026590.74
1.9,170,362264669.89
1.9,171,390353051.82
1.9,172,331673702.74
1.9,173,328441520.31
1.9,174,361453375.31
1.9,175,279572185.35
1.9,176,322326222.21
1.9,177,388683851.36
1.9,178,380996941.06
1.9,179,353712752.29
1.9,180,370167782.25
1.9,181,342458727.75
1.9,182,365764496.15
1.9,183,328158794.17
1.9,184,292040712.34
1.9,185,298370528.95
1.9,186,342047928.01
1.9,187,274759009.01
1.9,188,333938560.57
1.9,189,281527099.94
1.9,190,338427051.76
1.9,191,164196857.24
1.9,192,278250859.16
1.9,193,271320793.72
1.9,194,312071910.53
1.9,195,331011932.48
1.9,196,304585877.16
1.9,197,324615029.09
1.9,198,362889684.66
1.9,199,360283230.08
1.9,200,383002728.3
1.9,201,396675947.55
1.9,202,339635772.24
1.9,203,330747979.08
1.9,204,306367481.85
1.9,205,242147764.41
1.9,206,343346251.83
1.9,207,370066871.02
1.9,208,256797590.36
1.9,209,328839996.88
1.9,210,296664905.15
1.9,211,333135367.99
1.9,212,305010464.24
1.9,213,356218404.42
1.9,214,341271757.87
1.9,215,328658742.4
1.9,216,360672079.47
1.9,217,196072134.61
1.9,218,329492468.87
1.9,219,301230779.69
1.9,220,222983569.92
1.9,221,316955063.03
1.9,222,294767160.62
1.9,223,350610316.15
1.9,224,281336775.49
1.9,225,350622202.84
1.9,226,287137601.53
1.9,227,321580679.66
1.9,228,298954294.13
1.9,229,168234322.39
1.9,230,253298609.67
1.9,231,253872019.66
1.9,232,383773353.23
1.9,233,307102104.22
1.9,234,247149304.61
1.9,235,322513000.07
1.9,236,227547466.29
1.9,237,307904766.47
1.9,238,318798070.97
1.9,239,352067826.96
1.9,240,330007738.21
1.9,241,285497927.85
1.9,242,253838333.7
1.9,243,323028388.53
1.9,244,378070907.04
1.9,245,332289212.41
1.9,246,325238740.49
1.9,247,297244259.83
1.9,248,357972731.64
1.9,249,362235183.45
1.9,250,287363889.12
1.9,251,386427393.48
1.9,252,236495070.87
1.9,253,240312354.5
1.9,254,354327479.09
1.9,255,334407303.5
1.9,256,240671228.44
1.9,257,325855202.72
1.9,258,330038393.64
1.9,259,304244783.98
1.9,260,311217188.79
1.9,261,344958419.84
1.9,262,281828910.16
1.9,263,287940042.79
1.9,264,312365261.26
1.9,265,337592493.07
1.9,266,278403077.89
1.9,267,354865597.43
1.9,268,239278271.51
1.9,269,379850872.83
1.9,270,257167491.52
1.9,271,356143863.1
1.9,272,380740817.25
1.9,273,328354062.22
1.9,274,257306071.74
1.9,275,389446496.72
1.9,276,362410232.23
1.9,277,359501997.15
1.9,278,350233698.12
1.9,279,329267011.67
1.9,280,372038664.99
1.9,281,266032555.21
1.9,282,345919783.51
1.9,283,350599688.67
1.9,284,345938144.37
1.9,285,227758374.48
1.9,286,352349580.56
1.9,287,340941080.79
1.9,288,335339008.78
1.9,289,314412083.46
1.9,290,236086912.62
1.9,291,387683500.17
1.9,292,308755102.42
1.9,293,230389475.49
1.9,294,391191578.69
1.9,295,365773589.94
1.9,296,297810232.76
1.9,297,324793888.95
1.9,298,346256051.72
1.9,299,383988373.03
1.9,300,375508442.71
1.9,301,308197160.69
1.9,302,282186084.58
1.9,303,220176435.95
1.9,304,335889889.89
1.9,305,351603472.97
1.9,306,233950597.3
1.9,307,289068175.64
1.9,308,247037784.67
1.9,309,326205905.85
1.9,310,364139646.51
1.9,311,377400789.38
1.9,312,244929394.89
1.9,313,314252419.28
1.9,314,328435287.85
1.9,315,326443239.93
1.9,316,302402332.54
1.9,317,284143720.85
1.9,318,256744369.26
1.9,319,382077427.31
1.9,320,290770859.1
1.9,321,378190373.39
1.9,322,389662748.97
1.9,323,263649327.96
1.9,324,394543568.56
1.9,325,318104107.32
1.9,326,368594276.45
1.9,327,163621073.43
1.9,328,296747466.51
1.9,329,331066033.16
1.9,330,310907920.33
1.9,331,378814708.87
1.9,332,360235166.22
1.9,333,377025775.51
1.9,334,256308452.97
1.9,335,368468609.08
1.9,336,320778358.0
1.9,337,292474358.79
1.9,338,364292891.95
1.9,339,319446420.67
1.9,340,370132537.08
1.9,341,346719742.85
1.9,342,258447621.53
1.9,343,302644984.87
1.9,344,349524306.07
1.9,345,313808677.11
1.9,346,289788146.9
1.9,347,361954422.18
1.9,348,244181124.49
1.9,349,331856669.21
1.9,350,395024651.57
1.9,351,364082774.45
1.9,352,379771049.51
1.9,353,331620071.55
1.9,354,239552097.9
1.9,355,372125185.19
1.9,356,184243412.58
1.9,357,232508539.59
1.9,358,306707836.38
1.9,359,359550735.75
1.9,360,318879230.26
1.9,361,322396007.56
1.9,362,325425750.56
1.9,363,278644801.0
1.9,364,333901027.59
1.9,365,355267388.27
1.9,366,336142790.58
1.9,367,362033423.02
1.9,368,316067174.65
1.9,369,336877716.66
1.9,370,332362895.45
1.9,371,277610371.96
1.9,372,307947531.69
1.9,373,384326181.69
1.9,374,366619667.95
1.9,375,320859499.32
1.9,376,276888024.14
1.9,377,320275147.37
1.9,378,214450382.43
1.9,379,279839003.67
1.9,380,322692228.14
1.9,381,370249014.48
1.9,382,314542921.3
1.9,383,299465540.33
1.9,384,366134800.87
1.9,385,268703775.1
1.9,386,359993987.36
1.9,387,357193690.27
1.9,388,368407696.84
1.9,389,376461245.06
1.9,390,320647855.22
1.9,391,285391303.81
1.9,392,301857338.22
1.9,393,352883264.3
1.9,394,295444636.65
1.9,395,365667031.75
1.9,396,356183708.53
1.9,397,297465770.52
1.9,398,357838444.98
1.9,399,217917849.85
1.9,400,271742943.22
1.9,401,376165446.89
1.9,402,378580677.84
1.9,403,329978036.16
1.9,404,388330645.3
1.9,405,244883968.09
1.9,406,333712838.39
1.9,407,215864785.86
1.9,408,381880440.64
1.9,409,306757739.3
1.9,410,384249340.14
1.9,411,282724828.55
1.9,412,274002884.67
1.9,413,346175494.63
1.9,414,333302655.71
1.9,415,392290440.5
1.9,416,283182509.99
1.9,417,309878977.1
1.9,418,387430191.77
1.9,419,391957711.39
1.9,420,346354072.98
1.9,421,276773957.03
1.9,422,292062779.51
1.9,423,209297197.76
1.9,424,350915085.98
1.9,425,345343132.61
1.9,426,296456032.03
1.9,427,357941513.32
1.9,428,282816956.77
1.9,429,313203577.98
1.9,430,381316948.35
1.9,431,233691532.95
1.9,432,305366448.12
1.9,433,236316498.87
1.9,434,351144590.06
1.9,435,323371044.2
1.9,436,332221524.88
1.9,437,216988917.51
1.9,438,336269453.92
1.9,439,385651748.97
1.9,440,341505566.54
1.9,441,274510081.11
1.9,442,303667434.79
1.9,443,255913081.78
1.9,444,301042563.49
1.9,445,213573516.27
1.9,446,283474243.09
1.9,447,347883941.24
1.9,448,293991847.54
1.9,449,305735461.38
1.9,450,308654845.12
1.9,451,358363161.8
1.9,452,296721451.87
1.9,453,306788484.52
1.9,454,308011268.47
1.9,455,359297674.22
1.9,456,271721337.49
1.9,457,309691335.49
1.9,458,397860738.1
1.9,459,323491645.2
1.9,460,303679189.89
1.9,461,333811442.33
1.9,462,230122804.71
1.9,463,333148721.53
1.9,464,387287731.74
1.9,465,383376127.03
1.9,466,313360627.05
1.9,467,325033079.41
1.9,468,335101213.78
1.9,469,333270078.74
1.9,470,331150456.41
1.9,471,302436092.71
1.9,472,374590389.18
1.9,473,363838880.75
1.9,474,355188304.11
1.9,475,368877225.18
1.9,476,389936612.32
1.9,477,364338046.03
1.9,478,302624309.27
1.9,479,386653194.3
1.9,480,344175197.19
1.9,481,384516195.71
1.9,482,380016299.81
1.9,483,351154448.37
1.9,484,303115123.99
1.9,485,285305112.5
1.9,486,349666746.77
1.9,487,363979078.05
1.9,488,278906984.18
1.9,489,348395747.9
1.9,490,284862528.01
1.9,491,354360477.77
1.9,492,279710409.81
1.9,493,360754577.03
1.9,494,328761797.58
1.9,495,382564211.22
1.9,496,262547229.41
1.9,497,265228765.04
1.9,498,291846245.36
1.9,499,304449508.55
2.0,0,358823783.56
2.0,1,271894490.9
2.0,2,368649864.54
2.0,3,306644328.24
2.0,4,304938811.11
2.0,5,362953125.57
2.0,6,295336508.08
2.0,7,356959528.94
2.0,8,318612668.56
2.0,9,312217602.1
2.0,10,376946570.78
2.0,11,306891528.05
2.0,12,399175606.53
2.0,13,244503518.08
2.0,14,362728419.56
2.0,15,317715323.92
2.0,16,380618545.76
2.0,17,330995078.46
2.0,18,269912241.62
2.0,19,278558185.01
2.0,20,312389097.3
2.0,21,279478719.75
2.0,22,393400209.99
2.0,23,253478319.15
2.0,24,317034919.08
2.0,25,360778811.81
2.0,26,369914896.5
2.0,27,270766190.57
2.0,28,354846560.66
2.0,29,318334503.17
2.0,30,342775939.33
2.0,31,344668367.76
2.0,32,364247904.44
2.0,33,295690208.17
2.0,34,279863870.32
2.0,35,372479444.41
2.0,36,364530539.15
2.0,37,377974089.86
2.0,38,374051494.95
2.0,39,395940991.43
2.0,40,339222025.85
2.0,41,273354406.93
2.0,42,382667759.31
2.0,43,294583150.11
2.0,44,344262126.14
2.0,45,327192321.55
2.0,46,354922480.69
2.0,47,300524322.65
2.0,48,280222703.62
2.0,49,366429969.53
2.0,50,248499356.71
2.0,51,310476400.3
2.0,52,337031737.48
2.0,53,296831254.17
2.0,54,383727292.09
2.0,55,349182067.94
2.0,56,376259444.33
2.0,57,279626863.59
2.0,58,352333330.9
2.0,59,373182462.17
2.0,60,358718225.74
2.0,61,297975925.88
2.0,62,225929144.87
2.0,63,297634483.09
2.0,64,373577096.59
2.0,65,365916636.14
2.0,66,373767838.74
2.0,67,264891417.2
2.0,68,258890251.42
2.0,69,356862278.95
2.0,70,285308481.71
2.0,71,384869122.9
2.0,72,368851098.55
2.0,73,218405207.02
2.0,74,310136684.58
2.0,75,318211425.93
2.0,76,291124409.87
2.0,77,337105611.26
2.0,78,327160768.44
2.0,79,292621492.3
2.0,80,283706235.89
2.0,81,386748523.13
2.0,82,215159915.91
2.0,83,232946379.88
2.0,84,280716150.11
2.0,85,382951233.53
2.0,86,294050889.09
2.0,87,326800366.61
2.0,88,260284523.4
2.0,89,242636869.9
2.0,90,279150071.6
2.0,91,346597314.39
2.0,92,324779756.43
2.0,93,282848043.12
2.0,94,367621791.69
2.0,95,269472696.22
2.0,96,269623522.33
2.0,97,382107057.64
2.0,98,359398085.34
2.0,99,300732950.34
2.0,100,245229861.28
2.0,101,388650588.81
2.0,102,342609596.98
2.0,103,326322556.17
2.0,104,323773979.37
2.0,105,331168384.44
2.0,106,375623073.4
2.0,107,389890743.88
2.0,108,371888296.91
2.0,109,381520831.87
2.0,110,367927538.81
2.0,111,264863553.05
2.0,112,360441108.48
2.0,113,346516585.44
2.0,114,282765200.49
2.0,115,347044496.73
2.0,116,322962755.62
2.0,117,321832323.9
2.0,118,223118868.16
2.0,119,242297388.92
2.0,120,280053012.1
2.0,121,198222716.59
2.0,122,296681772.68
2.0,123,288816305.8
2.0,124,327415016.61
2.0,125,328142790.9
2.0,126,303797125.94
2.0,127,349632942.59
2.0,128,391932380.86
2.0,129,333608496.42
2.0,130,382259199.19
2.0,131,351987425.58
2.0,132,334831258.5
2.0,133,274872036.76
2.0,134,269379214.71
2.0,135,273742387.71
2.0,136,267376688.0
2.0,137,323915647.69
2.0,138,294464243.43
2.0,139,343623792.71
2.0,140,319759488.42
2.0,141,352062152.54
2.0,142,349575509.64
2.0,143,270647155.66
2.0,144,288522661.71
2.0,145,377374975.56
2.0,146,387613340.61
2.0,147,289206488.23
2.0,148,365251014.78
2.0,149,233173125.48
2.0,150,367661745.83
2.0,151,377451683.35
2.0,152,332877485.96
2.0,153,322989647.97
2.0,154,374733391.69
2.0,155,390812706.23
2.0,156,359148897.62
2.0,157,205369519.56
2.0,158,310276383.8
2.0,159,392438519.53
2.0,160,334166699.46
2.0,161,240191320.71
2.0,162,364371070.98
2.0,163,383876348.98
2.0,164,253111852.18
2.0,165,351542700.24
2.0,166,285007524.61
2.0,167,368100771.75
2.0,168,376377397.04
2.0,169,302532655.93
2.0,170,379050369.79
2.0,171,233574603.35
2.0,172,291251622.04
2.0,173,365121137.73
2.0,174,259664779.46
2.0,175,361655618.01
2.0,176,245306701.68
2.0,177,390158831.09
2.0,178,225600075.81
2.0,179,386591533.41
2.0,180,378969193.21
2.0,181,380090659.49
2.0,182,380956562.49
2.0,183,262337004.21
2.0,184,331460379.73
2.0,185,375300170.52
2.0,186,302644945.57
2.0,187,381046949.59
2.0,188,371865760.68
2.0,189,280971708.84
2.0,190,364464226.92
2.0,191,367494275.45
2.0,192,264117387.8
2.0,193,375131766.31
2.0,194,360847402.06
2.0,195,347129103.41
2.0,196,263621730.09
2.0,197,312640582.47
2.0,198,353334493.06
2.0,199,321253665.96
2.0,200,365847405.48
2.0,201,302996090.82
2.0,202,337117881.24
2.0,203,221862222.46
2.0,204,326616959.79
2.0,205,340889355.11
2.0,206,371265937.3
2.0,207,350288128.91
2.0,208,360309087.51
2.0,209,267707556.32
2.0,210,235492073.9
2.0,211,363671431.34
2.0,212,198428028.9
2.0,213,374836526.93
2.0,214,304852618.54
2.0,215,380956164.78
2.0,216,292522800.56
2.0,217,367497994.57
2.0,218,237029868.0
2.0,219,286415531.84
2.0,220,376108784.63
2.0,221,351981829.73
2.0,222,285883478.08
2.0,223,299413673.28
2.0,224,375142470.37
2.0,225,349836311.82
2.0,226,279508248.09
2.0,227,343578418.2
2.0,228,343790367.68
2.0,229,342546361.59
2.0,230,343500720.84
2.0,231,385951925.12
2.0,232,279331741.68
2.0,233,285919903.62
2.0,234,265175085.57
2.0,235,227647560.45
2.0,236,395028870.35
2.0,237,346786800.27
2.0,238,356319438.43
2.0,239,325709182.15
2.0,240,332775873.75
2.0,241,383415530.33
2.0,242,352497871.3
2.0,243,336960417.12
2.0,244,340757098.26
2.0,245,300957448.95
2.0,246,308040306.42
2.0,247,287058465.53
2.0,248,269604311.44
2.0,249,354109899.94
2.0,250,302337604.7
2.0,251,322527090.07
2.0,252,332189509.63
2.0,253,236041198.43
2.0,254,357605273.47
2.0,255,366351746.78
2.0,256,267132626.37
2.0,257,353583546.63
2.0,258,270607331.29
2.0,259,339131006.06
2.0,260,324828713.0
2.0,261,282354286.73
2.0,262,382496421.12
2.0,263,341157298.66
2.0,264,245675532.6
2.0,265,213332813.63
2.0,266,307387869.62
2.0,267,305131585.0
2.0,268,241809043.7
2.0,269,275398743.48
2.0,270,364751218.54
2.0,271,362444046.57
2.0,272,252361625.12
2.0,273,371544488.68
2.0,274,329914769.47
2.0,275,276539232.32
2.0,276,311920948.63
2.0,277,332939466.48
2.0,278,257344937.47
2.0,279,300394048.14
2.0,280,233490967.73
2.0,281,386728355.47
2.0,282,333251598.8
2.0,283,315059779.91
2.0,284,368988166.59
2.0,285,307141549.17
2.0,286,325231137.64
2.0,287,325748369.61
2.0,288,300824837.29
2.0,289,374535637.2
2.0,290,364727031.85
2.0,291,365295926.36
2.0,292,271419676.75
2.0,293,262674524.45
2.0,294,378550612.27
2.0,295,270971508.54
2.0,296,380896212.14
2.0,297,241572151.94
2.0,298,307499294.84
2.0,299,239716061.23
2.0,300,363690370.81
2.0,301,383638521.48
2.0,302,374833546.64
2.0,303,265374573.17
2.0,304,359789157.46
2.0,305,373637665.03
2.0,306,340985882.02
2.0,307,278575581.48
2.0,308,268958671.62
2.0,309,363841095.36
2.0,310,239947938.99
2.0,311,342597000.15
2.0,312,370582682.95
2.0,313,357223210.48
2.0,314,379598659.34
2.0,315,294050206.97
2.0,316,370519542.1
2.0,317,337073521.77
2.0,318,215382125.16
2.0,319,382044301.4
2.0,320,188701594.11
2.0,321,283918559.45
2.0,322,298477276.29
2.0,323,345163794.2
2.0,324,282171689.77
2.0,325,357601851.81
2.0,326,279670311.58
2.0,327,360512522.25
2.0,328,380624645.08
2.0,329,269615840.93
2.0,330,340796560.35
2.0,331,268380770.61
2.0,332,324313087.51
2.0,333,385811710.1
2.0,334,288329283.11
2.0,335,370611183.47
2.0,336,381196435.9
2.0,337,388356078.0
2.0,338,381260399.55
2.0,339,302284386.99
2.0,340,239424522.55
2.0,341,349563446.81
2.0,342,377112598.55
2.0,343,367998360.09
2.0,344,301177641.37
2.0,345,373770577.01
2.0,346,331434786.4
2.0,347,292535825.12
2.0,348,272480218.26
2.0,349,266406284.49
2.0,350,205919363.02
2.0,351,369216591.86
2.0,352,345787795.19
2.0,353,349311398.46
2.0,354,312985943.64
2.0,355,323356773.73
2.0,356,215512927.65
2.0,357,327111949.42
2.0,358,364296880.02
2.0,359,161311301.86
2.0,360,338671528.9
2.0,361,336311499.37
2.0,362,339471435.81
2.0,363,361462137.76
2.0,364,199833684.78
2.0,365,387981632.03
2.0,366,305287305.96
2.0,367,275818300.31
2.0,368,334752802.35
2.0,369,257559152.67
2.0,370,352004347.67
2.0,371,314724141.4
2.0,372,393888349.52
2.0,373,269550387.18
2.0,374,280032080.93
2.0,375,302781541.85
2.0,376,349870308.1
2.0,377,367359977.22
2.0,378,340501095.45
2.0,379,350975522.9
2.0,380,322115976.43
2.0,381,284197544.21
2.0,382,302624961.19
2.0,383,359625497.2
2.0,384,321714945.72
2.0,385,374521477.48
2.0,386,260440871.09
2.0,387,295553442.6
2.0,388,352055458.72
2.0,389,314699996.43
2.0,390,266546025.42
2.0,391,301320347.51
2.0,392,357980992.5
2.0,393,280926400.04
2.0,394,389852761.37
2.0,395,314935596.28
2.0,396,340273414.49
2.0,397,316340940.27
2.0,398,368327492.58
2.0,399,342886091.06
2.0,400,349756788.62
2.0,401,334147353.84
2.0,402,357583550.32
2.0,403,223992006.41
2.0,404,362966152.59
2.0,405,328905336.14
2.0,406,352387496.24
2.0,407,340358232.55
2.0,408,218517232.77
2.0,409,289124815.81
2.0,410,347992951.46
2.0,411,359097971.13
2.0,412,309242162.83
2.0,413,366805525.9
2.0,414,353621777.07
2.0,415,304302859.42
2.0,416,264216298.82
2.0,417,328721403.68
2.0,418,357734828.16
2.0,419,381146281.7
2.0,420,312683696.41
2.0,421,337005649.05
2.0,422,372887788.53
2.0,423,310259094.78
2.0,424,354975348.53
2.0,425,367123521.35
2.0,426,345034470.3
2.0,427,367387697.9
2.0,428,269373852.48
2.0,429,345949370.86
2.0,430,281741703.78
2.0,431,332700198.73
2.0,432,378545126.73
2.0,433,288487429.95
2.0,434,372928762.93
2.0,435,239867891.45
2.0,436,302011916.66
2.0,437,282724059.58
2.0,438,393365425.71
2.0,439,393597093.09
2.0,440,273928914.7
2.0,441,328731798.09
2.0,442,370009687.07
2.0,443,341505628.27
2.0,444,387835375.43
2.0,445,381927544.62
2.0,446,323028393.59
2.0,447,308537855.06
2.0,448,362153504.76
2.0,449,291815785.53
2.0,450,269428089.08
2.0,451,248533462.39
2.0,452,242314225.15
2.0,453,339520180.18
2.0,454,293635526.9
2.0,455,258696221.27
2.0,456,296736227.32
2.0,457,275950338.6
2.0,458,354973866.62
2.0,459,378615222.52
2.0,460,298014839.45
2.0,461,310949482.95
2.0,462,327705403.81
2.0,463,256691834.06
2.0,464,346548696.72
2.0,465,335210798.87
2.0,466,314174110.22
2.0,467,269811294.11
2.0,468,385216318.53
2.0,469,341684364.56
2.0,470,333007281.06
2.0,471,290612699.64
2.0,472,266447716.38
2.0,473,349384979.88
2.0,474,329224426.91
2.0,475,348252731.6
2.0,476,252904503.3
2.0,477,378934465.04
2.0,478,286179719.08
2.0,479,328635111.27
2.0,480,379828882.21
2.0,481,377071150.13
2.0,482,383344128.74
2.0,483,313059117.52
2.0,484,287367349.59
2.0,485,307378660.79
2.0,486,372612586.86
2.0,487,379190174.82
2.0,488,307858371.09
2.0,489,380831252.91
2.0,490,382447343.44
2.0,491,178012688.99
2.0,492,339018490.31
2.0,493,294552853.29
2.0,494,307085500.89
2.0,495,219119790.53
2.0,496,281809019.43
2.0,497,261659431.37
2.0,498,314262995.78
2.0,499,314122532.47
