delta_s,block_num,winning_bid
0.0,0,345413388.94
0.0,1,284537028.6
0.0,2,358118622.78
0.0,3,329141615.94
0.0,4,397861656.22
0.0,5,366563788.17
0.0,6,364669210.12
0.0,7,350185750.73
0.0,8,384006929.01
0.0,9,359567165.95
0.0,10,385253230.13
0.0,11,341317343.79
0.0,12,350352328.42
0.0,13,394731041.96
0.0,14,386454586.95
0.0,15,395341572.04
0.0,16,394798809.94
0.0,17,398626441.12
0.0,18,379228646.16
0.0,19,365735185.66
0.0,20,366932271.88
0.0,21,318367174.2
0.0,22,399489497.3
0.0,23,300989475.61
0.0,24,379095202.04
0.0,25,355603557.57
0.0,26,396220776.2
0.0,27,389294941.46
0.0,28,384714713.78
0.0,29,371875636.82
0.0,30,393509975.67
0.0,31,394756277.27
0.0,32,382666781.41
0.0,33,387131393.14
0.0,34,366231241.27
0.0,35,373424930.05
0.0,36,379807999.95
0.0,37,386636400.44
0.0,38,386910781.45
0.0,39,367198807.04
0.0,40,369594371.52
0.0,41,395279899.83
0.0,42,395579125.08
0.0,43,372129993.13
0.0,44,355020672.45
0.0,45,389268558.91
0.0,46,396025207.22
0.0,47,376870443.81
0.0,48,389568235.73
0.0,49,395816126.94
0.0,50,386056628.13
0.0,51,367523705.34
0.0,52,394902736.91
0.0,53,391052558.37
0.0,54,397587583.03
0.0,55,342968930.44
0.0,56,396216206.73
0.0,57,389928584.18
0.0,58,372286746.22
0.0,59,359133521.94
0.0,60,396438698.09
0.0,61,392061491.71
0.0,62,398935691.37
0.0,63,393130397.05
0.0,64,397037570.48
0.0,65,371352474.68
0.0,66,364065852.65
0.0,67,398972218.49
0.0,68,391467719.74
0.0,69,346655888.47
0.0,70,371075896.38
0.0,71,364694758.12
0.0,72,381433911.5
0.0,73,290386841.52
0.0,74,363334035.71
0.0,75,399564498.83
0.0,76,395466035.84
0.0,77,342716713.92
0.0,78,362082607.23
0.0,79,370981732.73
0.0,80,388368278.51
0.0,81,388381226.83
0.0,82,321226785.4
0.0,83,368444123.77
0.0,84,352657748.65
0.0,85,385408662.61
0.0,86,399776153.17
0.0,87,389382325.32
0.0,88,332896288.45
0.0,89,386026404.57
0.0,90,320626679.08
0.0,91,385864923.08
0.0,92,356681141.18
0.0,93,357379736.23
0.0,94,390431575.45
0.0,95,378242047.29
0.0,96,386925781.76
0.0,97,389138044.46
0.0,98,345848558.39
0.0,99,373441941.47
0.0,100,393717606.81
0.0,101,382988087.01
0.0,102,398811203.97
0.0,103,329461236.46
0.0,104,355198115.79
0.0,105,389126916.12
0.0,106,363599737.15
0.0,107,398800401.09
0.0,108,395084477.69
0.0,109,386674329.65
0.0,110,392278903.94
0.0,111,389179873.74
0.0,112,381976144.09
0.0,113,392064346.51
0.0,114,353481873.46
0.0,115,377592731.72
0.0,116,399124962.24
0.0,117,375172508.44
0.0,118,357452964.95
0.0,119,386211359.93
0.0,120,372898908.06
0.0,121,392810650.23
0.0,122,388577015.41
0.0,123,381400114.33
0.0,124,396601948.46
0.0,125,399079840.32
0.0,126,396481748.33
0.0,127,398846553.15
0.0,128,368098582.07
0.0,129,368762082.07
0.0,130,394640679.68
0.0,131,398494735.8
0.0,132,387575112.4
0.0,133,362973552.24
0.0,134,393931628.54
0.0,135,359574475.18
0.0,136,341607940.49
0.0,137,393984610.93
0.0,138,375001015.72
0.0,139,362234421.07
0.0,140,369528413.84
0.0,141,387365289.9
0.0,142,377974862.99
0.0,143,393944814.6
0.0,144,310327781.25
0.0,145,387034055.68
0.0,146,382050637.98
0.0,147,336374591.57
0.0,148,369537152.72
0.0,149,355260887.66
0.0,150,356340637.55
0.0,151,396785051.43
0.0,152,393926092.44
0.0,153,378546036.59
0.0,154,391960372.02
0.0,155,394062503.36
0.0,156,353770304.09
0.0,157,358414636.81
0.0,158,383378723.88
0.0,159,373808197.93
0.0,160,398806250.69
0.0,161,387238588.15
0.0,162,385601993.34
0.0,163,372781645.32
0.0,164,370979354.2
0.0,165,361441784.25
0.0,166,397924767.63
0.0,167,339252533.01
0.0,168,373096161.04
0.0,169,388128105.84
0.0,170,389038182.39
0.0,171,386386133.23
0.0,172,367296057.67
0.0,173,367478483.36
0.0,174,384071121.0
0.0,175,369267768.59
0.0,176,360734279.58
0.0,177,313808457.51
0.0,178,387593732.28
0.0,179,370641164.61
0.0,180,371515165.05
0.0,181,362966808.82
0.0,182,396854117.76
0.0,183,335158111.41
0.0,184,379794938.43
0.0,185,398899391.52
0.0,186,378563583.54
0.0,187,340840496.38
0.0,188,386923739.96
0.0,189,386181228.58
0.0,190,395259053.57
0.0,191,367400162.97
0.0,192,373374270.87
0.0,193,326798730.51
0.0,194,393541960.67
0.0,195,382503699.64
0.0,196,387456059.92
0.0,197,391888217.6
0.0,198,384940298.34
0.0,199,345152210.09
0.0,200,395121982.51
0.0,201,385358869.51
0.0,202,387987834.38
0.0,203,321379139.94
0.0,204,392460313.78
0.0,205,364373161.84
0.0,206,342788684.18
0.0,207,380026518.19
0.0,208,398546912.81
0.0,209,398515495.23
0.0,210,392770117.79
0.0,211,389449828.72
0.0,212,369209809.46
0.0,213,327335604.51
0.0,214,356781246.14
0.0,215,397170413.86
0.0,216,384235978.51
0.0,217,393872766.05
0.0,218,398382217.18
0.0,219,396161333.72
0.0,220,390128746.61
0.0,221,320592039.71
0.0,222,346220735.02
0.0,223,379910865.21
0.0,224,384333387.45
0.0,225,386040911.7
0.0,226,359630774.84
0.0,227,391781231.78
0.0,228,391759259.95
0.0,229,382642726.52
0.0,230,377159227.79
0.0,231,394862940.81
0.0,232,395024858.7
0.0,233,385705954.89
0.0,234,385094070.71
0.0,235,398718637.96
0.0,236,399355284.42
0.0,237,364200865.95
0.0,238,382066710.88
0.0,239,387174223.11
0.0,240,392127814.3
0.0,241,354280463.11
0.0,242,396058544.33
0.0,243,373692918.11
0.0,244,323074160.03
0.0,245,388159000.13
0.0,246,368655019.62
0.0,247,390867641.37
0.0,248,369867692.12
0.0,249,394680587.52
0.0,250,338993728.88
0.0,251,363661134.37
0.0,252,380784744.37
0.0,253,381362619.64
0.0,254,361168504.75
0.0,255,367421146.5
0.0,256,396812199.58
0.0,257,376651390.88
0.0,258,396581129.07
0.0,259,398047202.91
0.0,260,392670453.38
0.0,261,363913245.0
0.0,262,398732510.56
0.0,263,384502277.05
0.0,264,394092340.69
0.0,265,364598951.51
0.0,266,399765978.86
0.0,267,384796956.29
0.0,268,345557857.87
0.0,269,378249620.37
0.0,270,381361960.86
0.0,271,318740105.0
0.0,272,384251633.24
0.0,273,389367935.64
0.0,274,362949024.29
0.0,275,384978213.21
0.0,276,359740067.26
0.0,277,374607892.02
0.0,278,380391361.35
0.0,279,386094695.05
0.0,280,321011427.55
0.0,281,366497925.66
0.0,282,396111410.76
0.0,283,393222972.53
0.0,284,393123999.67
0.0,285,386013432.66
0.0,286,375758818.4
0.0,287,382137919.28
0.0,288,386356427.42
0.0,289,379933318.7
0.0,290,343234515.73
0.0,291,399016100.59
0.0,292,382820216.61
0.0,293,398031315.11
0.0,294,391574890.58
0.0,295,359581263.31
0.0,296,395093009.4
0.0,297,388918278.21
0.0,298,385241316.38
0.0,299,393550095.56
0.0,300,388263989.82
0.0,301,373797978.72
0.0,302,396534774.89
0.0,303,352064857.08
0.0,304,380213231.37
0.0,305,394152757.9
0.0,306,375883534.33
0.0,307,315777343.85
0.0,308,393903369.48
0.0,309,395566456.51
0.0,310,358989293.33
0.0,311,368671851.92
0.0,312,373532953.3
0.0,313,380892769.96
0.0,314,375889771.28
0.0,315,349639701.57
0.0,316,390273855.63
0.0,317,368679825.74
0.0,318,371220550.88
0.0,319,382091644.1
0.0,320,381368512.95
0.0,321,385159554.76
0.0,322,398794437.11
0.0,323,376661496.88
0.0,324,366935713.37
0.0,325,365396458.3
0.0,326,393448966.45
0.0,327,390267585.84
0.0,328,358698914.77
0.0,329,397927339.52
0.0,330,376780588.47
0.0,331,377173311.61
0.0,332,354848380.66
0.0,333,391952097.32
0.0,334,397860912.84
0.0,335,397663157.88
0.0,336,332726549.28
0.0,337,380436263.34
0.0,338,389376018.38
0.0,339,386351226.22
0.0,340,343872866.43
0.0,341,380419308.9
0.0,342,374691586.54
0.0,343,383805030.83
0.0,344,322882168.33
0.0,345,379355718.23
0.0,346,390346772.09
0.0,347,388420852.44
0.0,348,398917281.12
0.0,349,340548531.35
0.0,350,320144224.03
0.0,351,330934131.91
0.0,352,352880793.04
0.0,353,396257080.34
0.0,354,300267727.62
0.0,355,391783787.22
0.0,356,374536048.15
0.0,357,385623326.7
0.0,358,396677775.51
0.0,359,351863021.83
0.0,360,381396770.72
0.0,361,396347164.07
0.0,362,380990764.73
0.0,363,332873344.76
0.0,364,385774901.79
0.0,365,392078272.36
0.0,366,334304016.56
0.0,367,384500292.16
0.0,368,366405794.69
0.0,369,349447754.17
0.0,370,392295899.87
0.0,371,395664171.04
0.0,372,399350488.83
0.0,373,366013194.48
0.0,374,356471771.89
0.0,375,354733172.3
0.0,376,389739519.93
0.0,377,354665197.08
0.0,378,364279889.87
0.0,379,394010623.9
0.0,380,353488323.44
0.0,381,394072557.07
0.0,382,386163654.59
0.0,383,365751207.1
0.0,384,380237469.23
0.0,385,393250461.34
0.0,386,394722216.52
0.0,387,395925254.65
0.0,388,390119752.39
0.0,389,394883026.14
0.0,390,353617263.57
0.0,391,386895092.65
0.0,392,390706899.29
0.0,393,365497781.14
0.0,394,371872181.1
0.0,395,364711647.48
0.0,396,363016558.05
0.0,397,392676066.67
0.0,398,370246999.42
0.0,399,397145774.71
0.0,400,380452383.45
0.0,401,385906191.77
0.0,402,399467662.94
0.0,403,361263135.8
0.0,404,386462691.6
0.0,405,389258862.08
0.0,406,365787019.21
0.0,407,398132206.7
0.0,408,365634330.58
0.0,409,363265288.16
0.0,410,365961464.84
0.0,411,390156991.42
0.0,412,327872451.99
0.0,413,376136897.99
0.0,414,386986700.72
0.0,415,336560615.49
0.0,416,392546024.23
0.0,417,303268257.12
0.0,418,282462680.06
0.0,419,396278654.72
0.0,420,397383066.17
0.0,421,337513106.15
0.0,422,395371301.85
0.0,423,319565021.03
0.0,424,399389399.57
0.0,425,359124528.97
0.0,426,399373931.22
0.0,427,393111905.15
0.0,428,384148843.79
0.0,429,394425062.61
0.0,430,398952753.65
0.0,431,391025358.69
0.0,432,389532810.66
0.0,433,368576736.56
0.0,434,398444584.95
0.0,435,291728231.48
0.0,436,379178167.64
0.0,437,398884777.41
0.0,438,279778786.18
0.0,439,387589189.66
0.0,440,381595858.82
0.0,441,360591863.3
0.0,442,330275902.02
0.0,443,371098986.3
0.0,444,380433552.94
0.0,445,325106785.14
0.0,446,370678000.56
0.0,447,396983668.54
0.0,448,342499956.86
0.0,449,394644946.6
0.0,450,363565502.52
0.0,451,387122478.61
0.0,452,372346204.58
0.0,453,347609985.85
0.0,454,384090573.96
0.0,455,369552805.86
0.0,456,398405022.57
0.0,457,398994948.31
0.0,458,395740084.2
0.0,459,394387352.36
0.0,460,371386335.8
0.0,461,374949251.83
0.0,462,379310557.15
0.0,463,397935731.07
0.0,464,382949846.79
0.0,465,348684289.87
0.0,466,388853308.2
0.0,467,367210567.91
0.0,468,395226309.97
0.0,469,363587391.3
0.0,470,370386161.12
0.0,471,368423360.24
0.0,472,363771864.04
0.0,473,377514753.0
0.0,474,396782674.23
0.0,475,392822858.39
0.0,476,395219774.58
0.0,477,383404430.72
0.0,478,328303355.33
0.0,479,393646280.98
0.0,480,395875199.47
0.0,481,364871205.49
0.0,482,370307494.38
0.0,483,388220906.37
0.0,484,359813158.36
0.0,485,346908583.12
0.0,486,377832557.55
0.0,487,387443383.63
0.0,488,396820556.41
0.0,489,342976323.62
0.0,490,397771620.33
0.0,491,376108591.09
0.0,492,348189608.12
0.0,493,366408922.62
0.0,494,375567068.01
0.0,495,389899858.87
0.0,496,378871767.02
0.0,497,382285061.41
0.0,498,399612906.53
0.0,499,357430745.84
0.05,0,387518012.07
0.05,1,350659300.1
0.05,2,380296523.59
0.05,3,371837971.63
0.05,4,389432026.62
0.05,5,358959197.89
0.05,6,381243406.3
0.05,7,319383156.18
0.05,8,390876862.12
0.05,9,393714942.68
0.05,10,378654447.72
0.05,11,385951436.57
0.05,12,381012249.37
0.05,13,344880818.09
0.05,14,397396567.17
0.05,15,366516847.72
0.05,16,367596312.85
0.05,17,390383870.04
0.05,18,396313973.24
0.05,19,390450841.79
0.05,20,387352827.9
0.05,21,349242158.68
0.05,22,326545722.04
0.05,23,363044003.55
0.05,24,378718322.93
0.05,25,388246819.7
0.05,26,392751662.43
0.05,27,397978939.19
0.05,28,384009069.18
0.05,29,389423755.24
0.05,30,388511906.73
0.05,31,354895056.85
0.05,32,366661136.56
0.05,33,398414855.65
0.05,34,386562131.09
0.05,35,287008644.75
0.05,36,394608158.04
0.05,37,381962098.28
0.05,38,376775848.12
0.05,39,375085570.48
0.05,40,351061821.19
0.05,41,378981365.97
0.05,42,377104426.99
0.05,43,396459632.2
0.05,44,396825049.58
0.05,45,393451835.06
0.05,46,368425183.35
0.05,47,339407327.93
0.05,48,370301089.84
0.05,49,382334611.54
0.05,50,365770744.52
0.05,51,392756383.56
0.05,52,395728139.34
0.05,53,383854294.27
0.05,54,394921658.98
0.05,55,390956023.42
0.05,56,377010643.18
0.05,57,328110298.24
0.05,58,364366568.11
0.05,59,342263745.4
0.05,60,380768017.88
0.05,61,366700166.27
0.05,62,261227516.76
0.05,63,393265466.99
0.05,64,382887473.71
0.05,65,374973124.07
0.05,66,396145624.51
0.05,67,396318206.07
0.05,68,369794502.75
0.05,69,358970416.89
0.05,70,399496549.77
0.05,71,375806251.35
0.05,72,348326698.29
0.05,73,383912930.88
0.05,74,389204596.06
0.05,75,393185604.12
0.05,76,390916466.05
0.05,77,391251644.7
0.05,78,391693983.61
0.05,79,379158107.22
0.05,80,362659069.25
0.05,81,348313859.14
0.05,82,375925374.92
0.05,83,382647323.79
0.05,84,348458095.19
0.05,85,368552533.47
0.05,86,391662339.77
0.05,87,394528390.95
0.05,88,399489081.66
0.05,89,398632833.94
0.05,90,394306556.25
0.05,91,390916983.65
0.05,92,389478727.1
0.05,93,376725219.14
0.05,94,357516721.47
0.05,95,360010193.21
0.05,96,365225533.93
0.05,97,369823044.18
0.05,98,398323513.49
0.05,99,395553810.13
0.05,100,315903510.67
0.05,101,370623636.49
0.05,102,358258026.63
0.05,103,375388695.93
0.05,104,395828948.44
0.05,105,373436206.58
0.05,106,390801007.96
0.05,107,380238059.76
0.05,108,391751627.37
0.05,109,364390952.95
0.05,110,395807647.51
0.05,111,324643136.58
0.05,112,324324359.08
0.05,113,279311514.56
0.05,114,332792411.99
0.05,115,370904727.3
0.05,116,368505068.04
0.05,117,355945827.36
0.05,118,389890318.87
0.05,119,392612503.74
0.05,120,398677200.91
0.05,121,381041472.42
0.05,122,357892620.7
0.05,123,357899842.03
0.05,124,352354590.57
0.05,125,397535760.5
0.05,126,392779423.71
0.05,127,355725245.41
0.05,128,391284670.62
0.05,129,364794568.47
0.05,130,396027080.37
0.05,131,390518180.79
0.05,132,382790024.35
0.05,133,370483406.0
0.05,134,379624079.71
0.05,135,381529456.01
0.05,136,397978072.11
0.05,137,348945595.5
0.05,138,374660148.94
0.05,139,398031529.24
0.05,140,370050453.94
0.05,141,382042773.75
0.05,142,371094450.63
0.05,143,352134204.52
0.05,144,397384025.32
0.05,145,399171503.14
0.05,146,382685456.87
0.05,147,387660289.07
0.05,148,379849092.6
0.05,149,387630713.65
0.05,150,392517380.43
0.05,151,372170442.34
0.05,152,390810937.97
0.05,153,375096147.2
0.05,154,385475669.47
0.05,155,390262602.22
0.05,156,390360053.38
0.05,157,390199811.93
0.05,158,384665853.52
0.05,159,393032885.0
0.05,160,392366444.1
0.05,161,398587811.29
0.05,162,374621431.27
0.05,163,382858018.65
0.05,164,391428859.33
0.05,165,398854330.33
0.05,166,399933590.93
0.05,167,392279870.39
0.05,168,381769024.88
0.05,169,392346410.27
0.05,170,376213595.55
0.05,171,356467708.87
0.05,172,381492444.32
0.05,173,371163127.03
0.05,174,399704880.69
0.05,175,340122614.32
0.05,176,374329072.91
0.05,177,397121811.21
0.05,178,390193745.74
0.05,179,390123533.29
0.05,180,369969699.45
0.05,181,361071057.86
0.05,182,367876678.79
0.05,183,393530829.67
0.05,184,399435500.5
0.05,185,393142808.42
0.05,186,373511407.17
0.05,187,398843000.65
0.05,188,397082221.51
0.05,189,389404760.61
0.05,190,351593426.39
0.05,191,393305623.28
0.05,192,377030032.22
0.05,193,347803511.22
0.05,194,363366653.87
0.05,195,379689187.91
0.05,196,344968700.37
0.05,197,383287534.41
0.05,198,377820629.16
0.05,199,376264801.44
0.05,200,368397522.72
0.05,201,369729200.04
0.05,202,395292076.74
0.05,203,388093971.93
0.05,204,397495157.22
0.05,205,399853070.08
0.05,206,388827051.87
0.05,207,396854030.78
0.05,208,327745813.26
0.05,209,382405445.43
0.05,210,289765381.37
0.05,211,393583660.77
0.05,212,399007442.87
0.05,213,390341124.38
0.05,214,317001373.88
0.05,215,373320142.38
0.05,216,398555212.65
0.05,217,398482017.74
0.05,218,397355350.5
0.05,219,373563412.53
0.05,220,396028703.69
0.05,221,393358837.51
0.05,222,367255059.31
0.05,223,383710785.33
0.05,224,394122061.59
0.05,225,375173073.15
0.05,226,383210421.37
0.05,227,373997671.68
0.05,228,390622906.4
0.05,229,384428120.18
0.05,230,367488516.73
0.05,231,375920245.49
0.05,232,384174086.93
0.05,233,389436260.28
0.05,234,387374198.51
0.05,235,336320135.14
0.05,236,397571278.79
0.05,237,393171768.55
0.05,238,370026865.17
0.05,239,398761524.75
0.05,240,369496640.42
0.05,241,359943722.44
0.05,242,375354227.86
0.05,243,370805677.91
0.05,244,383098451.28
0.05,245,372385083.11
0.05,246,397724871.39
0.05,247,389868216.79
0.05,248,391046541.59
0.05,249,374812966.0
0.05,250,383003707.16
0.05,251,391134337.19
0.05,252,397627585.22
0.05,253,394075307.38
0.05,254,378751234.57
0.05,255,395764880.2
0.05,256,398823809.8
0.05,257,391873972.44
0.05,258,363723626.72
0.05,259,392744765.03
0.05,260,386929403.16
0.05,261,356231706.26
0.05,262,340186432.62
0.05,263,306523170.81
0.05,264,383146823.07
0.05,265,387966347.22
0.05,266,395432808.14
0.05,267,395845079.69
0.05,268,365902998.39
0.05,269,357717766.4
0.05,270,341801240.67
0.05,271,393914318.32
0.05,272,395951296.48
0.05,273,394338253.21
0.05,274,384076790.99
0.05,275,374500965.73
0.05,276,353047244.88
0.05,277,341156208.15
0.05,278,375966728.19
0.05,279,397976347.8
0.05,280,380467586.64
0.05,281,391746972.65
0.05,282,373866033.74
0.05,283,394638011.81
0.05,284,380080557.71
0.05,285,336454574.19
0.05,286,392378682.73
0.05,287,360359509.0
0.05,288,389615901.03
0.05,289,388182371.74
0.05,290,399726998.83
0.05,291,398034029.26
0.05,292,377561159.4
0.05,293,398876198.48
0.05,294,384738020.38
0.05,295,385794856.1
0.05,296,341778003.22
0.05,297,355577338.11
0.05,298,354475024.05
0.05,299,397583721.32
0.05,300,393905386.71
0.05,301,313851978.32
0.05,302,319197646.4
0.05,303,376409046.05
0.05,304,391915020.18
0.05,305,344651511.24
0.05,306,385259249.68
0.05,307,369117262.25
0.05,308,387221695.49
0.05,309,397824217.45
0.05,310,375214844.63
0.05,311,383758025.21
0.05,312,346453600.32
0.05,313,382568550.4
0.05,314,365036367.05
0.05,315,388908146.91
0.05,316,363574992.34
0.05,317,353058243.26
0.05,318,394896445.94
0.05,319,390559906.98
0.05,320,399536474.97
0.05,321,365018215.78
0.05,322,363687853.62
0.05,323,376430433.79
0.05,324,389707578.21
0.05,325,392061441.15
0.05,326,369372971.84
0.05,327,380286024.32
0.05,328,396448095.94
0.05,329,383448180.24
0.05,330,384825057.54
0.05,331,391666290.78
0.05,332,380546172.49
0.05,333,392527097.63
0.05,334,394761401.09
0.05,335,336502686.11
0.05,336,388443457.15
0.05,337,372235487.03
0.05,338,393428865.52
0.05,339,380006301.88
0.05,340,390892660.37
0.05,341,362544627.19
0.05,342,391005725.24
0.05,343,355483331.63
0.05,344,377283774.99
0.05,345,349141113.26
0.05,346,391904743.29
0.05,347,387299218.16
0.05,348,378208775.21
0.05,349,361595815.98
0.05,350,338543655.11
0.05,351,398203547.93
0.05,352,352653008.72
0.05,353,359712163.16
0.05,354,391340697.39
0.05,355,337094161.96
0.05,356,392279446.52
0.05,357,366600516.42
0.05,358,392234715.66
0.05,359,336465501.55
0.05,360,377040260.11
0.05,361,383575214.47
0.05,362,394348593.59
0.05,363,396250153.4
0.05,364,384124322.02
0.05,365,353779366.72
0.05,366,369553975.5
0.05,367,374111686.14
0.05,368,396227098.67
0.05,369,347216444.65
0.05,370,367275104.78
0.05,371,359324446.17
0.05,372,385910720.73
0.05,373,397543828.72
0.05,374,319963293.55
0.05,375,387014349.63
0.05,376,376984078.46
0.05,377,397091566.61
0.05,378,372445321.47
0.05,379,382906913.86
0.05,380,361774096.91
0.05,381,395830051.82
0.05,382,345439869.47
0.05,383,385581939.92
0.05,384,398702929.34
0.05,385,390555396.71
0.05,386,374081566.31
0.05,387,381889149.39
0.05,388,391562078.37
0.05,389,369771651.77
0.05,390,397190673.38
0.05,391,390116724.84
0.05,392,392066008.09
0.05,393,396443046.38
0.05,394,339655342.45
0.05,395,385249589.31
0.05,396,395326854.62
0.05,397,322038352.56
0.05,398,380184441.28
0.05,399,317814575.01
0.05,400,398764656.47
0.05,401,322345685.92
0.05,402,359408023.51
0.05,403,377788541.96
0.05,404,398283305.84
0.05,405,316711715.86
0.05,406,387237979.04
0.05,407,386849592.85
0.05,408,379987036.74
0.05,409,380201072.83
0.05,410,396751185.55
0.05,411,361343512.59
0.05,412,379043949.45
0.05,413,396712274.77
0.05,414,380801400.42
0.05,415,376333116.12
0.05,416,371543569.38
0.05,417,393974506.77
0.05,418,331537492.44
0.05,419,389473040.65
0.05,420,352973192.04
0.05,421,353993849.49
0.05,422,393244715.67
0.05,423,391075641.9
0.05,424,391375609.72
0.05,425,384458030.96
0.05,426,391664717.49
0.05,427,368891464.14
0.05,428,396832908.01
0.05,429,369395220.41
0.05,430,354305866.83
0.05,431,392406704.65
0.05,432,313896344.18
0.05,433,397514284.7
0.05,434,379829315.9
0.05,435,359241902.71
0.05,436,396141604.29
0.05,437,376999296.21
0.05,438,353352460.99
0.05,439,390976829.92
0.05,440,288083609.36
0.05,441,394619112.73
0.05,442,385712860.8
0.05,443,373838452.55
0.05,444,349497207.26
0.05,445,338780057.23
0.05,446,373210321.81
0.05,447,386746830.54
0.05,448,366488667.43
0.05,449,398795530.95
0.05,450,395587616.63
0.05,451,391356115.55
0.05,452,390629259.92
0.05,453,374095565.91
0.05,454,333263201.69
0.05,455,392733462.51
0.05,456,389661313.71
0.05,457,391683104.01
0.05,458,398610460.18
0.05,459,356007017.02
0.05,460,397179709.0
0.05,461,299580778.39
0.05,462,395895913.83
0.05,463,396360422.36
0.05,464,324717060.19
0.05,465,392656646.7
0.05,466,385561107.65
0.05,467,391438051.89
0.05,468,364388252.82
0.05,469,395793357.59
0.05,470,327132528.09
0.05,471,387437995.37
0.05,472,393809315.22
0.05,473,390789816.96
0.05,474,378536984.11
0.05,475,380405654.21
0.05,476,388325217.67
0.05,477,385053286.4
0.05,478,376731341.03
0.05,479,387379343.99
0.05,480,391129054.33
0.05,481,390357456.15
0.05,482,392983484.15
0.05,483,387418112.76
0.05,484,381109441.15
0.05,485,382289604.76
0.05,486,384643052.12
0.05,487,387428619.3
0.05,488,395710483.08
0.05,489,396439292.85
0.05,490,380132401.41
0.05,491,386676673.08
0.05,492,371544357.96
0.05,493,347831531.87
0.05,494,389083164.5
0.05,495,377304496.93
0.05,496,391780203.51
0.05,497,375310714.94
0.05,498,379418590.72
0.05,499,363333617.81
0.1,0,350155172.38
0.1,1,394108369.33
0.1,2,399995591.89
0.1,3,381936004.68
0.1,4,398055391.14
0.1,5,349506616.23
0.1,6,365473954.19
0.1,7,394519117.57
0.1,8,393967038.86
0.1,9,397365400.22
0.1,10,338452400.81
0.1,11,369354458.52
0.1,12,369097295.64
0.1,13,372269002.61
0.1,14,380670466.56
0.1,15,349652265.09
0.1,16,369807686.34
0.1,17,353521758.89
0.1,18,386735191.89
0.1,19,399987766.99
0.1,20,359006702.69
0.1,21,388400106.84
0.1,22,373379644.51
0.1,23,355582020.43
0.1,24,364562356.46
0.1,25,371078951.6
0.1,26,377123190.79
0.1,27,375905728.14
0.1,28,386385703.47
0.1,29,371677474.12
0.1,30,381618128.99
0.1,31,381591551.14
0.1,32,391806619.79
0.1,33,396627868.1
0.1,34,395205546.91
0.1,35,293445699.39
0.1,36,372715295.36
0.1,37,386504636.75
0.1,38,360110606.19
0.1,39,382221745.39
0.1,40,389385365.18
0.1,41,393649394.21
0.1,42,353816301.13
0.1,43,398744679.1
0.1,44,390776466.32
0.1,45,318068191.28
0.1,46,395363482.1
0.1,47,344210510.85
0.1,48,374065533.36
0.1,49,355043048.04
0.1,50,376913441.17
0.1,51,372267135.15
0.1,52,382342085.28
0.1,53,355924571.68
0.1,54,394812137.52
0.1,55,375368227.78
0.1,56,396118574.48
0.1,57,384435788.87
0.1,58,361796605.04
0.1,59,387162246.05
0.1,60,387307128.56
0.1,61,323850941.05
0.1,62,399701151.1
0.1,63,377007536.34
0.1,64,395297523.22
0.1,65,384081349.75
0.1,66,371308427.67
0.1,67,395522965.74
0.1,68,394012890.04
0.1,69,376996839.4
0.1,70,380734994.49
0.1,71,385747792.72
0.1,72,384468040.7
0.1,73,382056027.56
0.1,74,361397698.22
0.1,75,397850122.29
0.1,76,376936958.75
0.1,77,398554294.5
0.1,78,385599658.31
0.1,79,398807877.56
0.1,80,376654941.16
0.1,81,395873832.26
0.1,82,330105565.51
0.1,83,359313047.29
0.1,84,397445021.08
0.1,85,358898159.25
0.1,86,389374367.96
0.1,87,399825184.31
0.1,88,380433410.28
0.1,89,378115994.26
0.1,90,381474840.48
0.1,91,392055093.71
0.1,92,361000595.07
0.1,93,393565105.61
0.1,94,390987623.51
0.1,95,331486264.23
0.1,96,351903997.95
0.1,97,373595005.47
0.1,98,393526695.74
0.1,99,374026835.13
0.1,100,363116674.9
0.1,101,399746322.65
0.1,102,389985249.12
0.1,103,382859493.4
0.1,104,388802807.65
0.1,105,393635150.01
0.1,106,376148265.67
0.1,107,389575173.66
0.1,108,396930597.27
0.1,109,391531062.17
0.1,110,397882202.65
0.1,111,377618120.57
0.1,112,385831527.55
0.1,113,354792471.42
0.1,114,366530933.26
0.1,115,374342844.34
0.1,116,324324820.13
0.1,117,383106563.62
0.1,118,381488592.91
0.1,119,395250349.87
0.1,120,338563168.34
0.1,121,382647047.24
0.1,122,355384931.58
0.1,123,392750948.94
0.1,124,382085364.12
0.1,125,369898707.17
0.1,126,383096828.79
0.1,127,387749696.37
0.1,128,346238905.87
0.1,129,385957696.79
0.1,130,397756859.86
0.1,131,385898887.68
0.1,132,392908374.36
0.1,133,375234022.42
0.1,134,397024149.16
0.1,135,340980858.66
0.1,136,313415889.84
0.1,137,396728866.23
0.1,138,329477710.07
0.1,139,398703376.61
0.1,140,380396994.23
0.1,141,344734533.55
0.1,142,378029055.05
0.1,143,368177215.06
0.1,144,391158962.11
0.1,145,390660653.01
0.1,146,357133578.74
0.1,147,376284138.35
0.1,148,388226327.52
0.1,149,395869976.04
0.1,150,366295774.42
0.1,151,397703332.19
0.1,152,357163117.72
0.1,153,386523095.52
0.1,154,393738481.13
0.1,155,395662289.28
0.1,156,368569480.83
0.1,157,359428415.16
0.1,158,393218212.46
0.1,159,378383602.43
0.1,160,386065308.86
0.1,161,375961233.16
0.1,162,393871805.57
0.1,163,380574296.4
0.1,164,319449260.53
0.1,165,386813610.01
0.1,166,387649389.76
0.1,167,387692648.69
0.1,168,384237920.15
0.1,169,387694068.02
0.1,170,367107447.28
0.1,171,382954797.89
0.1,172,330211897.96
0.1,173,396665301.68
0.1,174,380287065.5
0.1,175,349704509.97
0.1,176,394330178.57
0.1,177,378725838.31
0.1,178,317381795.91
0.1,179,346603214.55
0.1,180,381660452.72
0.1,181,382791929.33
0.1,182,399575082.78
0.1,183,399794440.54
0.1,184,376515188.78
0.1,185,380038409.45
0.1,186,384812225.05
0.1,187,393500964.14
0.1,188,354816395.06
0.1,189,388325070.8
0.1,190,351903003.59
0.1,191,352320414.57
0.1,192,395703655.16
0.1,193,394017310.61
0.1,194,375118141.19
0.1,195,359001604.18
0.1,196,397720053.41
0.1,197,349789896.29
0.1,198,391351889.29
0.1,199,388107349.63
0.1,200,350884652.92
0.1,201,369834197.86
0.1,202,392739683.26
0.1,203,376992813.0
0.1,204,388357199.53
0.1,205,382515120.56
0.1,206,350821670.65
0.1,207,334950349.26
0.1,208,397857689.61
0.1,209,365625113.57
0.1,210,373929339.77
0.1,211,362568994.08
0.1,212,396566775.21
0.1,213,386120181.43
0.1,214,399517403.51
0.1,215,389947189.15
0.1,216,385031367.52
0.1,217,395006790.4
0.1,218,391427931.83
0.1,219,377252477.6
0.1,220,394165508.43
0.1,221,396897776.43
0.1,222,384217891.7
0.1,223,387417165.33
0.1,224,377646022.11
0.1,225,392626193.58
0.1,226,394730592.22
0.1,227,398467794.86
0.1,228,385643874.07
0.1,229,390385929.3
0.1,230,396271573.87
0.1,231,389699405.25
0.1,232,343571838.31
0.1,233,384067583.87
0.1,234,383894136.83
0.1,235,397826725.72
0.1,236,373315226.75
0.1,237,391474721.25
0.1,238,374994025.15
0.1,239,392041973.61
0.1,240,300338912.57
0.1,241,385400994.21
0.1,242,350368972.23
0.1,243,375660024.48
0.1,244,369007337.09
0.1,245,379248206.77
0.1,246,365840176.23
0.1,247,399944867.31
0.1,248,395450399.72
0.1,249,392324011.26
0.1,250,363115868.85
0.1,251,383250554.17
0.1,252,382440043.01
0.1,253,362572631.24
0.1,254,365821254.63
0.1,255,398448236.73
0.1,256,399685712.6
0.1,257,399941665.15
0.1,258,387674857.12
0.1,259,388785741.81
0.1,260,389763084.22
0.1,261,374664345.16
0.1,262,309784529.8
0.1,263,377463551.19
0.1,264,331537804.98
0.1,265,367532189.71
0.1,266,393035991.71
0.1,267,386920653.5
0.1,268,381207315.54
0.1,269,362010491.86
0.1,270,397195655.74
0.1,271,371114387.33
0.1,272,372068263.27
0.1,273,388649362.67
0.1,274,377548830.89
0.1,275,398430771.65
0.1,276,341709030.43
0.1,277,390021711.73
0.1,278,353851803.3
0.1,279,379399969.67
0.1,280,323522860.26
0.1,281,329563203.79
0.1,282,361857358.03
0.1,283,392332594.82
0.1,284,398639537.85
0.1,285,332622345.6
0.1,286,380909598.49
0.1,287,392816482.17
0.1,288,349529227.54
0.1,289,383849444.41
0.1,290,332469142.79
0.1,291,392544447.5
0.1,292,394306828.5
0.1,293,390475890.21
0.1,294,390460831.47
0.1,295,398321713.16
0.1,296,375801554.1
0.1,297,398986793.84
0.1,298,328829253.66
0.1,299,388402168.49
0.1,300,384827294.5
0.1,301,394361457.03
0.1,302,398876405.96
0.1,303,388278036.49
0.1,304,346731605.93
0.1,305,399324427.06
0.1,306,336848983.5
0.1,307,376629187.72
0.1,308,399161491.95
0.1,309,383256708.59
0.1,310,397678756.79
0.1,311,319964230.95
0.1,312,398025723.24
0.1,313,346161104.15
0.1,314,392155367.63
0.1,315,395799825.14
0.1,316,337543274.37
0.1,317,351055845.34
0.1,318,383732152.23
0.1,319,375549614.11
0.1,320,343261404.61
0.1,321,399572734.79
0.1,322,351976990.2
0.1,323,389500457.43
0.1,324,365022273.73
0.1,325,385411236.43
0.1,326,345538995.55
0.1,327,390614227.86
0.1,328,392144995.95
0.1,329,384111613.48
0.1,330,329014855.2
0.1,331,384056487.58
0.1,332,376654263.13
0.1,333,349494787.96
0.1,334,389553371.16
0.1,335,389570278.61
0.1,336,389040940.54
0.1,337,368846310.36
0.1,338,374173663.96
0.1,339,368185161.55
0.1,340,398090500.28
0.1,341,389681366.68
0.1,342,274050570.59
0.1,343,387264364.5
0.1,344,334561389.67
0.1,345,378675558.1
0.1,346,371527149.92
0.1,347,334896399.95
0.1,348,348018891.29
0.1,349,395770527.31
0.1,350,363248157.95
0.1,351,389347032.97
0.1,352,374488692.34
0.1,353,371781105.47
0.1,354,393357415.54
0.1,355,392403895.22
0.1,356,398832953.63
0.1,357,397191399.76
0.1,358,314899800.48
0.1,359,381527531.67
0.1,360,395171089.7
0.1,361,377900122.39
0.1,362,384963861.06
0.1,363,392916255.69
0.1,364,344709946.64
0.1,365,375799966.88
0.1,366,299075608.27
0.1,367,393446514.41
0.1,368,364161383.16
0.1,369,370484248.9
0.1,370,370185814.47
0.1,371,352361709.23
0.1,372,374979817.49
0.1,373,386111545.79
0.1,374,362973240.31
0.1,375,398974403.74
0.1,376,392736584.7
0.1,377,390079005.94
0.1,378,337608088.45
0.1,379,361719714.82
0.1,380,391945433.67
0.1,381,344396579.92
0.1,382,358105832.66
0.1,383,332285288.95
0.1,384,368984131.8
0.1,385,396738715.46
0.1,386,382174459.24
0.1,387,392161562.86
0.1,388,368190880.32
0.1,389,396131636.39
0.1,390,394329619.9
0.1,391,395156622.65
0.1,392,332087841.1
0.1,393,393748947.55
0.1,394,373574637.55
0.1,395,383032258.05
0.1,396,373343609.19
0.1,397,364935091.7
0.1,398,319733297.85
0.1,399,384285844.73
0.1,400,372715394.85
0.1,401,388623992.93
0.1,402,375332895.7
0.1,403,381938108.87
0.1,404,383585482.72
0.1,405,386805013.13
0.1,406,292291258.27
0.1,407,395598062.17
0.1,408,393114739.54
0.1,409,390766906.72
0.1,410,374021637.69
0.1,411,399044691.72
0.1,412,399363704.9
0.1,413,366328193.43
0.1,414,370287182.67
0.1,415,352830764.88
0.1,416,362682724.87
0.1,417,383877194.94
0.1,418,385142620.86
0.1,419,387315330.74
0.1,420,374898029.73
0.1,421,349328560.24
0.1,422,378892401.6
0.1,423,362182325.69
0.1,424,358893143.46
0.1,425,340483845.18
0.1,426,302798051.53
0.1,427,398343579.15
0.1,428,376417204.79
0.1,429,379700637.58
0.1,430,399535155.53
0.1,431,388442836.11
0.1,432,396183822.33
0.1,433,331434646.84
0.1,434,389008437.53
0.1,435,344011841.62
0.1,436,347268942.92
0.1,437,378350142.14
0.1,438,358221578.52
0.1,439,354466497.53
0.1,440,399474027.9
0.1,441,391448007.63
0.1,442,381145648.93
0.1,443,375492069.2
0.1,444,363758133.57
0.1,445,381707493.65
0.1,446,325673219.48
0.1,447,380445584.02
0.1,448,394469939.67
0.1,449,385769266.56
0.1,450,383851337.84
0.1,451,390156711.14
0.1,452,366509486.57
0.1,453,338952429.04
0.1,454,393313684.93
0.1,455,368624251.64
0.1,456,330927593.21
0.1,457,336954149.71
0.1,458,390106260.42
0.1,459,376634327.17
0.1,460,367813030.37
0.1,461,398276188.75
0.1,462,394471602.13
0.1,463,380229105.11
0.1,464,386472843.24
0.1,465,370564364.21
0.1,466,389223369.44
0.1,467,374545660.2
0.1,468,387162994.7
0.1,469,399225964.7
0.1,470,390556251.81
0.1,471,398277987.64
0.1,472,363249600.49
0.1,473,373037731.26
0.1,474,383115224.57
0.1,475,364957024.79
0.1,476,364459585.42
0.1,477,329186902.89
0.1,478,371205500.06
0.1,479,381432772.54
0.1,480,393274285.63
0.1,481,361607769.92
0.1,482,350405186.35
0.1,483,383504406.65
0.1,484,397875333.83
0.1,485,374640664.38
0.1,486,359489398.59
0.1,487,384077262.59
0.1,488,375663138.32
0.1,489,379834266.26
0.1,490,395554534.72
0.1,491,385453923.82
0.1,492,375835572.12
0.1,493,390911478.11
0.1,494,391603169.14
0.1,495,395413708.21
0.1,496,346250582.39
0.1,497,380898588.6
0.1,498,383196617.34
0.1,499,338837513.5
0.15,0,378810800.88
0.15,1,386108805.15
0.15,2,386834463.28
0.15,3,397946662.58
0.15,4,379968154.12
0.15,5,398593405.0
0.15,6,392830700.41
0.15,7,377574666.13
0.15,8,380236024.74
0.15,9,320805057.47
0.15,10,391213132.9
0.15,11,383874480.83
0.15,12,377991548.81
0.15,13,398879951.31
0.15,14,376144373.39
0.15,15,371915407.24
0.15,16,378982436.83
0.15,17,363979454.41
0.15,18,382258631.63
0.15,19,381993914.66
0.15,20,380047898.06
0.15,21,397116395.35
0.15,22,382456198.18
0.15,23,385178216.28
0.15,24,364109154.8
0.15,25,358573325.45
0.15,26,368474398.05
0.15,27,359017341.89
0.15,28,381436051.1
0.15,29,351599212.69
0.15,30,395896429.73
0.15,31,378462302.96
0.15,32,395597472.17
0.15,33,386081291.98
0.15,34,390193347.59
0.15,35,392224447.57
0.15,36,377102963.19
0.15,37,386473018.47
0.15,38,360145778.66
0.15,39,376854579.84
0.15,40,318225602.5
0.15,41,392880402.96
0.15,42,382360149.96
0.15,43,357291141.07
0.15,44,377207930.97
0.15,45,376206452.71
0.15,46,397043306.88
0.15,47,363206492.16
0.15,48,398304319.63
0.15,49,348014447.66
0.15,50,383114070.0
0.15,51,363295014.02
0.15,52,378181740.72
0.15,53,387684672.11
0.15,54,347458472.16
0.15,55,384671754.71
0.15,56,398715523.65
0.15,57,387638861.86
0.15,58,393973326.18
0.15,59,376480910.27
0.15,60,396487766.1
0.15,61,367566936.58
0.15,62,361608568.32
0.15,63,395173013.61
0.15,64,391829847.3
0.15,65,394683244.64
0.15,66,378179320.54
0.15,67,391238266.83
0.15,68,398254396.26
0.15,69,394499489.41
0.15,70,334800994.51
0.15,71,360224952.1
0.15,72,399874971.81
0.15,73,375153431.59
0.15,74,374978630.33
0.15,75,386180424.69
0.15,76,338613624.37
0.15,77,378019026.84
0.15,78,368558551.97
0.15,79,357540596.37
0.15,80,355029205.22
0.15,81,378504333.01
0.15,82,376481671.23
0.15,83,385118335.04
0.15,84,353042842.33
0.15,85,367475865.12
0.15,86,390906175.08
0.15,87,398207684.31
0.15,88,324601608.13
0.15,89,369809349.43
0.15,90,369527612.68
0.15,91,375026762.46
0.15,92,387215587.42
0.15,93,389137038.75
0.15,94,385566174.1
0.15,95,398647244.99
0.15,96,381865198.13
0.15,97,390093327.23
0.15,98,374301306.48
0.15,99,385145097.85
0.15,100,315273710.06
0.15,101,392835648.56
0.15,102,397283139.34
0.15,103,377891793.48
0.15,104,383176275.03
0.15,105,386631082.65
0.15,106,397925578.82
0.15,107,397419935.23
0.15,108,391594477.2
0.15,109,395817656.36
0.15,110,373547843.87
0.15,111,348239587.61
0.15,112,395244173.55
0.15,113,392780773.46
0.15,114,378919825.16
0.15,115,348113390.3
0.15,116,372876212.08
0.15,117,280431016.62
0.15,118,389598511.85
0.15,119,386915548.13
0.15,120,388450837.97
0.15,121,297108983.83
0.15,122,392124709.73
0.15,123,380901126.59
0.15,124,388810123.38
0.15,125,350405639.4
0.15,126,360717914.07
0.15,127,397345277.5
0.15,128,350917070.78
0.15,129,368488574.83
0.15,130,370347754.89
0.15,131,387411641.08
0.15,132,394878098.21
0.15,133,327259033.77
0.15,134,376245755.12
0.15,135,388617161.52
0.15,136,349698094.57
0.15,137,396543172.7
0.15,138,376186021.67
0.15,139,336902791.34
0.15,140,368926301.9
0.15,141,361839673.71
0.15,142,395036509.66
0.15,143,342233249.09
0.15,144,352987585.32
0.15,145,373131827.28
0.15,146,385085077.82
0.15,147,398657766.48
0.15,148,363291079.44
0.15,149,389287521.77
0.15,150,388880740.56
0.15,151,379008909.27
0.15,152,390877196.29
0.15,153,396954731.05
0.15,154,376882873.19
0.15,155,310454390.09
0.15,156,386678125.93
0.15,157,380360223.38
0.15,158,331914112.45
0.15,159,396380431.66
0.15,160,365521761.77
0.15,161,364741191.73
0.15,162,393460114.42
0.15,163,399647199.4
0.15,164,372126023.14
0.15,165,379185445.95
0.15,166,307933288.17
0.15,167,354294336.55
0.15,168,395590759.09
0.15,169,354827650.75
0.15,170,393763380.34
0.15,171,368144986.29
0.15,172,398030806.88
0.15,173,386400552.79
0.15,174,376624043.99
0.15,175,370813597.96
0.15,176,359076132.47
0.15,177,380372347.69
0.15,178,388127481.96
0.15,179,387696290.05
0.15,180,391044918.52
0.15,181,376815355.23
0.15,182,330446392.38
0.15,183,369512043.43
0.15,184,339780157.41
0.15,185,399094794.93
0.15,186,350428041.23
0.15,187,358477761.18
0.15,188,317503922.06
0.15,189,339585159.5
0.15,190,370748291.38
0.15,191,385149673.28
0.15,192,397356483.99
0.15,193,386418754.03
0.15,194,398355208.79
0.15,195,359606004.65
0.15,196,347884616.23
0.15,197,378043873.27
0.15,198,378201449.0
0.15,199,329251510.64
0.15,200,393534152.51
0.15,201,389433981.88
0.15,202,398484359.74
0.15,203,355743945.04
0.15,204,335436688.6
0.15,205,377763009.16
0.15,206,370079684.61
0.15,207,368355645.23
0.15,208,362690562.56
0.15,209,383960377.82
0.15,210,387658328.67
0.15,211,383284393.37
0.15,212,395171997.95
0.15,213,364319954.59
0.15,214,399191139.35
0.15,215,387406297.93
0.15,216,385047177.06
0.15,217,390451182.35
0.15,218,362584740.0
0.15,219,354149772.66
0.15,220,365774641.7
0.15,221,363121816.01
0.15,222,380578904.06
0.15,223,390058282.15
0.15,224,388675759.55
0.15,225,341498796.01
0.15,226,382807913.54
0.15,227,351629214.54
0.15,228,390592217.71
0.15,229,375781537.94
0.15,230,306000332.63
0.15,231,388704345.01
0.15,232,395686861.35
0.15,233,316670665.25
0.15,234,330053415.92
0.15,235,373607290.24
0.15,236,389526056.64
0.15,237,384047711.23
0.15,238,382050883.46
0.15,239,375221702.12
0.15,240,366494736.11
0.15,241,398937764.97
0.15,242,341420791.79
0.15,243,398995919.42
0.15,244,355889275.85
0.15,245,331063756.82
0.15,246,386491972.1
0.15,247,388492570.63
0.15,248,397968767.16
0.15,249,384224594.42
0.15,250,322089018.36
0.15,251,364347321.63
0.15,252,372461926.15
0.15,253,387010554.12
0.15,254,320712907.65
0.15,255,314632208.23
0.15,256,359974842.24
0.15,257,369828589.93
0.15,258,388286954.09
0.15,259,375315287.15
0.15,260,377323496.96
0.15,261,369343371.43
0.15,262,388314506.37
0.15,263,387554933.34
0.15,264,366595790.79
0.15,265,379144753.89
0.15,266,380192559.06
0.15,267,339980019.61
0.15,268,355892703.88
0.15,269,394154583.63
0.15,270,325047425.12
0.15,271,393680529.26
0.15,272,391525800.91
0.15,273,355458698.64
0.15,274,366924730.52
0.15,275,352816369.2
0.15,276,370643905.13
0.15,277,398074136.26
0.15,278,370907445.97
0.15,279,355594329.14
0.15,280,388724314.27
0.15,281,395817192.07
0.15,282,370713671.57
0.15,283,368980875.79
0.15,284,362402097.87
0.15,285,349620972.45
0.15,286,398014734.13
0.15,287,378237146.57
0.15,288,375539567.24
0.15,289,380447382.5
0.15,290,394521618.0
0.15,291,398440815.91
0.15,292,388780110.59
0.15,293,394651164.03
0.15,294,325780236.84
0.15,295,365618056.88
0.15,296,357926489.84
0.15,297,397518973.04
0.15,298,381078872.45
0.15,299,389297576.06
0.15,300,384797470.72
0.15,301,348668682.56
0.15,302,386997322.41
0.15,303,387418144.64
0.15,304,393085910.13
0.15,305,396699098.74
0.15,306,397869911.97
0.15,307,394571524.23
0.15,308,343398731.51
0.15,309,376625986.4
0.15,310,382268859.62
0.15,311,398680498.32
0.15,312,399634472.13
0.15,313,320576307.82
0.15,314,352249595.85
0.15,315,377229038.42
0.15,316,392844137.9
0.15,317,388699407.93
0.15,318,399741313.94
0.15,319,374091043.06
0.15,320,388248618.54
0.15,321,394995064.34
0.15,322,356439430.27
0.15,323,375151678.27
0.15,324,393683727.18
0.15,325,363231673.25
0.15,326,385542225.18
0.15,327,390092267.43
0.15,328,391570755.94
0.15,329,371882099.03
0.15,330,397535620.89
0.15,331,389532648.63
0.15,332,384612176.89
0.15,333,392070376.25
0.15,334,397815162.91
0.15,335,387016718.37
0.15,336,392248529.62
0.15,337,372390202.69
0.15,338,288438497.37
0.15,339,393089043.77
0.15,340,392260581.87
0.15,341,376250873.96
0.15,342,357124109.92
0.15,343,357584070.66
0.15,344,394730087.71
0.15,345,379348090.52
0.15,346,382326864.14
0.15,347,365299404.21
0.15,348,361865244.39
0.15,349,397511180.77
0.15,350,361359383.44
0.15,351,392326906.22
0.15,352,394105697.27
0.15,353,395521048.72
0.15,354,380407492.38
0.15,355,397598714.77
0.15,356,355099152.38
0.15,357,399851832.57
0.15,358,392574043.75
0.15,359,387793452.12
0.15,360,383385400.62
0.15,361,391644770.18
0.15,362,352998914.44
0.15,363,375559045.48
0.15,364,399142658.93
0.15,365,384095671.87
0.15,366,392303989.78
0.15,367,381752250.36
0.15,368,386382595.74
0.15,369,383540661.76
0.15,370,397488344.59
0.15,371,372957652.09
0.15,372,395189557.94
0.15,373,345799406.5
0.15,374,390607109.32
0.15,375,396279086.72
0.15,376,359015105.34
0.15,377,356024680.64
0.15,378,306004441.95
0.15,379,357979851.07
0.15,380,391885377.19
0.15,381,390529713.76
0.15,382,388524869.14
0.15,383,386027256.12
0.15,384,373071192.61
0.15,385,384993753.1
0.15,386,380059407.1
0.15,387,387130254.05
0.15,388,370125405.47
0.15,389,279316304.11
0.15,390,398655805.71
0.15,391,365738385.0
0.15,392,367290783.29
0.15,393,378352585.27
0.15,394,382250586.49
0.15,395,339941422.4
0.15,396,395420327.01
0.15,397,351302926.63
0.15,398,355132893.81
0.15,399,354105953.34
0.15,400,367773712.84
0.15,401,383240036.01
0.15,402,392513915.32
0.15,403,372872967.11
0.15,404,386907545.92
0.15,405,366852189.16
0.15,406,369961475.88
0.15,407,389779647.32
0.15,408,390033181.71
0.15,409,398547387.93
0.15,410,389661390.15
0.15,411,388150230.27
0.15,412,396734724.96
0.15,413,395024847.93
0.15,414,397461738.67
0.15,415,351509668.21
0.15,416,388980945.83
0.15,417,379462538.05
0.15,418,378431481.24
0.15,419,375459834.01
0.15,420,371482912.39
0.15,421,391847064.64
0.15,422,396701265.32
0.15,423,394644113.26
0.15,424,359125412.29
0.15,425,383283213.11
0.15,426,355337841.57
0.15,427,399987285.26
0.15,428,369632075.75
0.15,429,388225332.0
0.15,430,388607859.94
0.15,431,279134629.8
0.15,432,347595982.6
0.15,433,389451007.12
0.15,434,345362362.19
0.15,435,382872484.57
0.15,436,350905055.49
0.15,437,399494120.36
0.15,438,399349403.82
0.15,439,392643029.22
0.15,440,328593487.86
0.15,441,384699943.27
0.15,442,393885063.68
0.15,443,364638550.75
0.15,444,330642707.96
0.15,445,396960526.71
0.15,446,392774204.98
0.15,447,364896630.21
0.15,448,386780561.61
0.15,449,372933871.04
0.15,450,388083443.24
0.15,451,399708146.98
0.15,452,331247890.63
0.15,453,398510533.99
0.15,454,386837695.32
0.15,455,394109923.27
0.15,456,315688437.03
0.15,457,372535791.91
0.15,458,389600208.7
0.15,459,379084590.26
0.15,460,389002909.74
0.15,461,374042195.1
0.15,462,399646559.65
0.15,463,381105537.98
0.15,464,356759841.6
0.15,465,395957201.65
0.15,466,383133105.65
0.15,467,395611360.95
0.15,468,360112217.06
0.15,469,397892637.19
0.15,470,381422789.92
0.15,471,385647808.16
0.15,472,398725228.19
0.15,473,392490741.82
0.15,474,368411990.24
0.15,475,385199948.55
0.15,476,382495533.56
0.15,477,349189127.1
0.15,478,336943677.81
0.15,479,386876909.12
0.15,480,393494846.81
0.15,481,369641112.36
0.15,482,390676264.08
0.15,483,388400475.88
0.15,484,330694706.25
0.15,485,398368217.69
0.15,486,379126699.33
0.15,487,388180851.88
0.15,488,344280893.97
0.15,489,396288910.84
0.15,490,377114618.02
0.15,491,337310752.12
0.15,492,381127438.65
0.15,493,374309732.14
0.15,494,369320533.75
0.15,495,395901124.71
0.15,496,392680502.53
0.15,497,386833744.0
0.15,498,373570079.66
0.15,499,346503411.2
0.2,0,393471356.35
0.2,1,390536487.78
0.2,2,275990896.48
0.2,3,382869838.55
0.2,4,365571257.02
0.2,5,373905710.86
0.2,6,377112387.13
0.2,7,397453495.14
0.2,8,382434264.89
0.2,9,399686676.64
0.2,10,389185099.88
0.2,11,396167684.84
0.2,12,351358062.36
0.2,13,380241686.9
0.2,14,399136671.85
0.2,15,371507048.76
0.2,16,362810090.25
0.2,17,387080058.99
0.2,18,388286529.45
0.2,19,389885492.13
0.2,20,396087449.19
0.2,21,373334128.09
0.2,22,389084879.97
0.2,23,372069590.06
0.2,24,392911384.09
0.2,25,387810948.41
0.2,26,397486925.28
0.2,27,390858578.92
0.2,28,381800960.36
0.2,29,383906123.99
0.2,30,365496049.94
0.2,31,387179004.05
0.2,32,345937079.86
0.2,33,380328967.46
0.2,34,348812909.11
0.2,35,379117482.15
0.2,36,384675340.47
0.2,37,364173110.94
0.2,38,394725217.34
0.2,39,374367079.74
0.2,40,352925256.09
0.2,41,374656188.5
0.2,42,318211840.69
0.2,43,371519613.05
0.2,44,395862880.28
0.2,45,397998769.01
0.2,46,327882925.03
0.2,47,325496417.81
0.2,48,384108557.53
0.2,49,383062683.05
0.2,50,398052641.77
0.2,51,322125572.7
0.2,52,391904830.35
0.2,53,380705063.62
0.2,54,399139828.16
0.2,55,398544482.96
0.2,56,365186797.55
0.2,57,367150214.73
0.2,58,348227785.68
0.2,59,395481878.56
0.2,60,368975525.6
0.2,61,389824671.65
0.2,62,377148302.9
0.2,63,346607686.35
0.2,64,399040242.03
0.2,65,391355878.43
0.2,66,384718736.71
0.2,67,336179399.02
0.2,68,367974523.83
0.2,69,378240880.57
0.2,70,390792777.91
0.2,71,304495318.86
0.2,72,360228268.94
0.2,73,345359255.2
0.2,74,350017679.61
0.2,75,354300195.08
0.2,76,377095060.08
0.2,77,383013398.75
0.2,78,365927287.6
0.2,79,389310194.75
0.2,80,384348423.9
0.2,81,389980716.42
0.2,82,378347172.99
0.2,83,345349009.85
0.2,84,382938384.99
0.2,85,389694217.08
0.2,86,385053224.83
0.2,87,382532287.41
0.2,88,379500555.54
0.2,89,394591775.75
0.2,90,386179750.91
0.2,91,387150834.35
0.2,92,395790735.11
0.2,93,282773489.26
0.2,94,336966643.01
0.2,95,393222931.0
0.2,96,396470356.76
0.2,97,373345269.57
0.2,98,357328448.86
0.2,99,398488370.04
0.2,100,396671554.13
0.2,101,368601165.28
0.2,102,397762079.19
0.2,103,380332308.16
0.2,104,399087351.2
0.2,105,388730229.92
0.2,106,392599713.2
0.2,107,398829055.88
0.2,108,396308087.91
0.2,109,353947443.52
0.2,110,393570688.33
0.2,111,304910521.78
0.2,112,398179176.85
0.2,113,392864243.0
0.2,114,388743253.05
0.2,115,333679480.15
0.2,116,399455192.84
0.2,117,397634316.8
0.2,118,325445862.64
0.2,119,380534022.4
0.2,120,391835885.61
0.2,121,378472046.61
0.2,122,389199304.65
0.2,123,390683925.99
0.2,124,312639260.87
0.2,125,395712984.25
0.2,126,399603379.24
0.2,127,391856838.75
0.2,128,391280917.22
0.2,129,376280469.56
0.2,130,380866376.03
0.2,131,387167851.59
0.2,132,369724896.86
0.2,133,392486820.78
0.2,134,351970253.93
0.2,135,385882906.08
0.2,136,394472462.79
0.2,137,386735019.72
0.2,138,399448537.41
0.2,139,381177447.77
0.2,140,358873429.03
0.2,141,391156084.47
0.2,142,366850266.27
0.2,143,375380175.77
0.2,144,386817789.01
0.2,145,396742687.66
0.2,146,379491771.59
0.2,147,360519166.6
0.2,148,349284512.72
0.2,149,371286099.13
0.2,150,384971999.42
0.2,151,391814391.77
0.2,152,375175110.22
0.2,153,386459624.81
0.2,154,371252703.84
0.2,155,355351852.14
0.2,156,395716968.41
0.2,157,366971327.13
0.2,158,354728031.55
0.2,159,377485065.77
0.2,160,395262323.42
0.2,161,383359270.77
0.2,162,394845041.33
0.2,163,371962201.03
0.2,164,323456258.36
0.2,165,389128987.26
0.2,166,369466060.03
0.2,167,387276733.1
0.2,168,344781960.08
0.2,169,397068900.36
0.2,170,337578277.76
0.2,171,380734420.18
0.2,172,398742913.96
0.2,173,326556267.36
0.2,174,375694975.17
0.2,175,349212935.82
0.2,176,375002879.16
0.2,177,340463042.24
0.2,178,380842205.64
0.2,179,386156574.36
0.2,180,390831798.3
0.2,181,394794389.81
0.2,182,374532455.59
0.2,183,390076585.07
0.2,184,394152229.26
0.2,185,368232241.35
0.2,186,384722086.14
0.2,187,339306790.37
0.2,188,357663622.79
0.2,189,312442347.4
0.2,190,383710285.68
0.2,191,373447839.6
0.2,192,388346232.47
0.2,193,396181893.79
0.2,194,384298432.12
0.2,195,383367447.43
0.2,196,366588578.17
0.2,197,384108490.51
0.2,198,389163237.48
0.2,199,355368605.13
0.2,200,378442350.55
0.2,201,390333693.11
0.2,202,366196929.49
0.2,203,391581922.7
0.2,204,359338697.13
0.2,205,393352611.14
0.2,206,393068427.76
0.2,207,388772766.08
0.2,208,379281640.45
0.2,209,375618629.86
0.2,210,396509927.58
0.2,211,377533683.3
0.2,212,382552375.97
0.2,213,350918641.71
0.2,214,357695560.9
0.2,215,397790977.73
0.2,216,366341000.69
0.2,217,368509828.41
0.2,218,365407138.54
0.2,219,380021323.25
0.2,220,358579904.64
0.2,221,383934229.52
0.2,222,381564588.04
0.2,223,389376488.78
0.2,224,378475707.35
0.2,225,375558252.17
0.2,226,376914025.19
0.2,227,356289094.37
0.2,228,390334741.14
0.2,229,381239401.93
0.2,230,394818051.21
0.2,231,379599953.37
0.2,232,325682717.2
0.2,233,365098373.32
0.2,234,376761783.43
0.2,235,327485462.33
0.2,236,379852908.03
0.2,237,397841219.06
0.2,238,391901692.22
0.2,239,394333250.24
0.2,240,385617805.66
0.2,241,338264206.98
0.2,242,394481877.96
0.2,243,392050970.76
0.2,244,363228736.31
0.2,245,330525085.59
0.2,246,364828132.52
0.2,247,397792076.11
0.2,248,391096277.49
0.2,249,393155949.68
0.2,250,391855087.51
0.2,251,313245852.14
0.2,252,370587476.77
0.2,253,373336372.64
0.2,254,373518763.33
0.2,255,396567655.49
0.2,256,389915933.06
0.2,257,391825012.0
0.2,258,380059631.1
0.2,259,394864560.82
0.2,260,375484045.19
0.2,261,398481316.49
0.2,262,344072079.31
0.2,263,382977723.18
0.2,264,387850128.74
0.2,265,325382323.92
0.2,266,384906230.7
0.2,267,372095939.99
0.2,268,373991428.57
0.2,269,384557042.43
0.2,270,379691507.43
0.2,271,389521952.92
0.2,272,334635385.35
0.2,273,294063560.38
0.2,274,375361172.19
0.2,275,372303321.74
0.2,276,380109600.46
0.2,277,373262008.98
0.2,278,319808797.14
0.2,279,386358243.34
0.2,280,342225513.01
0.2,281,396444573.17
0.2,282,399039122.81
0.2,283,384675878.53
0.2,284,358828960.46
0.2,285,355829231.47
0.2,286,398682950.83
0.2,287,399445830.52
0.2,288,397392688.96
0.2,289,310773726.89
0.2,290,377788826.7
0.2,291,336866192.07
0.2,292,346073683.43
0.2,293,393922071.78
0.2,294,388723738.3
0.2,295,342260006.64
0.2,296,386052530.5
0.2,297,321307064.45
0.2,298,342036759.34
0.2,299,377798732.9
0.2,300,366114696.63
0.2,301,397147442.37
0.2,302,378256516.8
0.2,303,398426380.63
0.2,304,396247037.6
0.2,305,360664894.18
0.2,306,379211083.92
0.2,307,370688359.9
0.2,308,324567307.73
0.2,309,373607980.18
0.2,310,395649328.91
0.2,311,381330260.52
0.2,312,375991857.11
0.2,313,396092965.45
0.2,314,372660288.05
0.2,315,385231621.63
0.2,316,396965326.63
0.2,317,349547136.23
0.2,318,386178054.24
0.2,319,360390603.94
0.2,320,364485091.24
0.2,321,392104573.61
0.2,322,387840858.46
0.2,323,397373944.63
0.2,324,392786684.28
0.2,325,375428675.02
0.2,326,379985988.09
0.2,327,380557634.84
0.2,328,387868983.82
0.2,329,388253193.89
0.2,330,342241340.64
0.2,331,386517470.71
0.2,332,379989722.16
0.2,333,368117529.08
0.2,334,346984229.91
0.2,335,379976120.51
0.2,336,391315110.95
0.2,337,371370073.1
0.2,338,398222827.9
0.2,339,397814560.26
0.2,340,384710464.47
0.2,341,383289800.93
0.2,342,373645895.62
0.2,343,392397988.04
0.2,344,372913494.53
0.2,345,345951439.79
0.2,346,386124215.47
0.2,347,394095678.85
0.2,348,305710229.61
0.2,349,337575751.16
0.2,350,306366544.81
0.2,351,344553302.14
0.2,352,379511173.02
0.2,353,384058834.07
0.2,354,343822632.5
0.2,355,366434904.46
0.2,356,372807724.83
0.2,357,388932409.59
0.2,358,398115536.52
0.2,359,388906707.51
0.2,360,388962844.37
0.2,361,371043778.31
0.2,362,388109229.02
0.2,363,395456189.39
0.2,364,392821068.52
0.2,365,392343657.52
0.2,366,399425819.9
0.2,367,374396876.52
0.2,368,398484479.91
0.2,369,378428350.16
0.2,370,393002820.9
0.2,371,385041748.22
0.2,372,392379021.15
0.2,373,394324283.7
0.2,374,391027802.66
0.2,375,304897953.7
0.2,376,368782543.98
0.2,377,398873372.4
0.2,378,371976441.6
0.2,379,386117932.24
0.2,380,384735466.38
0.2,381,392981271.5
0.2,382,368432446.76
0.2,383,348659471.04
0.2,384,362749798.46
0.2,385,354471869.82
0.2,386,339761777.81
0.2,387,350993684.39
0.2,388,326643899.16
0.2,389,377871502.18
0.2,390,368697705.85
0.2,391,397821064.94
0.2,392,348262756.72
0.2,393,344188177.57
0.2,394,368015459.18
0.2,395,367856339.0
0.2,396,373405770.0
0.2,397,374354106.68
0.2,398,389246561.01
0.2,399,356534868.58
0.2,400,385715797.53
0.2,401,399428883.75
0.2,402,358960107.4
0.2,403,358758652.01
0.2,404,398235284.91
0.2,405,394861092.66
0.2,406,362578553.75
0.2,407,335182031.05
0.2,408,396337888.73
0.2,409,390412720.71
0.2,410,378307705.46
0.2,411,360851394.19
0.2,412,365364704.09
0.2,413,364364915.5
0.2,414,399377471.33
0.2,415,373812394.46
0.2,416,375576615.32
0.2,417,397068106.74
0.2,418,387457707.41
0.2,419,384190150.87
0.2,420,387526955.12
0.2,421,392277850.71
0.2,422,335965778.9
0.2,423,377496675.91
0.2,424,371577456.92
0.2,425,395843005.35
0.2,426,361139850.64
0.2,427,354674837.02
0.2,428,384105265.35
0.2,429,395244310.16
0.2,430,393391264.95
0.2,431,376735780.76
0.2,432,356250153.01
0.2,433,371469415.04
0.2,434,395069312.08
0.2,435,388513392.68
0.2,436,371380871.87
0.2,437,395640721.51
0.2,438,374260189.35
0.2,439,387750203.38
0.2,440,346547263.68
0.2,441,332215097.62
0.2,442,395543889.51
0.2,443,398685874.58
0.2,444,393613432.23
0.2,445,383663409.61
0.2,446,375661884.07
0.2,447,385483434.55
0.2,448,388599675.03
0.2,449,376249969.31
0.2,450,389998299.43
0.2,451,379842658.81
0.2,452,355382418.88
0.2,453,394809518.94
0.2,454,389323844.5
0.2,455,398139063.83
0.2,456,378930587.3
0.2,457,386896048.69
0.2,458,390117278.69
0.2,459,389038207.71
0.2,460,392728379.18
0.2,461,379047845.38
0.2,462,395386239.26
0.2,463,393371514.61
0.2,464,398962802.87
0.2,465,349844227.61
0.2,466,398839287.59
0.2,467,331820360.0
0.2,468,368641274.57
0.2,469,382301873.99
0.2,470,357002028.65
0.2,471,366758435.46
0.2,472,332606223.39
0.2,473,395236833.25
0.2,474,390605777.79
0.2,475,348531466.06
0.2,476,351930658.06
0.2,477,382693805.52
0.2,478,387831497.29
0.2,479,395650379.96
0.2,480,374946866.21
0.2,481,375209839.6
0.2,482,378214504.36
0.2,483,369471192.45
0.2,484,357869582.77
0.2,485,380942397.65
0.2,486,378305035.83
0.2,487,390764460.83
0.2,488,318596565.3
0.2,489,396423965.39
0.2,490,380025554.83
0.2,491,353574463.88
0.2,492,365220108.8
0.2,493,380989613.09
0.2,494,386386149.0
0.2,495,396855158.06
0.2,496,365172426.39
0.2,497,394032401.35
0.2,498,349361353.35
0.2,499,393903792.35
0.25,0,397482321.69
0.25,1,393822885.73
0.25,2,399208209.43
0.25,3,371212900.02
0.25,4,382592958.96
0.25,5,344869088.22
0.25,6,389316048.74
0.25,7,366469116.61
0.25,8,363875813.08
0.25,9,371768561.96
0.25,10,371941350.75
0.25,11,341334053.68
0.25,12,381373031.59
0.25,13,392913785.7
0.25,14,389724697.19
0.25,15,397748804.98
0.25,16,372386022.36
0.25,17,380995912.91
0.25,18,333835895.84
0.25,19,388540660.94
0.25,20,398234612.47
0.25,21,360279891.23
0.25,22,391336516.62
0.25,23,394519090.26
0.25,24,336874292.5
0.25,25,385002060.79
0.25,26,371759440.03
0.25,27,377581262.43
0.25,28,368463789.81
0.25,29,388817522.31
0.25,30,396749891.61
0.25,31,362113775.0
0.25,32,393747162.06
0.25,33,390351456.84
0.25,34,368217110.91
0.25,35,331287555.22
0.25,36,376187420.84
0.25,37,395924749.7
0.25,38,335070798.93
0.25,39,337012181.61
0.25,40,385640834.84
0.25,41,391079419.79
0.25,42,377458757.09
0.25,43,391296523.07
0.25,44,391894816.7
0.25,45,357852276.08
0.25,46,388711393.5
0.25,47,300877513.12
0.25,48,377507082.24
0.25,49,396155100.82
0.25,50,373667583.23
0.25,51,397508904.83
0.25,52,372459590.03
0.25,53,368763065.34
0.25,54,395494706.48
0.25,55,319139140.54
0.25,56,397520075.89
0.25,57,397340100.62
0.25,58,397150191.27
0.25,59,370414887.72
0.25,60,392960225.09
0.25,61,369908208.01
0.25,62,362888922.18
0.25,63,387353074.79
0.25,64,385019234.98
0.25,65,386177809.14
0.25,66,345862365.21
0.25,67,296465782.91
0.25,68,397103252.92
0.25,69,388856368.86
0.25,70,393862898.77
0.25,71,388939887.62
0.25,72,351579309.78
0.25,73,375267305.08
0.25,74,388018208.51
0.25,75,373137717.14
0.25,76,398187375.84
0.25,77,388802280.05
0.25,78,391543337.04
0.25,79,314492355.94
0.25,80,365073160.75
0.25,81,372564818.28
0.25,82,356567461.3
0.25,83,395941344.04
0.25,84,374459240.83
0.25,85,381712558.61
0.25,86,270623731.76
0.25,87,398911580.27
0.25,88,387403421.81
0.25,89,382226021.14
0.25,90,392274316.26
0.25,91,361676976.23
0.25,92,399401505.25
0.25,93,357331060.99
0.25,94,389787909.73
0.25,95,365306713.86
0.25,96,387975651.32
0.25,97,396559239.61
0.25,98,383715519.65
0.25,99,369049004.93
0.25,100,368699733.63
0.25,101,396243316.96
0.25,102,375958373.16
0.25,103,350234846.21
0.25,104,392670222.39
0.25,105,378454867.78
0.25,106,387383274.92
0.25,107,359157736.78
0.25,108,360279419.7
0.25,109,395969369.23
0.25,110,354709416.3
0.25,111,388804322.61
0.25,112,386852370.29
0.25,113,382461999.68
0.25,114,396452786.92
0.25,115,390128922.05
0.25,116,393618689.38
0.25,117,397695883.88
0.25,118,357795145.05
0.25,119,394001162.81
0.25,120,367780529.05
0.25,121,379956862.67
0.25,122,396036649.85
0.25,123,385940611.06
0.25,124,379977934.27
0.25,125,336363314.3
0.25,126,378132253.77
0.25,127,374617102.06
0.25,128,380100020.81
0.25,129,398489074.38
0.25,130,397570300.25
0.25,131,391212459.57
0.25,132,379624010.32
0.25,133,354885224.57
0.25,134,394005148.42
0.25,135,391489937.23
0.25,136,342060863.18
0.25,137,376395362.06
0.25,138,386465000.11
0.25,139,392187062.92
0.25,140,323306745.12
0.25,141,325818806.9
0.25,142,393308115.93
0.25,143,390824268.61
0.25,144,304418180.95
0.25,145,398058836.91
0.25,146,317238647.0
0.25,147,359395959.96
0.25,148,381085787.0
0.25,149,387628081.26
0.25,150,355183901.31
0.25,151,370541678.07
0.25,152,379600166.65
0.25,153,388568644.21
0.25,154,326552512.41
0.25,155,364242433.42
0.25,156,367540454.0
0.25,157,364258930.53
0.25,158,383845624.09
0.25,159,387157972.15
0.25,160,363459344.8
0.25,161,352109489.27
0.25,162,380734382.18
0.25,163,382298441.03
0.25,164,354871365.34
0.25,165,302190097.85
0.25,166,385182198.17
0.25,167,388930978.55
0.25,168,379277175.98
0.25,169,373263514.93
0.25,170,382557662.32
0.25,171,388589724.85
0.25,172,391133689.87
0.25,173,382764176.74
0.25,174,350281656.0
0.25,175,376510012.58
0.25,176,369160386.45
0.25,177,358150992.16
0.25,178,382444556.87
0.25,179,396981644.48
0.25,180,367119558.56
0.25,181,366777031.94
0.25,182,393769362.69
0.25,183,372034515.7
0.25,184,383257843.23
0.25,185,367866589.47
0.25,186,373159716.61
0.25,187,390731665.69
0.25,188,360059572.54
0.25,189,388541770.44
0.25,190,387854502.67
0.25,191,369293348.26
0.25,192,372296898.98
0.25,193,358814552.63
0.25,194,348741733.59
0.25,195,349026170.92
0.25,196,389512541.05
0.25,197,398862988.03
0.25,198,370948916.84
0.25,199,391681455.52
0.25,200,392153415.49
0.25,201,393552745.69
0.25,202,338841075.24
0.25,203,398437061.95
0.25,204,366747480.95
0.25,205,380196331.34
0.25,206,387628663.19
0.25,207,336581797.96
0.25,208,395278668.74
0.25,209,378081314.06
0.25,210,354544433.39
0.25,211,357043114.49
0.25,212,399294895.33
0.25,213,375408647.46
0.25,214,397842639.34
0.25,215,345505428.81
0.25,216,352555361.31
0.25,217,385856365.9
0.25,218,377445494.24
0.25,219,386590095.07
0.25,220,391093206.52
0.25,221,372402224.51
0.25,222,331117719.73
0.25,223,398650700.33
0.25,224,316880073.6
0.25,225,374565072.67
0.25,226,390038496.91
0.25,227,350648002.46
0.25,228,392017773.27
0.25,229,391680101.39
0.25,230,397152685.24
0.25,231,352395733.43
0.25,232,383429066.97
0.25,233,392144247.3
0.25,234,393458861.56
0.25,235,390875495.6
0.25,236,399289143.4
0.25,237,396513748.53
0.25,238,397301195.75
0.25,239,389486187.31
0.25,240,395674790.52
0.25,241,331018398.19
0.25,242,394659923.86
0.25,243,285515549.2
0.25,244,374123390.05
0.25,245,391083068.44
0.25,246,357082143.61
0.25,247,380812818.78
0.25,248,346113760.95
0.25,249,384841495.81
0.25,250,351278275.25
0.25,251,363591248.97
0.25,252,397118179.81
0.25,253,390389750.11
0.25,254,379642286.12
0.25,255,374397953.74
0.25,256,341219820.57
0.25,257,354712569.87
0.25,258,393043135.51
0.25,259,376684071.82
0.25,260,368118525.72
0.25,261,356464835.64
0.25,262,352065702.06
0.25,263,357781145.35
0.25,264,394065553.15
0.25,265,387415688.85
0.25,266,324199841.5
0.25,267,379129558.69
0.25,268,399604348.51
0.25,269,396373837.0
0.25,270,359295627.91
0.25,271,398710224.31
0.25,272,394899646.69
0.25,273,374049414.96
0.25,274,358515638.32
0.25,275,354355076.97
0.25,276,364580004.63
0.25,277,389815963.14
0.25,278,391737734.95
0.25,279,381235602.77
0.25,280,386573054.05
0.25,281,385653129.0
0.25,282,388226752.27
0.25,283,362654030.6
0.25,284,390956687.7
0.25,285,331464980.62
0.25,286,358116514.41
0.25,287,393472801.19
0.25,288,384084216.47
0.25,289,399058692.42
0.25,290,371347232.96
0.25,291,385306761.59
0.25,292,398483829.78
0.25,293,311338643.24
0.25,294,390615109.43
0.25,295,379313885.15
0.25,296,386194680.33
0.25,297,341044933.73
0.25,298,381880226.1
0.25,299,374334256.77
0.25,300,371753243.11
0.25,301,393778059.34
0.25,302,370461935.52
0.25,303,391465326.16
0.25,304,394516738.58
0.25,305,359124682.21
0.25,306,383324485.34
0.25,307,373584793.23
0.25,308,393042203.29
0.25,309,372717763.99
0.25,310,348952876.52
0.25,311,378647439.48
0.25,312,382331646.53
0.25,313,348053346.43
0.25,314,388262631.35
0.25,315,379739886.03
0.25,316,392100986.0
0.25,317,355287221.78
0.25,318,386313248.3
0.25,319,378002128.61
0.25,320,370995227.27
0.25,321,380498830.4
0.25,322,352971064.57
0.25,323,380346148.36
0.25,324,361459473.89
0.25,325,369185326.2
0.25,326,327383831.27
0.25,327,346490205.43
0.25,328,360982793.63
0.25,329,365605455.47
0.25,330,362664586.05
0.25,331,362350939.36
0.25,332,385510693.68
0.25,333,386869349.96
0.25,334,363700520.78
0.25,335,341949480.29
0.25,336,396802392.12
0.25,337,356367297.98
0.25,338,364970730.26
0.25,339,373143777.46
0.25,340,367583615.65
0.25,341,381897317.11
0.25,342,308015317.48
0.25,343,355294040.06
0.25,344,385253244.98
0.25,345,399596064.06
0.25,346,365971806.25
0.25,347,340952012.69
0.25,348,384081332.95
0.25,349,398577124.06
0.25,350,359412557.48
0.25,351,383708270.71
0.25,352,360784711.45
0.25,353,382364247.69
0.25,354,397358321.98
0.25,355,379316803.3
0.25,356,385001200.64
0.25,357,370234648.01
0.25,358,376100719.17
0.25,359,376829248.25
0.25,360,380481552.52
0.25,361,379387003.82
0.25,362,386090114.4
0.25,363,381551765.23
0.25,364,359536807.52
0.25,365,389884921.02
0.25,366,380290473.71
0.25,367,392632347.43
0.25,368,398002750.14
0.25,369,396749319.13
0.25,370,390516255.75
0.25,371,379593844.35
0.25,372,363613368.36
0.25,373,345065221.81
0.25,374,391432660.92
0.25,375,388221992.85
0.25,376,341014828.77
0.25,377,359850377.12
0.25,378,395866204.31
0.25,379,394977536.91
0.25,380,393337260.07
0.25,381,374846307.82
0.25,382,370312083.05
0.25,383,344130552.03
0.25,384,390988953.28
0.25,385,389994373.39
0.25,386,350761397.4
0.25,387,363668218.07
0.25,388,397685189.15
0.25,389,385750091.16
0.25,390,342136739.5
0.25,391,354977679.35
0.25,392,370112989.63
0.25,393,389505097.22
0.25,394,383419941.64
0.25,395,368831127.01
0.25,396,392510756.09
0.25,397,367955170.61
0.25,398,396690522.73
0.25,399,370900906.83
0.25,400,397265066.02
0.25,401,365316295.98
0.25,402,394025608.43
0.25,403,388372548.75
0.25,404,397553987.28
0.25,405,345815707.68
0.25,406,344944976.05
0.25,407,398872307.73
0.25,408,368046998.19
0.25,409,358941891.82
0.25,410,378466816.57
0.25,411,347817426.35
0.25,412,378571329.47
0.25,413,397889368.28
0.25,414,393247009.1
0.25,415,396541883.17
0.25,416,350709036.78
0.25,417,388626366.26
0.25,418,398756418.71
0.25,419,374716832.06
0.25,420,386741048.24
0.25,421,374037407.91
0.25,422,381278460.56
0.25,423,358877620.41
0.25,424,376852667.46
0.25,425,381926647.93
0.25,426,374916648.25
0.25,427,398030180.2
0.25,428,374609090.22
0.25,429,389599009.73
0.25,430,382513466.23
0.25,431,383696168.84
0.25,432,394310607.52
0.25,433,367355473.66
0.25,434,340259013.28
0.25,435,350383422.3
0.25,436,370074045.38
0.25,437,385574067.83
0.25,438,368238172.5
0.25,439,334769492.37
0.25,440,370569527.92
0.25,441,379351841.85
0.25,442,399443632.91
0.25,443,372222048.7
0.25,444,355460250.47
0.25,445,395204416.25
0.25,446,374680418.75
0.25,447,394453416.79
0.25,448,360898709.03
0.25,449,384752365.81
0.25,450,365179884.74
0.25,451,373024273.38
0.25,452,373030451.95
0.25,453,369529735.42
0.25,454,383333667.43
0.25,455,384139074.45
0.25,456,358652472.07
0.25,457,386124497.16
0.25,458,374355215.83
0.25,459,397768230.85
0.25,460,358044827.5
0.25,461,357846067.86
0.25,462,361979811.18
0.25,463,393959202.4
0.25,464,394919188.25
0.25,465,397593326.97
0.25,466,379192368.36
0.25,467,380838903.66
0.25,468,374600351.82
0.25,469,382700898.73
0.25,470,337773750.42
0.25,471,395869033.45
0.25,472,399875119.27
0.25,473,313567153.49
0.25,474,361095350.26
0.25,475,380131227.91
0.25,476,365270489.4
0.25,477,392859865.8
0.25,478,386326130.12
0.25,479,397646155.99
0.25,480,359596080.59
0.25,481,385321140.13
0.25,482,396596287.83
0.25,483,391605671.58
0.25,484,381460818.32
0.25,485,387615003.97
0.25,486,375135612.61
0.25,487,382826065.28
0.25,488,399118550.53
0.25,489,380404597.14
0.25,490,353593583.2
0.25,491,359687903.92
0.25,492,382188518.25
0.25,493,373926236.16
0.25,494,311663809.07
0.25,495,359618926.75
0.25,496,391793662.93
0.25,497,335371256.71
0.25,498,355536192.97
0.25,499,374484548.13
0.3,0,369362480.15
0.3,1,394558236.75
0.3,2,366704462.58
0.3,3,395449007.08
0.3,4,387096306.56
0.3,5,385480100.65
0.3,6,382950664.68
0.3,7,389391340.47
0.3,8,358836852.3
0.3,9,382934178.75
0.3,10,382418743.47
0.3,11,365477256.53
0.3,12,381001645.31
0.3,13,392077596.24
0.3,14,385321289.11
0.3,15,384979204.73
0.3,16,359773124.01
0.3,17,382735370.79
0.3,18,376527482.47
0.3,19,381401781.83
0.3,20,348659071.07
0.3,21,373786575.83
0.3,22,332242100.15
0.3,23,399248025.76
0.3,24,384936488.73
0.3,25,364491286.74
0.3,26,398180103.57
0.3,27,392024035.12
0.3,28,376089160.17
0.3,29,373011893.1
0.3,30,393318477.23
0.3,31,383391532.03
0.3,32,359976349.49
0.3,33,380543112.17
0.3,34,378637816.73
0.3,35,374591532.32
0.3,36,374169647.54
0.3,37,377694472.39
0.3,38,348263490.52
0.3,39,384234412.29
0.3,40,329596343.45
0.3,41,373046498.37
0.3,42,390972139.1
0.3,43,391616798.38
0.3,44,349390843.1
0.3,45,369993237.25
0.3,46,366334516.09
0.3,47,372458985.11
0.3,48,384765385.59
0.3,49,386787871.12
0.3,50,396016149.49
0.3,51,392871814.8
0.3,52,399232803.2
0.3,53,301486690.66
0.3,54,373537943.4
0.3,55,397444634.4
0.3,56,366258696.49
0.3,57,391766282.07
0.3,58,389805203.51
0.3,59,397685390.5
0.3,60,319290725.63
0.3,61,372766275.85
0.3,62,342827383.8
0.3,63,382359983.92
0.3,64,398672616.28
0.3,65,391709523.28
0.3,66,396053190.34
0.3,67,395131211.59
0.3,68,393112677.67
0.3,69,384148268.45
0.3,70,369382027.85
0.3,71,393803925.83
0.3,72,396872625.34
0.3,73,389015375.94
0.3,74,357506357.69
0.3,75,391108834.07
0.3,76,397637522.24
0.3,77,381763222.78
0.3,78,397376162.12
0.3,79,370419181.37
0.3,80,346533312.23
0.3,81,385644076.49
0.3,82,333192375.9
0.3,83,328737455.01
0.3,84,378653761.45
0.3,85,385330945.43
0.3,86,343349176.49
0.3,87,396348845.58
0.3,88,381859555.05
0.3,89,369819724.41
0.3,90,378623274.18
0.3,91,390218895.69
0.3,92,389578215.03
0.3,93,341979520.82
0.3,94,398425479.86
0.3,95,363696342.0
0.3,96,397504716.73
0.3,97,327668606.15
0.3,98,392483517.73
0.3,99,383739800.01
0.3,100,386632489.87
0.3,101,344744237.49
0.3,102,389940935.15
0.3,103,385327978.88
0.3,104,372318775.38
0.3,105,352993427.81
0.3,106,333342415.25
0.3,107,380575088.71
0.3,108,374811575.42
0.3,109,395003337.31
0.3,110,373492034.76
0.3,111,308587845.44
0.3,112,383804556.2
0.3,113,375571350.95
0.3,114,333243703.06
0.3,115,390652827.9
0.3,116,398510960.9
0.3,117,397637875.03
0.3,118,338462662.01
0.3,119,395459854.51
0.3,120,381665071.05
0.3,121,391631129.35
0.3,122,380164023.74
0.3,123,363308467.99
0.3,124,344993256.11
0.3,125,352241890.08
0.3,126,348881724.76
0.3,127,385426064.19
0.3,128,393512876.35
0.3,129,380678618.11
0.3,130,377142147.94
0.3,131,384763709.6
0.3,132,386897817.61
0.3,133,358019247.4
0.3,134,379758250.76
0.3,135,385679390.09
0.3,136,385184829.15
0.3,137,358342791.69
0.3,138,390602327.38
0.3,139,380043907.16
0.3,140,322351932.51
0.3,141,395818644.92
0.3,142,385552361.62
0.3,143,346533627.46
0.3,144,364121698.55
0.3,145,383367710.32
0.3,146,370808262.64
0.3,147,397839876.45
0.3,148,396034737.96
0.3,149,382472543.72
0.3,150,390687933.92
0.3,151,381494881.75
0.3,152,383062171.33
0.3,153,393521278.82
0.3,154,368947202.81
0.3,155,337569378.33
0.3,156,373847416.26
0.3,157,399501231.51
0.3,158,358159772.28
0.3,159,367671098.83
0.3,160,392648751.96
0.3,161,388857450.52
0.3,162,340511157.73
0.3,163,399305376.74
0.3,164,396693500.15
0.3,165,353695133.63
0.3,166,391401853.45
0.3,167,350721373.69
0.3,168,363641609.54
0.3,169,388773115.07
0.3,170,361819985.97
0.3,171,368854637.95
0.3,172,393429396.57
0.3,173,393234295.42
0.3,174,394281588.23
0.3,175,354906069.66
0.3,176,373255863.94
0.3,177,381275991.93
0.3,178,350686137.04
0.3,179,396665410.3
0.3,180,373615609.7
0.3,181,346589113.57
0.3,182,391911140.04
0.3,183,389251393.15
0.3,184,346624117.02
0.3,185,399236860.46
0.3,186,393768509.83
0.3,187,379042984.61
0.3,188,347063711.53
0.3,189,393509660.54
0.3,190,387175544.49
0.3,191,365425801.72
0.3,192,360705424.92
0.3,193,384932001.39
0.3,194,381966049.63
0.3,195,396625197.74
0.3,196,325473823.79
0.3,197,388161161.26
0.3,198,385415829.36
0.3,199,368885525.86
0.3,200,287495819.7
0.3,201,394661179.42
0.3,202,367562544.67
0.3,203,396027215.04
0.3,204,399794097.92
0.3,205,385140253.01
0.3,206,364950505.32
0.3,207,396511548.01
0.3,208,330781920.99
0.3,209,373903368.78
0.3,210,377772047.02
0.3,211,388271148.77
0.3,212,342779124.06
0.3,213,399119673.12
0.3,214,351855103.67
0.3,215,359576228.39
0.3,216,398371564.12
0.3,217,383569729.84
0.3,218,333958322.67
0.3,219,396414573.4
0.3,220,381540255.66
0.3,221,399363754.18
0.3,222,378252986.03
0.3,223,373076570.09
0.3,224,296465079.6
0.3,225,385206010.99
0.3,226,359753125.08
0.3,227,376822551.84
0.3,228,383520822.36
0.3,229,347235421.4
0.3,230,389631542.33
0.3,231,370988951.43
0.3,232,366732794.39
0.3,233,343310936.8
0.3,234,383752868.45
0.3,235,393245159.12
0.3,236,377927033.98
0.3,237,372984803.18
0.3,238,394505408.61
0.3,239,390296551.09
0.3,240,387140526.14
0.3,241,389287775.87
0.3,242,393088029.13
0.3,243,378904496.38
0.3,244,381244672.34
0.3,245,368962960.73
0.3,246,389117124.81
0.3,247,309877369.84
0.3,248,297014369.72
0.3,249,348700374.08
0.3,250,371924814.73
0.3,251,369410230.56
0.3,252,368064670.13
0.3,253,362073173.84
0.3,254,374580642.3
0.3,255,387040192.33
0.3,256,377277977.13
0.3,257,316034869.16
0.3,258,392722693.6
0.3,259,395897887.46
0.3,260,390812362.49
0.3,261,386085095.52
0.3,262,379364097.09
0.3,263,380926302.59
0.3,264,335454714.36
0.3,265,381692314.25
0.3,266,397600667.84
0.3,267,356495100.49
0.3,268,398978509.11
0.3,269,386829451.49
0.3,270,363765493.56
0.3,271,388909326.1
0.3,272,362146818.64
0.3,273,331136604.31
0.3,274,393399799.22
0.3,275,395044615.81
0.3,276,376064890.42
0.3,277,394004762.88
0.3,278,381591526.1
0.3,279,348891570.16
0.3,280,396171853.61
0.3,281,388935583.7
0.3,282,389685646.34
0.3,283,375384252.84
0.3,284,393972968.26
0.3,285,367337284.79
0.3,286,364351986.55
0.3,287,396890434.37
0.3,288,391676417.7
0.3,289,313093989.34
0.3,290,378318738.76
0.3,291,371729734.85
0.3,292,290287096.97
0.3,293,381321534.63
0.3,294,385204497.53
0.3,295,386956908.75
0.3,296,346396114.93
0.3,297,370561135.52
0.3,298,384583835.3
0.3,299,398076226.9
0.3,300,382368237.43
0.3,301,303829157.09
0.3,302,382436884.26
0.3,303,377174033.88
0.3,304,337585320.77
0.3,305,396001651.37
0.3,306,395611124.08
0.3,307,388371696.98
0.3,308,353876542.92
0.3,309,386202745.35
0.3,310,388107900.54
0.3,311,397518128.0
0.3,312,370812777.76
0.3,313,334014492.22
0.3,314,278514106.38
0.3,315,354267939.67
0.3,316,399616728.67
0.3,317,395944854.48
0.3,318,389289528.78
0.3,319,352238387.29
0.3,320,356902977.33
0.3,321,399298846.03
0.3,322,390123881.67
0.3,323,397463529.04
0.3,324,396363665.54
0.3,325,383191386.01
0.3,326,368485264.48
0.3,327,392589124.39
0.3,328,385927256.39
0.3,329,389915021.37
0.3,330,354910972.45
0.3,331,385190582.13
0.3,332,377146969.63
0.3,333,376873392.92
0.3,334,391749664.74
0.3,335,376394485.0
0.3,336,376331335.15
0.3,337,375313696.27
0.3,338,385944157.92
0.3,339,398363284.84
0.3,340,386935882.07
0.3,341,376719557.61
0.3,342,357071376.04
0.3,343,366447237.23
0.3,344,312044501.2
0.3,345,392048424.39
0.3,346,347748247.46
0.3,347,360187434.71
0.3,348,383921644.03
0.3,349,399419114.02
0.3,350,330525537.58
0.3,351,392091679.57
0.3,352,351461372.9
0.3,353,384867708.92
0.3,354,390695767.2
0.3,355,394559549.3
0.3,356,387201598.38
0.3,357,390907150.09
0.3,358,381889958.61
0.3,359,360250230.24
0.3,360,388085669.35
0.3,361,385113575.73
0.3,362,388967407.36
0.3,363,393365763.52
0.3,364,378085865.75
0.3,365,368589787.18
0.3,366,392584458.72
0.3,367,363533650.39
0.3,368,366699212.48
0.3,369,370648165.2
0.3,370,373472054.72
0.3,371,364479011.22
0.3,372,396436221.39
0.3,373,398057713.78
0.3,374,387245950.28
0.3,375,365984176.64
0.3,376,394778880.02
0.3,377,391351233.66
0.3,378,363111862.16
0.3,379,326486966.48
0.3,380,374062743.23
0.3,381,389017094.38
0.3,382,331366842.29
0.3,383,359447153.75
0.3,384,393265517.84
0.3,385,380354940.97
0.3,386,385724885.74
0.3,387,397741442.1
0.3,388,395911511.86
0.3,389,353984474.11
0.3,390,393683480.36
0.3,391,385248152.19
0.3,392,382200366.99
0.3,393,383637085.72
0.3,394,378180203.48
0.3,395,395521400.5
0.3,396,340434473.56
0.3,397,386627733.15
0.3,398,374995468.39
0.3,399,373401043.57
0.3,400,377631594.83
0.3,401,380004972.06
0.3,402,387227485.22
0.3,403,372637636.74
0.3,404,368638540.82
0.3,405,365784606.12
0.3,406,382243281.26
0.3,407,397900630.8
0.3,408,382523208.87
0.3,409,392869475.43
0.3,410,369284957.95
0.3,411,381936777.47
0.3,412,386254852.67
0.3,413,355769387.37
0.3,414,322466159.33
0.3,415,359531936.53
0.3,416,386808536.52
0.3,417,395521889.57
0.3,418,399723991.95
0.3,419,381657125.37
0.3,420,392467053.11
0.3,421,396995917.21
0.3,422,290388615.76
0.3,423,370302397.72
0.3,424,384710672.38
0.3,425,379349369.26
0.3,426,342862286.72
0.3,427,378551554.18
0.3,428,388502057.24
0.3,429,384391296.39
0.3,430,345046483.02
0.3,431,383269927.39
0.3,432,395242116.5
0.3,433,373731610.04
0.3,434,381247313.09
0.3,435,382514337.27
0.3,436,382049188.36
0.3,437,351150393.21
0.3,438,387330671.61
0.3,439,355485710.51
0.3,440,397844441.06
0.3,441,349736877.27
0.3,442,392590958.99
0.3,443,399984890.2
0.3,444,378066357.75
0.3,445,382019123.87
0.3,446,373651136.5
0.3,447,357135637.83
0.3,448,355849415.22
0.3,449,347078986.2
0.3,450,379003809.47
0.3,451,341221730.8
0.3,452,299828153.6
0.3,453,399009310.5
0.3,454,347239379.25
0.3,455,357615148.33
0.3,456,354387681.2
0.3,457,375647190.82
0.3,458,376107557.31
0.3,459,375425620.6
0.3,460,353745805.89
0.3,461,370201416.31
0.3,462,384633606.58
0.3,463,390275854.53
0.3,464,393814001.04
0.3,465,391152104.08
0.3,466,392347884.29
0.3,467,394530486.05
0.3,468,391048576.65
0.3,469,333015297.45
0.3,470,356942260.9
0.3,471,389354486.41
0.3,472,330721835.97
0.3,473,395805104.28
0.3,474,386211213.02
0.3,475,383889308.0
0.3,476,380754896.57
0.3,477,360952572.5
0.3,478,394835581.78
0.3,479,381809175.38
0.3,480,366345999.34
0.3,481,398232292.31
0.3,482,364276780.91
0.3,483,379342733.78
0.3,484,395440379.52
0.3,485,395448296.9
0.3,486,399057822.72
0.3,487,363373496.8
0.3,488,371995853.17
0.3,489,399959861.18
0.3,490,361053107.38
0.3,491,386292073.16
0.3,492,382676442.9
0.3,493,356283363.5
0.3,494,393049608.41
0.3,495,361479087.7
0.3,496,375052006.93
0.3,497,355493619.23
0.3,498,391209659.75
0.3,499,371526081.62
0.35,0,369283346.66
0.35,1,391232231.66
0.35,2,373761520.73
0.35,3,398808239.25
0.35,4,387778320.44
0.35,5,390815327.02
0.35,6,379588921.66
0.35,7,382799593.16
0.35,8,358614730.05
0.35,9,380165995.56
0.35,10,389956905.98
0.35,11,366388169.86
0.35,12,349412586.63
0.35,13,397175827.18
0.35,14,372692202.74
0.35,15,379573674.21
0.35,16,373640021.62
0.35,17,377623803.27
0.35,18,321867732.29
0.35,19,375385117.71
0.35,20,384176202.55
0.35,21,329304318.28
0.35,22,386145908.73
0.35,23,371902657.1
0.35,24,396068944.14
0.35,25,385666823.99
0.35,26,390969777.63
0.35,27,384155056.51
0.35,28,339083588.18
0.35,29,382218218.22
0.35,30,398565349.85
0.35,31,354566080.58
0.35,32,380910076.26
0.35,33,393053507.05
0.35,34,385340698.71
0.35,35,395930629.93
0.35,36,392083315.38
0.35,37,361999553.87
0.35,38,378223889.8
0.35,39,383276733.72
0.35,40,379200256.71
0.35,41,399015181.01
0.35,42,356732596.97
0.35,43,370341716.34
0.35,44,378828026.81
0.35,45,359714593.36
0.35,46,382537525.95
0.35,47,341886768.61
0.35,48,387404398.61
0.35,49,387462665.62
0.35,50,372886255.05
0.35,51,363306370.75
0.35,52,377849380.95
0.35,53,387971674.74
0.35,54,397110865.51
0.35,55,382455224.71
0.35,56,387247096.71
0.35,57,375121784.47
0.35,58,376475321.9
0.35,59,356843334.54
0.35,60,289805180.88
0.35,61,368736120.69
0.35,62,394304986.1
0.35,63,316109265.34
0.35,64,386771565.95
0.35,65,380404439.69
0.35,66,388710412.3
0.35,67,372406864.77
0.35,68,386144732.34
0.35,69,389073018.91
0.35,70,376346611.57
0.35,71,340214834.57
0.35,72,393992628.0
0.35,73,390326674.74
0.35,74,394325682.98
0.35,75,322337242.26
0.35,76,395321682.9
0.35,77,382018043.46
0.35,78,376080451.82
0.35,79,379269827.22
0.35,80,366557937.6
0.35,81,399671689.26
0.35,82,399236852.82
0.35,83,393183741.05
0.35,84,384277480.69
0.35,85,369047268.05
0.35,86,377246818.22
0.35,87,339481461.52
0.35,88,382601660.88
0.35,89,337906816.16
0.35,90,380021465.17
0.35,91,395506461.82
0.35,92,354346974.62
0.35,93,348948363.58
0.35,94,393272087.99
0.35,95,397886511.05
0.35,96,381014517.55
0.35,97,398007482.27
0.35,98,395845244.54
0.35,99,382187920.76
0.35,100,367683837.28
0.35,101,388583854.77
0.35,102,394840350.23
0.35,103,388064395.21
0.35,104,373272711.13
0.35,105,363685230.51
0.35,106,395720194.66
0.35,107,393799044.67
0.35,108,347096269.96
0.35,109,375323600.67
0.35,110,326269629.84
0.35,111,391527553.36
0.35,112,371172775.96
0.35,113,338019588.61
0.35,114,394139159.41
0.35,115,372233880.05
0.35,116,398556832.76
0.35,117,364011842.25
0.35,118,391790229.98
0.35,119,393504424.56
0.35,120,333448655.93
0.35,121,391793008.29
0.35,122,392020404.97
0.35,123,392453145.82
0.35,124,330543820.02
0.35,125,394295300.97
0.35,126,399695856.94
0.35,127,390591433.82
0.35,128,393787271.42
0.35,129,378191852.78
0.35,130,390124879.53
0.35,131,389734597.7
0.35,132,359443662.47
0.35,133,369192174.93
0.35,134,372400771.08
0.35,135,365795883.31
0.35,136,394880116.48
0.35,137,354275235.48
0.35,138,369904387.8
0.35,139,393478129.19
0.35,140,354140147.06
0.35,141,350123638.79
0.35,142,369519071.28
0.35,143,375451339.54
0.35,144,393174249.95
0.35,145,344258206.04
0.35,146,365071646.1
0.35,147,392597047.34
0.35,148,360928038.05
0.35,149,320572660.25
0.35,150,372279534.87
0.35,151,385616194.32
0.35,152,395432267.29
0.35,153,382896312.35
0.35,154,374761220.42
0.35,155,385967815.85
0.35,156,337618790.48
0.35,157,390806218.53
0.35,158,399168874.9
0.35,159,366254747.48
0.35,160,324939651.98
0.35,161,370521592.04
0.35,162,360919614.8
0.35,163,378615008.85
0.35,164,376032610.06
0.35,165,388289086.48
0.35,166,389964825.02
0.35,167,387621857.89
0.35,168,371910899.01
0.35,169,380477004.13
0.35,170,398621462.76
0.35,171,372172749.38
0.35,172,373732583.21
0.35,173,377323694.28
0.35,174,387988609.39
0.35,175,391711694.39
0.35,176,380478419.21
0.35,177,395288121.37
0.35,178,330582626.63
0.35,179,372394906.75
0.35,180,370893643.29
0.35,181,366069609.37
0.35,182,389486804.03
0.35,183,398800389.42
0.35,184,391485310.77
0.35,185,366034865.01
0.35,186,371474707.49
0.35,187,345790037.25
0.35,188,384442915.19
0.35,189,396497804.43
0.35,190,390000397.7
0.35,191,390418198.18
0.35,192,376917991.86
0.35,193,357512492.12
0.35,194,373614392.03
0.35,195,361595302.38
0.35,196,388257719.4
0.35,197,387897183.92
0.35,198,383527460.49
0.35,199,343978575.34
0.35,200,338530775.36
0.35,201,384918928.01
0.35,202,364801036.09
0.35,203,368878058.56
0.35,204,341905653.15
0.35,205,377725394.17
0.35,206,399642896.27
0.35,207,387103203.98
0.35,208,396196857.19
0.35,209,385170776.16
0.35,210,335142476.66
0.35,211,386770363.17
0.35,212,338882219.8
0.35,213,382646481.48
0.35,214,329482976.83
0.35,215,379876842.86
0.35,216,394783203.73
0.35,217,391703171.07
0.35,218,398944231.07
0.35,219,394233565.43
0.35,220,392251942.06
0.35,221,378405795.9
0.35,222,396889766.19
0.35,223,355924389.88
0.35,224,365496318.36
0.35,225,371338253.35
0.35,226,381190932.15
0.35,227,379553221.62
0.35,228,368424203.63
0.35,229,379859108.04
0.35,230,397368391.4
0.35,231,378608452.12
0.35,232,347571330.79
0.35,233,389965596.15
0.35,234,377655798.18
0.35,235,353340228.74
0.35,236,388057925.16
0.35,237,397207075.35
0.35,238,377017082.13
0.35,239,370435982.57
0.35,240,336350977.42
0.35,241,376164438.74
0.35,242,366524555.79
0.35,243,390165471.09
0.35,244,360073870.55
0.35,245,382435815.34
0.35,246,397786370.07
0.35,247,397090174.6
0.35,248,396453047.7
0.35,249,395095488.95
0.35,250,382202224.99
0.35,251,384731912.24
0.35,252,359733570.92
0.35,253,383549943.52
0.35,254,358637539.79
0.35,255,325122735.16
0.35,256,364558922.18
0.35,257,360678300.21
0.35,258,378686095.71
0.35,259,395972460.28
0.35,260,379355102.39
0.35,261,380333313.69
0.35,262,379028299.18
0.35,263,389709052.89
0.35,264,356108862.01
0.35,265,371399449.43
0.35,266,383819877.17
0.35,267,373130044.72
0.35,268,324921722.42
0.35,269,390011441.92
0.35,270,387940767.21
0.35,271,367983706.78
0.35,272,361091943.97
0.35,273,397419888.26
0.35,274,393005921.43
0.35,275,367366024.87
0.35,276,391580277.94
0.35,277,385806128.64
0.35,278,393271889.26
0.35,279,389418496.47
0.35,280,391702838.35
0.35,281,374834626.48
0.35,282,382988717.13
0.35,283,357275410.25
0.35,284,310322588.37
0.35,285,385906084.12
0.35,286,346768199.97
0.35,287,357610992.0
0.35,288,381884173.7
0.35,289,380403997.98
0.35,290,396046591.92
0.35,291,344280274.0
0.35,292,341895957.86
0.35,293,377720046.46
0.35,294,319896015.58
0.35,295,395583778.87
0.35,296,365356154.91
0.35,297,386235598.82
0.35,298,367564811.54
0.35,299,373080921.48
0.35,300,361726634.0
0.35,301,396366939.19
0.35,302,392334643.13
0.35,303,371426287.89
0.35,304,378790419.15
0.35,305,365146311.95
0.35,306,373219518.52
0.35,307,363205363.25
0.35,308,380895281.92
0.35,309,395421540.1
0.35,310,325140090.09
0.35,311,390730920.31
0.35,312,381622100.21
0.35,313,363151119.38
0.35,314,354890623.11
0.35,315,361387997.63
0.35,316,376407727.47
0.35,317,303423968.99
0.35,318,315225906.03
0.35,319,365804880.8
0.35,320,392641540.68
0.35,321,345969027.17
0.35,322,389286126.47
0.35,323,367030330.14
0.35,324,361206313.0
0.35,325,380919441.09
0.35,326,385806920.7
0.35,327,372416207.89
0.35,328,381446590.09
0.35,329,397484210.63
0.35,330,383778945.25
0.35,331,380726954.99
0.35,332,372739422.6
0.35,333,387333658.13
0.35,334,393167037.24
0.35,335,391813122.2
0.35,336,384237813.99
0.35,337,392667094.65
0.35,338,395435192.86
0.35,339,325487323.93
0.35,340,396409592.29
0.35,341,350870285.78
0.35,342,385968810.68
0.35,343,397170777.5
0.35,344,340784392.34
0.35,345,341916953.59
0.35,346,361480283.55
0.35,347,233383482.96
0.35,348,379117821.4
0.35,349,355329980.27
0.35,350,329009929.04
0.35,351,386043380.52
0.35,352,393283484.72
0.35,353,383643835.4
0.35,354,383608332.71
0.35,355,364455799.55
0.35,356,310594176.0
0.35,357,394038195.93
0.35,358,354359946.27
0.35,359,391841181.0
0.35,360,349157376.41
0.35,361,396003050.1
0.35,362,386884826.36
0.35,363,332868127.31
0.35,364,371401866.7
0.35,365,378732720.41
0.35,366,362620643.72
0.35,367,308863626.16
0.35,368,361369608.64
0.35,369,380485683.98
0.35,370,396971850.9
0.35,371,352901107.73
0.35,372,395268817.97
0.35,373,385555933.37
0.35,374,380111160.2
0.35,375,372126705.09
0.35,376,390023855.1
0.35,377,386137639.06
0.35,378,397307978.31
0.35,379,386815769.72
0.35,380,395751084.84
0.35,381,378754795.15
0.35,382,394173747.96
0.35,383,399126626.85
0.35,384,349535301.44
0.35,385,393390423.41
0.35,386,374877924.47
0.35,387,399161282.81
0.35,388,364211961.56
0.35,389,325081882.06
0.35,390,380424331.6
0.35,391,399985919.62
0.35,392,369359054.17
0.35,393,380190000.87
0.35,394,392910402.31
0.35,395,384659857.58
0.35,396,395826363.34
0.35,397,358648771.84
0.35,398,363214958.97
0.35,399,362570458.91
0.35,400,374297091.92
0.35,401,381142160.69
0.35,402,349858353.01
0.35,403,367859739.1
0.35,404,359635204.3
0.35,405,338859331.04
0.35,406,299711218.59
0.35,407,392185256.21
0.35,408,373459875.53
0.35,409,373925406.01
0.35,410,394430682.06
0.35,411,359441676.98
0.35,412,369324584.51
0.35,413,393057606.84
0.35,414,385524580.66
0.35,415,365963098.41
0.35,416,369070247.31
0.35,417,369496707.88
0.35,418,331476077.77
0.35,419,368228588.58
0.35,420,384920578.73
0.35,421,392378826.93
0.35,422,366265426.91
0.35,423,386057232.59
0.35,424,399170685.46
0.35,425,390774913.69
0.35,426,375000101.53
0.35,427,394057702.7
0.35,428,383141145.66
0.35,429,397630089.45
0.35,430,391900261.2
0.35,431,370949669.75
0.35,432,373517328.91
0.35,433,365183361.85
0.35,434,364116238.03
0.35,435,370545032.72
0.35,436,385837576.09
0.35,437,371673841.7
0.35,438,384969911.78
0.35,439,335141274.6
0.35,440,338488673.7
0.35,441,394067650.19
0.35,442,348347313.92
0.35,443,381792031.48
0.35,444,397585638.94
0.35,445,393095946.55
0.35,446,365700217.54
0.35,447,374227794.9
0.35,448,395340179.77
0.35,449,370808438.8
0.35,450,394073776.58
0.35,451,319257065.62
0.35,452,387615488.39
0.35,453,378276474.22
0.35,454,368558969.85
0.35,455,374236757.7
0.35,456,339325197.13
0.35,457,359673375.15
0.35,458,381695982.5
0.35,459,386967310.85
0.35,460,362434315.32
0.35,461,338550893.53
0.35,462,383750505.35
0.35,463,387795194.39
0.35,464,309722266.15
0.35,465,346528443.07
0.35,466,340357223.2
0.35,467,386132416.38
0.35,468,390147931.43
0.35,469,357283825.08
0.35,470,390144694.04
0.35,471,347780325.47
0.35,472,352208306.88
0.35,473,342807451.3
0.35,474,384531046.73
0.35,475,364606383.4
0.35,476,364149520.7
0.35,477,387021908.96
0.35,478,383699705.2
0.35,479,317165819.4
0.35,480,354921638.06
0.35,481,399667083.24
0.35,482,369971981.5
0.35,483,393805875.06
0.35,484,380644396.88
0.35,485,358919393.44
0.35,486,398015492.57
0.35,487,366432396.51
0.35,488,346109868.91
0.35,489,363682045.24
0.35,490,373110512.55
0.35,491,394427218.86
0.35,492,344997123.33
0.35,493,377137592.76
0.35,494,374705419.85
0.35,495,331522830.15
0.35,496,362636909.35
0.35,497,373865874.67
0.35,498,386008767.29
0.35,499,384649989.93
0.4,0,393892486.4
0.4,1,394071478.73
0.4,2,393775873.13
0.4,3,368171950.0
0.4,4,399746808.04
0.4,5,367741385.91
0.4,6,267105251.06
0.4,7,308031371.65
0.4,8,397009406.2
0.4,9,377481751.05
0.4,10,351477271.25
0.4,11,373125719.16
0.4,12,384239306.98
0.4,13,380016002.33
0.4,14,363687514.49
0.4,15,377025096.29
0.4,16,395847453.55
0.4,17,308174268.28
0.4,18,393871772.16
0.4,19,399600031.07
0.4,20,334245016.91
0.4,21,363558691.18
0.4,22,380623597.35
0.4,23,380837682.96
0.4,24,385585813.19
0.4,25,395701899.62
0.4,26,296623155.72
0.4,27,385932170.12
0.4,28,329943831.11
0.4,29,390426240.24
0.4,30,383466881.71
0.4,31,378667241.38
0.4,32,355477177.17
0.4,33,378890203.75
0.4,34,382072047.82
0.4,35,388547115.81
0.4,36,367656820.71
0.4,37,375908750.23
0.4,38,378377854.94
0.4,39,388824565.18
0.4,40,296468112.26
0.4,41,384554600.58
0.4,42,392921160.53
0.4,43,396832865.44
0.4,44,330563230.58
0.4,45,398594393.47
0.4,46,397489679.12
0.4,47,369727315.28
0.4,48,389141579.05
0.4,49,372416711.83
0.4,50,374214778.96
0.4,51,370448296.74
0.4,52,397319888.13
0.4,53,336945063.02
0.4,54,390743456.57
0.4,55,397517766.18
0.4,56,357639857.8
0.4,57,375756088.67
0.4,58,385072826.29
0.4,59,385689831.08
0.4,60,373143770.46
0.4,61,312292317.42
0.4,62,319293853.71
0.4,63,397603520.03
0.4,64,397163047.58
0.4,65,384256140.64
0.4,66,359528195.92
0.4,67,393206297.7
0.4,68,386355918.42
0.4,69,360185046.6
0.4,70,377597279.85
0.4,71,383917833.36
0.4,72,376416825.32
0.4,73,393230282.92
0.4,74,364629605.07
0.4,75,346065858.17
0.4,76,399596083.29
0.4,77,347238366.41
0.4,78,394955679.66
0.4,79,382891121.82
0.4,80,342416834.63
0.4,81,382554853.31
0.4,82,385163020.44
0.4,83,393188161.47
0.4,84,358339411.34
0.4,85,395552340.77
0.4,86,395845553.64
0.4,87,388078267.79
0.4,88,396003644.98
0.4,89,379574966.82
0.4,90,338476277.57
0.4,91,376845851.93
0.4,92,390341846.24
0.4,93,352054092.56
0.4,94,295522575.62
0.4,95,365503179.91
0.4,96,391743613.73
0.4,97,366385084.1
0.4,98,396848219.88
0.4,99,392692946.57
0.4,100,397174548.85
0.4,101,389960461.8
0.4,102,338577886.64
0.4,103,388311442.55
0.4,104,337963641.5
0.4,105,365746144.16
0.4,106,398118373.96
0.4,107,367699825.93
0.4,108,367127125.6
0.4,109,383159152.42
0.4,110,322858919.96
0.4,111,394565454.94
0.4,112,274132379.91
0.4,113,371437430.86
0.4,114,328425028.62
0.4,115,371530869.33
0.4,116,360409806.84
0.4,117,373256865.57
0.4,118,395190221.62
0.4,119,374919229.08
0.4,120,377497805.79
0.4,121,393378567.53
0.4,122,333372800.22
0.4,123,353009535.32
0.4,124,387700892.19
0.4,125,389265548.48
0.4,126,383715572.67
0.4,127,339370417.09
0.4,128,381471418.15
0.4,129,388865405.59
0.4,130,342590979.65
0.4,131,348079848.83
0.4,132,399401486.75
0.4,133,355117418.88
0.4,134,365190592.15
0.4,135,382791573.75
0.4,136,370194983.96
0.4,137,389246449.87
0.4,138,399717560.99
0.4,139,390742104.31
0.4,140,390252034.58
0.4,141,365486779.39
0.4,142,385776587.31
0.4,143,343024730.45
0.4,144,361175916.77
0.4,145,395995621.33
0.4,146,381718004.94
0.4,147,343251751.61
0.4,148,377546408.21
0.4,149,384543617.8
0.4,150,339852215.75
0.4,151,395373512.71
0.4,152,356802055.65
0.4,153,348676280.31
0.4,154,368468366.67
0.4,155,386163049.35
0.4,156,383233071.23
0.4,157,369207556.67
0.4,158,361239054.57
0.4,159,386771286.68
0.4,160,381544846.24
0.4,161,399111615.37
0.4,162,384384485.58
0.4,163,384755456.92
0.4,164,364068027.72
0.4,165,360563258.54
0.4,166,330877522.71
0.4,167,368798971.69
0.4,168,394888459.92
0.4,169,392941847.33
0.4,170,369263034.44
0.4,171,378631332.29
0.4,172,384165698.73
0.4,173,379430580.77
0.4,174,398835627.12
0.4,175,389914340.77
0.4,176,361301579.64
0.4,177,397044963.64
0.4,178,377265497.09
0.4,179,341057552.38
0.4,180,350768752.34
0.4,181,396290332.12
0.4,182,328449587.78
0.4,183,393390238.88
0.4,184,358738376.21
0.4,185,371202511.28
0.4,186,383915423.94
0.4,187,359853475.91
0.4,188,381502849.28
0.4,189,348512016.78
0.4,190,394402989.83
0.4,191,378135248.67
0.4,192,381606232.48
0.4,193,312234915.69
0.4,194,393878298.85
0.4,195,341721405.32
0.4,196,350433452.75
0.4,197,388630735.27
0.4,198,350999645.69
0.4,199,398362972.04
0.4,200,339400784.29
0.4,201,333530853.22
0.4,202,397107766.24
0.4,203,346264387.98
0.4,204,380540250.82
0.4,205,385359046.58
0.4,206,369019920.18
0.4,207,396000339.35
0.4,208,317817232.49
0.4,209,387507637.18
0.4,210,386644362.73
0.4,211,394907873.14
0.4,212,371583955.74
0.4,213,381731200.27
0.4,214,348368721.87
0.4,215,397139237.18
0.4,216,391425277.17
0.4,217,394727755.38
0.4,218,398473584.7
0.4,219,396159042.19
0.4,220,344588706.13
0.4,221,327722382.95
0.4,222,398995691.1
0.4,223,394796849.16
0.4,224,359526002.36
0.4,225,398488891.28
0.4,226,396130560.42
0.4,227,326008384.11
0.4,228,355721197.3
0.4,229,367456847.04
0.4,230,379573490.59
0.4,231,396276737.33
0.4,232,378017675.42
0.4,233,386206716.24
0.4,234,344952048.46
0.4,235,398533082.92
0.4,236,383804161.67
0.4,237,382337913.98
0.4,238,394880929.78
0.4,239,335214785.22
0.4,240,357643724.64
0.4,241,359678163.89
0.4,242,399627848.51
0.4,243,386330416.54
0.4,244,394685042.18
0.4,245,394647955.97
0.4,246,388275985.34
0.4,247,380105383.59
0.4,248,380732483.74
0.4,249,385246205.89
0.4,250,396998890.1
0.4,251,398966573.94
0.4,252,393008672.02
0.4,253,380892400.14
0.4,254,393460761.06
0.4,255,320298106.09
0.4,256,366185444.35
0.4,257,304659147.0
0.4,258,388947987.21
0.4,259,376655614.19
0.4,260,387414211.7
0.4,261,353697876.89
0.4,262,367359858.13
0.4,263,373647354.75
0.4,264,364586951.57
0.4,265,364309198.85
0.4,266,396039468.01
0.4,267,369672583.78
0.4,268,377845859.23
0.4,269,339662570.19
0.4,270,371279596.06
0.4,271,336024092.98
0.4,272,336353429.42
0.4,273,376227620.17
0.4,274,386429777.45
0.4,275,331893892.65
0.4,276,377102774.18
0.4,277,343259825.03
0.4,278,330250220.69
0.4,279,395493840.72
0.4,280,382610124.56
0.4,281,354982449.32
0.4,282,385410646.72
0.4,283,339729238.26
0.4,284,370051671.39
0.4,285,363326769.57
0.4,286,301776516.52
0.4,287,310623605.09
0.4,288,384685280.69
0.4,289,350929103.84
0.4,290,372844365.2
0.4,291,387526970.36
0.4,292,368173576.6
0.4,293,396058773.5
0.4,294,368891267.43
0.4,295,374353221.94
0.4,296,387272377.23
0.4,297,364450438.17
0.4,298,364755700.64
0.4,299,398110296.27
0.4,300,380352562.34
0.4,301,393442932.65
0.4,302,373447408.81
0.4,303,385520597.54
0.4,304,378553009.59
0.4,305,398455704.5
0.4,306,342790902.99
0.4,307,353439709.67
0.4,308,369409483.11
0.4,309,348931639.24
0.4,310,373403535.86
0.4,311,364884666.88
0.4,312,377956333.13
0.4,313,375416349.03
0.4,314,385428745.2
0.4,315,373816095.74
0.4,316,383561148.11
0.4,317,379166489.11
0.4,318,396921367.22
0.4,319,369644005.41
0.4,320,394066217.99
0.4,321,368538872.87
0.4,322,374659039.98
0.4,323,371717269.05
0.4,324,298900585.22
0.4,325,356798673.58
0.4,326,372813986.43
0.4,327,384781727.01
0.4,328,373829882.83
0.4,329,395210762.2
0.4,330,383378488.5
0.4,331,394031709.87
0.4,332,390248474.25
0.4,333,335354220.66
0.4,334,304056333.65
0.4,335,369128862.61
0.4,336,396080414.15
0.4,337,365236888.33
0.4,338,383807949.21
0.4,339,339905808.12
0.4,340,391065423.6
0.4,341,369833979.49
0.4,342,374083626.79
0.4,343,384095101.74
0.4,344,393579007.89
0.4,345,386878719.52
0.4,346,335742021.22
0.4,347,383349193.39
0.4,348,370007081.36
0.4,349,363963760.38
0.4,350,382153595.19
0.4,351,396575543.45
0.4,352,378061142.75
0.4,353,387705451.1
0.4,354,378997017.04
0.4,355,388721597.59
0.4,356,384072178.24
0.4,357,356885982.12
0.4,358,310823661.55
0.4,359,352003948.83
0.4,360,353666468.98
0.4,361,301485407.36
0.4,362,370383864.91
0.4,363,378177265.27
0.4,364,380232224.68
0.4,365,379224178.57
0.4,366,388475405.66
0.4,367,394751096.97
0.4,368,395234100.04
0.4,369,318829091.81
0.4,370,361878723.71
0.4,371,324104272.31
0.4,372,379834561.59
0.4,373,392931075.98
0.4,374,385541663.31
0.4,375,393692397.01
0.4,376,361192535.39
0.4,377,336864190.57
0.4,378,384718909.97
0.4,379,383430146.71
0.4,380,378055691.73
0.4,381,395400007.98
0.4,382,397523011.42
0.4,383,373340815.7
0.4,384,346459817.72
0.4,385,365037548.99
0.4,386,352652265.06
0.4,387,325411333.14
0.4,388,391689125.26
0.4,389,378088466.05
0.4,390,371579877.36
0.4,391,362621854.91
0.4,392,394435084.32
0.4,393,398420979.11
0.4,394,358477041.16
0.4,395,383723341.91
0.4,396,393788423.18
0.4,397,325967984.94
0.4,398,355738969.13
0.4,399,395798870.85
0.4,400,361474307.7
0.4,401,367817468.42
0.4,402,373357649.82
0.4,403,364867765.68
0.4,404,396056770.49
0.4,405,393702427.41
0.4,406,376207166.63
0.4,407,390090937.95
0.4,408,359854339.29
0.4,409,366726415.2
0.4,410,370283691.44
0.4,411,352247909.1
0.4,412,387746548.22
0.4,413,378075329.11
0.4,414,370316220.36
0.4,415,383936095.67
0.4,416,388131594.86
0.4,417,378361191.92
0.4,418,380956908.27
0.4,419,374301013.92
0.4,420,367462607.33
0.4,421,376529422.07
0.4,422,386254962.66
0.4,423,363610257.94
0.4,424,317855635.69
0.4,425,300469686.07
0.4,426,373222395.02
0.4,427,398357103.58
0.4,428,348431713.12
0.4,429,369045716.31
0.4,430,353871311.96
0.4,431,383893463.03
0.4,432,394073153.43
0.4,433,391532122.39
0.4,434,391166405.83
0.4,435,362078802.46
0.4,436,371326845.71
0.4,437,395409943.47
0.4,438,383302428.7
0.4,439,390968489.27
0.4,440,373898391.68
0.4,441,393325297.66
0.4,442,395326384.04
0.4,443,378254373.63
0.4,444,381380071.38
0.4,445,359982581.72
0.4,446,357911782.1
0.4,447,380316097.45
0.4,448,373250992.3
0.4,449,378498952.71
0.4,450,383621588.29
0.4,451,377455186.85
0.4,452,387685096.79
0.4,453,356459471.44
0.4,454,375536039.28
0.4,455,378228618.98
0.4,456,388377004.98
0.4,457,391427732.14
0.4,458,394474023.69
0.4,459,370084271.27
0.4,460,399485894.47
0.4,461,384877274.47
0.4,462,380973557.71
0.4,463,399468793.74
0.4,464,380283461.66
0.4,465,389129454.47
0.4,466,398112563.37
0.4,467,362884551.62
0.4,468,374274265.41
0.4,469,343008825.28
0.4,470,370458729.87
0.4,471,372395569.64
0.4,472,381233642.88
0.4,473,397750079.59
0.4,474,316862773.93
0.4,475,389305806.82
0.4,476,352077446.14
0.4,477,378752686.93
0.4,478,393550660.91
0.4,479,362304547.89
0.4,480,369938236.68
0.4,481,378413013.09
0.4,482,363910356.23
0.4,483,346713828.6
0.4,484,360345530.92
0.4,485,347399648.8
0.4,486,372058190.0
0.4,487,386841103.86
0.4,488,355417871.66
0.4,489,342013684.21
0.4,490,399121588.46
0.4,491,385919409.4
0.4,492,370816074.52
0.4,493,396947659.61
0.4,494,375565974.24
0.4,495,347303788.44
0.4,496,362529594.51
0.4,497,384986789.14
0.4,498,296946014.27
0.4,499,391502048.1
0.45,0,299582559.35
0.45,1,379657334.63
0.45,2,347796768.46
0.45,3,392201314.0
0.45,4,334776167.72
0.45,5,385960180.34
0.45,6,384435687.25
0.45,7,398983226.87
0.45,8,379003545.55
0.45,9,381922358.18
0.45,10,398444728.76
0.45,11,390604630.63
0.45,12,367863019.29
0.45,13,366792926.74
0.45,14,376534937.48
0.45,15,370698158.04
0.45,16,385964190.77
0.45,17,317791970.02
0.45,18,353789166.22
0.45,19,397118365.8
0.45,20,359447802.89
0.45,21,366070861.7
0.45,22,362280072.05
0.45,23,377869022.99
0.45,24,359363813.48
0.45,25,387478867.86
0.45,26,395126175.13
0.45,27,393591168.23
0.45,28,365502578.18
0.45,29,375557994.22
0.45,30,375991303.99
0.45,31,376333478.61
0.45,32,394655996.61
0.45,33,359090513.75
0.45,34,390325801.19
0.45,35,379289856.17
0.45,36,381957548.68
0.45,37,364375387.66
0.45,38,384320221.9
0.45,39,388983083.09
0.45,40,397439141.09
0.45,41,366769610.83
0.45,42,315901101.89
0.45,43,380506457.11
0.45,44,323242151.69
0.45,45,397745265.41
0.45,46,325724907.97
0.45,47,392709299.89
0.45,48,368661080.45
0.45,49,361879773.49
0.45,50,388916598.71
0.45,51,360112493.27
0.45,52,301211890.15
0.45,53,383031119.32
0.45,54,358597532.72
0.45,55,339259375.18
0.45,56,371278465.27
0.45,57,388744447.58
0.45,58,385638626.02
0.45,59,289118694.8
0.45,60,359602831.22
0.45,61,349810921.71
0.45,62,396464806.17
0.45,63,381403342.95
0.45,64,361309174.71
0.45,65,374693882.77
0.45,66,388124797.91
0.45,67,384423693.63
0.45,68,375668141.34
0.45,69,399635523.63
0.45,70,397133099.8
0.45,71,384121268.45
0.45,72,382945377.64
0.45,73,386094238.39
0.45,74,384667179.32
0.45,75,358475208.96
0.45,76,376808556.14
0.45,77,389065409.13
0.45,78,383821189.65
0.45,79,325875975.16
0.45,80,332276685.13
0.45,81,388985848.95
0.45,82,386876780.1
0.45,83,364529213.76
0.45,84,387740853.16
0.45,85,340704526.49
0.45,86,301574656.58
0.45,87,393358221.14
0.45,88,341725601.36
0.45,89,390556012.19
0.45,90,353912074.89
0.45,91,389710687.03
0.45,92,305960943.58
0.45,93,371056610.65
0.45,94,391268463.8
0.45,95,389561419.87
0.45,96,389443272.26
0.45,97,392986401.28
0.45,98,392227433.61
0.45,99,388254174.41
0.45,100,372832915.67
0.45,101,397268760.05
0.45,102,398203577.92
0.45,103,378263680.46
0.45,104,366421423.91
0.45,105,351088423.62
0.45,106,369972278.54
0.45,107,398067935.15
0.45,108,397729669.8
0.45,109,377834153.5
0.45,110,392142387.41
0.45,111,388605962.33
0.45,112,394187785.78
0.45,113,396018149.89
0.45,114,340152632.13
0.45,115,382914549.06
0.45,116,350364911.68
0.45,117,324040925.62
0.45,118,360468915.37
0.45,119,378307447.97
0.45,120,369652255.29
0.45,121,393077225.28
0.45,122,391672343.53
0.45,123,381639752.43
0.45,124,396940229.4
0.45,125,344115330.61
0.45,126,352308510.77
0.45,127,365648593.03
0.45,128,370433396.48
0.45,129,378931237.44
0.45,130,377103017.38
0.45,131,399081824.78
0.45,132,391356853.67
0.45,133,370300599.56
0.45,134,327953550.69
0.45,135,390519705.68
0.45,136,358162235.43
0.45,137,372258055.46
0.45,138,376547865.2
0.45,139,318004397.52
0.45,140,349040698.42
0.45,141,352111147.66
0.45,142,371657100.85
0.45,143,395352708.59
0.45,144,365757712.33
0.45,145,391009133.53
0.45,146,387987920.59
0.45,147,356319890.17
0.45,148,385279558.59
0.45,149,389099633.74
0.45,150,324113233.0
0.45,151,388466155.84
0.45,152,383540306.67
0.45,153,396521980.9
0.45,154,337362535.29
0.45,155,394758359.12
0.45,156,392939262.13
0.45,157,399066732.23
0.45,158,302885564.19
0.45,159,309908694.2
0.45,160,330640010.5
0.45,161,395877156.12
0.45,162,388423559.97
0.45,163,360007697.62
0.45,164,386548170.07
0.45,165,391310738.67
0.45,166,359559365.67
0.45,167,342055848.12
0.45,168,341538879.27
0.45,169,382425933.18
0.45,170,399466726.99
0.45,171,389332589.34
0.45,172,346085455.52
0.45,173,393466004.76
0.45,174,317877569.54
0.45,175,351350489.44
0.45,176,376961612.75
0.45,177,398902236.18
0.45,178,391690042.47
0.45,179,334771001.64
0.45,180,398197156.37
0.45,181,375819642.62
0.45,182,389836081.6
0.45,183,369964127.14
0.45,184,363971847.74
0.45,185,387142418.49
0.45,186,375943672.76
0.45,187,389384297.16
0.45,188,398984544.66
0.45,189,396814041.48
0.45,190,390018519.94
0.45,191,366051290.54
0.45,192,393699881.19
0.45,193,383676761.51
0.45,194,388993163.87
0.45,195,383504433.39
0.45,196,341007229.32
0.45,197,362528703.92
0.45,198,389892420.19
0.45,199,345680956.26
0.45,200,375719738.11
0.45,201,396547576.65
0.45,202,346457768.84
0.45,203,394879445.87
0.45,204,360158294.86
0.45,205,342142890.28
0.45,206,392372058.68
0.45,207,391509701.64
0.45,208,385393032.04
0.45,209,394245606.0
0.45,210,331704714.82
0.45,211,372447101.57
0.45,212,375119411.09
0.45,213,385073597.72
0.45,214,394155491.94
0.45,215,345768617.75
0.45,216,389077759.08
0.45,217,342089255.3
0.45,218,398665756.52
0.45,219,361692572.25
0.45,220,359375862.55
0.45,221,357660450.7
0.45,222,374031138.09
0.45,223,335121758.62
0.45,224,399462126.96
0.45,225,369953331.1
0.45,226,375384050.3
0.45,227,343120399.1
0.45,228,374093453.15
0.45,229,365925743.41
0.45,230,294931999.67
0.45,231,389461580.14
0.45,232,399412801.0
0.45,233,394682001.4
0.45,234,386591766.9
0.45,235,354977982.34
0.45,236,355781524.35
0.45,237,388353946.37
0.45,238,395228561.74
0.45,239,330482253.42
0.45,240,391544906.75
0.45,241,374952328.54
0.45,242,383006864.35
0.45,243,398049933.28
0.45,244,385998474.15
0.45,245,381771922.93
0.45,246,394266270.37
0.45,247,338383385.09
0.45,248,394299089.83
0.45,249,368997460.68
0.45,250,317143101.08
0.45,251,398746147.3
0.45,252,383575947.77
0.45,253,322944133.16
0.45,254,360960319.05
0.45,255,373745308.16
0.45,256,373408301.31
0.45,257,356440841.98
0.45,258,390395854.35
0.45,259,395872121.73
0.45,260,355003165.01
0.45,261,392022506.66
0.45,262,370803949.19
0.45,263,368369292.99
0.45,264,370093998.26
0.45,265,391292645.86
0.45,266,387870507.08
0.45,267,364987795.71
0.45,268,347080708.04
0.45,269,361744625.46
0.45,270,395618910.81
0.45,271,382265439.33
0.45,272,358469229.22
0.45,273,375012388.71
0.45,274,386336310.5
0.45,275,376265790.85
0.45,276,391495071.86
0.45,277,399435380.34
0.45,278,361105764.51
0.45,279,382324275.1
0.45,280,353664990.61
0.45,281,392713739.53
0.45,282,385473969.19
0.45,283,389072931.68
0.45,284,360661231.08
0.45,285,395342801.43
0.45,286,389742933.39
0.45,287,350473783.27
0.45,288,386764303.91
0.45,289,359310359.47
0.45,290,386767209.36
0.45,291,384212761.27
0.45,292,349557756.97
0.45,293,360413872.82
0.45,294,352047208.34
0.45,295,359657527.02
0.45,296,296701260.83
0.45,297,367122204.19
0.45,298,345782464.71
0.45,299,371486489.74
0.45,300,397804327.65
0.45,301,389002715.78
0.45,302,390638809.94
0.45,303,376299628.62
0.45,304,377884565.97
0.45,305,368549611.95
0.45,306,380885694.09
0.45,307,368511649.94
0.45,308,393841114.53
0.45,309,392230136.45
0.45,310,386086608.06
0.45,311,358175816.16
0.45,312,398379847.55
0.45,313,399533563.55
0.45,314,367632223.86
0.45,315,384257133.71
0.45,316,343963369.73
0.45,317,387631367.12
0.45,318,379797346.03
0.45,319,382634623.75
0.45,320,358292973.95
0.45,321,369376382.35
0.45,322,338499301.19
0.45,323,327159760.61
0.45,324,303236303.5
0.45,325,382858928.93
0.45,326,383662129.21
0.45,327,389847169.1
0.45,328,374568341.91
0.45,329,394148562.28
0.45,330,395084630.58
0.45,331,389111383.91
0.45,332,375104906.87
0.45,333,391294085.95
0.45,334,389301665.26
0.45,335,398742461.46
0.45,336,390297210.53
0.45,337,399110411.14
0.45,338,371662461.53
0.45,339,387527159.97
0.45,340,347863006.52
0.45,341,397396418.73
0.45,342,374277523.44
0.45,343,381077934.16
0.45,344,394776947.45
0.45,345,389754792.99
0.45,346,360938617.23
0.45,347,383050370.78
0.45,348,371103550.35
0.45,349,381728827.42
0.45,350,386059082.84
0.45,351,376831651.8
0.45,352,372097056.6
0.45,353,398589748.91
0.45,354,376521179.22
0.45,355,375962673.19
0.45,356,372032084.18
0.45,357,358371218.45
0.45,358,398637738.5
0.45,359,296156728.6
0.45,360,367459757.01
0.45,361,344929884.98
0.45,362,385094291.0
0.45,363,366680002.06
0.45,364,378244984.13
0.45,365,341161072.76
0.45,366,394676804.19
0.45,367,392903142.55
0.45,368,380796292.65
0.45,369,306752410.65
0.45,370,378908010.67
0.45,371,388816203.55
0.45,372,391702924.95
0.45,373,338114813.81
0.45,374,374639503.63
0.45,375,376109399.82
0.45,376,372568095.59
0.45,377,397056399.24
0.45,378,348974358.7
0.45,379,369257008.33
0.45,380,360947562.75
0.45,381,376711756.25
0.45,382,393214924.76
0.45,383,391702156.93
0.45,384,326033814.59
0.45,385,363460453.26
0.45,386,353560386.91
0.45,387,390101622.53
0.45,388,377881337.72
0.45,389,387302135.75
0.45,390,379123144.03
0.45,391,342567963.62
0.45,392,346358962.71
0.45,393,368436214.24
0.45,394,383642945.07
0.45,395,379831174.14
0.45,396,364847583.89
0.45,397,361258961.92
0.45,398,395306181.88
0.45,399,364269550.09
0.45,400,383018414.64
0.45,401,398621873.22
0.45,402,396234323.43
0.45,403,394391787.72
0.45,404,348129952.21
0.45,405,338562793.34
0.45,406,354969398.97
0.45,407,337355986.88
0.45,408,355643555.84
0.45,409,367422894.43
0.45,410,358587389.86
0.45,411,366761559.6
0.45,412,343454975.65
0.45,413,333635663.47
0.45,414,386686362.27
0.45,415,380768560.75
0.45,416,317598034.42
0.45,417,351649539.09
0.45,418,376485845.68
0.45,419,399008064.91
0.45,420,389722882.47
0.45,421,378446336.22
0.45,422,386890812.45
0.45,423,363042754.76
0.45,424,399176175.89
0.45,425,354791433.21
0.45,426,399574916.63
0.45,427,348938637.0
0.45,428,337071765.16
0.45,429,382302098.47
0.45,430,387781015.45
0.45,431,393557640.68
0.45,432,335815026.1
0.45,433,377565925.22
0.45,434,335851887.52
0.45,435,371240280.72
0.45,436,395033914.26
0.45,437,354657089.43
0.45,438,371052280.53
0.45,439,399533027.4
0.45,440,337619705.98
0.45,441,349966443.56
0.45,442,397391975.6
0.45,443,376845850.93
0.45,444,353196566.94
0.45,445,381359138.66
0.45,446,390020708.45
0.45,447,374022437.4
0.45,448,389358437.67
0.45,449,398655926.09
0.45,450,396507663.35
0.45,451,393576889.66
0.45,452,350393779.36
0.45,453,399921265.94
0.45,454,370909560.47
0.45,455,368420746.69
0.45,456,390309076.89
0.45,457,377594458.17
0.45,458,397917321.17
0.45,459,386872846.12
0.45,460,339244697.6
0.45,461,380464195.98
0.45,462,364782904.72
0.45,463,346786546.82
0.45,464,374090193.95
0.45,465,369570770.08
0.45,466,391442718.62
0.45,467,398521587.14
0.45,468,380770670.39
0.45,469,315756873.63
0.45,470,362267733.16
0.45,471,382316438.75
0.45,472,377972123.78
0.45,473,356375368.15
0.45,474,380615543.84
0.45,475,382292949.41
0.45,476,359984020.24
0.45,477,371269147.58
0.45,478,381644516.42
0.45,479,375590969.26
0.45,480,373254033.96
0.45,481,395661036.4
0.45,482,383095804.13
0.45,483,379563505.69
0.45,484,368326970.39
0.45,485,381086685.63
0.45,486,386442183.56
0.45,487,379637033.51
0.45,488,367143444.31
0.45,489,386095892.18
0.45,490,357847693.76
0.45,491,302063462.04
0.45,492,382666974.2
0.45,493,396241722.95
0.45,494,393048018.6
0.45,495,386743030.58
0.45,496,384934956.98
0.45,497,376848966.49
0.45,498,355187687.53
0.45,499,381085866.15
0.5,0,363188192.66
0.5,1,332872471.07
0.5,2,384897820.73
0.5,3,296513605.14
0.5,4,339327150.35
0.5,5,377930293.31
0.5,6,369057723.85
0.5,7,392539617.83
0.5,8,351803166.83
0.5,9,357249003.13
0.5,10,381388996.45
0.5,11,371948066.46
0.5,12,370931158.73
0.5,13,347051605.81
0.5,14,373733682.52
0.5,15,331339473.37
0.5,16,388046463.36
0.5,17,377623167.76
0.5,18,364503304.18
0.5,19,367723331.25
0.5,20,229231884.11
0.5,21,341928860.58
0.5,22,385241673.61
0.5,23,398584389.33
0.5,24,375297968.98
0.5,25,395656420.42
0.5,26,351044269.81
0.5,27,359792333.69
0.5,28,387623149.2
0.5,29,378167704.54
0.5,30,369338022.55
0.5,31,384977233.15
0.5,32,342368965.9
0.5,33,366919379.16
0.5,34,371902317.65
0.5,35,348566444.8
0.5,36,386884085.44
0.5,37,380124954.02
0.5,38,383921004.85
0.5,39,362687136.16
0.5,40,385183088.6
0.5,41,382931782.94
0.5,42,392179402.21
0.5,43,359539556.93
0.5,44,370078104.52
0.5,45,373472133.07
0.5,46,370190164.04
0.5,47,397257185.4
0.5,48,375614520.68
0.5,49,363762657.79
0.5,50,352982966.65
0.5,51,307615380.18
0.5,52,386989613.4
0.5,53,376302712.26
0.5,54,398169995.3
0.5,55,380882776.48
0.5,56,354636930.59
0.5,57,373536630.33
0.5,58,362265828.36
0.5,59,389019879.27
0.5,60,390476453.25
0.5,61,371097437.09
0.5,62,388452799.94
0.5,63,383419743.46
0.5,64,364687630.65
0.5,65,383501337.86
0.5,66,287082045.45
0.5,67,356393079.79
0.5,68,393393756.02
0.5,69,385031687.61
0.5,70,374221906.63
0.5,71,355654161.09
0.5,72,292397735.11
0.5,73,393808558.68
0.5,74,354140708.07
0.5,75,361291925.49
0.5,76,398598971.6
0.5,77,385373222.64
0.5,78,371715724.25
0.5,79,313588774.02
0.5,80,396884505.04
0.5,81,398222599.22
0.5,82,382559703.32
0.5,83,384390311.59
0.5,84,394968559.16
0.5,85,397497298.14
0.5,86,393765495.25
0.5,87,347472129.11
0.5,88,365761243.21
0.5,89,337771858.82
0.5,90,395308827.47
0.5,91,383655114.75
0.5,92,377715624.52
0.5,93,396519897.47
0.5,94,343728690.8
0.5,95,337097527.75
0.5,96,396501826.59
0.5,97,395923564.72
0.5,98,396676783.44
0.5,99,386485821.76
0.5,100,372825898.23
0.5,101,371363088.92
0.5,102,394894268.53
0.5,103,380087874.24
0.5,104,342615376.85
0.5,105,395157499.64
0.5,106,388950451.92
0.5,107,394611630.01
0.5,108,382808753.91
0.5,109,393489187.9
0.5,110,388002261.3
0.5,111,398894161.9
0.5,112,342673116.12
0.5,113,386752823.46
0.5,114,390500068.19
0.5,115,393718525.48
0.5,116,385007294.48
0.5,117,390817792.83
0.5,118,391518493.0
0.5,119,366630521.8
0.5,120,390870715.82
0.5,121,363832835.06
0.5,122,399772749.31
0.5,123,392021567.28
0.5,124,379033614.77
0.5,125,322962252.2
0.5,126,374174119.55
0.5,127,325690597.8
0.5,128,363311293.11
0.5,129,389761541.4
0.5,130,391654799.88
0.5,131,394611009.78
0.5,132,349664562.93
0.5,133,378087995.15
0.5,134,386443521.91
0.5,135,391782036.24
0.5,136,375046075.96
0.5,137,390153150.04
0.5,138,360350538.24
0.5,139,374051407.84
0.5,140,399252896.25
0.5,141,398881134.75
0.5,142,366101875.08
0.5,143,399128759.88
0.5,144,346073824.36
0.5,145,377063356.25
0.5,146,382828429.69
0.5,147,393937321.67
0.5,148,370782744.17
0.5,149,375492128.63
0.5,150,338231246.86
0.5,151,376324832.1
0.5,152,386401410.37
0.5,153,387369768.23
0.5,154,375738107.06
0.5,155,396900939.8
0.5,156,388472869.97
0.5,157,396734209.29
0.5,158,351662891.9
0.5,159,390920453.21
0.5,160,371199108.63
0.5,161,336919900.04
0.5,162,378303653.34
0.5,163,346859846.39
0.5,164,394531882.69
0.5,165,347272384.23
0.5,166,390397732.73
0.5,167,389437434.51
0.5,168,349865911.31
0.5,169,375650484.34
0.5,170,396665852.71
0.5,171,387660979.42
0.5,172,341048339.81
0.5,173,389744377.89
0.5,174,344198203.4
0.5,175,316948521.07
0.5,176,398740249.35
0.5,177,381507175.36
0.5,178,387773663.81
0.5,179,398256039.07
0.5,180,377036350.39
0.5,181,396431758.51
0.5,182,398804769.79
0.5,183,379718655.88
0.5,184,393313297.91
0.5,185,377999767.47
0.5,186,296742717.89
0.5,187,374551035.06
0.5,188,388741356.71
0.5,189,394506108.87
0.5,190,367671459.92
0.5,191,329195931.41
0.5,192,371522196.24
0.5,193,395483063.24
0.5,194,351453624.42
0.5,195,398886465.04
0.5,196,359437837.44
0.5,197,338941562.91
0.5,198,388370842.34
0.5,199,386461046.65
0.5,200,393735168.23
0.5,201,375104571.87
0.5,202,392980458.35
0.5,203,388696301.86
0.5,204,392770705.46
0.5,205,384606219.93
0.5,206,394720784.24
0.5,207,397828063.57
0.5,208,381181530.49
0.5,209,398254318.7
0.5,210,395743637.02
0.5,211,372663661.36
0.5,212,351835115.5
0.5,213,336816143.18
0.5,214,390525658.23
0.5,215,347024982.62
0.5,216,346984665.26
0.5,217,319724579.48
0.5,218,395568108.98
0.5,219,392743233.04
0.5,220,334130785.82
0.5,221,374920493.67
0.5,222,387463907.22
0.5,223,374778893.87
0.5,224,344607931.45
0.5,225,377914626.74
0.5,226,371551979.78
0.5,227,366293742.17
0.5,228,395031105.67
0.5,229,370066726.5
0.5,230,384417402.19
0.5,231,381323130.21
0.5,232,296039464.84
0.5,233,372673814.47
0.5,234,365402812.46
0.5,235,395182609.53
0.5,236,296825570.67
0.5,237,307382207.47
0.5,238,369049775.57
0.5,239,391785873.96
0.5,240,371163973.59
0.5,241,381257607.59
0.5,242,320645777.59
0.5,243,371217572.65
0.5,244,341274684.4
0.5,245,367921693.96
0.5,246,397594383.53
0.5,247,397749440.73
0.5,248,365743718.81
0.5,249,397464350.83
0.5,250,377009507.69
0.5,251,391894808.08
0.5,252,399272154.57
0.5,253,355981031.84
0.5,254,347608073.53
0.5,255,393689999.32
0.5,256,359813022.36
0.5,257,391867491.5
0.5,258,387803796.68
0.5,259,337399922.32
0.5,260,367335311.35
0.5,261,312404211.65
0.5,262,371045759.46
0.5,263,398250870.26
0.5,264,367458512.98
0.5,265,394379377.48
0.5,266,357238541.72
0.5,267,379072513.47
0.5,268,385099713.56
0.5,269,385224343.19
0.5,270,347910187.77
0.5,271,381801410.93
0.5,272,358613056.92
0.5,273,382415979.51
0.5,274,386956173.93
0.5,275,389072430.38
0.5,276,356382536.41
0.5,277,373749648.26
0.5,278,382116762.84
0.5,279,346230798.83
0.5,280,394933911.28
0.5,281,367875648.62
0.5,282,394794258.25
0.5,283,381010119.29
0.5,284,384064949.69
0.5,285,367143085.11
0.5,286,396038726.81
0.5,287,332760904.74
0.5,288,368473989.87
0.5,289,387783402.08
0.5,290,366142138.59
0.5,291,371075424.49
0.5,292,393862237.53
0.5,293,390167256.26
0.5,294,396624712.77
0.5,295,391945812.03
0.5,296,395878418.8
0.5,297,335279071.77
0.5,298,378086470.53
0.5,299,394711169.99
0.5,300,395405483.8
0.5,301,390968092.71
0.5,302,356554963.08
0.5,303,399639131.84
0.5,304,369782917.55
0.5,305,328024955.02
0.5,306,355337166.4
0.5,307,386915397.28
0.5,308,374429231.2
0.5,309,373607422.38
0.5,310,382786581.91
0.5,311,370428804.18
0.5,312,310891673.89
0.5,313,375963759.33
0.5,314,383311714.57
0.5,315,354345324.04
0.5,316,387185743.08
0.5,317,395347942.97
0.5,318,393093360.31
0.5,319,360921071.57
0.5,320,399965777.78
0.5,321,396373332.42
0.5,322,320538869.38
0.5,323,355727587.0
0.5,324,394420945.3
0.5,325,361042317.0
0.5,326,392462468.21
0.5,327,357421049.54
0.5,328,395119202.46
0.5,329,313443642.52
0.5,330,317430994.91
0.5,331,381962104.47
0.5,332,378069933.13
0.5,333,389397863.25
0.5,334,365699793.39
0.5,335,347657530.06
0.5,336,344796501.99
0.5,337,357740538.68
0.5,338,296385148.06
0.5,339,362922591.75
0.5,340,379279653.69
0.5,341,331791423.28
0.5,342,374709750.47
0.5,343,339013091.77
0.5,344,369919608.46
0.5,345,356566028.17
0.5,346,375268993.7
0.5,347,373818111.01
0.5,348,386909273.68
0.5,349,399202861.72
0.5,350,394508345.84
0.5,351,352593919.87
0.5,352,364156833.49
0.5,353,355913168.29
0.5,354,304519608.22
0.5,355,391325015.43
0.5,356,360332782.98
0.5,357,372552845.38
0.5,358,339387310.98
0.5,359,353114467.2
0.5,360,373364617.12
0.5,361,387482282.32
0.5,362,373273828.78
0.5,363,390796856.7
0.5,364,395478248.5
0.5,365,361488417.7
0.5,366,397642521.37
0.5,367,380867911.14
0.5,368,393879436.16
0.5,369,367866682.22
0.5,370,352304285.72
0.5,371,393623464.23
0.5,372,367377450.79
0.5,373,365261079.72
0.5,374,386963735.5
0.5,375,344965524.56
0.5,376,363191821.71
0.5,377,364099688.95
0.5,378,311943194.85
0.5,379,359370285.5
0.5,380,381038667.84
0.5,381,374236828.34
0.5,382,384438005.61
0.5,383,342557398.31
0.5,384,385149345.95
0.5,385,372566676.75
0.5,386,367315278.63
0.5,387,392345018.36
0.5,388,379562210.87
0.5,389,378586824.41
0.5,390,368483993.54
0.5,391,399043561.41
0.5,392,376958396.89
0.5,393,374874437.36
0.5,394,358843210.13
0.5,395,395462865.99
0.5,396,362184763.84
0.5,397,397297840.51
0.5,398,382168202.84
0.5,399,375790597.94
0.5,400,395866128.36
0.5,401,368966374.22
0.5,402,390613037.07
0.5,403,386124307.93
0.5,404,336146016.98
0.5,405,390126137.25
0.5,406,375428766.09
0.5,407,337570972.14
0.5,408,391410046.26
0.5,409,386795166.79
0.5,410,354957368.95
0.5,411,387161951.26
0.5,412,380817410.81
0.5,413,340245627.47
0.5,414,398002370.13
0.5,415,399542569.58
0.5,416,334986082.56
0.5,417,369663491.95
0.5,418,351599062.07
0.5,419,368741215.09
0.5,420,353262548.12
0.5,421,393553906.3
0.5,422,354087194.73
0.5,423,365375352.99
0.5,424,367376406.96
0.5,425,358129510.99
0.5,426,383467532.94
0.5,427,318430724.0
0.5,428,318543898.72
0.5,429,392112696.13
0.5,430,350409586.42
0.5,431,387844540.86
0.5,432,374358339.83
0.5,433,375826455.94
0.5,434,379473885.25
0.5,435,384061065.56
0.5,436,344088672.6
0.5,437,397798182.65
0.5,438,359685367.22
0.5,439,389736496.79
0.5,440,349900370.96
0.5,441,384460808.18
0.5,442,275361714.09
0.5,443,380667792.6
0.5,444,341576973.98
0.5,445,385980285.86
0.5,446,313580470.47
0.5,447,389433190.68
0.5,448,352174973.56
0.5,449,370563190.14
0.5,450,397900722.35
0.5,451,378516147.95
0.5,452,369342124.52
0.5,453,354639604.93
0.5,454,392860811.63
0.5,455,381534613.77
0.5,456,341945741.46
0.5,457,359774073.56
0.5,458,395629835.74
0.5,459,398088341.78
0.5,460,317066995.64
0.5,461,380152637.81
0.5,462,303784395.85
0.5,463,384854764.47
0.5,464,397870734.66
0.5,465,398396396.54
0.5,466,391240843.25
0.5,467,341749367.19
0.5,468,371149655.13
0.5,469,394861070.01
0.5,470,395368882.74
0.5,471,393784837.67
0.5,472,387547672.5
0.5,473,389321327.39
0.5,474,399201311.88
0.5,475,383098905.59
0.5,476,394833308.5
0.5,477,361862453.49
0.5,478,337250471.93
0.5,479,326253599.9
0.5,480,399184936.19
0.5,481,382420468.27
0.5,482,391941709.56
0.5,483,373676768.53
0.5,484,351892893.11
0.5,485,377413430.26
0.5,486,381551957.06
0.5,487,297208291.02
0.5,488,347571526.45
0.5,489,380188289.65
0.5,490,378991443.6
0.5,491,360932281.07
0.5,492,371919470.59
0.5,493,382045304.29
0.5,494,361243567.9
0.5,495,389662756.5
0.5,496,373172073.82
0.5,497,394222997.2
0.5,498,398982050.02
0.5,499,373211675.46
0.6,0,365972175.51
0.6,1,363493100.31
0.6,2,370204363.98
0.6,3,360198756.86
0.6,4,387931132.37
0.6,5,394367279.03
0.6,6,365616337.73
0.6,7,345755173.63
0.6,8,393016398.97
0.6,9,397192310.3
0.6,10,310837805.36
0.6,11,363516709.37
0.6,12,399040248.71
0.6,13,328232593.62
0.6,14,391062013.26
0.6,15,297977999.68
0.6,16,332221251.17
0.6,17,378305011.4
0.6,18,362501437.51
0.6,19,397989195.68
0.6,20,333744605.43
0.6,21,397695644.25
0.6,22,379596376.22
0.6,23,381632059.01
0.6,24,376366904.97
0.6,25,387341038.87
0.6,26,385935667.34
0.6,27,379361186.56
0.6,28,380891702.16
0.6,29,365103894.88
0.6,30,361826311.53
0.6,31,380149108.41
0.6,32,337283860.74
0.6,33,385033165.65
0.6,34,365456711.69
0.6,35,388498669.13
0.6,36,351267142.9
0.6,37,383168454.74
0.6,38,390768416.56
0.6,39,350107729.1
0.6,40,374660251.54
0.6,41,357967815.61
0.6,42,392268719.58
0.6,43,370452888.82
0.6,44,383852565.36
0.6,45,371642199.43
0.6,46,384460555.28
0.6,47,396740539.69
0.6,48,374500718.05
0.6,49,367600386.99
0.6,50,376533086.3
0.6,51,394267443.32
0.6,52,362940128.41
0.6,53,342497859.45
0.6,54,375868262.34
0.6,55,347748021.69
0.6,56,376700880.17
0.6,57,381393644.88
0.6,58,399150047.89
0.6,59,359175337.85
0.6,60,368218439.57
0.6,61,343843804.55
0.6,62,379085084.17
0.6,63,317149092.1
0.6,64,385274176.34
0.6,65,374223667.02
0.6,66,392845431.86
0.6,67,324573335.57
0.6,68,363980847.43
0.6,69,398663181.16
0.6,70,384061093.62
0.6,71,397487052.73
0.6,72,376847573.03
0.6,73,386921306.16
0.6,74,373806986.45
0.6,75,367237759.01
0.6,76,394696242.54
0.6,77,390017596.85
0.6,78,390385990.08
0.6,79,398376329.14
0.6,80,386853675.36
0.6,81,392826483.99
0.6,82,381312744.75
0.6,83,353201989.67
0.6,84,376033072.16
0.6,85,380488671.69
0.6,86,369884228.31
0.6,87,380556815.07
0.6,88,356759175.88
0.6,89,371867336.43
0.6,90,399888223.89
0.6,91,370480951.37
0.6,92,395333601.14
0.6,93,381873029.9
0.6,94,384868590.69
0.6,95,355035959.88
0.6,96,371855093.46
0.6,97,333100857.79
0.6,98,395235227.13
0.6,99,388040498.67
0.6,100,345504818.44
0.6,101,395297749.72
0.6,102,319408832.2
0.6,103,327789223.19
0.6,104,387640524.53
0.6,105,398558113.83
0.6,106,376730964.56
0.6,107,354932348.65
0.6,108,378845975.17
0.6,109,375619157.13
0.6,110,382468932.55
0.6,111,390806839.2
0.6,112,371975239.15
0.6,113,281386374.58
0.6,114,384417872.89
0.6,115,376714367.88
0.6,116,395524497.42
0.6,117,394773323.56
0.6,118,389344615.2
0.6,119,374180029.69
0.6,120,383791990.96
0.6,121,291594536.26
0.6,122,382632777.03
0.6,123,373467923.03
0.6,124,353378488.18
0.6,125,345478414.24
0.6,126,381801335.52
0.6,127,372361252.36
0.6,128,381025049.68
0.6,129,385804117.26
0.6,130,371761214.12
0.6,131,395057090.05
0.6,132,382641593.76
0.6,133,359169989.36
0.6,134,377004303.52
0.6,135,352786288.18
0.6,136,376706129.35
0.6,137,380319245.55
0.6,138,390186582.55
0.6,139,374882044.33
0.6,140,324070851.32
0.6,141,393573162.29
0.6,142,384847580.18
0.6,143,377836381.61
0.6,144,363897508.61
0.6,145,383114243.3
0.6,146,370523938.53
0.6,147,383898966.76
0.6,148,375863569.35
0.6,149,363465376.01
0.6,150,370845229.96
0.6,151,369263525.94
0.6,152,399109891.6
0.6,153,385253903.32
0.6,154,342976937.85
0.6,155,378735821.02
0.6,156,351135345.13
0.6,157,358897131.58
0.6,158,365663750.04
0.6,159,368860181.37
0.6,160,337065530.29
0.6,161,384724500.24
0.6,162,388373355.06
0.6,163,389479618.53
0.6,164,386190878.53
0.6,165,357154231.23
0.6,166,361669815.25
0.6,167,341158716.7
0.6,168,350743959.33
0.6,169,295380258.66
0.6,170,398777177.55
0.6,171,390915397.07
0.6,172,353609064.03
0.6,173,387682270.46
0.6,174,394386982.54
0.6,175,379488337.83
0.6,176,380179854.05
0.6,177,392909870.0
0.6,178,377636682.21
0.6,179,354325999.75
0.6,180,375372999.07
0.6,181,384053318.74
0.6,182,384224158.16
0.6,183,371934870.17
0.6,184,300908114.76
0.6,185,359859396.11
0.6,186,362920990.71
0.6,187,391952445.0
0.6,188,396642192.28
0.6,189,388438902.21
0.6,190,385288372.42
0.6,191,325939068.58
0.6,192,360531324.05
0.6,193,385946969.25
0.6,194,378398144.45
0.6,195,314059010.63
0.6,196,350637834.79
0.6,197,331714397.65
0.6,198,351365270.43
0.6,199,389371140.77
0.6,200,389082016.48
0.6,201,387750973.11
0.6,202,361307995.03
0.6,203,283958946.83
0.6,204,396372886.02
0.6,205,395525230.99
0.6,206,345909033.81
0.6,207,369853025.04
0.6,208,386712434.86
0.6,209,374225050.37
0.6,210,393476772.23
0.6,211,389173732.03
0.6,212,389014716.35
0.6,213,322906859.47
0.6,214,385561232.21
0.6,215,397231721.94
0.6,216,393397977.37
0.6,217,388914119.36
0.6,218,358634140.9
0.6,219,329108934.05
0.6,220,398307127.69
0.6,221,386377901.58
0.6,222,388163054.33
0.6,223,329146787.78
0.6,224,380185081.33
0.6,225,362551633.37
0.6,226,363093571.79
0.6,227,364342811.25
0.6,228,366133060.12
0.6,229,375987097.22
0.6,230,380605514.96
0.6,231,331419585.57
0.6,232,383261828.78
0.6,233,378415593.54
0.6,234,385059013.55
0.6,235,396327369.56
0.6,236,361472174.68
0.6,237,374440536.31
0.6,238,349672706.38
0.6,239,340064169.67
0.6,240,385388015.29
0.6,241,352099321.48
0.6,242,387792229.71
0.6,243,392533480.58
0.6,244,341030711.18
0.6,245,318576373.52
0.6,246,341288314.34
0.6,247,335063683.12
0.6,248,392425191.81
0.6,249,384165430.19
0.6,250,377927820.54
0.6,251,285723641.77
0.6,252,395965620.06
0.6,253,399702474.21
0.6,254,395373834.9
0.6,255,281889712.11
0.6,256,374954166.65
0.6,257,397157913.07
0.6,258,375655346.12
0.6,259,368578268.69
0.6,260,391118425.85
0.6,261,369638389.07
0.6,262,365969073.13
0.6,263,362861600.38
0.6,264,389980442.36
0.6,265,380739645.06
0.6,266,366626079.26
0.6,267,346060644.16
0.6,268,396454167.8
0.6,269,392200943.09
0.6,270,316577612.24
0.6,271,398593773.11
0.6,272,388085076.92
0.6,273,385522270.08
0.6,274,391132180.88
0.6,275,335765421.05
0.6,276,378974265.09
0.6,277,389631924.56
0.6,278,390132099.87
0.6,279,346586061.19
0.6,280,372291421.89
0.6,281,289518384.85
0.6,282,394423539.78
0.6,283,397120437.84
0.6,284,373984216.92
0.6,285,347556485.23
0.6,286,386661386.86
0.6,287,359326537.88
0.6,288,306118027.0
0.6,289,398179930.51
0.6,290,391525898.25
0.6,291,375563706.5
0.6,292,357107404.66
0.6,293,391017800.39
0.6,294,391814130.29
0.6,295,362382491.23
0.6,296,359633909.46
0.6,297,347831859.89
0.6,298,374005761.25
0.6,299,360595647.49
0.6,300,386703109.23
0.6,301,316368431.57
0.6,302,359499154.99
0.6,303,372513004.2
0.6,304,355727077.45
0.6,305,364524129.54
0.6,306,393536600.61
0.6,307,395381852.64
0.6,308,372967905.04
0.6,309,346060321.63
0.6,310,357357241.68
0.6,311,385621967.36
0.6,312,287315067.36
0.6,313,325351050.2
0.6,314,397567979.43
0.6,315,374662057.6
0.6,316,328733415.91
0.6,317,328326710.29
0.6,318,386882966.09
0.6,319,333207341.8
0.6,320,347251621.32
0.6,321,389076493.4
0.6,322,389158183.66
0.6,323,368438208.23
0.6,324,364114276.27
0.6,325,392180493.2
0.6,326,366411049.28
0.6,327,377370142.42
0.6,328,393215858.65
0.6,329,323775676.61
0.6,330,373184740.7
0.6,331,387231327.69
0.6,332,312131938.88
0.6,333,395663232.05
0.6,334,378309515.9
0.6,335,343457765.73
0.6,336,343203323.79
0.6,337,321079633.05
0.6,338,348880606.91
0.6,339,339222383.94
0.6,340,323741956.15
0.6,341,377008785.56
0.6,342,396830291.91
0.6,343,390700055.53
0.6,344,332009902.17
0.6,345,389678996.71
0.6,346,368373838.95
0.6,347,366419394.02
0.6,348,375404435.1
0.6,349,324698564.22
0.6,350,391727583.98
0.6,351,396404509.8
0.6,352,394949071.51
0.6,353,371288984.82
0.6,354,380536844.76
0.6,355,384745541.1
0.6,356,366891834.31
0.6,357,323490126.4
0.6,358,362593855.98
0.6,359,367300709.14
0.6,360,391594544.51
0.6,361,355720798.05
0.6,362,392458461.74
0.6,363,383282727.44
0.6,364,397058998.11
0.6,365,354498393.29
0.6,366,392471172.36
0.6,367,355533258.89
0.6,368,373210109.77
0.6,369,345326446.61
0.6,370,392505247.12
0.6,371,355624391.34
0.6,372,360669270.73
0.6,373,379287466.1
0.6,374,372575645.34
0.6,375,374769959.03
0.6,376,366741706.38
0.6,377,344627349.06
0.6,378,371044765.08
0.6,379,378945107.43
0.6,380,385828599.36
0.6,381,390825097.35
0.6,382,398352207.84
0.6,383,340842830.6
0.6,384,385777268.7
0.6,385,382551894.23
0.6,386,326022074.95
0.6,387,372020235.3
0.6,388,363293289.25
0.6,389,347327778.06
0.6,390,385890980.75
0.6,391,387344522.21
0.6,392,373944052.34
0.6,393,325066586.11
0.6,394,394597075.3
0.6,395,363641660.62
0.6,396,319765978.8
0.6,397,324389785.55
0.6,398,344012892.38
0.6,399,373568036.52
0.6,400,397463986.2
0.6,401,337554246.71
0.6,402,362448481.11
0.6,403,398792766.21
0.6,404,340662993.99
0.6,405,386768491.13
0.6,406,386823310.89
0.6,407,395041793.11
0.6,408,327553547.14
0.6,409,389874832.64
0.6,410,317950723.17
0.6,411,396667999.7
0.6,412,377829083.05
0.6,413,343111909.88
0.6,414,376997861.93
0.6,415,399967185.67
0.6,416,391275044.59
0.6,417,399633586.5
0.6,418,382734643.19
0.6,419,388725049.52
0.6,420,356354177.76
0.6,421,389602857.27
0.6,422,385027230.91
0.6,423,386365450.2
0.6,424,391590996.94
0.6,425,303874571.3
0.6,426,391572037.86
0.6,427,363490189.66
0.6,428,273854247.63
0.6,429,347923579.58
0.6,430,360127435.04
0.6,431,361104960.29
0.6,432,391225564.62
0.6,433,388493927.43
0.6,434,387682780.34
0.6,435,314062485.69
0.6,436,376922564.38
0.6,437,392822553.79
0.6,438,362568087.22
0.6,439,360624889.51
0.6,440,353735488.98
0.6,441,361606365.78
0.6,442,375240820.96
0.6,443,393308164.42
0.6,444,396708525.47
0.6,445,356064136.43
0.6,446,328573960.43
0.6,447,399122096.64
0.6,448,376038578.5
0.6,449,394140682.68
0.6,450,344089075.42
0.6,451,382236421.6
0.6,452,342242673.52
0.6,453,329831325.75
0.6,454,347001710.38
0.6,455,349471307.91
0.6,456,347471615.94
0.6,457,359579321.7
0.6,458,385784386.58
0.6,459,385786812.97
0.6,460,397966799.03
0.6,461,354641509.67
0.6,462,381611505.4
0.6,463,393627561.54
0.6,464,376247417.03
0.6,465,398487043.84
0.6,466,363775562.88
0.6,467,395823100.66
0.6,468,346983514.79
0.6,469,380889589.28
0.6,470,388681262.33
0.6,471,399457722.65
0.6,472,362876945.03
0.6,473,394769132.5
0.6,474,351005253.96
0.6,475,396576512.94
0.6,476,390836191.71
0.6,477,338054009.7
0.6,478,355000158.71
0.6,479,380128655.38
0.6,480,385903120.63
0.6,481,388375485.3
0.6,482,387588951.35
0.6,483,295082989.38
0.6,484,379219343.79
0.6,485,287985917.66
0.6,486,342661072.19
0.6,487,331287158.66
0.6,488,354827500.84
0.6,489,396777773.78
0.6,490,397187084.95
0.6,491,368417014.98
0.6,492,375820511.74
0.6,493,396942917.7
0.6,494,379069312.23
0.6,495,395919205.88
0.6,496,299538659.27
0.6,497,399999138.04
0.6,498,337505173.04
0.6,499,384219885.6
0.7,0,376351978.03
0.7,1,372660834.59
0.7,2,370427022.39
0.7,3,389880009.7
0.7,4,342460354.72
0.7,5,387240111.8
0.7,6,338676611.61
0.7,7,393377432.54
0.7,8,387755946.32
0.7,9,379684048.66
0.7,10,359863644.64
0.7,11,384917680.43
0.7,12,346558529.66
0.7,13,367518295.66
0.7,14,365349381.78
0.7,15,392868424.84
0.7,16,380646287.6
0.7,17,398083988.18
0.7,18,359308844.44
0.7,19,389771726.44
0.7,20,370225745.43
0.7,21,394513612.23
0.7,22,395574594.77
0.7,23,335024864.83
0.7,24,332914195.86
0.7,25,370391487.01
0.7,26,398166113.12
0.7,27,387004138.94
0.7,28,343857214.14
0.7,29,395466053.87
0.7,30,357741920.91
0.7,31,316775893.05
0.7,32,380511645.33
0.7,33,377232589.07
0.7,34,386731480.34
0.7,35,374857814.98
0.7,36,358139566.51
0.7,37,375395178.68
0.7,38,376024576.47
0.7,39,395410856.2
0.7,40,387143481.52
0.7,41,386617517.23
0.7,42,297241527.12
0.7,43,375385290.96
0.7,44,310242598.92
0.7,45,338899625.69
0.7,46,380313592.11
0.7,47,380437245.47
0.7,48,388982775.24
0.7,49,388484353.05
0.7,50,333966208.55
0.7,51,358530758.41
0.7,52,397133661.55
0.7,53,397231920.9
0.7,54,376756483.21
0.7,55,359150866.94
0.7,56,364212531.85
0.7,57,365904000.24
0.7,58,350283206.17
0.7,59,350738582.41
0.7,60,395765159.7
0.7,61,370103444.53
0.7,62,395925882.63
0.7,63,393881534.01
0.7,64,397788781.06
0.7,65,390089833.27
0.7,66,378561878.13
0.7,67,308247303.9
0.7,68,398250919.02
0.7,69,390317593.03
0.7,70,377453382.6
0.7,71,376033026.08
0.7,72,380618511.39
0.7,73,392954111.6
0.7,74,370861179.6
0.7,75,365208398.35
0.7,76,339767130.89
0.7,77,378133913.0
0.7,78,397488947.15
0.7,79,320644550.36
0.7,80,387608164.28
0.7,81,355838790.75
0.7,82,365950417.91
0.7,83,320555650.36
0.7,84,372045824.02
0.7,85,381958726.45
0.7,86,326258931.01
0.7,87,336652287.97
0.7,88,322207519.96
0.7,89,390799148.46
0.7,90,322671309.24
0.7,91,394863738.36
0.7,92,383745833.06
0.7,93,376163801.07
0.7,94,395587448.94
0.7,95,347760540.36
0.7,96,395196883.41
0.7,97,313275166.28
0.7,98,391335642.15
0.7,99,371529618.72
0.7,100,391413257.74
0.7,101,394056447.5
0.7,102,362763498.97
0.7,103,348994870.92
0.7,104,337884810.73
0.7,105,360144899.58
0.7,106,330025368.66
0.7,107,372768741.45
0.7,108,359147651.79
0.7,109,377391873.71
0.7,110,328526983.21
0.7,111,354269828.81
0.7,112,396144486.69
0.7,113,398851409.9
0.7,114,348906881.95
0.7,115,364446159.59
0.7,116,322912592.39
0.7,117,380059260.22
0.7,118,391503625.7
0.7,119,389958786.72
0.7,120,396382407.2
0.7,121,366246852.41
0.7,122,394524865.23
0.7,123,379261645.65
0.7,124,398501804.82
0.7,125,394623052.1
0.7,126,399012937.66
0.7,127,361983260.88
0.7,128,393142379.51
0.7,129,347136704.49
0.7,130,367270041.41
0.7,131,396245121.66
0.7,132,372385433.83
0.7,133,387982082.28
0.7,134,394630023.53
0.7,135,392453735.64
0.7,136,328631758.07
0.7,137,397676939.51
0.7,138,346846458.33
0.7,139,337964916.43
0.7,140,393925218.0
0.7,141,383302443.5
0.7,142,327246397.19
0.7,143,374435722.48
0.7,144,390414861.29
0.7,145,341785261.97
0.7,146,377480926.44
0.7,147,382587260.09
0.7,148,378215748.13
0.7,149,383494193.26
0.7,150,356259860.36
0.7,151,375865298.71
0.7,152,374278399.63
0.7,153,392948259.52
0.7,154,298889135.12
0.7,155,334172192.37
0.7,156,360629545.45
0.7,157,387792958.87
0.7,158,375038714.1
0.7,159,397737735.53
0.7,160,379191979.79
0.7,161,398107950.86
0.7,162,356022428.59
0.7,163,379460827.96
0.7,164,361180122.41
0.7,165,340404317.69
0.7,166,346567686.33
0.7,167,387946032.53
0.7,168,338462778.49
0.7,169,367818746.36
0.7,170,393502948.55
0.7,171,369148757.92
0.7,172,385939481.37
0.7,173,395845371.11
0.7,174,379751264.51
0.7,175,380869512.67
0.7,176,353607971.59
0.7,177,394633049.24
0.7,178,384565480.02
0.7,179,385117837.77
0.7,180,344028124.39
0.7,181,379550208.98
0.7,182,383981036.55
0.7,183,378509345.04
0.7,184,389684533.5
0.7,185,387870468.88
0.7,186,325833811.31
0.7,187,313742098.03
0.7,188,380902723.74
0.7,189,345763422.9
0.7,190,352930216.0
0.7,191,387874512.84
0.7,192,348912778.07
0.7,193,346120602.65
0.7,194,384899730.58
0.7,195,397830084.83
0.7,196,371298235.47
0.7,197,384549758.23
0.7,198,390046353.21
0.7,199,352826087.24
0.7,200,390618226.59
0.7,201,347042092.31
0.7,202,368055053.84
0.7,203,375431378.26
0.7,204,384796185.24
0.7,205,367864292.62
0.7,206,350742653.25
0.7,207,311898473.02
0.7,208,392407044.82
0.7,209,351349904.59
0.7,210,360141554.31
0.7,211,351435737.48
0.7,212,338057570.54
0.7,213,394815094.14
0.7,214,358354440.66
0.7,215,320451884.0
0.7,216,325364011.99
0.7,217,374298388.5
0.7,218,340435857.43
0.7,219,387982718.55
0.7,220,393425552.55
0.7,221,388578942.7
0.7,222,318455857.65
0.7,223,349598034.78
0.7,224,393536826.92
0.7,225,352315907.14
0.7,226,389061901.75
0.7,227,392994421.18
0.7,228,380665292.58
0.7,229,390512207.82
0.7,230,396054756.06
0.7,231,376924993.66
0.7,232,363203713.18
0.7,233,354671114.52
0.7,234,384269091.18
0.7,235,392044530.65
0.7,236,359250999.58
0.7,237,323130300.13
0.7,238,391475604.25
0.7,239,334704009.9
0.7,240,393420707.43
0.7,241,353810748.52
0.7,242,376561140.07
0.7,243,388538175.61
0.7,244,323685827.98
0.7,245,399087665.65
0.7,246,389751567.11
0.7,247,383702670.43
0.7,248,394165553.58
0.7,249,390131051.84
0.7,250,363924360.31
0.7,251,398562933.4
0.7,252,371133879.88
0.7,253,354409556.54
0.7,254,398553739.81
0.7,255,352427953.43
0.7,256,317569505.67
0.7,257,349731582.8
0.7,258,350154584.27
0.7,259,332049259.61
0.7,260,308909410.06
0.7,261,381507213.95
0.7,262,354883381.76
0.7,263,330505996.98
0.7,264,397922940.14
0.7,265,370192486.64
0.7,266,398897225.21
0.7,267,387633841.0
0.7,268,377102154.15
0.7,269,359385624.98
0.7,270,361882697.79
0.7,271,397896563.11
0.7,272,344617558.24
0.7,273,398828599.01
0.7,274,381217053.3
0.7,275,377974789.31
0.7,276,380001822.51
0.7,277,392678673.09
0.7,278,394068205.48
0.7,279,346940082.16
0.7,280,346563745.91
0.7,281,362759366.91
0.7,282,338913694.45
0.7,283,372480684.24
0.7,284,359032924.14
0.7,285,376507874.69
0.7,286,363739914.2
0.7,287,381221595.03
0.7,288,396958938.37
0.7,289,378632940.75
0.7,290,353393437.37
0.7,291,380948991.37
0.7,292,386170148.96
0.7,293,382593542.29
0.7,294,378110616.35
0.7,295,367812300.35
0.7,296,371871043.0
0.7,297,370753235.52
0.7,298,328636062.75
0.7,299,375311387.8
0.7,300,374647861.36
0.7,301,390326422.85
0.7,302,370697289.27
0.7,303,355501083.49
0.7,304,383138922.59
0.7,305,305863601.26
0.7,306,388715746.22
0.7,307,388723712.65
0.7,308,383053045.16
0.7,309,346388290.68
0.7,310,385413093.01
0.7,311,373792302.97
0.7,312,378249939.9
0.7,313,382714063.04
0.7,314,387382881.09
0.7,315,398871364.13
0.7,316,371731330.35
0.7,317,361819365.12
0.7,318,377975436.08
0.7,319,390833669.69
0.7,320,325651487.3
0.7,321,314756413.2
0.7,322,381424500.28
0.7,323,371239139.47
0.7,324,376746608.13
0.7,325,377791749.07
0.7,326,360715593.5
0.7,327,359629546.31
0.7,328,378112550.4
0.7,329,377329732.39
0.7,330,359587776.73
0.7,331,370762679.25
0.7,332,361516744.64
0.7,333,373988097.17
0.7,334,395119991.41
0.7,335,373163212.59
0.7,336,350643494.54
0.7,337,385176913.25
0.7,338,388054337.56
0.7,339,378775714.76
0.7,340,362101314.96
0.7,341,352284880.81
0.7,342,362522534.29
0.7,343,315673314.53
0.7,344,377865140.83
0.7,345,352594850.98
0.7,346,394887886.37
0.7,347,379813196.02
0.7,348,323976157.88
0.7,349,375126313.83
0.7,350,388401799.24
0.7,351,387457359.44
0.7,352,385275254.72
0.7,353,358468141.38
0.7,354,382376246.66
0.7,355,371984230.74
0.7,356,325205594.01
0.7,357,300345416.96
0.7,358,380368091.45
0.7,359,363120425.86
0.7,360,319315689.57
0.7,361,382517043.31
0.7,362,394770668.29
0.7,363,357075607.66
0.7,364,389016145.61
0.7,365,385183543.46
0.7,366,376235095.27
0.7,367,392050429.6
0.7,368,385323457.42
0.7,369,337624991.1
0.7,370,393134102.68
0.7,371,396158101.31
0.7,372,392925930.8
0.7,373,376648794.27
0.7,374,387200244.46
0.7,375,368425738.89
0.7,376,382201314.61
0.7,377,367169813.67
0.7,378,375966939.52
0.7,379,379935632.45
0.7,380,392833558.94
0.7,381,336074037.33
0.7,382,375311505.19
0.7,383,373752764.61
0.7,384,387710381.08
0.7,385,396236847.11
0.7,386,395377489.53
0.7,387,350630447.67
0.7,388,325084856.49
0.7,389,358253055.24
0.7,390,383711242.98
0.7,391,368171745.42
0.7,392,397312747.7
0.7,393,350999579.27
0.7,394,346022830.35
0.7,395,324023369.73
0.7,396,371220292.33
0.7,397,346181854.22
0.7,398,332254921.56
0.7,399,399678078.89
0.7,400,398910784.31
0.7,401,316836881.67
0.7,402,326398794.3
0.7,403,373099233.55
0.7,404,314716746.38
0.7,405,384998792.57
0.7,406,389566132.65
0.7,407,379240471.53
0.7,408,395123535.05
0.7,409,392070217.95
0.7,410,380569160.71
0.7,411,394802873.09
0.7,412,390616268.84
0.7,413,349090848.22
0.7,414,395878300.48
0.7,415,357174879.98
0.7,416,343191818.18
0.7,417,370021250.79
0.7,418,397665443.69
0.7,419,387656209.73
0.7,420,369569046.52
0.7,421,391436947.53
0.7,422,361605267.81
0.7,423,362717627.81
0.7,424,384754383.07
0.7,425,374815176.28
0.7,426,370763373.46
0.7,427,329581840.57
0.7,428,383019814.15
0.7,429,362695807.51
0.7,430,366064073.52
0.7,431,321540535.08
0.7,432,369452944.59
0.7,433,370347832.96
0.7,434,348433666.31
0.7,435,375029537.9
0.7,436,371830617.66
0.7,437,384534641.47
0.7,438,383337285.77
0.7,439,324394062.85
0.7,440,373445242.55
0.7,441,374458825.02
0.7,442,387992582.93
0.7,443,350733661.61
0.7,444,397666354.5
0.7,445,390359880.05
0.7,446,364714083.01
0.7,447,338875401.51
0.7,448,376430295.35
0.7,449,298440555.0
0.7,450,388980547.19
0.7,451,380060185.99
0.7,452,278478784.94
0.7,453,382237842.45
0.7,454,371784569.61
0.7,455,334412686.51
0.7,456,362345931.36
0.7,457,379911966.38
0.7,458,392580011.1
0.7,459,393343734.39
0.7,460,326131288.24
0.7,461,378645098.55
0.7,462,386915847.36
0.7,463,367053237.23
0.7,464,324978711.01
0.7,465,345011967.03
0.7,466,379757283.07
0.7,467,384298192.83
0.7,468,391013890.64
0.7,469,392130316.08
0.7,470,387388343.96
0.7,471,380808025.28
0.7,472,378974912.63
0.7,473,385670140.71
0.7,474,343308055.13
0.7,475,262012657.37
0.7,476,318370956.61
0.7,477,354066316.4
0.7,478,388768271.83
0.7,479,399942848.51
0.7,480,376927954.25
0.7,481,314024063.05
0.7,482,331497080.2
0.7,483,399363513.72
0.7,484,388398025.13
0.7,485,372503592.36
0.7,486,343321061.92
0.7,487,361722400.46
0.7,488,372527943.42
0.7,489,392244997.21
0.7,490,396331747.49
0.7,491,394737616.82
0.7,492,352276725.86
0.7,493,335286497.93
0.7,494,361427822.71
0.7,495,376904785.84
0.7,496,386956670.02
0.7,497,361087501.25
0.7,498,379459383.02
0.7,499,397663567.59
0.8,0,368782421.33
0.8,1,375016613.22
0.8,2,386977382.39
0.8,3,376543903.36
0.8,4,308619002.81
0.8,5,391303481.95
0.8,6,385065632.03
0.8,7,372281238.87
0.8,8,396938144.51
0.8,9,378507265.66
0.8,10,396137854.53
0.8,11,390794787.2
0.8,12,318363073.78
0.8,13,399740734.61
0.8,14,358057137.17
0.8,15,350826252.67
0.8,16,368410290.94
0.8,17,393090295.71
0.8,18,389029052.93
0.8,19,378610076.96
0.8,20,395079299.23
0.8,21,389256715.82
0.8,22,376673381.8
0.8,23,337615482.57
0.8,24,361397933.69
0.8,25,379184374.75
0.8,26,375415123.21
0.8,27,371190321.98
0.8,28,347425746.48
0.8,29,392976416.05
0.8,30,307879481.43
0.8,31,384252156.38
0.8,32,359372987.96
0.8,33,346950075.99
0.8,34,397882245.73
0.8,35,339036096.97
0.8,36,379729206.53
0.8,37,362181898.84
0.8,38,339070915.71
0.8,39,396460270.74
0.8,40,345437949.55
0.8,41,375239772.67
0.8,42,258262403.77
0.8,43,393849010.76
0.8,44,368569922.82
0.8,45,376657422.67
0.8,46,397213934.92
0.8,47,353123249.24
0.8,48,391896471.98
0.8,49,370304241.86
0.8,50,323269248.28
0.8,51,356485959.73
0.8,52,304934958.27
0.8,53,336463621.45
0.8,54,386101176.43
0.8,55,357783130.67
0.8,56,393102031.33
0.8,57,369323632.23
0.8,58,336634453.42
0.8,59,396758945.76
0.8,60,355253481.52
0.8,61,384069275.8
0.8,62,395002623.02
0.8,63,390702774.78
0.8,64,381698652.74
0.8,65,327134010.29
0.8,66,398778196.6
0.8,67,374638760.67
0.8,68,362559265.77
0.8,69,357452595.86
0.8,70,365715006.47
0.8,71,365217220.05
0.8,72,333540737.48
0.8,73,313478013.94
0.8,74,374777817.56
0.8,75,395061672.96
0.8,76,368053146.17
0.8,77,345568560.56
0.8,78,335348866.95
0.8,79,396554685.68
0.8,80,374695291.08
0.8,81,389995834.23
0.8,82,318251540.31
0.8,83,389500225.83
0.8,84,278744047.63
0.8,85,298928873.7
0.8,86,396443991.2
0.8,87,329767470.7
0.8,88,359996054.2
0.8,89,393689849.01
0.8,90,357787463.52
0.8,91,397635892.84
0.8,92,373286272.58
0.8,93,382312291.8
0.8,94,378466571.72
0.8,95,382765596.56
0.8,96,370170548.92
0.8,97,383863972.74
0.8,98,355420158.09
0.8,99,381477307.38
0.8,100,344286125.42
0.8,101,396403824.36
0.8,102,384256249.42
0.8,103,382598903.2
0.8,104,380748933.23
0.8,105,386056365.26
0.8,106,368880574.42
0.8,107,379981046.06
0.8,108,284013873.37
0.8,109,371144053.69
0.8,110,368660054.08
0.8,111,316793275.72
0.8,112,386296802.03
0.8,113,342559912.73
0.8,114,387761188.71
0.8,115,382887511.58
0.8,116,381114947.1
0.8,117,395749694.42
0.8,118,336480973.67
0.8,119,305304703.44
0.8,120,387567021.07
0.8,121,376704999.67
0.8,122,331894961.92
0.8,123,347518834.86
0.8,124,380786624.19
0.8,125,359565181.25
0.8,126,366562336.62
0.8,127,328910498.26
0.8,128,374304176.35
0.8,129,364664883.86
0.8,130,395482150.8
0.8,131,365495634.1
0.8,132,390166566.64
0.8,133,359178440.05
0.8,134,387725775.17
0.8,135,394561589.98
0.8,136,355738596.28
0.8,137,350538233.73
0.8,138,394341740.39
0.8,139,341149923.63
0.8,140,390112412.11
0.8,141,381342350.42
0.8,142,355325397.04
0.8,143,379457144.97
0.8,144,386840944.48
0.8,145,369369189.26
0.8,146,394705557.57
0.8,147,346701050.1
0.8,148,375597303.04
0.8,149,399321435.79
0.8,150,369981205.51
0.8,151,358784745.55
0.8,152,383287646.07
0.8,153,398267287.83
0.8,154,328992482.08
0.8,155,369892945.22
0.8,156,381635646.49
0.8,157,383291155.59
0.8,158,387766264.79
0.8,159,397690738.97
0.8,160,388336701.66
0.8,161,385503247.97
0.8,162,370869522.26
0.8,163,353628928.86
0.8,164,276748629.74
0.8,165,376834288.15
0.8,166,386454263.97
0.8,167,366979637.9
0.8,168,391637109.94
0.8,169,396018047.88
0.8,170,340155265.24
0.8,171,395144578.59
0.8,172,306606864.74
0.8,173,377090957.14
0.8,174,396549721.57
0.8,175,370245446.78
0.8,176,388611703.64
0.8,177,384033415.18
0.8,178,355638433.21
0.8,179,301629227.67
0.8,180,384459195.62
0.8,181,397174371.08
0.8,182,375074699.07
0.8,183,398494556.31
0.8,184,368084131.8
0.8,185,383566902.86
0.8,186,372947200.61
0.8,187,392881729.21
0.8,188,390644714.19
0.8,189,366612820.44
0.8,190,331435443.22
0.8,191,362050791.2
0.8,192,394883317.41
0.8,193,240895825.87
0.8,194,316556827.52
0.8,195,389018888.18
0.8,196,379257912.61
0.8,197,392594769.88
0.8,198,354617433.23
0.8,199,353850062.48
0.8,200,388036097.63
0.8,201,345517232.81
0.8,202,283250828.58
0.8,203,374443667.1
0.8,204,356135297.29
0.8,205,369011983.82
0.8,206,354430914.49
0.8,207,359081023.39
0.8,208,388213400.87
0.8,209,362969393.11
0.8,210,325654090.44
0.8,211,326153169.36
0.8,212,380594756.87
0.8,213,387821258.93
0.8,214,386842982.41
0.8,215,380222951.5
0.8,216,365508047.48
0.8,217,399057125.79
0.8,218,387838848.27
0.8,219,331629887.22
0.8,220,291975105.25
0.8,221,353935951.25
0.8,222,335497856.57
0.8,223,353670525.39
0.8,224,383846006.21
0.8,225,376758076.09
0.8,226,324952043.63
0.8,227,317702310.97
0.8,228,372049282.19
0.8,229,385214506.97
0.8,230,396598567.87
0.8,231,344668856.77
0.8,232,381495088.24
0.8,233,348538636.05
0.8,234,370197909.66
0.8,235,335331089.97
0.8,236,316905874.49
0.8,237,388230384.45
0.8,238,389325576.48
0.8,239,355261542.0
0.8,240,289097605.6
0.8,241,347826728.9
0.8,242,397402839.51
0.8,243,354919076.06
0.8,244,307668101.69
0.8,245,391385461.36
0.8,246,393186100.19
0.8,247,380686303.96
0.8,248,387462794.75
0.8,249,361675321.46
0.8,250,373672330.0
0.8,251,340467987.84
0.8,252,376519731.13
0.8,253,380387782.28
0.8,254,379079780.0
0.8,255,352236165.11
0.8,256,382327800.12
0.8,257,362756273.48
0.8,258,389891881.31
0.8,259,319896310.37
0.8,260,388191971.23
0.8,261,380590426.98
0.8,262,316135976.19
0.8,263,381823850.22
0.8,264,391667722.83
0.8,265,295172937.81
0.8,266,387074578.55
0.8,267,290794184.24
0.8,268,346859201.22
0.8,269,386264544.4
0.8,270,380598592.87
0.8,271,390746380.07
0.8,272,352934276.08
0.8,273,369073640.46
0.8,274,388833383.01
0.8,275,356415905.91
0.8,276,246270652.15
0.8,277,363331484.74
0.8,278,360002984.49
0.8,279,397932345.76
0.8,280,338290697.81
0.8,281,383068955.74
0.8,282,322812788.43
0.8,283,392570068.24
0.8,284,332180340.91
0.8,285,397371964.25
0.8,286,372431821.38
0.8,287,334265163.46
0.8,288,375663256.39
0.8,289,361422397.36
0.8,290,384380003.1
0.8,291,361325974.33
0.8,292,383183325.66
0.8,293,398808812.58
0.8,294,380005837.31
0.8,295,354295012.13
0.8,296,371889848.42
0.8,297,377654628.16
0.8,298,371903367.7
0.8,299,397875158.24
0.8,300,382888073.67
0.8,301,382693384.2
0.8,302,392395826.66
0.8,303,382112655.12
0.8,304,392756923.42
0.8,305,372770588.3
0.8,306,335279683.65
0.8,307,310958678.56
0.8,308,369475637.42
0.8,309,399976330.84
0.8,310,367434523.05
0.8,311,379884883.6
0.8,312,395720374.33
0.8,313,379370964.97
0.8,314,312538726.02
0.8,315,359037197.71
0.8,316,284019099.19
0.8,317,371063352.8
0.8,318,380694541.53
0.8,319,368837479.03
0.8,320,334376631.78
0.8,321,308549350.59
0.8,322,355585780.09
0.8,323,396198322.46
0.8,324,368430816.59
0.8,325,389613843.24
0.8,326,382553528.32
0.8,327,379983789.15
0.8,328,378696980.67
0.8,329,375874712.48
0.8,330,362156479.37
0.8,331,395965945.98
0.8,332,367516639.94
0.8,333,394789090.63
0.8,334,372167491.54
0.8,335,368931336.8
0.8,336,368420207.51
0.8,337,385562978.23
0.8,338,384014125.82
0.8,339,364500502.34
0.8,340,331951193.98
0.8,341,347875278.68
0.8,342,361274508.08
0.8,343,381364947.08
0.8,344,389500270.27
0.8,345,398093203.16
0.8,346,378776366.85
0.8,347,367863667.76
0.8,348,375370672.61
0.8,349,333872461.94
0.8,350,375691683.77
0.8,351,381047234.13
0.8,352,373636340.72
0.8,353,383049933.41
0.8,354,352996437.95
0.8,355,355481372.94
0.8,356,373372941.28
0.8,357,350790654.39
0.8,358,303460186.16
0.8,359,386021024.73
0.8,360,356007028.15
0.8,361,395742833.76
0.8,362,387440338.56
0.8,363,382963575.28
0.8,364,363074142.57
0.8,365,388029546.43
0.8,366,365661626.93
0.8,367,397876748.42
0.8,368,318862196.26
0.8,369,371564010.08
0.8,370,389477303.64
0.8,371,373606065.08
0.8,372,392186414.66
0.8,373,352793390.34
0.8,374,384021345.54
0.8,375,292130443.62
0.8,376,371364704.96
0.8,377,372640347.19
0.8,378,381949775.29
0.8,379,376692834.33
0.8,380,382926387.06
0.8,381,397855018.12
0.8,382,386198145.86
0.8,383,399911714.8
0.8,384,355612077.47
0.8,385,379839343.7
0.8,386,364250675.25
0.8,387,398373734.87
0.8,388,390067695.72
0.8,389,322783268.05
0.8,390,394768950.31
0.8,391,377397179.31
0.8,392,397332333.69
0.8,393,326391509.42
0.8,394,385771744.48
0.8,395,373148140.27
0.8,396,379187953.3
0.8,397,390667577.28
0.8,398,372918711.61
0.8,399,398162672.38
0.8,400,351560882.33
0.8,401,392122432.04
0.8,402,379225451.67
0.8,403,354639442.9
0.8,404,331367774.41
0.8,405,384615503.67
0.8,406,395761538.85
0.8,407,337175590.88
0.8,408,378818422.51
0.8,409,380995100.6
0.8,410,399236429.61
0.8,411,376470066.1
0.8,412,387955948.4
0.8,413,377797502.67
0.8,414,365615287.74
0.8,415,349382469.76
0.8,416,377385903.5
0.8,417,388726112.81
0.8,418,369127063.0
0.8,419,333963337.87
0.8,420,358093307.92
0.8,421,363173098.01
0.8,422,336330879.34
0.8,423,377480096.05
0.8,424,329422150.54
0.8,425,388542215.92
0.8,426,390772557.78
0.8,427,399538907.03
0.8,428,384953273.42
0.8,429,388080539.87
0.8,430,399239951.88
0.8,431,375304935.63
0.8,432,367614157.3
0.8,433,381819407.92
0.8,434,392567072.31
0.8,435,386865965.33
0.8,436,350134536.51
0.8,437,328809456.0
0.8,438,379134300.37
0.8,439,311767106.42
0.8,440,365352422.4
0.8,441,250934125.08
0.8,442,346043697.31
0.8,443,300889533.52
0.8,444,392400303.72
0.8,445,396736216.06
0.8,446,337701399.55
0.8,447,377995203.41
0.8,448,380761081.67
0.8,449,394778648.26
0.8,450,370233183.39
0.8,451,392784123.39
0.8,452,377597759.12
0.8,453,377112708.87
0.8,454,317060737.69
0.8,455,356038873.12
0.8,456,373426730.47
0.8,457,360286252.94
0.8,458,349106848.88
0.8,459,363288074.13
0.8,460,380106294.57
0.8,461,347338075.75
0.8,462,392691688.22
0.8,463,318309603.53
0.8,464,355491370.66
0.8,465,391784646.57
0.8,466,391561232.07
0.8,467,371971126.42
0.8,468,395999811.08
0.8,469,377999707.17
0.8,470,386404511.77
0.8,471,366084179.89
0.8,472,399858254.5
0.8,473,356493764.93
0.8,474,346127235.67
0.8,475,349720069.94
0.8,476,376163434.43
0.8,477,341208961.63
0.8,478,398947177.55
0.8,479,300077157.53
0.8,480,326128916.43
0.8,481,354310197.78
0.8,482,383533494.22
0.8,483,392446281.23
0.8,484,390799087.85
0.8,485,398480019.02
0.8,486,356232839.25
0.8,487,364449982.28
0.8,488,332824949.45
0.8,489,379252147.28
0.8,490,387969427.45
0.8,491,363010678.63
0.8,492,351622803.55
0.8,493,371212634.66
0.8,494,385133694.22
0.8,495,389839801.27
0.8,496,350440964.93
0.8,497,369899441.4
0.8,498,295792499.95
0.8,499,289930746.07
0.9,0,346283856.0
0.9,1,386078833.39
0.9,2,380071017.94
0.9,3,397807720.46
0.9,4,369627041.53
0.9,5,315811805.57
0.9,6,349251437.93
0.9,7,356157720.98
0.9,8,294987657.22
0.9,9,368386020.25
0.9,10,394329141.69
0.9,11,352193508.94
0.9,12,387653802.32
0.9,13,310441883.73
0.9,14,350375375.54
0.9,15,396846798.14
0.9,16,382248481.26
0.9,17,373486703.76
0.9,18,376760489.25
0.9,19,378805661.77
0.9,20,370042321.48
0.9,21,378260728.54
0.9,22,332273139.31
0.9,23,370274971.74
0.9,24,377629568.07
0.9,25,391727135.03
0.9,26,339439551.59
0.9,27,371424394.48
0.9,28,310810324.07
0.9,29,367291130.56
0.9,30,298627040.05
0.9,31,359785496.51
0.9,32,397589763.61
0.9,33,367765580.17
0.9,34,311408912.87
0.9,35,346662285.32
0.9,36,290607890.29
0.9,37,349037322.81
0.9,38,379350106.15
0.9,39,384236441.42
0.9,40,324698238.78
0.9,41,378512699.87
0.9,42,386500445.18
0.9,43,393706194.76
0.9,44,372436347.35
0.9,45,362165324.73
0.9,46,275973485.5
0.9,47,399541323.12
0.9,48,321567488.8
0.9,49,340024812.83
0.9,50,334923554.56
0.9,51,347735770.25
0.9,52,367875151.25
0.9,53,345855954.65
0.9,54,333328310.32
0.9,55,397161638.89
0.9,56,268414281.58
0.9,57,383802202.62
0.9,58,320870007.59
0.9,59,344833756.5
0.9,60,349305175.81
0.9,61,304768543.71
0.9,62,322443514.81
0.9,63,288039966.01
0.9,64,395394001.42
0.9,65,389656891.13
0.9,66,391840499.99
0.9,67,385561392.32
0.9,68,351213327.9
0.9,69,312820484.15
0.9,70,366313048.27
0.9,71,364522846.47
0.9,72,363220638.8
0.9,73,373865749.99
0.9,74,334162354.83
0.9,75,383778351.98
0.9,76,374256227.65
0.9,77,278041943.54
0.9,78,356464774.56
0.9,79,388421333.96
0.9,80,346307383.8
0.9,81,391376953.48
0.9,82,375078407.36
0.9,83,376635108.22
0.9,84,371998378.56
0.9,85,299072265.23
0.9,86,372041104.82
0.9,87,311141184.13
0.9,88,346859987.89
0.9,89,367076286.71
0.9,90,318661998.78
0.9,91,387520000.84
0.9,92,353229357.52
0.9,93,376003654.36
0.9,94,377713482.2
0.9,95,349639314.96
0.9,96,364825944.17
0.9,97,380720015.98
0.9,98,399671792.07
0.9,99,365771712.49
0.9,100,262885255.45
0.9,101,371470586.46
0.9,102,359410791.57
0.9,103,379574233.32
0.9,104,346385374.07
0.9,105,366348025.24
0.9,106,351099105.97
0.9,107,385198372.01
0.9,108,350618539.72
0.9,109,398278378.79
0.9,110,370969506.2
0.9,111,387016687.46
0.9,112,344452877.91
0.9,113,338448850.85
0.9,114,356401384.84
0.9,115,361674781.69
0.9,116,304610559.36
0.9,117,393136538.64
0.9,118,351521111.22
0.9,119,385417040.97
0.9,120,338802160.11
0.9,121,346756589.68
0.9,122,389436635.33
0.9,123,369962140.63
0.9,124,354839269.67
0.9,125,352729564.99
0.9,126,377291994.31
0.9,127,374625782.52
0.9,128,364226771.15
0.9,129,394279898.81
0.9,130,341646448.11
0.9,131,371040771.47
0.9,132,395556961.04
0.9,133,378875371.62
0.9,134,394878658.2
0.9,135,392736783.14
0.9,136,362597529.92
0.9,137,340958590.53
0.9,138,399813772.55
0.9,139,384634611.02
0.9,140,292973760.9
0.9,141,316575949.9
0.9,142,364647363.95
0.9,143,349501645.89
0.9,144,372596597.08
0.9,145,308620629.87
0.9,146,380734190.78
0.9,147,330311205.37
0.9,148,357258982.08
0.9,149,319326413.24
0.9,150,375231205.8
0.9,151,377252021.51
0.9,152,382436507.16
0.9,153,346043773.5
0.9,154,378323386.43
0.9,155,367417903.13
0.9,156,373026403.1
0.9,157,368053759.88
0.9,158,393189329.38
0.9,159,368786657.21
0.9,160,379716693.9
0.9,161,347665460.34
0.9,162,353414209.98
0.9,163,322148948.11
0.9,164,394272415.22
0.9,165,382414629.5
0.9,166,395274337.07
0.9,167,380163702.23
0.9,168,362709847.87
0.9,169,376643988.54
0.9,170,332168090.46
0.9,171,393546995.92
0.9,172,398794554.91
0.9,173,343775806.16
0.9,174,368798279.07
0.9,175,377810848.31
0.9,176,366547863.59
0.9,177,379338209.84
0.9,178,343135451.59
0.9,179,325168374.75
0.9,180,326428143.07
0.9,181,393208369.61
0.9,182,374348243.52
0.9,183,317376120.01
0.9,184,315499614.98
0.9,185,392923192.08
0.9,186,289596754.32
0.9,187,395865577.84
0.9,188,330409910.89
0.9,189,364137837.12
0.9,190,291577391.12
0.9,191,377198748.65
0.9,192,387797763.28
0.9,193,378794871.7
0.9,194,392316181.02
0.9,195,339441639.23
0.9,196,369864329.51
0.9,197,356861087.66
0.9,198,344419227.51
0.9,199,383102230.74
0.9,200,334706116.18
0.9,201,285423683.13
0.9,202,326226772.04
0.9,203,393224559.08
0.9,204,384546274.67
0.9,205,397679629.65
0.9,206,394382035.92
0.9,207,383080547.12
0.9,208,301020293.96
0.9,209,372949293.22
0.9,210,376444476.56
0.9,211,393794819.15
0.9,212,352129446.55
0.9,213,379672881.43
0.9,214,336014627.84
0.9,215,306417409.68
0.9,216,398600484.14
0.9,217,293236629.96
0.9,218,385742946.15
0.9,219,328060353.83
0.9,220,332662972.76
0.9,221,397906920.34
0.9,222,346132697.85
0.9,223,376136550.29
0.9,224,361499987.98
0.9,225,378880080.71
0.9,226,373684396.48
0.9,227,350179019.02
0.9,228,398005968.81
0.9,229,371075683.82
0.9,230,375314164.6
0.9,231,344713267.05
0.9,232,363248484.72
0.9,233,374043416.13
0.9,234,386965713.28
0.9,235,392396497.23
0.9,236,383729488.46
0.9,237,389727771.8
0.9,238,381216043.25
0.9,239,337222257.33
0.9,240,381295882.74
0.9,241,373136419.09
0.9,242,279296431.19
0.9,243,383666359.43
0.9,244,369991994.83
0.9,245,371218632.66
0.9,246,351864881.87
0.9,247,368862558.8
0.9,248,371841452.29
0.9,249,396567230.86
0.9,250,373081453.44
0.9,251,381801339.88
0.9,252,377456660.15
0.9,253,325620079.32
0.9,254,333809145.73
0.9,255,353011905.72
0.9,256,391153685.37
0.9,257,392657419.71
0.9,258,367850346.65
0.9,259,384102979.79
0.9,260,388088823.29
0.9,261,386041087.57
0.9,262,341564567.96
0.9,263,320701468.69
0.9,264,382873977.94
0.9,265,358518933.68
0.9,266,335170183.15
0.9,267,388854122.81
0.9,268,337889592.17
0.9,269,371535371.01
0.9,270,344278221.13
0.9,271,373215379.04
0.9,272,360294235.05
0.9,273,393602073.15
0.9,274,307104304.3
0.9,275,342779840.52
0.9,276,399038319.14
0.9,277,298730725.78
0.9,278,284115393.0
0.9,279,350377705.62
0.9,280,357856291.44
0.9,281,333370457.33
0.9,282,392397212.37
0.9,283,398625303.73
0.9,284,368605475.86
0.9,285,364370479.16
0.9,286,388008456.14
0.9,287,328152858.93
0.9,288,341933418.48
0.9,289,391135387.3
0.9,290,387913658.85
0.9,291,379879026.61
0.9,292,394380560.24
0.9,293,320933817.84
0.9,294,344274318.09
0.9,295,313797413.51
0.9,296,368414385.73
0.9,297,316721715.29
0.9,298,342331591.51
0.9,299,353768198.09
0.9,300,314982441.76
0.9,301,328592983.84
0.9,302,377890236.21
0.9,303,383023729.31
0.9,304,368586806.32
0.9,305,388094947.78
0.9,306,385806694.04
0.9,307,391759671.4
0.9,308,379768487.55
0.9,309,394212967.14
0.9,310,358634153.92
0.9,311,364684119.2
0.9,312,385590975.14
0.9,313,383176721.12
0.9,314,315303199.27
0.9,315,309285129.08
0.9,316,363585188.0
0.9,317,387065455.56
0.9,318,363249591.25
0.9,319,397851728.35
0.9,320,269023116.54
0.9,321,376404314.71
0.9,322,385767885.22
0.9,323,314128936.34
0.9,324,367786470.31
0.9,325,363536890.71
0.9,326,379923649.06
0.9,327,357888337.71
0.9,328,390859458.46
0.9,329,354062445.46
0.9,330,379640816.36
0.9,331,349829646.04
0.9,332,299642110.25
0.9,333,382328855.39
0.9,334,387556863.29
0.9,335,325193884.28
0.9,336,369646959.32
0.9,337,340994771.27
0.9,338,359232260.15
0.9,339,364714362.69
0.9,340,362580396.96
0.9,341,385138643.97
0.9,342,382114560.48
0.9,343,368064901.59
0.9,344,299966412.7
0.9,345,350126619.53
0.9,346,305619430.58
0.9,347,358497461.34
0.9,348,362356726.52
0.9,349,393228283.25
0.9,350,369558549.1
0.9,351,375344820.09
0.9,352,381337195.47
0.9,353,365790240.22
0.9,354,388090158.91
0.9,355,336767710.51
0.9,356,389284057.13
0.9,357,346144647.02
0.9,358,301605818.73
0.9,359,393124694.82
0.9,360,358979280.21
0.9,361,391677603.55
0.9,362,394272487.92
0.9,363,373047476.6
0.9,364,396752782.42
0.9,365,378367624.62
0.9,366,381279760.98
0.9,367,362685823.88
0.9,368,386830641.37
0.9,369,390022903.82
0.9,370,359737340.53
0.9,371,376051009.35
0.9,372,398071370.29
0.9,373,251774147.02
0.9,374,360727491.97
0.9,375,368531528.7
0.9,376,384367258.46
0.9,377,356949576.35
0.9,378,358424853.64
0.9,379,378126309.54
0.9,380,392422489.02
0.9,381,379005127.06
0.9,382,381663178.87
0.9,383,398122224.33
0.9,384,379694202.26
0.9,385,346959695.65
0.9,386,302645525.13
0.9,387,392152100.05
0.9,388,316703437.24
0.9,389,380764408.41
0.9,390,343592106.2
0.9,391,367643696.08
0.9,392,375449248.09
0.9,393,290717464.93
0.9,394,396785490.72
0.9,395,344754440.98
0.9,396,360781660.93
0.9,397,394417560.25
0.9,398,391678480.28
0.9,399,387810710.27
0.9,400,373468286.66
0.9,401,347545502.0
0.9,402,369527563.13
0.9,403,385478104.55
0.9,404,382268901.64
0.9,405,350091554.72
0.9,406,345406435.14
0.9,407,378909938.58
0.9,408,376102021.85
0.9,409,355218227.9
0.9,410,385673712.83
0.9,411,382169654.48
0.9,412,384856365.48
0.9,413,387812137.71
0.9,414,398317039.24
0.9,415,274945302.1
0.9,416,351222802.02
0.9,417,398609061.05
0.9,418,373363977.84
0.9,419,314206847.02
0.9,420,352697242.46
0.9,421,328379012.83
0.9,422,363783100.68
0.9,423,385084563.12
0.9,424,389561674.27
0.9,425,376179204.85
0.9,426,384175223.35
0.9,427,324395324.04
0.9,428,372607183.87
0.9,429,361623645.99
0.9,430,369464108.84
0.9,431,377793529.69
0.9,432,380045291.61
0.9,433,369763355.15
0.9,434,317799040.93
0.9,435,382840595.42
0.9,436,276031795.99
0.9,437,390689551.81
0.9,438,392231323.8
0.9,439,393942936.45
0.9,440,352487584.84
0.9,441,358797324.02
0.9,442,395112719.53
0.9,443,335350259.29
0.9,444,370329319.41
0.9,445,391477121.23
0.9,446,388087650.16
0.9,447,371879803.19
0.9,448,306679775.6
0.9,449,338059498.54
0.9,450,317491669.41
0.9,451,330215516.44
0.9,452,300660382.93
0.9,453,371311351.02
0.9,454,376289155.35
0.9,455,389572924.2
0.9,456,392675581.8
0.9,457,393499712.86
0.9,458,353634047.76
0.9,459,356952391.06
0.9,460,387678137.38
0.9,461,311408335.04
0.9,462,383692796.89
0.9,463,341119873.17
0.9,464,371420003.42
0.9,465,281163104.84
0.9,466,365417394.59
0.9,467,360049489.92
0.9,468,349298370.37
0.9,469,366846666.21
0.9,470,388275418.98
0.9,471,345216304.98
0.9,472,365124977.72
0.9,473,394224408.65
0.9,474,362032498.69
0.9,475,372188806.59
0.9,476,354967985.06
0.9,477,332933566.55
0.9,478,363723920.01
0.9,479,364649415.24
0.9,480,354211379.22
0.9,481,336782552.75
0.9,482,368541144.28
0.9,483,391782059.54
0.9,484,393821581.54
0.9,485,385839873.16
0.9,486,371989009.64
0.9,487,396935574.11
0.9,488,399051530.59
0.9,489,394866571.8
0.9,490,389215482.57
0.9,491,344306373.78
0.9,492,386259910.21
0.9,493,395333439.78
0.9,494,393003290.45
0.9,495,398749859.67
0.9,496,390303937.36
0.9,497,396000502.01
0.9,498,382090410.35
0.9,499,394809147.86
1.0,0,398944807.6
1.0,1,331853154.67
1.0,2,360848761.18
1.0,3,391480102.37
1.0,4,324190577.3
1.0,5,399224959.98
1.0,6,392343315.22
1.0,7,384427497.43
1.0,8,389932509.26
1.0,9,328175386.78
1.0,10,321201885.12
1.0,11,341000834.79
1.0,12,365973920.58
1.0,13,330939290.18
1.0,14,393400766.24
1.0,15,301897187.17
1.0,16,390006449.88
1.0,17,365090936.58
1.0,18,360460197.31
1.0,19,311531371.76
1.0,20,378746630.03
1.0,21,384773228.53
1.0,22,343923017.54
1.0,23,382048831.92
1.0,24,368499800.43
1.0,25,332169241.67
1.0,26,378505821.95
1.0,27,324322290.58
1.0,28,327666502.38
1.0,29,368855468.36
1.0,30,343267890.24
1.0,31,385336310.58
1.0,32,366657480.4
1.0,33,360450756.16
1.0,34,336601297.33
1.0,35,274189771.35
1.0,36,392112531.02
1.0,37,386366429.28
1.0,38,391734432.02
1.0,39,363370503.56
1.0,40,340236262.08
1.0,41,366016940.28
1.0,42,389157076.66
1.0,43,364433662.27
1.0,44,365901607.12
1.0,45,375885117.0
1.0,46,393851820.3
1.0,47,334423269.42
1.0,48,387570844.62
1.0,49,333981902.35
1.0,50,345636461.2
1.0,51,332238216.73
1.0,52,398899917.4
1.0,53,384560654.07
1.0,54,380931040.2
1.0,55,338649801.21
1.0,56,380746562.33
1.0,57,373318773.21
1.0,58,339571215.82
1.0,59,341392916.86
1.0,60,390562961.91
1.0,61,357046862.39
1.0,62,384846356.55
1.0,63,342185732.83
1.0,64,362028504.97
1.0,65,384404881.22
1.0,66,372493519.93
1.0,67,342342960.93
1.0,68,385596399.35
1.0,69,385506832.57
1.0,70,359248370.83
1.0,71,398847586.57
1.0,72,365646540.8
1.0,73,346858525.17
1.0,74,282419304.92
1.0,75,399613884.9
1.0,76,398288898.8
1.0,77,391897144.8
1.0,78,363204630.95
1.0,79,395466834.93
1.0,80,399730778.81
1.0,81,373528101.72
1.0,82,398899857.27
1.0,83,368196525.71
1.0,84,396973313.0
1.0,85,393867133.64
1.0,86,388750985.72
1.0,87,394857766.75
1.0,88,313972918.48
1.0,89,361934864.78
1.0,90,390870311.5
1.0,91,390955016.85
1.0,92,399587675.49
1.0,93,372671834.2
1.0,94,367499718.6
1.0,95,332024255.54
1.0,96,394619330.64
1.0,97,385503872.93
1.0,98,389291031.25
1.0,99,372600279.38
1.0,100,374980506.76
1.0,101,388589830.28
1.0,102,301451058.12
1.0,103,274527525.59
1.0,104,382096753.07
1.0,105,396893714.48
1.0,106,358536979.06
1.0,107,357616324.0
1.0,108,373002762.33
1.0,109,360931303.45
1.0,110,366822619.84
1.0,111,379180423.15
1.0,112,399556812.89
1.0,113,376144249.74
1.0,114,364007981.08
1.0,115,362409964.5
1.0,116,344995694.94
1.0,117,392933024.09
1.0,118,382005919.22
1.0,119,386687646.74
1.0,120,341517580.42
1.0,121,297374684.06
1.0,122,275689909.13
1.0,123,329753196.4
1.0,124,376898424.63
1.0,125,357150961.69
1.0,126,270029273.68
1.0,127,348788000.23
1.0,128,393588849.64
1.0,129,295183019.16
1.0,130,398257241.26
1.0,131,397118482.97
1.0,132,338254411.85
1.0,133,348031111.41
1.0,134,383700078.53
1.0,135,392664856.78
1.0,136,386528244.9
1.0,137,345237785.69
1.0,138,395699139.63
1.0,139,359820980.15
1.0,140,322269280.0
1.0,141,354299855.1
1.0,142,390026061.41
1.0,143,384557186.76
1.0,144,396271190.2
1.0,145,381135414.45
1.0,146,393452954.79
1.0,147,365936305.65
1.0,148,354367247.49
1.0,149,316713112.06
1.0,150,300698373.54
1.0,151,396113391.94
1.0,152,376595210.09
1.0,153,341282091.37
1.0,154,392391320.42
1.0,155,276182277.02
1.0,156,357069267.58
1.0,157,359697796.14
1.0,158,360003697.0
1.0,159,324819904.34
1.0,160,334810007.33
1.0,161,365066460.76
1.0,162,363000573.75
1.0,163,381011470.4
1.0,164,369115556.85
1.0,165,356843452.49
1.0,166,319667582.12
1.0,167,321982267.62
1.0,168,340499476.41
1.0,169,395471531.71
1.0,170,382196077.26
1.0,171,382802857.6
1.0,172,380494503.04
1.0,173,398328782.05
1.0,174,390495014.92
1.0,175,388687799.11
1.0,176,390084082.0
1.0,177,359649152.51
1.0,178,394760510.74
1.0,179,373005121.6
1.0,180,296748042.52
1.0,181,351600613.3
1.0,182,314424985.5
1.0,183,283885805.49
1.0,184,308824559.7
1.0,185,287433116.46
1.0,186,349049717.08
1.0,187,350664605.49
1.0,188,354800277.63
1.0,189,377783338.94
1.0,190,320117875.27
1.0,191,374847418.53
1.0,192,371156853.85
1.0,193,370948480.57
1.0,194,362741905.21
1.0,195,389263762.72
1.0,196,372931068.59
1.0,197,321225160.8
1.0,198,351108435.53
1.0,199,379740169.5
1.0,200,378836217.14
1.0,201,393481404.77
1.0,202,356797291.01
1.0,203,392989924.1
1.0,204,392182723.86
1.0,205,346843562.73
1.0,206,399984816.61
1.0,207,388298483.24
1.0,208,354783376.74
1.0,209,376866855.32
1.0,210,328924203.57
1.0,211,363375795.11
1.0,212,387225592.21
1.0,213,396904116.66
1.0,214,381264273.46
1.0,215,345037527.87
1.0,216,356453623.56
1.0,217,351499073.61
1.0,218,384396558.53
1.0,219,373430831.7
1.0,220,369931697.82
1.0,221,377619904.81
1.0,222,334343248.23
1.0,223,375972249.69
1.0,224,387451753.87
1.0,225,393161085.46
1.0,226,325923072.94
1.0,227,354224514.03
1.0,228,384010336.17
1.0,229,360903855.05
1.0,230,314459449.37
1.0,231,387037874.76
1.0,232,399535703.08
1.0,233,380504804.29
1.0,234,362162692.48
1.0,235,390548387.35
1.0,236,365365359.04
1.0,237,356359951.27
1.0,238,363618708.01
1.0,239,393796151.49
1.0,240,364606898.88
1.0,241,376000112.43
1.0,242,390368772.37
1.0,243,348936542.31
1.0,244,376889267.91
1.0,245,307188420.71
1.0,246,373043182.24
1.0,247,344159455.2
1.0,248,381086446.1
1.0,249,389013789.61
1.0,250,397125368.41
1.0,251,359988570.04
1.0,252,354449056.83
1.0,253,280146882.21
1.0,254,378444133.85
1.0,255,389256859.41
1.0,256,378376393.31
1.0,257,334303670.51
1.0,258,363162070.83
1.0,259,384487991.42
1.0,260,390945975.9
1.0,261,381455483.08
1.0,262,347086212.12
1.0,263,378835347.08
1.0,264,320271753.32
1.0,265,397193533.72
1.0,266,350381007.93
1.0,267,328569269.53
1.0,268,394371919.4
1.0,269,358357364.23
1.0,270,345321931.78
1.0,271,390414917.7
1.0,272,384591798.36
1.0,273,365696661.73
1.0,274,358281683.63
1.0,275,351006809.95
1.0,276,329341124.01
1.0,277,380761183.24
1.0,278,370892222.66
1.0,279,379973254.68
1.0,280,363571660.87
1.0,281,379861334.34
1.0,282,382561134.77
1.0,283,345172567.09
1.0,284,345264025.77
1.0,285,370675822.33
1.0,286,389075630.59
1.0,287,333998970.8
1.0,288,395465260.54
1.0,289,366659904.06
1.0,290,378984438.71
1.0,291,282611717.71
1.0,292,359001204.18
1.0,293,348837000.24
1.0,294,331718030.69
1.0,295,325704974.3
1.0,296,275328504.09
1.0,297,371729919.56
1.0,298,378979871.8
1.0,299,385647497.35
1.0,300,387163142.55
1.0,301,293627462.15
1.0,302,394479780.1
1.0,303,262701821.2
1.0,304,278450894.1
1.0,305,380720394.7
1.0,306,399229508.43
1.0,307,398361325.94
1.0,308,365957633.12
1.0,309,391772872.51
1.0,310,397165748.37
1.0,311,389586126.52
1.0,312,390770376.85
1.0,313,309473013.37
1.0,314,318678217.46
1.0,315,354987279.3
1.0,316,397612737.71
1.0,317,390231437.37
1.0,318,338589265.11
1.0,319,344317019.37
1.0,320,389796233.73
1.0,321,378340327.36
1.0,322,323205861.76
1.0,323,331781783.89
1.0,324,336875182.13
1.0,325,352167443.83
1.0,326,397060169.68
1.0,327,347559876.35
1.0,328,365377889.12
1.0,329,374138422.61
1.0,330,394766514.98
1.0,331,365451266.55
1.0,332,367601005.45
1.0,333,346714341.7
1.0,334,296667703.95
1.0,335,364950079.89
1.0,336,388367977.59
1.0,337,360552779.18
1.0,338,397475919.81
1.0,339,341120185.05
1.0,340,332396963.35
1.0,341,290541218.05
1.0,342,366180728.81
1.0,343,275489093.56
1.0,344,388154771.11
1.0,345,383233100.18
1.0,346,382927847.39
1.0,347,360260612.06
1.0,348,345375525.77
1.0,349,369747933.62
1.0,350,273951471.25
1.0,351,278874294.7
1.0,352,395096757.79
1.0,353,373805972.74
1.0,354,337931932.18
1.0,355,335939584.51
1.0,356,375504626.93
1.0,357,389186660.32
1.0,358,350373793.03
1.0,359,383010994.3
1.0,360,342525950.78
1.0,361,372350658.75
1.0,362,348749398.39
1.0,363,363815156.35
1.0,364,358357395.04
1.0,365,358225690.73
1.0,366,396375197.84
1.0,367,282431693.13
1.0,368,325760605.13
1.0,369,395474605.52
1.0,370,367937522.13
1.0,371,368214775.37
1.0,372,391449299.36
1.0,373,389374732.82
1.0,374,374111773.93
1.0,375,382805796.57
1.0,376,372424277.26
1.0,377,380635301.17
1.0,378,384619310.44
1.0,379,386191175.28
1.0,380,352131645.92
1.0,381,387737622.14
1.0,382,260089778.2
1.0,383,385658456.97
1.0,384,388022101.22
1.0,385,340229650.57
1.0,386,360473247.56
1.0,387,317531301.34
1.0,388,367841163.47
1.0,389,347874413.23
1.0,390,371386484.63
1.0,391,378877790.9
1.0,392,363521172.11
1.0,393,396309576.05
1.0,394,268449452.85
1.0,395,326459406.55
1.0,396,282743946.81
1.0,397,355576955.52
1.0,398,386112392.43
1.0,399,377442725.07
1.0,400,378746248.6
1.0,401,380912558.26
1.0,402,343622954.83
1.0,403,304574638.35
1.0,404,375204080.97
1.0,405,350545426.18
1.0,406,313884172.84
1.0,407,293527767.34
1.0,408,398031716.74
1.0,409,273211523.04
1.0,410,252572070.18
1.0,411,338198852.28
1.0,412,331700473.87
1.0,413,379617098.88
1.0,414,368451642.65
1.0,415,376728133.77
1.0,416,377284193.35
1.0,417,327118804.34
1.0,418,373121228.13
1.0,419,390463187.38
1.0,420,384880943.3
1.0,421,372204512.06
1.0,422,341865819.67
1.0,423,321859998.7
1.0,424,395236525.94
1.0,425,380170701.18
1.0,426,363815408.52
1.0,427,361216983.94
1.0,428,388272218.32
1.0,429,297395902.6
1.0,430,317682072.14
1.0,431,370256649.98
1.0,432,309249907.94
1.0,433,328936667.03
1.0,434,304659448.57
1.0,435,387900650.07
1.0,436,366555224.74
1.0,437,386227043.26
1.0,438,361761588.14
1.0,439,379347133.61
1.0,440,388177646.74
1.0,441,387844781.67
1.0,442,349605461.25
1.0,443,331472184.43
1.0,444,355526523.25
1.0,445,386373921.52
1.0,446,380851464.48
1.0,447,375638546.09
1.0,448,376552398.65
1.0,449,255479253.12
1.0,450,376850526.69
1.0,451,341353661.85
1.0,452,336533011.69
1.0,453,377390440.01
1.0,454,339911955.19
1.0,455,385292509.34
1.0,456,296646712.37
1.0,457,395018622.83
1.0,458,381078028.25
1.0,459,316481836.57
1.0,460,386587717.76
1.0,461,268699215.05
1.0,462,386948548.48
1.0,463,359801839.39
1.0,464,397891837.94
1.0,465,379718426.13
1.0,466,316563291.64
1.0,467,356477746.4
1.0,468,387033906.3
1.0,469,317689461.2
1.0,470,348982620.58
1.0,471,337465941.33
1.0,472,377921950.96
1.0,473,380068336.57
1.0,474,378631502.97
1.0,475,356761511.9
1.0,476,322130189.14
1.0,477,396890637.63
1.0,478,342254130.78
1.0,479,328113249.98
1.0,480,367212359.55
1.0,481,372868263.45
1.0,482,374163142.29
1.0,483,392200453.33
1.0,484,384699795.08
1.0,485,270560102.46
1.0,486,347872123.92
1.0,487,387738389.45
1.0,488,396959315.64
1.0,489,382552179.45
1.0,490,392864861.21
1.0,491,364254991.2
1.0,492,350576660.24
1.0,493,377048466.65
1.0,494,308484734.32
1.0,495,386043468.34
1.0,496,351441447.75
1.0,497,344748619.62
1.0,498,330832137.69
1.0,499,325587441.62
1.1,0,391266315.82
1.1,1,364299656.87
1.1,2,323661724.11
1.1,3,386856389.14
1.1,4,393884796.79
1.1,5,286746151.68
1.1,6,390767469.84
1.1,7,374083819.4
1.1,8,368685997.19
1.1,9,355461248.56
1.1,10,348359441.52
1.1,11,342008458.06
1.1,12,379845369.81
1.1,13,382401375.54
1.1,14,328651111.88
1.1,15,350650176.97
1.1,16,372219853.35
1.1,17,394174417.31
1.1,18,335908935.47
1.1,19,395408412.68
1.1,20,344459775.22
1.1,21,349836791.59
1.1,22,340687463.86
1.1,23,334710088.97
1.1,24,373342434.32
1.1,25,388802150.83
1.1,26,379945888.89
1.1,27,376653577.11
1.1,28,377740557.0
1.1,29,384944832.17
1.1,30,391974269.49
1.1,31,299174628.62
1.1,32,336798445.03
1.1,33,302249347.95
1.1,34,356681108.18
1.1,35,376831945.52
1.1,36,360155506.79
1.1,37,374799463.26
1.1,38,383489867.14
1.1,39,375701709.44
1.1,40,347258357.83
1.1,41,379244191.33
1.1,42,394170397.58
1.1,43,365526265.83
1.1,44,338722033.82
1.1,45,341040989.97
1.1,46,385414388.93
1.1,47,267764756.22
1.1,48,370733257.68
1.1,49,314600104.28
1.1,50,366507493.18
1.1,51,370493694.23
1.1,52,339398171.35
1.1,53,325958609.3
1.1,54,278789907.99
1.1,55,347506112.65
1.1,56,329743053.09
1.1,57,274644543.89
1.1,58,372272791.13
1.1,59,366808510.1
1.1,60,358580323.47
1.1,61,381997843.96
1.1,62,383250752.51
1.1,63,381857658.23
1.1,64,318001211.07
1.1,65,378825079.41
1.1,66,359480774.94
1.1,67,320807107.39
1.1,68,366469093.92
1.1,69,389273349.99
1.1,70,385695347.01
1.1,71,386968438.54
1.1,72,380466078.66
1.1,73,398920412.63
1.1,74,342475409.23
1.1,75,374107411.07
1.1,76,394695346.63
1.1,77,347322161.74
1.1,78,359100662.35
1.1,79,392249048.42
1.1,80,286929256.59
1.1,81,395693842.98
1.1,82,379846495.4
1.1,83,380851072.77
1.1,84,358321221.18
1.1,85,366756990.58
1.1,86,355867050.03
1.1,87,338381151.64
1.1,88,339729931.13
1.1,89,383220890.67
1.1,90,366983501.58
1.1,91,385604317.7
1.1,92,374589566.06
1.1,93,350269479.76
1.1,94,376079029.94
1.1,95,371503259.9
1.1,96,372604068.25
1.1,97,354003511.75
1.1,98,349889714.98
1.1,99,372480696.3
1.1,100,317986129.97
1.1,101,383819281.27
1.1,102,337199182.42
1.1,103,363974770.44
1.1,104,385995605.81
1.1,105,347460391.81
1.1,106,390195135.39
1.1,107,380189226.75
1.1,108,313509626.78
1.1,109,323606783.42
1.1,110,373652877.23
1.1,111,396688079.34
1.1,112,370281252.1
1.1,113,373454492.15
1.1,114,302484797.97
1.1,115,373826591.25
1.1,116,346393077.25
1.1,117,396106192.61
1.1,118,380065751.28
1.1,119,390302670.72
1.1,120,309268930.82
1.1,121,384217150.07
1.1,122,395500520.73
1.1,123,393207744.61
1.1,124,399038273.96
1.1,125,347389125.24
1.1,126,315283412.64
1.1,127,347304635.07
1.1,128,394318254.98
1.1,129,352464553.4
1.1,130,377784372.71
1.1,131,380004436.09
1.1,132,372435860.41
1.1,133,391479056.45
1.1,134,389466180.71
1.1,135,368956321.37
1.1,136,398542447.55
1.1,137,337065583.14
1.1,138,338999626.27
1.1,139,358314010.13
1.1,140,370191947.56
1.1,141,305797877.02
1.1,142,343121632.19
1.1,143,371008862.52
1.1,144,397241209.73
1.1,145,390372684.3
1.1,146,390269554.39
1.1,147,339805091.92
1.1,148,394165795.3
1.1,149,397148658.23
1.1,150,319759183.04
1.1,151,380104074.76
1.1,152,313852092.47
1.1,153,392110052.01
1.1,154,371328848.27
1.1,155,361891148.45
1.1,156,371016981.42
1.1,157,360012916.45
1.1,158,354545830.17
1.1,159,383066185.98
1.1,160,390535590.45
1.1,161,391869784.2
1.1,162,371992404.05
1.1,163,397700418.34
1.1,164,302676799.69
1.1,165,375619336.48
1.1,166,355952740.04
1.1,167,352719576.18
1.1,168,388272221.49
1.1,169,277587191.95
1.1,170,276298980.78
1.1,171,345897751.91
1.1,172,363461939.16
1.1,173,355499264.25
1.1,174,337790061.86
1.1,175,371074178.24
1.1,176,388837487.63
1.1,177,329194293.9
1.1,178,370601269.03
1.1,179,306185204.14
1.1,180,382749576.33
1.1,181,324817211.79
1.1,182,370599117.49
1.1,183,366282313.69
1.1,184,375245336.72
1.1,185,352305367.47
1.1,186,287274029.69
1.1,187,369872974.89
1.1,188,393074155.64
1.1,189,390061107.5
1.1,190,383077415.23
1.1,191,373278515.08
1.1,192,312687113.29
1.1,193,340404449.71
1.1,194,334441962.41
1.1,195,355201671.65
1.1,196,383346012.92
1.1,197,296914128.8
1.1,198,379171753.78
1.1,199,367269781.46
1.1,200,371114643.72
1.1,201,368875577.24
1.1,202,377605699.8
1.1,203,340987281.64
1.1,204,388201274.93
1.1,205,322104011.22
1.1,206,333119167.12
1.1,207,366067808.32
1.1,208,352715684.43
1.1,209,363038920.09
1.1,210,231359342.51
1.1,211,350807537.8
1.1,212,389833068.34
1.1,213,341233784.1
1.1,214,393018438.36
1.1,215,386729812.29
1.1,216,349325760.78
1.1,217,347915262.82
1.1,218,338499638.55
1.1,219,366463447.32
1.1,220,390561190.63
1.1,221,383399905.81
1.1,222,374443481.1
1.1,223,395435004.34
1.1,224,366725385.67
1.1,225,348933777.66
1.1,226,360486314.18
1.1,227,342488229.37
1.1,228,365171044.14
1.1,229,390304032.51
1.1,230,389161316.3
1.1,231,379478139.64
1.1,232,379701437.73
1.1,233,313508763.35
1.1,234,273702196.36
1.1,235,341202612.22
1.1,236,383454639.71
1.1,237,310132024.7
1.1,238,383063834.23
1.1,239,340560976.01
1.1,240,353031180.06
1.1,241,397017625.71
1.1,242,315550834.77
1.1,243,296095837.2
1.1,244,377684748.66
1.1,245,296571991.1
1.1,246,397988891.48
1.1,247,311703385.45
1.1,248,370844894.7
1.1,249,349622727.93
1.1,250,344040746.45
1.1,251,291313540.68
1.1,252,351714854.37
1.1,253,358075998.47
1.1,254,368202593.27
1.1,255,347315335.88
1.1,256,367115607.74
1.1,257,365586743.36
1.1,258,372755168.28
1.1,259,386009294.95
1.1,260,334434160.47
1.1,261,255103384.03
1.1,262,371956552.39
1.1,263,373214199.76
1.1,264,365006825.54
1.1,265,379988667.76
1.1,266,326819084.84
1.1,267,324144472.84
1.1,268,347294793.91
1.1,269,310958270.56
1.1,270,395428893.3
1.1,271,383641936.62
1.1,272,355164499.87
1.1,273,350071491.39
1.1,274,363555956.9
1.1,275,262574547.16
1.1,276,332487078.02
1.1,277,386278790.13
1.1,278,370986233.69
1.1,279,386363907.12
1.1,280,377679194.97
1.1,281,366450407.62
1.1,282,334554342.91
1.1,283,309803280.92
1.1,284,341179952.22
1.1,285,315759303.48
1.1,286,383351917.06
1.1,287,356628184.16
1.1,288,378282746.51
1.1,289,315216791.56
1.1,290,376664574.25
1.1,291,391495039.53
1.1,292,378271179.49
1.1,293,336971968.26
1.1,294,385027676.13
1.1,295,353823553.52
1.1,296,397177513.03
1.1,297,395646267.5
1.1,298,356501455.99
1.1,299,381862538.08
1.1,300,365844052.24
1.1,301,397388871.65
1.1,302,339939244.17
1.1,303,357196830.53
1.1,304,351320443.94
1.1,305,382238747.99
1.1,306,387999049.42
1.1,307,354761981.93
1.1,308,360529757.1
1.1,309,392550023.99
1.1,310,392595615.46
1.1,311,341470420.72
1.1,312,355816015.62
1.1,313,320648314.69
1.1,314,377263829.83
1.1,315,358496736.84
1.1,316,288954045.38
1.1,317,394175950.36
1.1,318,374976553.13
1.1,319,370414868.35
1.1,320,385551981.6
1.1,321,375859795.81
1.1,322,398347627.1
1.1,323,382354749.19
1.1,324,373410786.18
1.1,325,307034918.42
1.1,326,366755651.05
1.1,327,298103951.87
1.1,328,389015148.07
1.1,329,373262442.17
1.1,330,378755624.32
1.1,331,335948640.57
1.1,332,377086360.23
1.1,333,364303722.02
1.1,334,362598573.58
1.1,335,391869726.88
1.1,336,390579601.98
1.1,337,322810696.38
1.1,338,367936248.37
1.1,339,309922061.33
1.1,340,380288147.05
1.1,341,384244012.56
1.1,342,239192702.88
1.1,343,332225092.87
1.1,344,353028734.01
1.1,345,300446327.1
1.1,346,378540529.72
1.1,347,368729309.86
1.1,348,377089220.05
1.1,349,334154002.07
1.1,350,390448713.69
1.1,351,314305402.0
1.1,352,380423152.25
1.1,353,357008870.22
1.1,354,379752398.9
1.1,355,382790869.67
1.1,356,394904429.09
1.1,357,351647479.79
1.1,358,385129132.08
1.1,359,390483623.0
1.1,360,374915391.33
1.1,361,340088001.98
1.1,362,365265684.1
1.1,363,370538141.52
1.1,364,320587835.25
1.1,365,392516230.38
1.1,366,392449858.21
1.1,367,337346284.67
1.1,368,359097603.52
1.1,369,362707686.38
1.1,370,345724412.01
1.1,371,379627315.46
1.1,372,373737118.17
1.1,373,364870343.29
1.1,374,388195735.97
1.1,375,344777166.62
1.1,376,328688422.17
1.1,377,338961758.32
1.1,378,345356453.53
1.1,379,326004268.61
1.1,380,372619261.06
1.1,381,303362197.0
1.1,382,335748142.7
1.1,383,329540169.11
1.1,384,398752819.02
1.1,385,367876559.96
1.1,386,353623283.6
1.1,387,333132944.71
1.1,388,332181474.33
1.1,389,376644271.86
1.1,390,392520553.46
1.1,391,318770361.47
1.1,392,384746363.51
1.1,393,347365723.58
1.1,394,334608117.57
1.1,395,368242740.16
1.1,396,353932028.87
1.1,397,293427641.1
1.1,398,369079657.64
1.1,399,346772510.58
1.1,400,357988653.37
1.1,401,273220733.54
1.1,402,328115230.09
1.1,403,342956291.86
1.1,404,396524679.97
1.1,405,348617516.17
1.1,406,377620384.17
1.1,407,330216629.92
1.1,408,392680397.02
1.1,409,340947277.86
1.1,410,294530587.56
1.1,411,337299441.15
1.1,412,381057706.91
1.1,413,362535595.71
1.1,414,318599094.4
1.1,415,384929772.52
1.1,416,388448841.24
1.1,417,381195617.77
1.1,418,291988763.77
1.1,419,352437715.41
1.1,420,318310773.81
1.1,421,354479434.37
1.1,422,358977868.32
1.1,423,364953264.72
1.1,424,392267416.69
1.1,425,309496959.04
1.1,426,352262137.32
1.1,427,357766979.42
1.1,428,321919512.93
1.1,429,380765407.96
1.1,430,325870317.22
1.1,431,393538330.49
1.1,432,344603119.16
1.1,433,367533913.16
1.1,434,343802821.69
1.1,435,322577175.21
1.1,436,310900048.12
1.1,437,349263826.92
1.1,438,344754797.93
1.1,439,334140515.26
1.1,440,383979381.23
1.1,441,388808386.94
1.1,442,371170578.21
1.1,443,352394353.13
1.1,444,320876591.27
1.1,445,358499332.71
1.1,446,359511105.54
1.1,447,355428762.58
1.1,448,283241893.89
1.1,449,353870625.66
1.1,450,399838452.6
1.1,451,376658854.55
1.1,452,356985730.31
1.1,453,324658704.64
1.1,454,384232830.15
1.1,455,345259581.4
1.1,456,358178099.35
1.1,457,366844029.77
1.1,458,387679317.18
1.1,459,329024864.85
1.1,460,297565076.32
1.1,461,367773621.03
1.1,462,330093242.9
1.1,463,369953029.63
1.1,464,390761676.93
1.1,465,215773910.58
1.1,466,346809799.4
1.1,467,373237312.86
1.1,468,320177140.94
1.1,469,392766520.94
1.1,470,392274173.89
1.1,471,381223498.06
1.1,472,263308364.61
1.1,473,380468706.55
1.1,474,380392031.54
1.1,475,398773133.69
1.1,476,299446045.79
1.1,477,389134805.64
1.1,478,338151267.72
1.1,479,291590553.43
1.1,480,394881690.94
1.1,481,349848210.3
1.1,482,342163025.66
1.1,483,398252515.24
1.1,484,389976034.79
1.1,485,365338175.4
1.1,486,319749568.78
1.1,487,373244332.65
1.1,488,344783729.85
1.1,489,357553677.41
1.1,490,387358843.93
1.1,491,355803044.31
1.1,492,352520436.15
1.1,493,342757991.05
1.1,494,381166294.64
1.1,495,338260838.24
1.1,496,340173882.62
1.1,497,303824911.82
1.1,498,393377051.21
1.1,499,370433893.86
1.2,0,362961415.28
1.2,1,389158088.21
1.2,2,353946290.52
1.2,3,348737064.14
1.2,4,386104591.02
1.2,5,374944678.24
1.2,6,380172225.55
1.2,7,338257347.23
1.2,8,358555229.8
1.2,9,325594789.18
1.2,10,368747990.7
1.2,11,373631071.31
1.2,12,350948361.3
1.2,13,391777398.38
1.2,14,381457380.34
1.2,15,381236201.7
1.2,16,353556470.1
1.2,17,373896519.52
1.2,18,395054631.13
1.2,19,332375112.33
1.2,20,360626593.21
1.2,21,350777417.76
1.2,22,356793940.51
1.2,23,391398310.83
1.2,24,322031880.7
1.2,25,353008711.32
1.2,26,392634960.66
1.2,27,303630071.94
1.2,28,374954128.59
1.2,29,376811820.86
1.2,30,377982205.53
1.2,31,369075435.68
1.2,32,318134524.36
1.2,33,278597969.2
1.2,34,383104038.93
1.2,35,376704442.88
1.2,36,366007937.8
1.2,37,367760157.48
1.2,38,289938056.2
1.2,39,349928852.2
1.2,40,357553266.14
1.2,41,378522926.61
1.2,42,369567580.9
1.2,43,372920307.44
1.2,44,265701583.1
1.2,45,384792973.23
1.2,46,382008009.53
1.2,47,389115863.49
1.2,48,385017632.44
1.2,49,364791145.18
1.2,50,352230445.98
1.2,51,396418703.59
1.2,52,385161044.84
1.2,53,385367169.96
1.2,54,388189107.35
1.2,55,356739054.33
1.2,56,390022718.63
1.2,57,383222349.61
1.2,58,361603954.78
1.2,59,330937294.28
1.2,60,381872832.13
1.2,61,396806038.44
1.2,62,319402335.83
1.2,63,395293123.87
1.2,64,360656556.25
1.2,65,321852829.54
1.2,66,384132000.99
1.2,67,376924519.52
1.2,68,341948292.13
1.2,69,391030418.04
1.2,70,366457118.34
1.2,71,351478801.76
1.2,72,350327273.61
1.2,73,392567554.45
1.2,74,397212526.1
1.2,75,355247934.51
1.2,76,355240989.42
1.2,77,333893248.34
1.2,78,336941394.07
1.2,79,394702056.55
1.2,80,381838124.27
1.2,81,395729950.43
1.2,82,342549445.93
1.2,83,389311744.16
1.2,84,331437961.15
1.2,85,382148068.0
1.2,86,383148256.27
1.2,87,368770522.16
1.2,88,383696858.19
1.2,89,379052090.07
1.2,90,331728119.79
1.2,91,260062160.76
1.2,92,395303320.25
1.2,93,380936083.16
1.2,94,253939908.37
1.2,95,344499566.97
1.2,96,289170722.0
1.2,97,392990991.25
1.2,98,396431624.5
1.2,99,323579810.59
1.2,100,337424568.88
1.2,101,325721052.25
1.2,102,396661298.36
1.2,103,398784607.81
1.2,104,350295474.03
1.2,105,341328262.49
1.2,106,372513915.19
1.2,107,372271447.86
1.2,108,321989312.71
1.2,109,366723379.13
1.2,110,353418905.67
1.2,111,365186572.8
1.2,112,301580831.75
1.2,113,378618931.74
1.2,114,387859149.36
1.2,115,340850814.97
1.2,116,343659930.51
1.2,117,374620027.65
1.2,118,360043723.58
1.2,119,337832549.17
1.2,120,371359463.73
1.2,121,285840336.6
1.2,122,306063290.62
1.2,123,382317704.17
1.2,124,363063344.56
1.2,125,398673402.7
1.2,126,383135206.14
1.2,127,373528609.33
1.2,128,341055526.35
1.2,129,391862572.2
1.2,130,283138756.88
1.2,131,364090917.17
1.2,132,299367669.13
1.2,133,330630609.49
1.2,134,284755938.58
1.2,135,332681378.62
1.2,136,396775259.89
1.2,137,313552219.21
1.2,138,383979312.89
1.2,139,324627746.96
1.2,140,364436431.76
1.2,141,378098836.87
1.2,142,295967788.55
1.2,143,364890048.42
1.2,144,383102959.24
1.2,145,250898068.01
1.2,146,385644260.69
1.2,147,393262056.36
1.2,148,368484394.74
1.2,149,312046999.08
1.2,150,248485795.8
1.2,151,384858299.25
1.2,152,389076007.42
1.2,153,391007464.8
1.2,154,285286335.1
1.2,155,367464619.3
1.2,156,396452256.81
1.2,157,280996229.29
1.2,158,292754925.79
1.2,159,380494149.81
1.2,160,364875486.6
1.2,161,341446709.47
1.2,162,398358092.67
1.2,163,380732450.99
1.2,164,251523229.87
1.2,165,378339579.74
1.2,166,371888702.81
1.2,167,374306490.08
1.2,168,381381576.22
1.2,169,392520641.6
1.2,170,365760369.06
1.2,171,340175780.93
1.2,172,383266191.51
1.2,173,394974942.6
1.2,174,378506610.95
1.2,175,375057616.49
1.2,176,395830905.8
1.2,177,332516318.29
1.2,178,332277509.97
1.2,179,306625007.88
1.2,180,388494906.64
1.2,181,328644895.95
1.2,182,331747456.83
1.2,183,361794811.79
1.2,184,394964627.45
1.2,185,359976733.71
1.2,186,363107558.11
1.2,187,384513171.84
1.2,188,298978827.37
1.2,189,346371098.23
1.2,190,372150778.11
1.2,191,387920998.88
1.2,192,376099334.25
1.2,193,362675552.84
1.2,194,381084044.56
1.2,195,339393904.61
1.2,196,359321621.75
1.2,197,204702252.75
1.2,198,368050117.54
1.2,199,296393056.43
1.2,200,341991906.48
1.2,201,334786142.02
1.2,202,383746847.54
1.2,203,375632385.38
1.2,204,362727321.0
1.2,205,371045478.31
1.2,206,324368390.25
1.2,207,347179868.77
1.2,208,371681623.43
1.2,209,318174510.41
1.2,210,395179782.79
1.2,211,399576522.96
1.2,212,327632648.71
1.2,213,297870502.71
1.2,214,365114834.21
1.2,215,352056652.45
1.2,216,363508147.84
1.2,217,393207171.8
1.2,218,346925565.32
1.2,219,397035582.55
1.2,220,355959842.49
1.2,221,354126150.22
1.2,222,310447920.2
1.2,223,368511235.03
1.2,224,383514096.96
1.2,225,336898978.29
1.2,226,376020358.57
1.2,227,381436697.77
1.2,228,347778620.82
1.2,229,389889810.06
1.2,230,373616739.57
1.2,231,383810367.86
1.2,232,387402449.09
1.2,233,399046099.34
1.2,234,381977903.38
1.2,235,395896731.56
1.2,236,380890445.59
1.2,237,319025522.25
1.2,238,317876319.65
1.2,239,387227536.69
1.2,240,337914164.67
1.2,241,380007440.0
1.2,242,343968507.34
1.2,243,332857607.26
1.2,244,344560281.04
1.2,245,359106871.55
1.2,246,384962164.41
1.2,247,396499132.07
1.2,248,353747003.29
1.2,249,360648872.38
1.2,250,397728941.99
1.2,251,304395790.03
1.2,252,392451663.84
1.2,253,386987714.86
1.2,254,279353055.47
1.2,255,329119611.48
1.2,256,381181052.81
1.2,257,371336766.29
1.2,258,391461297.78
1.2,259,305553901.44
1.2,260,386003256.74
1.2,261,387342378.32
1.2,262,281471525.19
1.2,263,396491173.41
1.2,264,380430724.87
1.2,265,358084783.27
1.2,266,355583491.91
1.2,267,382064532.87
1.2,268,376323381.09
1.2,269,324563602.79
1.2,270,343683769.71
1.2,271,382752282.04
1.2,272,326120643.84
1.2,273,350292641.95
1.2,274,383197275.21
1.2,275,334937017.67
1.2,276,356360461.9
1.2,277,355032893.88
1.2,278,397273326.26
1.2,279,335824956.07
1.2,280,395128243.92
1.2,281,342980293.9
1.2,282,392642004.27
1.2,283,355806890.53
1.2,284,384125907.23
1.2,285,392665785.16
1.2,286,352879346.18
1.2,287,378917692.4
1.2,288,342828170.84
1.2,289,392297649.12
1.2,290,389901448.24
1.2,291,371296871.11
1.2,292,340382553.1
1.2,293,350274443.54
1.2,294,373268325.67
1.2,295,391199596.47
1.2,296,336076170.27
1.2,297,296647190.19
1.2,298,366759429.36
1.2,299,352176790.33
1.2,300,322788779.59
1.2,301,383963703.51
1.2,302,342047866.4
1.2,303,354346761.33
1.2,304,342543254.17
1.2,305,382751091.8
1.2,306,376998886.37
1.2,307,340463216.82
1.2,308,371652868.66
1.2,309,339838549.74
1.2,310,395973418.9
1.2,311,381527403.1
1.2,312,387852765.51
1.2,313,316064529.12
1.2,314,322706270.1
1.2,315,373475789.07
1.2,316,386058717.69
1.2,317,373189628.96
1.2,318,384268412.79
1.2,319,383230942.93
1.2,320,360439560.23
1.2,321,359965041.58
1.2,322,299401788.71
1.2,323,385960977.88
1.2,324,398342227.55
1.2,325,384836357.61
1.2,326,340224880.48
1.2,327,372400069.89
1.2,328,382316786.54
1.2,329,362997369.94
1.2,330,330795360.2
1.2,331,345761517.53
1.2,332,381571407.53
1.2,333,341326689.2
1.2,334,385221271.54
1.2,335,356292256.7
1.2,336,379929140.34
1.2,337,386487674.48
1.2,338,326675654.32
1.2,339,328908615.7
1.2,340,377419041.09
1.2,341,352164856.0
1.2,342,374008858.93
1.2,343,372050275.58
1.2,344,346665456.64
1.2,345,329631921.94
1.2,346,309661700.45
1.2,347,330843131.73
1.2,348,358438566.88
1.2,349,240310009.43
1.2,350,384285741.8
1.2,351,381888784.19
1.2,352,369041740.38
1.2,353,306997050.38
1.2,354,335770985.3
1.2,355,357036641.43
1.2,356,327976978.84
1.2,357,387359708.15
1.2,358,385646036.34
1.2,359,368531549.21
1.2,360,393076290.56
1.2,361,392099549.64
1.2,362,382565503.34
1.2,363,347647526.64
1.2,364,335173230.78
1.2,365,340561251.93
1.2,366,326705147.17
1.2,367,330976132.81
1.2,368,381692145.37
1.2,369,390760408.16
1.2,370,364681871.08
1.2,371,359676752.88
1.2,372,374155911.47
1.2,373,369291763.74
1.2,374,356490934.02
1.2,375,394989363.82
1.2,376,395141728.28
1.2,377,358672855.47
1.2,378,386539190.74
1.2,379,262933724.31
1.2,380,363060419.77
1.2,381,397451765.73
1.2,382,336325430.77
1.2,383,377616562.41
1.2,384,364278540.3
1.2,385,391328839.97
1.2,386,394727001.23
1.2,387,389700495.17
1.2,388,333603323.42
1.2,389,386833226.32
1.2,390,355654588.48
1.2,391,384187155.73
1.2,392,356272423.4
1.2,393,293703556.25
1.2,394,379833855.92
1.2,395,335347519.38
1.2,396,239314597.5
1.2,397,360923565.08
1.2,398,370618719.13
1.2,399,378213760.53
1.2,400,392351128.09
1.2,401,357966746.32
1.2,402,382777776.66
1.2,403,380076865.17
1.2,404,386636645.17
1.2,405,350299877.11
1.2,406,399497596.24
1.2,407,399917810.54
1.2,408,355534441.84
1.2,409,386486229.5
1.2,410,335270366.7
1.2,411,338317594.46
1.2,412,380106903.36
1.2,413,367517330.02
1.2,414,234246031.13
1.2,415,396496862.18
1.2,416,301131826.19
1.2,417,346266949.75
1.2,418,390341219.9
1.2,419,392218170.57
1.2,420,305068234.82
1.2,421,345964692.64
1.2,422,381980007.0
1.2,423,324866992.96
1.2,424,389377317.63
1.2,425,321868443.7
1.2,426,366920731.54
1.2,427,335439341.31
1.2,428,332705482.94
1.2,429,322608197.61
1.2,430,259496620.67
1.2,431,271602824.41
1.2,432,327138331.54
1.2,433,338612092.16
1.2,434,347049642.05
1.2,435,360220278.02
1.2,436,290616184.62
1.2,437,376344995.53
1.2,438,331557301.67
1.2,439,399265076.42
1.2,440,383709494.57
1.2,441,360160443.96
1.2,442,330677775.43
1.2,443,394551750.26
1.2,444,384556489.03
1.2,445,392418239.85
1.2,446,314310893.45
1.2,447,386758010.0
1.2,448,370675113.21
1.2,449,392984597.96
1.2,450,370621509.3
1.2,451,235232016.1
1.2,452,313853833.07
1.2,453,324413568.01
1.2,454,318026659.95
1.2,455,394195906.04
1.2,456,344646726.78
1.2,457,321075533.72
1.2,458,390543680.13
1.2,459,343029458.92
1.2,460,357801803.36
1.2,461,316427508.83
1.2,462,370714860.83
1.2,463,257062371.39
1.2,464,379557767.34
1.2,465,398537154.87
1.2,466,345634638.67
1.2,467,317625250.25
1.2,468,380839940.39
1.2,469,395409874.36
1.2,470,378967204.34
1.2,471,387880677.66
1.2,472,356017712.57
1.2,473,339679743.05
1.2,474,259135940.79
1.2,475,298301273.5
1.2,476,296073561.69
1.2,477,340089364.92
1.2,478,315699236.1
1.2,479,348661510.33
1.2,480,361750629.75
1.2,481,361213069.57
1.2,482,361510212.47
1.2,483,342680688.1
1.2,484,316191227.36
1.2,485,308439509.95
1.2,486,390958892.32
1.2,487,372584155.07
1.2,488,379786814.34
1.2,489,319169965.92
1.2,490,391989466.68
1.2,491,377015462.05
1.2,492,370420454.26
1.2,493,377941020.86
1.2,494,387446169.88
1.2,495,306870439.46
1.2,496,354423970.2
1.2,497,387327818.75
1.2,498,341839875.83
1.2,499,347190008.1
1.3,0,383418129.72
1.3,1,322073665.96
1.3,2,383849842.97
1.3,3,381276932.13
1.3,4,376726405.09
1.3,5,388084197.85
1.3,6,392750744.9
1.3,7,393250815.61
1.3,8,359221367.77
1.3,9,394339349.07
1.3,10,329026366.96
1.3,11,391747723.32
1.3,12,373788212.13
1.3,13,324879075.57
1.3,14,306512956.11
1.3,15,281765592.44
1.3,16,374895588.54
1.3,17,361328425.75
1.3,18,388577681.93
1.3,19,370944757.22
1.3,20,398761353.86
1.3,21,288906752.97
1.3,22,389588920.47
1.3,23,336062667.42
1.3,24,243724015.23
1.3,25,342872633.05
1.3,26,376914096.97
1.3,27,389058888.93
1.3,28,371368512.01
1.3,29,380682501.2
1.3,30,367484187.4
1.3,31,349581068.06
1.3,32,388559417.21
1.3,33,317472523.67
1.3,34,367192719.68
1.3,35,311110200.28
1.3,36,362506209.84
1.3,37,387815494.0
1.3,38,370367026.58
1.3,39,366332229.93
1.3,40,354883079.57
1.3,41,392739872.08
1.3,42,372843701.96
1.3,43,369721196.12
1.3,44,325834277.37
1.3,45,333685423.12
1.3,46,320161771.2
1.3,47,344233664.84
1.3,48,359430986.47
1.3,49,357739163.09
1.3,50,345934515.31
1.3,51,395994915.13
1.3,52,374010980.89
1.3,53,389858246.38
1.3,54,334543413.49
1.3,55,360945912.47
1.3,56,351772662.94
1.3,57,342951663.32
1.3,58,393189854.72
1.3,59,345165941.59
1.3,60,345283376.74
1.3,61,308565977.54
1.3,62,374670776.11
1.3,63,303107302.25
1.3,64,390685230.69
1.3,65,327241705.06
1.3,66,398257086.42
1.3,67,341951428.09
1.3,68,392219234.02
1.3,69,392051044.12
1.3,70,370586191.78
1.3,71,266071953.44
1.3,72,291977574.34
1.3,73,361665231.61
1.3,74,338091009.79
1.3,75,297800413.72
1.3,76,370087116.27
1.3,77,360092003.28
1.3,78,354782263.2
1.3,79,323406301.61
1.3,80,334123660.32
1.3,81,389575352.69
1.3,82,377010635.1
1.3,83,369341268.07
1.3,84,343508310.92
1.3,85,272534419.4
1.3,86,389624093.31
1.3,87,392331756.52
1.3,88,378786595.51
1.3,89,327727941.69
1.3,90,385761611.33
1.3,91,377305068.11
1.3,92,374808934.67
1.3,93,346958161.79
1.3,94,359811336.35
1.3,95,386574387.66
1.3,96,378710788.48
1.3,97,359629020.63
1.3,98,381065384.94
1.3,99,393926732.36
1.3,100,371172096.56
1.3,101,359143392.02
1.3,102,363179271.35
1.3,103,340114466.91
1.3,104,324224206.06
1.3,105,299403077.48
1.3,106,397674246.78
1.3,107,311889838.44
1.3,108,357223472.85
1.3,109,368782347.45
1.3,110,369737614.72
1.3,111,358757521.37
1.3,112,379992809.11
1.3,113,358674804.79
1.3,114,237388086.74
1.3,115,333231867.03
1.3,116,387188030.49
1.3,117,377115162.79
1.3,118,366038269.76
1.3,119,395677880.72
1.3,120,346346899.05
1.3,121,334341275.33
1.3,122,330215490.96
1.3,123,329260544.77
1.3,124,358999492.79
1.3,125,367250362.64
1.3,126,375469625.44
1.3,127,382118591.22
1.3,128,364537323.61
1.3,129,365169298.32
1.3,130,388429827.21
1.3,131,288015311.17
1.3,132,354288556.82
1.3,133,369284584.23
1.3,134,319374141.08
1.3,135,322045813.08
1.3,136,320302011.43
1.3,137,383090884.12
1.3,138,395431149.36
1.3,139,352506786.78
1.3,140,336926603.18
1.3,141,386965317.33
1.3,142,282195940.48
1.3,143,345969994.72
1.3,144,324401414.22
1.3,145,334471456.99
1.3,146,356198756.23
1.3,147,296313865.27
1.3,148,321887160.47
1.3,149,344756995.17
1.3,150,376236147.54
1.3,151,390341658.33
1.3,152,374953280.22
1.3,153,324382245.61
1.3,154,341622334.56
1.3,155,326011542.38
1.3,156,396952187.11
1.3,157,354066793.6
1.3,158,315429334.13
1.3,159,339487182.24
1.3,160,376579687.84
1.3,161,349009254.56
1.3,162,288368344.68
1.3,163,372371321.04
1.3,164,373659440.29
1.3,165,346699349.63
1.3,166,368935749.36
1.3,167,399288255.02
1.3,168,392326232.29
1.3,169,398821554.8
1.3,170,371352291.33
1.3,171,372295212.53
1.3,172,360225795.95
1.3,173,348959161.86
1.3,174,374899574.73
1.3,175,311739352.62
1.3,176,349635318.22
1.3,177,314859109.48
1.3,178,384983314.2
1.3,179,383246254.81
1.3,180,397947952.12
1.3,181,393416939.83
1.3,182,384927458.3
1.3,183,336181041.31
1.3,184,304438347.16
1.3,185,368384778.9
1.3,186,298315555.2
1.3,187,392742736.4
1.3,188,375806886.44
1.3,189,371858554.33
1.3,190,345892877.33
1.3,191,364828391.94
1.3,192,342523732.92
1.3,193,355270029.14
1.3,194,346540704.15
1.3,195,338691237.3
1.3,196,370370884.6
1.3,197,363993962.47
1.3,198,357540386.96
1.3,199,330704808.72
1.3,200,395924904.57
1.3,201,269534250.09
1.3,202,390816225.76
1.3,203,311332354.14
1.3,204,330141277.63
1.3,205,367236622.11
1.3,206,399387218.57
1.3,207,366881947.1
1.3,208,396777475.62
1.3,209,323444303.83
1.3,210,323309729.64
1.3,211,376147195.62
1.3,212,337461864.72
1.3,213,273880275.33
1.3,214,332443878.94
1.3,215,340402847.37
1.3,216,304658627.6
1.3,217,324883790.4
1.3,218,383221445.63
1.3,219,359468189.98
1.3,220,283530953.19
1.3,221,373063696.99
1.3,222,397921656.25
1.3,223,352465905.36
1.3,224,286889222.28
1.3,225,383798169.18
1.3,226,387097675.27
1.3,227,375805182.88
1.3,228,363926091.49
1.3,229,317732633.3
1.3,230,363511929.68
1.3,231,362686131.93
1.3,232,384239756.75
1.3,233,334106346.74
1.3,234,351849249.94
1.3,235,381176479.43
1.3,236,328253550.13
1.3,237,318833424.17
1.3,238,385621000.7
1.3,239,388070324.83
1.3,240,383878444.3
1.3,241,312988900.16
1.3,242,360799796.67
1.3,243,389400174.89
1.3,244,276203430.72
1.3,245,364090893.09
1.3,246,384827229.58
1.3,247,360079852.64
1.3,248,335507891.69
1.3,249,398044129.97
1.3,250,380626750.83
1.3,251,364449184.15
1.3,252,366840466.82
1.3,253,315481965.79
1.3,254,365960630.18
1.3,255,386768996.67
1.3,256,373837789.03
1.3,257,374325580.72
1.3,258,366395914.5
1.3,259,388392091.57
1.3,260,353767179.53
1.3,261,336201715.07
1.3,262,373135877.73
1.3,263,376315965.23
1.3,264,324527820.76
1.3,265,305809773.55
1.3,266,355849092.94
1.3,267,371768955.31
1.3,268,340718618.15
1.3,269,345488983.52
1.3,270,391942241.59
1.3,271,324005967.32
1.3,272,384957568.66
1.3,273,377365172.7
1.3,274,394917442.6
1.3,275,271168749.48
1.3,276,390645395.97
1.3,277,379423877.6
1.3,278,371173777.63
1.3,279,382451879.23
1.3,280,348336856.79
1.3,281,379848140.54
1.3,282,388583544.32
1.3,283,375476783.67
1.3,284,365411933.4
1.3,285,382087077.6
1.3,286,330316279.18
1.3,287,359414136.85
1.3,288,361313635.58
1.3,289,373167491.93
1.3,290,384980414.0
1.3,291,353021420.14
1.3,292,377194506.47
1.3,293,346935580.85
1.3,294,372127645.81
1.3,295,380263385.49
1.3,296,390659369.46
1.3,297,268500715.86
1.3,298,331376958.76
1.3,299,362786314.39
1.3,300,383595460.41
1.3,301,387853409.63
1.3,302,327631470.8
1.3,303,389559468.52
1.3,304,368923339.76
1.3,305,379233565.86
1.3,306,324676862.62
1.3,307,314448732.09
1.3,308,367077533.91
1.3,309,376588699.89
1.3,310,317880163.09
1.3,311,377862524.95
1.3,312,328168091.92
1.3,313,376718674.94
1.3,314,393479132.1
1.3,315,362565718.12
1.3,316,330896391.43
1.3,317,357764263.22
1.3,318,372457678.47
1.3,319,289821042.72
1.3,320,341141998.69
1.3,321,398952005.97
1.3,322,373922466.8
1.3,323,397747339.65
1.3,324,341777542.5
1.3,325,385748432.66
1.3,326,365014938.41
1.3,327,323364098.63
1.3,328,398939132.14
1.3,329,374472778.41
1.3,330,373088345.78
1.3,331,323992671.96
1.3,332,351276808.53
1.3,333,371657473.03
1.3,334,383611567.7
1.3,335,385224385.22
1.3,336,356403947.06
1.3,337,386440090.12
1.3,338,390479035.1
1.3,339,350565857.37
1.3,340,349501292.87
1.3,341,283343966.13
1.3,342,355809006.46
1.3,343,384167301.76
1.3,344,384518669.81
1.3,345,361561102.88
1.3,346,351984192.15
1.3,347,380836339.17
1.3,348,372309588.24
1.3,349,392843525.89
1.3,350,351364132.09
1.3,351,399010028.02
1.3,352,399897669.07
1.3,353,346968740.43
1.3,354,395992739.57
1.3,355,376527471.69
1.3,356,353150636.55
1.3,357,370481535.3
1.3,358,396021149.97
1.3,359,342014334.09
1.3,360,334668195.33
1.3,361,369243761.5
1.3,362,375260521.6
1.3,363,341576451.44
1.3,364,399545242.37
1.3,365,335647940.49
1.3,366,388594097.69
1.3,367,317246839.05
1.3,368,397189516.76
1.3,369,343705970.0
1.3,370,384272755.72
1.3,371,361939355.47
1.3,372,360754127.82
1.3,373,364949279.45
1.3,374,396234967.91
1.3,375,358940048.7
1.3,376,395409957.86
1.3,377,375065119.92
1.3,378,371958451.84
1.3,379,323153333.57
1.3,380,370257557.76
1.3,381,392570304.21
1.3,382,333384451.41
1.3,383,327044657.16
1.3,384,316848585.93
1.3,385,386962975.45
1.3,386,385977502.96
1.3,387,393512352.41
1.3,388,388815588.94
1.3,389,302215152.84
1.3,390,374063346.28
1.3,391,391589029.5
1.3,392,356369570.97
1.3,393,348518209.89
1.3,394,336391390.69
1.3,395,378485020.73
1.3,396,388492338.87
1.3,397,348088843.58
1.3,398,379299696.44
1.3,399,361634182.88
1.3,400,313997229.58
1.3,401,389071730.63
1.3,402,375423745.64
1.3,403,362040785.84
1.3,404,371917540.38
1.3,405,363100412.1
1.3,406,394163762.42
1.3,407,346326573.18
1.3,408,363189195.5
1.3,409,351875334.16
1.3,410,357599253.33
1.3,411,238830577.48
1.3,412,392901643.79
1.3,413,353579155.33
1.3,414,345758669.03
1.3,415,359325266.7
1.3,416,377698446.79
1.3,417,351262208.5
1.3,418,345312166.34
1.3,419,390600952.7
1.3,420,369754980.82
1.3,421,393134211.44
1.3,422,377504149.97
1.3,423,390514804.71
1.3,424,392002791.32
1.3,425,397609973.81
1.3,426,266873022.49
1.3,427,321390286.32
1.3,428,357640022.44
1.3,429,359247464.37
1.3,430,368262027.67
1.3,431,295495998.49
1.3,432,345017583.31
1.3,433,346813448.86
1.3,434,364773275.89
1.3,435,381751226.93
1.3,436,380010660.34
1.3,437,372973965.59
1.3,438,373615748.69
1.3,439,346333181.87
1.3,440,328704068.55
1.3,441,388538216.46
1.3,442,386252029.89
1.3,443,380871675.41
1.3,444,340360446.46
1.3,445,397801922.08
1.3,446,367682052.74
1.3,447,337391567.88
1.3,448,389866986.22
1.3,449,387872279.93
1.3,450,343019836.96
1.3,451,393044662.85
1.3,452,347617309.45
1.3,453,300228498.71
1.3,454,392831813.31
1.3,455,346314196.82
1.3,456,376934553.78
1.3,457,307343316.21
1.3,458,399190935.29
1.3,459,345078582.78
1.3,460,356769862.3
1.3,461,352976633.94
1.3,462,366350425.76
1.3,463,352559506.08
1.3,464,391007380.84
1.3,465,333068221.3
1.3,466,393138058.52
1.3,467,350985411.5
1.3,468,332587837.97
1.3,469,382612540.69
1.3,470,386460386.13
1.3,471,361794524.22
1.3,472,367516002.94
1.3,473,322502814.8
1.3,474,273607741.94
1.3,475,371545063.49
1.3,476,389535889.03
1.3,477,223811785.06
1.3,478,347620639.85
1.3,479,282116919.69
1.3,480,311779766.1
1.3,481,376175940.89
1.3,482,357975196.2
1.3,483,358213814.15
1.3,484,393220059.35
1.3,485,339150845.18
1.3,486,325030529.63
1.3,487,379548579.1
1.3,488,366366783.0
1.3,489,399373705.07
1.3,490,350800261.66
1.3,491,356520137.53
1.3,492,303279300.67
1.3,493,364615516.6
1.3,494,347577690.65
1.3,495,387451213.28
1.3,496,374561672.33
1.3,497,346570712.45
1.3,498,302460053.53
1.3,499,389987069.48
1.4,0,371115161.88
1.4,1,393165982.45
1.4,2,361494797.81
1.4,3,396611674.37
1.4,4,330025109.89
1.4,5,308509628.72
1.4,6,289427887.07
1.4,7,350636163.63
1.4,8,336508813.45
1.4,9,383642865.76
1.4,10,340049208.14
1.4,11,377877240.86
1.4,12,345707016.4
1.4,13,356837512.62
1.4,14,373895980.0
1.4,15,380409963.86
1.4,16,303873792.42
1.4,17,356839864.18
1.4,18,375616599.38
1.4,19,365403648.56
1.4,20,257220058.88
1.4,21,300739598.07
1.4,22,343814252.66
1.4,23,357554930.37
1.4,24,343633685.76
1.4,25,372856818.38
1.4,26,335355519.68
1.4,27,381781961.25
1.4,28,386958651.63
1.4,29,321278563.87
1.4,30,325239616.29
1.4,31,366736607.61
1.4,32,352204304.01
1.4,33,353376647.57
1.4,34,385082844.71
1.4,35,349574030.44
1.4,36,363688820.63
1.4,37,369219868.51
1.4,38,352733826.01
1.4,39,387904222.23
1.4,40,276348118.3
1.4,41,387956638.59
1.4,42,337530252.46
1.4,43,382955150.64
1.4,44,367539791.96
1.4,45,371404453.35
1.4,46,397621414.79
1.4,47,352025596.85
1.4,48,341268099.06
1.4,49,392488508.84
1.4,50,330495237.93
1.4,51,268911778.58
1.4,52,325959202.55
1.4,53,391341742.15
1.4,54,385076738.72
1.4,55,320171810.7
1.4,56,389622988.51
1.4,57,393277136.44
1.4,58,308398436.19
1.4,59,389991375.85
1.4,60,389685394.06
1.4,61,387659883.03
1.4,62,368122356.47
1.4,63,380258629.58
1.4,64,317316058.96
1.4,65,267127636.92
1.4,66,320005858.85
1.4,67,394890788.29
1.4,68,397749612.56
1.4,69,341698669.97
1.4,70,379115628.47
1.4,71,331061704.85
1.4,72,323334792.08
1.4,73,396364448.42
1.4,74,308469618.97
1.4,75,351747529.38
1.4,76,331885214.18
1.4,77,381794935.3
1.4,78,385791862.12
1.4,79,319560198.44
1.4,80,387677642.92
1.4,81,285006773.45
1.4,82,392523268.53
1.4,83,359059508.09
1.4,84,368079443.86
1.4,85,331554243.28
1.4,86,399506867.42
1.4,87,351646427.8
1.4,88,331035753.09
1.4,89,384143300.25
1.4,90,375978714.49
1.4,91,360121554.87
1.4,92,380041323.0
1.4,93,374537689.96
1.4,94,364590662.66
1.4,95,334428428.29
1.4,96,351897671.42
1.4,97,263071839.19
1.4,98,342931227.2
1.4,99,300345449.64
1.4,100,366774987.0
1.4,101,381207182.34
1.4,102,346214477.82
1.4,103,354103639.34
1.4,104,346170399.44
1.4,105,302348970.87
1.4,106,380982891.56
1.4,107,351875635.34
1.4,108,366036515.94
1.4,109,325150150.61
1.4,110,389408975.01
1.4,111,361152707.8
1.4,112,303799797.48
1.4,113,336987611.54
1.4,114,378281018.07
1.4,115,318562821.5
1.4,116,358829633.21
1.4,117,387275668.53
1.4,118,376211893.38
1.4,119,324321543.24
1.4,120,287824779.49
1.4,121,296006663.98
1.4,122,340899286.86
1.4,123,316591740.49
1.4,124,377891883.98
1.4,125,376434621.61
1.4,126,338291200.85
1.4,127,358230724.79
1.4,128,374229666.15
1.4,129,351533492.31
1.4,130,393691213.47
1.4,131,357209571.12
1.4,132,329174710.07
1.4,133,394596773.28
1.4,134,315954684.66
1.4,135,392126532.32
1.4,136,336247155.83
1.4,137,365786819.85
1.4,138,384357490.12
1.4,139,369295525.62
1.4,140,381151414.82
1.4,141,303597116.91
1.4,142,363886070.31
1.4,143,265853689.92
1.4,144,354844896.0
1.4,145,397279514.83
1.4,146,303066765.71
1.4,147,360320712.03
1.4,148,349471343.68
1.4,149,308551764.39
1.4,150,352369945.61
1.4,151,384937898.8
1.4,152,360794788.65
1.4,153,386710835.78
1.4,154,257532565.32
1.4,155,386896786.79
1.4,156,331258674.03
1.4,157,340074579.79
1.4,158,337033693.14
1.4,159,359567587.36
1.4,160,391539037.22
1.4,161,393944741.25
1.4,162,353298398.54
1.4,163,395891660.2
1.4,164,385712674.07
1.4,165,361724036.52
1.4,166,387438519.16
1.4,167,341160987.73
1.4,168,295773012.69
1.4,169,369803244.61
1.4,170,353386384.59
1.4,171,346786355.69
1.4,172,335138866.1
1.4,173,365199708.83
1.4,174,356016274.13
1.4,175,331758018.07
1.4,176,344630248.68
1.4,177,309175809.6
1.4,178,369103029.98
1.4,179,365200176.3
1.4,180,337844236.58
1.4,181,319344461.39
1.4,182,355672565.73
1.4,183,384248199.43
1.4,184,362890574.2
1.4,185,387334136.08
1.4,186,358940551.51
1.4,187,396959467.39
1.4,188,249290308.28
1.4,189,370689238.49
1.4,190,374710509.05
1.4,191,340368779.48
1.4,192,381210134.01
1.4,193,394614278.66
1.4,194,379460476.37
1.4,195,359289362.2
1.4,196,360416087.31
1.4,197,377102478.12
1.4,198,347722166.16
1.4,199,365557358.28
1.4,200,342402132.01
1.4,201,395884948.22
1.4,202,369502373.58
1.4,203,324600833.7
1.4,204,277733700.8
1.4,205,372412909.1
1.4,206,319729533.51
1.4,207,368231163.25
1.4,208,317616873.81
1.4,209,391148602.09
1.4,210,294825598.48
1.4,211,364076257.76
1.4,212,297512926.68
1.4,213,383741693.95
1.4,214,389270435.99
1.4,215,355461142.04
1.4,216,380475430.93
1.4,217,398800856.31
1.4,218,292115235.59
1.4,219,375425037.34
1.4,220,329234438.03
1.4,221,389336499.69
1.4,222,387178585.8
1.4,223,359342108.28
1.4,224,373485737.94
1.4,225,388572904.3
1.4,226,337917177.89
1.4,227,390133688.56
1.4,228,374016006.18
1.4,229,335888411.34
1.4,230,368990532.61
1.4,231,368676512.68
1.4,232,352114233.21
1.4,233,396970824.29
1.4,234,388599311.27
1.4,235,373037749.03
1.4,236,342837610.21
1.4,237,376017692.38
1.4,238,371814628.25
1.4,239,399757656.4
1.4,240,380778810.65
1.4,241,322471994.95
1.4,242,398677215.51
1.4,243,359980019.09
1.4,244,362188522.01
1.4,245,245593322.26
1.4,246,395764064.81
1.4,247,396830563.16
1.4,248,348654094.48
1.4,249,395246127.57
1.4,250,385120079.2
1.4,251,368134252.01
1.4,252,315929411.39
1.4,253,363622579.45
1.4,254,371469131.57
1.4,255,379920276.17
1.4,256,358731935.96
1.4,257,345675261.28
1.4,258,380156568.62
1.4,259,280886998.9
1.4,260,303084476.58
1.4,261,366798641.5
1.4,262,385344706.73
1.4,263,367478123.55
1.4,264,253910251.38
1.4,265,357505836.89
1.4,266,375972506.89
1.4,267,361648129.23
1.4,268,396196650.56
1.4,269,330835210.23
1.4,270,355173477.47
1.4,271,355140675.07
1.4,272,376336628.74
1.4,273,366996676.49
1.4,274,364194402.58
1.4,275,342946517.35
1.4,276,359289650.22
1.4,277,359928906.28
1.4,278,369697072.6
1.4,279,308084130.11
1.4,280,290282432.03
1.4,281,377273698.34
1.4,282,366481822.59
1.4,283,304772052.03
1.4,284,325169947.87
1.4,285,343105030.9
1.4,286,394537234.65
1.4,287,300882257.29
1.4,288,350709948.58
1.4,289,297279066.61
1.4,290,398426802.67
1.4,291,348490032.78
1.4,292,386616260.98
1.4,293,388874834.72
1.4,294,380089850.05
1.4,295,393289362.56
1.4,296,326429116.47
1.4,297,389408739.63
1.4,298,346706296.27
1.4,299,348543638.72
1.4,300,354659486.42
1.4,301,335778832.0
1.4,302,287324648.82
1.4,303,354964180.14
1.4,304,384456750.79
1.4,305,397369734.56
1.4,306,360895647.33
1.4,307,386786360.19
1.4,308,316859805.71
1.4,309,347286891.99
1.4,310,376319156.7
1.4,311,332954140.33
1.4,312,364073162.21
1.4,313,351383837.61
1.4,314,391068689.14
1.4,315,363130874.64
1.4,316,356468157.74
1.4,317,295338500.33
1.4,318,316076286.49
1.4,319,257394699.18
1.4,320,377684118.03
1.4,321,391950589.28
1.4,322,351161940.41
1.4,323,381540066.31
1.4,324,384082432.43
1.4,325,382886233.93
1.4,326,319654756.34
1.4,327,355964909.75
1.4,328,326983922.55
1.4,329,386367338.4
1.4,330,368045324.48
1.4,331,388747057.91
1.4,332,398861350.94
1.4,333,377920452.86
1.4,334,312436541.24
1.4,335,378184516.33
1.4,336,363159877.55
1.4,337,387950337.5
1.4,338,323284267.18
1.4,339,366044318.88
1.4,340,362364057.4
1.4,341,354265482.62
1.4,342,313325787.83
1.4,343,348765871.28
1.4,344,312153801.71
1.4,345,281745541.18
1.4,346,356546283.88
1.4,347,384212963.08
1.4,348,397271917.7
1.4,349,321893476.25
1.4,350,399314938.67
1.4,351,304300643.52
1.4,352,334311932.86
1.4,353,387675904.81
1.4,354,308751896.2
1.4,355,387813078.34
1.4,356,319005751.49
1.4,357,363474030.47
1.4,358,371854289.58
1.4,359,285920452.65
1.4,360,355101692.14
1.4,361,314506149.04
1.4,362,280143128.47
1.4,363,365924055.39
1.4,364,389756470.42
1.4,365,312977167.7
1.4,366,353067860.47
1.4,367,371974718.2
1.4,368,389310497.47
1.4,369,228773153.51
1.4,370,391035218.58
1.4,371,365213002.0
1.4,372,399399419.35
1.4,373,395769121.46
1.4,374,375007061.58
1.4,375,339591081.85
1.4,376,361711798.34
1.4,377,366426384.1
1.4,378,311924512.67
1.4,379,343313587.04
1.4,380,363552044.99
1.4,381,344685936.5
1.4,382,364520584.54
1.4,383,394505545.47
1.4,384,368814266.76
1.4,385,282382133.71
1.4,386,393013965.82
1.4,387,392063871.61
1.4,388,363910470.22
1.4,389,381146230.01
1.4,390,390670131.87
1.4,391,381252004.51
1.4,392,319884542.84
1.4,393,375005539.17
1.4,394,353086976.05
1.4,395,347557699.19
1.4,396,315633828.26
1.4,397,393625013.45
1.4,398,335383553.74
1.4,399,340029861.71
1.4,400,359980692.4
1.4,401,372954179.43
1.4,402,380806188.63
1.4,403,364622763.41
1.4,404,391957931.26
1.4,405,383180821.31
1.4,406,385770980.62
1.4,407,393804964.68
1.4,408,374347429.99
1.4,409,329428216.63
1.4,410,276021447.62
1.4,411,382811891.31
1.4,412,325400706.51
1.4,413,298267045.65
1.4,414,312941291.51
1.4,415,355881898.64
1.4,416,358979518.98
1.4,417,343135232.71
1.4,418,352113426.53
1.4,419,334373588.93
1.4,420,394150140.53
1.4,421,388333144.54
1.4,422,368409559.47
1.4,423,380876719.54
1.4,424,302380078.72
1.4,425,348585879.14
1.4,426,357561327.99
1.4,427,294666939.22
1.4,428,358393409.6
1.4,429,360591688.49
1.4,430,378542250.1
1.4,431,337428107.01
1.4,432,398212219.98
1.4,433,332138897.02
1.4,434,332750337.09
1.4,435,391518295.02
1.4,436,265291137.08
1.4,437,374446085.07
1.4,438,370279687.58
1.4,439,374289352.81
1.4,440,322256112.85
1.4,441,387924673.0
1.4,442,367802926.84
1.4,443,363312022.11
1.4,444,335439054.48
1.4,445,371371294.21
1.4,446,369182105.49
1.4,447,366864443.7
1.4,448,394208775.22
1.4,449,337141541.63
1.4,450,305040266.04
1.4,451,369742203.89
1.4,452,361934789.56
1.4,453,359930251.53
1.4,454,333473473.12
1.4,455,379597185.86
1.4,456,360288295.3
1.4,457,372942069.77
1.4,458,348037949.24
1.4,459,358583143.47
1.4,460,365986722.07
1.4,461,313352943.05
1.4,462,260570056.47
1.4,463,329885217.6
1.4,464,283197518.32
1.4,465,387720046.67
1.4,466,369715806.61
1.4,467,384765038.72
1.4,468,299205569.36
1.4,469,354238189.86
1.4,470,379064992.34
1.4,471,309321075.71
1.4,472,355164173.32
1.4,473,358428072.81
1.4,474,379228251.03
1.4,475,377072845.66
1.4,476,387617617.57
1.4,477,325560310.06
1.4,478,387789511.22
1.4,479,356681247.91
1.4,480,356616717.22
1.4,481,389811907.22
1.4,482,347564775.0
1.4,483,389226343.65
1.4,484,375094743.29
1.4,485,304919234.36
1.4,486,286945911.03
1.4,487,360826614.77
1.4,488,291084545.67
1.4,489,384590408.65
1.4,490,390121963.02
1.4,491,395189397.07
1.4,492,337130766.18
1.4,493,370790521.18
1.4,494,362179621.95
1.4,495,362755914.76
1.4,496,398259180.38
1.4,497,288640382.96
1.4,498,362919915.65
1.4,499,286268039.0
1.5,0,362312237.72
1.5,1,372995779.69
1.5,2,377032800.0
1.5,3,375177430.88
1.5,4,387391876.29
1.5,5,378068483.91
1.5,6,386763336.09
1.5,7,391542019.38
1.5,8,397435568.28
1.5,9,378371562.99
1.5,10,395580147.87
1.5,11,312657593.51
1.5,12,371586766.46
1.5,13,381088067.49
1.5,14,363982596.93
1.5,15,359403062.87
1.5,16,320606444.76
1.5,17,324169845.78
1.5,18,310424804.18
1.5,19,325951996.85
1.5,20,344950559.53
1.5,21,368293564.64
1.5,22,367394009.54
1.5,23,351712073.48
1.5,24,370574085.92
1.5,25,392003836.97
1.5,26,395562350.45
1.5,27,353135808.74
1.5,28,316155341.38
1.5,29,367926890.06
1.5,30,316506426.14
1.5,31,378035203.04
1.5,32,324792793.07
1.5,33,379361627.47
1.5,34,368698120.67
1.5,35,377923438.52
1.5,36,320368888.64
1.5,37,391007268.85
1.5,38,368547233.1
1.5,39,338174375.55
1.5,40,375675038.4
1.5,41,248301401.64
1.5,42,388046192.57
1.5,43,341069487.49
1.5,44,364433406.11
1.5,45,337061267.52
1.5,46,318305141.85
1.5,47,317896275.46
1.5,48,374717519.17
1.5,49,329803519.1
1.5,50,267768936.23
1.5,51,398115330.55
1.5,52,316131822.99
1.5,53,392674633.26
1.5,54,247418943.28
1.5,55,323228230.39
1.5,56,337651488.78
1.5,57,350262002.42
1.5,58,262250354.35
1.5,59,353093852.09
1.5,60,361640161.57
1.5,61,381578480.03
1.5,62,264081957.33
1.5,63,383366703.44
1.5,64,372760426.12
1.5,65,283759543.06
1.5,66,359206456.01
1.5,67,366919680.89
1.5,68,333395112.57
1.5,69,396843418.24
1.5,70,324684342.22
1.5,71,354754085.13
1.5,72,370390045.12
1.5,73,347563479.4
1.5,74,298851217.99
1.5,75,332760443.62
1.5,76,366356305.59
1.5,77,387864408.32
1.5,78,305591719.54
1.5,79,380339258.55
1.5,80,352545369.29
1.5,81,377013068.68
1.5,82,350633976.66
1.5,83,360496303.77
1.5,84,292444271.18
1.5,85,373053851.28
1.5,86,285502645.43
1.5,87,391987179.48
1.5,88,347831970.18
1.5,89,279492310.11
1.5,90,308394654.44
1.5,91,330463199.3
1.5,92,311826955.19
1.5,93,271282204.2
1.5,94,375895492.49
1.5,95,230261686.18
1.5,96,383174636.09
1.5,97,387880298.12
1.5,98,319181519.47
1.5,99,373419520.01
1.5,100,378937242.04
1.5,101,326853217.59
1.5,102,296709008.65
1.5,103,353914493.58
1.5,104,370746478.97
1.5,105,350136193.13
1.5,106,380323760.15
1.5,107,380475051.79
1.5,108,374685470.92
1.5,109,379796919.48
1.5,110,375337245.75
1.5,111,372736154.16
1.5,112,356882299.19
1.5,113,352961511.69
1.5,114,305333288.56
1.5,115,340636109.28
1.5,116,336140121.84
1.5,117,397140155.22
1.5,118,325113748.41
1.5,119,375886117.82
1.5,120,383190289.31
1.5,121,342500245.34
1.5,122,341793918.11
1.5,123,359947198.08
1.5,124,369017658.29
1.5,125,364044025.5
1.5,126,396581493.83
1.5,127,260645336.88
1.5,128,373613407.49
1.5,129,347764484.26
1.5,130,322432074.42
1.5,131,368915831.84
1.5,132,246813728.2
1.5,133,390826724.38
1.5,134,295640998.56
1.5,135,326851073.97
1.5,136,314068555.95
1.5,137,360872757.46
1.5,138,396015471.09
1.5,139,220557243.01
1.5,140,292247722.73
1.5,141,266144020.76
1.5,142,262104758.01
1.5,143,340202717.72
1.5,144,294235281.63
1.5,145,358005442.68
1.5,146,396123568.88
1.5,147,383917955.19
1.5,148,338037681.79
1.5,149,380716497.51
1.5,150,344426856.35
1.5,151,310589841.19
1.5,152,372028244.09
1.5,153,347453207.85
1.5,154,370246281.09
1.5,155,394165040.9
1.5,156,394550142.62
1.5,157,340749824.72
1.5,158,346785049.03
1.5,159,397291952.38
1.5,160,367217880.58
1.5,161,314681395.17
1.5,162,381999986.52
1.5,163,344983163.11
1.5,164,376453680.96
1.5,165,371845376.97
1.5,166,263476581.79
1.5,167,282035762.27
1.5,168,377786264.41
1.5,169,356358535.12
1.5,170,343985395.28
1.5,171,354391098.18
1.5,172,332046766.89
1.5,173,351413763.44
1.5,174,371377949.64
1.5,175,371696907.04
1.5,176,282542986.84
1.5,177,345022756.49
1.5,178,343205213.92
1.5,179,362432641.19
1.5,180,388417348.28
1.5,181,365538836.49
1.5,182,355707550.12
1.5,183,366543915.42
1.5,184,384317102.91
1.5,185,324163252.91
1.5,186,312545587.6
1.5,187,398476990.9
1.5,188,337357281.96
1.5,189,312730850.25
1.5,190,382399062.48
1.5,191,365574303.52
1.5,192,373161839.15
1.5,193,347433267.89
1.5,194,311222198.75
1.5,195,376483431.53
1.5,196,318697118.21
1.5,197,306523951.98
1.5,198,388072762.91
1.5,199,387534348.78
1.5,200,378421707.66
1.5,201,369603263.72
1.5,202,351112519.69
1.5,203,379644705.96
1.5,204,350550110.93
1.5,205,369930656.82
1.5,206,395676920.69
1.5,207,380952538.84
1.5,208,299450130.58
1.5,209,318475601.89
1.5,210,360144680.76
1.5,211,357466349.41
1.5,212,354840081.35
1.5,213,380389922.82
1.5,214,385252966.46
1.5,215,381881985.61
1.5,216,302960807.29
1.5,217,370265689.86
1.5,218,393789221.31
1.5,219,313419394.85
1.5,220,307285114.1
1.5,221,377002334.48
1.5,222,294781943.1
1.5,223,384401972.95
1.5,224,371486887.71
1.5,225,271463373.15
1.5,226,391777291.23
1.5,227,315622077.92
1.5,228,259056919.92
1.5,229,290819922.49
1.5,230,371189467.44
1.5,231,355142678.97
1.5,232,380376779.17
1.5,233,327763375.25
1.5,234,359545253.7
1.5,235,358795975.66
1.5,236,363733227.94
1.5,237,344586010.71
1.5,238,351219297.27
1.5,239,359815812.6
1.5,240,386641058.32
1.5,241,312137634.57
1.5,242,332188232.13
1.5,243,338003247.33
1.5,244,391915010.71
1.5,245,335620267.17
1.5,246,363282140.85
1.5,247,343817223.54
1.5,248,320185613.67
1.5,249,376513586.75
1.5,250,273320183.23
1.5,251,372326150.3
1.5,252,384384790.52
1.5,253,337763817.32
1.5,254,336346616.6
1.5,255,360784219.52
1.5,256,389635411.83
1.5,257,313027927.6
1.5,258,345958854.95
1.5,259,351941063.98
1.5,260,382313796.23
1.5,261,338871528.13
1.5,262,345341260.8
1.5,263,386671933.95
1.5,264,388414430.46
1.5,265,328734651.05
1.5,266,368142727.4
1.5,267,359381622.95
1.5,268,383747539.85
1.5,269,363339520.42
1.5,270,324077717.02
1.5,271,370733054.7
1.5,272,359875838.27
1.5,273,375363873.83
1.5,274,319264206.97
1.5,275,301872985.59
1.5,276,334956751.29
1.5,277,392127278.51
1.5,278,312178772.99
1.5,279,361487789.4
1.5,280,287477068.54
1.5,281,360682265.21
1.5,282,370484532.25
1.5,283,370543883.75
1.5,284,353503274.34
1.5,285,377901622.49
1.5,286,362548561.75
1.5,287,352986366.06
1.5,288,381264667.47
1.5,289,320378683.2
1.5,290,397268868.72
1.5,291,385025026.35
1.5,292,378175796.24
1.5,293,398036356.07
1.5,294,368257007.68
1.5,295,392776085.12
1.5,296,363481577.46
1.5,297,314842582.34
1.5,298,354417511.03
1.5,299,385375175.81
1.5,300,338500074.24
1.5,301,310781590.48
1.5,302,372604155.42
1.5,303,319490104.43
1.5,304,262670950.11
1.5,305,380440611.73
1.5,306,290178825.52
1.5,307,382334099.35
1.5,308,374027539.8
1.5,309,355217580.55
1.5,310,365968072.56
1.5,311,342230855.52
1.5,312,373576394.16
1.5,313,357179733.72
1.5,314,344337127.33
1.5,315,275124290.46
1.5,316,288541566.51
1.5,317,281461165.35
1.5,318,326953686.12
1.5,319,394269419.56
1.5,320,393301884.28
1.5,321,360364890.47
1.5,322,320960138.22
1.5,323,370420287.58
1.5,324,275880327.22
1.5,325,358160286.88
1.5,326,368310868.14
1.5,327,375313075.21
1.5,328,366809316.31
1.5,329,362447782.7
1.5,330,377824426.21
1.5,331,356009149.38
1.5,332,367506023.82
1.5,333,378115192.73
1.5,334,359040740.8
1.5,335,333475788.72
1.5,336,395728601.79
1.5,337,386535343.42
1.5,338,353543964.94
1.5,339,334218952.39
1.5,340,392520302.71
1.5,341,344445748.2
1.5,342,362773565.46
1.5,343,345333553.45
1.5,344,369203323.74
1.5,345,356862080.71
1.5,346,302058487.76
1.5,347,366863611.41
1.5,348,330118823.38
1.5,349,375058352.17
1.5,350,392802795.56
1.5,351,370356772.82
1.5,352,294757679.95
1.5,353,335605443.44
1.5,354,384124808.08
1.5,355,379763088.66
1.5,356,366329669.78
1.5,357,383041637.71
1.5,358,361945479.12
1.5,359,372741610.83
1.5,360,390591964.81
1.5,361,349077963.1
1.5,362,377950885.81
1.5,363,337546142.69
1.5,364,393667166.41
1.5,365,378954819.67
1.5,366,336242998.49
1.5,367,347480102.92
1.5,368,354470088.23
1.5,369,333757581.21
1.5,370,370123227.09
1.5,371,349341055.35
1.5,372,336393931.93
1.5,373,397230834.78
1.5,374,342373512.98
1.5,375,381937774.92
1.5,376,344088927.73
1.5,377,326742842.19
1.5,378,379647001.18
1.5,379,301173523.07
1.5,380,317861113.38
1.5,381,380518657.39
1.5,382,310510341.85
1.5,383,390696645.7
1.5,384,344355658.49
1.5,385,339119987.29
1.5,386,397782029.19
1.5,387,369888203.76
1.5,388,376126546.89
1.5,389,372586432.49
1.5,390,395934651.63
1.5,391,325944804.95
1.5,392,398621549.55
1.5,393,374311691.49
1.5,394,365525494.83
1.5,395,333272555.8
1.5,396,389305615.16
1.5,397,328176572.45
1.5,398,360580461.88
1.5,399,378612227.63
1.5,400,395563604.38
1.5,401,380468762.71
1.5,402,325949788.58
1.5,403,310643489.79
1.5,404,360641252.77
1.5,405,285045335.23
1.5,406,337020147.39
1.5,407,393949013.82
1.5,408,371221446.21
1.5,409,365126003.19
1.5,410,377708602.35
1.5,411,385344898.24
1.5,412,381116356.55
1.5,413,385697568.11
1.5,414,332356291.71
1.5,415,353940533.21
1.5,416,323559225.12
1.5,417,289326872.46
1.5,418,383887274.76
1.5,419,388948814.81
1.5,420,371224134.99
1.5,421,350321413.58
1.5,422,383272326.98
1.5,423,381087168.96
1.5,424,345676709.88
1.5,425,373039860.32
1.5,426,310173028.15
1.5,427,395529301.15
1.5,428,323719857.81
1.5,429,381151369.26
1.5,430,367560378.02
1.5,431,325268009.69
1.5,432,380506953.35
1.5,433,361323188.7
1.5,434,359085008.12
1.5,435,344614539.8
1.5,436,378480663.83
1.5,437,345824488.31
1.5,438,395323458.05
1.5,439,375948905.14
1.5,440,311640452.88
1.5,441,374113801.54
1.5,442,333544108.55
1.5,443,299885872.23
1.5,444,288575733.23
1.5,445,391762386.7
1.5,446,284849002.4
1.5,447,321973870.15
1.5,448,254805950.31
1.5,449,387735291.36
1.5,450,387393439.53
1.5,451,289378661.72
1.5,452,379455322.8
1.5,453,383185648.82
1.5,454,378718850.74
1.5,455,253978852.64
1.5,456,372585522.07
1.5,457,351556069.15
1.5,458,331785027.38
1.5,459,383881000.59
1.5,460,396567424.4
1.5,461,291248036.39
1.5,462,399067924.38
1.5,463,282649051.61
1.5,464,390053364.27
1.5,465,366745749.03
1.5,466,330109678.7
1.5,467,370451826.21
1.5,468,333769224.71
1.5,469,347653400.57
1.5,470,324111062.59
1.5,471,368298808.29
1.5,472,322542146.47
1.5,473,381469364.53
1.5,474,372797839.78
1.5,475,289929271.27
1.5,476,387336624.54
1.5,477,393306766.18
1.5,478,382489391.14
1.5,479,386000915.04
1.5,480,302997161.33
1.5,481,392006604.65
1.5,482,382987316.26
1.5,483,321784653.42
1.5,484,298443598.32
1.5,485,391754857.73
1.5,486,360342677.35
1.5,487,325541520.59
1.5,488,363347745.2
1.5,489,293141515.18
1.5,490,337084838.68
1.5,491,351480466.49
1.5,492,384859561.15
1.5,493,383451183.42
1.5,494,319470186.48
1.5,495,393614005.87
1.5,496,372378543.66
1.5,497,353132332.41
1.5,498,385813558.52
1.5,499,370113932.17
1.6,0,389944837.59
1.6,1,321535623.0
1.6,2,391405744.74
1.6,3,382324574.62
1.6,4,387366662.34
1.6,5,338600939.18
1.6,6,385839781.96
1.6,7,390766749.09
1.6,8,343945312.12
1.6,9,331374920.88
1.6,10,398122138.54
1.6,11,377746044.1
1.6,12,328149760.18
1.6,13,376149284.93
1.6,14,265478862.54
1.6,15,378869665.49
1.6,16,384669186.48
1.6,17,381903570.07
1.6,18,311391277.35
1.6,19,392546628.48
1.6,20,339432817.88
1.6,21,370454922.62
1.6,22,346817707.42
1.6,23,374960266.19
1.6,24,361786747.31
1.6,25,377617996.61
1.6,26,386974564.24
1.6,27,346679635.72
1.6,28,389187291.87
1.6,29,254196658.99
1.6,30,328003481.29
1.6,31,353687689.21
1.6,32,305749708.99
1.6,33,329582596.15
1.6,34,397303283.57
1.6,35,388704157.06
1.6,36,318327873.5
1.6,37,397269283.98
1.6,38,329573381.39
1.6,39,281189300.74
1.6,40,331105508.17
1.6,41,285430865.84
1.6,42,336981396.51
1.6,43,364689725.4
1.6,44,386202108.65
1.6,45,314643620.1
1.6,46,351229160.12
1.6,47,321518556.04
1.6,48,371648854.45
1.6,49,345537250.09
1.6,50,364544313.39
1.6,51,389349133.69
1.6,52,377705506.13
1.6,53,382383271.54
1.6,54,345052689.04
1.6,55,396497875.77
1.6,56,378280868.34
1.6,57,367991326.75
1.6,58,340807549.84
1.6,59,347360948.48
1.6,60,378287695.91
1.6,61,379259207.77
1.6,62,369448484.61
1.6,63,378828866.35
1.6,64,339388445.71
1.6,65,386665650.91
1.6,66,348965174.12
1.6,67,367262338.8
1.6,68,338929940.43
1.6,69,333377913.79
1.6,70,356792688.5
1.6,71,391899904.58
1.6,72,339899061.06
1.6,73,291656256.3
1.6,74,385456723.09
1.6,75,365924195.57
1.6,76,321364972.01
1.6,77,300476708.41
1.6,78,270093749.27
1.6,79,364374001.45
1.6,80,350918456.12
1.6,81,395194961.73
1.6,82,385697367.07
1.6,83,373771904.26
1.6,84,379022645.15
1.6,85,286486427.14
1.6,86,356665154.87
1.6,87,391375726.02
1.6,88,372331207.81
1.6,89,322195355.1
1.6,90,262833926.55
1.6,91,350594315.61
1.6,92,388009225.12
1.6,93,365442827.9
1.6,94,301876457.18
1.6,95,378503187.09
1.6,96,333703695.98
1.6,97,344544692.98
1.6,98,348260923.66
1.6,99,324251259.77
1.6,100,394565514.06
1.6,101,382884767.57
1.6,102,332065087.41
1.6,103,314854910.04
1.6,104,362389588.12
1.6,105,387864435.72
1.6,106,351030441.15
1.6,107,398402457.56
1.6,108,343319061.92
1.6,109,391871370.32
1.6,110,366266336.75
1.6,111,272518101.84
1.6,112,375789049.87
1.6,113,293875092.51
1.6,114,347009178.97
1.6,115,363683409.46
1.6,116,369384387.7
1.6,117,376007941.75
1.6,118,360382881.58
1.6,119,243397319.79
1.6,120,385084555.29
1.6,121,352317387.23
1.6,122,364169659.11
1.6,123,374382358.57
1.6,124,387388988.96
1.6,125,381516428.89
1.6,126,290463147.34
1.6,127,349421857.12
1.6,128,364748601.73
1.6,129,298172795.21
1.6,130,377538465.3
1.6,131,348982322.04
1.6,132,370864349.01
1.6,133,300302067.03
1.6,134,348916067.55
1.6,135,357307589.85
1.6,136,357212182.44
1.6,137,372815924.59
1.6,138,325220871.88
1.6,139,388710225.75
1.6,140,351657471.17
1.6,141,353181473.77
1.6,142,321684871.28
1.6,143,344068041.6
1.6,144,361872731.65
1.6,145,367772283.22
1.6,146,382600402.11
1.6,147,322939784.9
1.6,148,396494499.03
1.6,149,373072685.73
1.6,150,277334157.4
1.6,151,303864863.25
1.6,152,376257060.68
1.6,153,372749350.1
1.6,154,379701933.99
1.6,155,330677222.95
1.6,156,359773908.6
1.6,157,370524318.68
1.6,158,335221215.39
1.6,159,394694986.71
1.6,160,388864325.05
1.6,161,318272074.31
1.6,162,278498630.04
1.6,163,378914335.53
1.6,164,320215838.78
1.6,165,338372983.7
1.6,166,353282965.78
1.6,167,355587380.16
1.6,168,378451385.04
1.6,169,320313222.61
1.6,170,341479062.31
1.6,171,363659053.02
1.6,172,354071013.4
1.6,173,378207425.69
1.6,174,348942785.57
1.6,175,301594858.89
1.6,176,340662838.95
1.6,177,385275231.94
1.6,178,345393248.65
1.6,179,268745017.96
1.6,180,284432459.32
1.6,181,342976304.73
1.6,182,372674054.55
1.6,183,327728786.17
1.6,184,364454864.96
1.6,185,316168492.34
1.6,186,369563773.38
1.6,187,388381856.52
1.6,188,368085673.65
1.6,189,363047120.3
1.6,190,375269936.3
1.6,191,389021087.07
1.6,192,319106553.32
1.6,193,344811938.64
1.6,194,395641037.23
1.6,195,380823146.74
1.6,196,398774676.05
1.6,197,380212295.67
1.6,198,328633614.44
1.6,199,388649917.32
1.6,200,361718324.89
1.6,201,347720164.82
1.6,202,388953190.25
1.6,203,388457644.81
1.6,204,364372920.19
1.6,205,313499463.69
1.6,206,372114844.83
1.6,207,382353380.77
1.6,208,331507645.02
1.6,209,342813438.11
1.6,210,388696661.3
1.6,211,375263518.4
1.6,212,389082256.64
1.6,213,324540275.2
1.6,214,384891257.44
1.6,215,365894809.98
1.6,216,361690183.62
1.6,217,294809488.06
1.6,218,332852513.67
1.6,219,323923274.25
1.6,220,370894847.69
1.6,221,280909361.22
1.6,222,342381555.5
1.6,223,283011359.14
1.6,224,389973415.56
1.6,225,332628000.68
1.6,226,343444826.34
1.6,227,336210200.27
1.6,228,344179641.24
1.6,229,262651670.6
1.6,230,347553903.98
1.6,231,311241322.74
1.6,232,299255292.45
1.6,233,332439321.06
1.6,234,399376433.61
1.6,235,338522421.42
1.6,236,329081200.66
1.6,237,379855390.23
1.6,238,390074526.74
1.6,239,349059900.18
1.6,240,363815753.84
1.6,241,383589055.22
1.6,242,369125858.21
1.6,243,330448331.57
1.6,244,235029317.56
1.6,245,383527226.31
1.6,246,360444839.92
1.6,247,390370910.53
1.6,248,381129685.61
1.6,249,325267927.42
1.6,250,277484956.93
1.6,251,364871927.16
1.6,252,314311276.19
1.6,253,354282785.98
1.6,254,346617461.61
1.6,255,376902960.24
1.6,256,395822870.78
1.6,257,389859101.75
1.6,258,375027489.72
1.6,259,392548438.95
1.6,260,365779931.37
1.6,261,321645777.21
1.6,262,397663614.39
1.6,263,355067901.73
1.6,264,371931838.35
1.6,265,340840652.52
1.6,266,349909100.04
1.6,267,348828012.48
1.6,268,359920383.18
1.6,269,388494254.54
1.6,270,337305153.78
1.6,271,318879210.6
1.6,272,364738786.7
1.6,273,341190906.35
1.6,274,342890326.43
1.6,275,375577398.3
1.6,276,326739288.72
1.6,277,308132545.22
1.6,278,378668571.8
1.6,279,268033549.86
1.6,280,383915623.95
1.6,281,361632839.73
1.6,282,291034295.7
1.6,283,254513394.65
1.6,284,338975792.4
1.6,285,289423028.97
1.6,286,359949668.34
1.6,287,384953375.04
1.6,288,399157559.54
1.6,289,386725564.91
1.6,290,384629424.83
1.6,291,387465787.42
1.6,292,365699697.16
1.6,293,314751310.6
1.6,294,399200315.06
1.6,295,389218951.24
1.6,296,284138997.39
1.6,297,377527808.4
1.6,298,360068500.04
1.6,299,321271489.74
1.6,300,373658013.56
1.6,301,392603473.96
1.6,302,382019448.92
1.6,303,312160720.15
1.6,304,327105161.26
1.6,305,369195343.89
1.6,306,370907096.35
1.6,307,373026750.77
1.6,308,376093746.52
1.6,309,377537545.34
1.6,310,361444013.48
1.6,311,391219106.45
1.6,312,332583828.25
1.6,313,289688018.95
1.6,314,357842064.33
1.6,315,297456501.94
1.6,316,387862352.32
1.6,317,373207484.28
1.6,318,364019971.66
1.6,319,332864019.28
1.6,320,353101177.7
1.6,321,320971996.54
1.6,322,371582406.87
1.6,323,312642278.66
1.6,324,355301403.0
1.6,325,335479714.04
1.6,326,265276419.93
1.6,327,320040034.5
1.6,328,375753405.38
1.6,329,368689780.65
1.6,330,346671562.64
1.6,331,236764317.17
1.6,332,367453519.78
1.6,333,392909421.52
1.6,334,313494212.67
1.6,335,285808537.0
1.6,336,336233819.84
1.6,337,359275165.89
1.6,338,320875306.77
1.6,339,285951133.62
1.6,340,365123171.1
1.6,341,352055319.56
1.6,342,361931727.48
1.6,343,359145079.33
1.6,344,283210436.83
1.6,345,268265701.53
1.6,346,393812268.09
1.6,347,397793698.46
1.6,348,316696718.65
1.6,349,342935136.86
1.6,350,376434760.77
1.6,351,382512682.56
1.6,352,373878772.45
1.6,353,394243128.67
1.6,354,318188983.7
1.6,355,350960419.92
1.6,356,384754649.42
1.6,357,338568103.2
1.6,358,371555947.98
1.6,359,357934128.52
1.6,360,372194896.54
1.6,361,347952665.32
1.6,362,328485263.99
1.6,363,291990407.93
1.6,364,262119150.54
1.6,365,379686772.14
1.6,366,350032809.7
1.6,367,391279401.87
1.6,368,355462704.84
1.6,369,333021180.21
1.6,370,345137684.05
1.6,371,361793758.81
1.6,372,338842402.09
1.6,373,370775412.77
1.6,374,390849815.17
1.6,375,381910307.87
1.6,376,374177780.39
1.6,377,391213131.41
1.6,378,393499190.9
1.6,379,347622346.17
1.6,380,368899741.99
1.6,381,362693233.75
1.6,382,394497024.6
1.6,383,341353408.19
1.6,384,387527589.47
1.6,385,327515698.57
1.6,386,394958664.51
1.6,387,296399204.96
1.6,388,390424827.52
1.6,389,303235280.55
1.6,390,347858864.64
1.6,391,393492638.24
1.6,392,370185491.0
1.6,393,353732084.83
1.6,394,359379028.39
1.6,395,316956145.43
1.6,396,398334405.29
1.6,397,333170384.28
1.6,398,347429537.54
1.6,399,394633255.11
1.6,400,359695451.07
1.6,401,277084706.23
1.6,402,366498401.63
1.6,403,372499273.24
1.6,404,369009719.22
1.6,405,342445008.16
1.6,406,356874848.9
1.6,407,371908912.63
1.6,408,279118723.41
1.6,409,349999931.91
1.6,410,371491590.39
1.6,411,379702118.41
1.6,412,372466981.57
1.6,413,380258073.5
1.6,414,294979267.22
1.6,415,335648374.04
1.6,416,379349522.58
1.6,417,280644934.81
1.6,418,367875582.13
1.6,419,308236684.76
1.6,420,362884712.1
1.6,421,391114017.15
1.6,422,275795533.17
1.6,423,355015920.68
1.6,424,352361733.22
1.6,425,329417580.54
1.6,426,378550215.15
1.6,427,337461279.56
1.6,428,276269929.38
1.6,429,367041955.12
1.6,430,337495102.69
1.6,431,385298805.11
1.6,432,287884091.6
1.6,433,319177062.96
1.6,434,334396317.75
1.6,435,362299126.93
1.6,436,394197659.63
1.6,437,345118145.36
1.6,438,347128804.36
1.6,439,315085610.42
1.6,440,387325313.69
1.6,441,361104733.73
1.6,442,327812177.1
1.6,443,391775482.09
1.6,444,285182713.83
1.6,445,382238953.23
1.6,446,324891110.2
1.6,447,384719742.1
1.6,448,371166517.2
1.6,449,398915269.32
1.6,450,385079658.28
1.6,451,368243359.59
1.6,452,292984737.02
1.6,453,390470378.06
1.6,454,330310920.92
1.6,455,398792962.05
1.6,456,292817812.49
1.6,457,303401539.65
1.6,458,368461169.77
1.6,459,361414726.51
1.6,460,388178854.21
1.6,461,375447513.66
1.6,462,389747137.04
1.6,463,343281012.38
1.6,464,352090000.5
1.6,465,377233105.96
1.6,466,398880828.63
1.6,467,349920891.85
1.6,468,341578420.14
1.6,469,310810374.56
1.6,470,391729904.6
1.6,471,398847254.86
1.6,472,391784464.82
1.6,473,350538824.38
1.6,474,343633592.87
1.6,475,367315628.43
1.6,476,398073005.28
1.6,477,326574767.0
1.6,478,390504524.35
1.6,479,344018050.36
1.6,480,357709077.62
1.6,481,362084028.73
1.6,482,380431719.22
1.6,483,397256043.72
1.6,484,339918294.36
1.6,485,350474540.99
1.6,486,385967020.56
1.6,487,327151040.56
1.6,488,390509279.44
1.6,489,399638726.02
1.6,490,264149433.22
1.6,491,372832133.75
1.6,492,358932660.49
1.6,493,313987049.03
1.6,494,389358729.95
1.6,495,362388333.03
1.6,496,238483421.18
1.6,497,331171179.24
1.6,498,384109838.9
1.6,499,368484890.65
1.7,0,351589437.36
1.7,1,359601693.16
1.7,2,335471786.67
1.7,3,374339980.45
1.7,4,370596485.87
1.7,5,392080517.89
1.7,6,394968941.24
1.7,7,380166560.45
1.7,8,332592909.29
1.7,9,352370809.17
1.7,10,349116016.59
1.7,11,366088534.44
1.7,12,274046159.5
1.7,13,398537392.92
1.7,14,374243567.02
1.7,15,377938858.0
1.7,16,326223544.12
1.7,17,328097989.05
1.7,18,315808250.56
1.7,19,334223640.7
1.7,20,323794300.24
1.7,21,335752265.71
1.7,22,367813271.97
1.7,23,326637429.76
1.7,24,318611981.3
1.7,25,357023632.11
1.7,26,377920207.67
1.7,27,353232900.9
1.7,28,357216237.25
1.7,29,383580861.54
1.7,30,331789677.52
1.7,31,385900626.58
1.7,32,364226620.31
1.7,33,363049957.99
1.7,34,386566283.05
1.7,35,365999910.71
1.7,36,374671571.11
1.7,37,340287829.91
1.7,38,382532138.36
1.7,39,359797042.95
1.7,40,391794895.58
1.7,41,371988708.66
1.7,42,300795269.22
1.7,43,330830183.34
1.7,44,387717536.97
1.7,45,380944680.42
1.7,46,340204185.51
1.7,47,353038602.61
1.7,48,331492768.4
1.7,49,383831390.33
1.7,50,326857495.33
1.7,51,363700040.18
1.7,52,388713324.66
1.7,53,382185699.19
1.7,54,391492889.07
1.7,55,372117874.91
1.7,56,385684751.44
1.7,57,384754330.76
1.7,58,357566862.99
1.7,59,272166099.58
1.7,60,263345208.35
1.7,61,317240693.29
1.7,62,343576916.87
1.7,63,376060123.55
1.7,64,308188860.54
1.7,65,353368018.3
1.7,66,383958925.54
1.7,67,395011772.63
1.7,68,342851947.88
1.7,69,366022365.96
1.7,70,348303771.62
1.7,71,382685694.28
1.7,72,361279734.46
1.7,73,377845340.87
1.7,74,294673219.37
1.7,75,365425671.27
1.7,76,362027283.41
1.7,77,340405308.43
1.7,78,397274427.88
1.7,79,345837399.83
1.7,80,388939397.75
1.7,81,350780083.26
1.7,82,305679450.59
1.7,83,336172778.27
1.7,84,268971266.13
1.7,85,383337337.1
1.7,86,386426460.26
1.7,87,383790078.03
1.7,88,381060340.97
1.7,89,369956449.46
1.7,90,359181976.55
1.7,91,340099822.55
1.7,92,354944066.56
1.7,93,391054866.53
1.7,94,373776698.66
1.7,95,370085075.61
1.7,96,380243416.98
1.7,97,357517188.26
1.7,98,395384189.01
1.7,99,296258987.86
1.7,100,343079592.49
1.7,101,396664394.6
1.7,102,345244602.52
1.7,103,380648412.64
1.7,104,293144537.08
1.7,105,351166798.6
1.7,106,369126808.47
1.7,107,386849632.23
1.7,108,357440234.53
1.7,109,360275463.3
1.7,110,361357774.33
1.7,111,287469795.92
1.7,112,355843305.12
1.7,113,330741449.08
1.7,114,339819935.8
1.7,115,392989653.5
1.7,116,358652451.72
1.7,117,375067819.57
1.7,118,379893661.49
1.7,119,393975690.5
1.7,120,379410871.16
1.7,121,337831871.15
1.7,122,380570155.91
1.7,123,352256603.74
1.7,124,305381465.46
1.7,125,321546709.25
1.7,126,369894583.7
1.7,127,345808476.21
1.7,128,252908343.22
1.7,129,274691325.27
1.7,130,385690718.86
1.7,131,382078051.49
1.7,132,395084076.62
1.7,133,325377930.95
1.7,134,343593891.25
1.7,135,378598491.08
1.7,136,274268999.77
1.7,137,274731511.2
1.7,138,301857355.57
1.7,139,263037479.08
1.7,140,381862521.39
1.7,141,361072221.55
1.7,142,345383954.24
1.7,143,326699244.23
1.7,144,340856208.14
1.7,145,363461761.0
1.7,146,385445926.34
1.7,147,265194657.5
1.7,148,333540541.6
1.7,149,346129488.79
1.7,150,321624202.12
1.7,151,312968377.29
1.7,152,355870463.88
1.7,153,366131347.35
1.7,154,336517627.48
1.7,155,341202919.99
1.7,156,392010570.75
1.7,157,382964053.14
1.7,158,246035147.59
1.7,159,347082372.64
1.7,160,390517702.77
1.7,161,353120022.32
1.7,162,363504614.58
1.7,163,366919129.59
1.7,164,384589518.41
1.7,165,387747863.73
1.7,166,319777005.44
1.7,167,385708726.07
1.7,168,359896906.39
1.7,169,381482302.07
1.7,170,348909739.48
1.7,171,360782509.24
1.7,172,376534926.46
1.7,173,371121019.75
1.7,174,349430578.54
1.7,175,377112494.33
1.7,176,335856441.72
1.7,177,334351600.31
1.7,178,291859761.43
1.7,179,389938586.37
1.7,180,386966985.4
1.7,181,396805703.13
1.7,182,262034347.12
1.7,183,365048360.34
1.7,184,391627789.66
1.7,185,361053379.53
1.7,186,314799014.16
1.7,187,327633251.63
1.7,188,339658829.8
1.7,189,310030853.04
1.7,190,340813928.25
1.7,191,321551430.35
1.7,192,355830423.06
1.7,193,345764176.3
1.7,194,386919846.14
1.7,195,360197542.16
1.7,196,369527895.24
1.7,197,371634820.91
1.7,198,390635087.47
1.7,199,306619648.46
1.7,200,337579622.42
1.7,201,359670472.86
1.7,202,356135014.99
1.7,203,354625487.19
1.7,204,353048497.08
1.7,205,360834094.55
1.7,206,342796440.6
1.7,207,326834455.42
1.7,208,352596262.98
1.7,209,287751846.68
1.7,210,319030276.11
1.7,211,337528409.51
1.7,212,396329260.46
1.7,213,302986681.74
1.7,214,385918916.17
1.7,215,360632471.84
1.7,216,396802026.33
1.7,217,359431282.43
1.7,218,321547660.54
1.7,219,386375087.88
1.7,220,280890531.62
1.7,221,390568794.74
1.7,222,355107073.53
1.7,223,362336112.16
1.7,224,281016261.81
1.7,225,330605989.52
1.7,226,370521951.95
1.7,227,361084450.02
1.7,228,331522103.27
1.7,229,253955457.02
1.7,230,373420925.87
1.7,231,311113105.56
1.7,232,397813174.14
1.7,233,367213900.28
1.7,234,316253465.38
1.7,235,321075350.08
1.7,236,301644944.65
1.7,237,366623775.28
1.7,238,327791559.48
1.7,239,347353335.11
1.7,240,290922456.72
1.7,241,357956726.83
1.7,242,370501846.13
1.7,243,394202775.53
1.7,244,384248716.97
1.7,245,324764260.97
1.7,246,380460633.07
1.7,247,340457629.91
1.7,248,369171444.39
1.7,249,337764158.09
1.7,250,382111532.83
1.7,251,378313530.47
1.7,252,363285410.98
1.7,253,311439647.82
1.7,254,374377763.67
1.7,255,347196003.21
1.7,256,303565785.5
1.7,257,339104272.15
1.7,258,351975942.82
1.7,259,326471214.63
1.7,260,381057898.23
1.7,261,301910708.62
1.7,262,392117067.55
1.7,263,341211227.91
1.7,264,336570256.36
1.7,265,354637147.44
1.7,266,295810597.92
1.7,267,363027063.5
1.7,268,294717928.14
1.7,269,387849653.84
1.7,270,339566270.17
1.7,271,270184003.8
1.7,272,390286672.51
1.7,273,368492134.85
1.7,274,354840550.53
1.7,275,337889935.82
1.7,276,252637698.33
1.7,277,359279652.21
1.7,278,372552485.32
1.7,279,348700597.25
1.7,280,350064248.94
1.7,281,373676827.16
1.7,282,360168265.45
1.7,283,384976340.45
1.7,284,290347584.77
1.7,285,339537167.07
1.7,286,316929422.66
1.7,287,384567773.34
1.7,288,367639249.94
1.7,289,376431119.42
1.7,290,359138061.78
1.7,291,266026057.51
1.7,292,346426292.19
1.7,293,361108297.61
1.7,294,309646485.74
1.7,295,351359685.38
1.7,296,378485300.72
1.7,297,305193113.61
1.7,298,343724808.08
1.7,299,274514787.44
1.7,300,357415911.2
1.7,301,333189601.34
1.7,302,290188782.57
1.7,303,391258500.76
1.7,304,294148276.67
1.7,305,386126825.96
1.7,306,336453657.76
1.7,307,326362836.36
1.7,308,302771880.98
1.7,309,377240212.2
1.7,310,315813900.96
1.7,311,290164558.47
1.7,312,348655473.83
1.7,313,365564320.56
1.7,314,366094966.28
1.7,315,369938853.39
1.7,316,352366898.6
1.7,317,387289133.46
1.7,318,306714321.21
1.7,319,364234803.84
1.7,320,365011236.04
1.7,321,338225776.94
1.7,322,381872177.01
1.7,323,349352486.72
1.7,324,376954574.01
1.7,325,349929324.85
1.7,326,304874750.91
1.7,327,360941121.04
1.7,328,357323552.33
1.7,329,301769699.06
1.7,330,266396164.84
1.7,331,368293852.77
1.7,332,373070578.55
1.7,333,343856623.25
1.7,334,381592924.66
1.7,335,314746689.64
1.7,336,264253377.69
1.7,337,341937305.23
1.7,338,375292331.9
1.7,339,283913821.51
1.7,340,334771475.53
1.7,341,273575558.09
1.7,342,390357871.63
1.7,343,335435915.57
1.7,344,364252532.41
1.7,345,379725239.54
1.7,346,382293955.1
1.7,347,336156631.17
1.7,348,320506652.62
1.7,349,311585708.13
1.7,350,303480241.25
1.7,351,317230338.31
1.7,352,286286221.66
1.7,353,397229985.4
1.7,354,276443218.69
1.7,355,346848964.91
1.7,356,369968036.78
1.7,357,324383244.48
1.7,358,267283574.1
1.7,359,397296372.47
1.7,360,365037361.34
1.7,361,381091036.01
1.7,362,347074168.16
1.7,363,386137996.28
1.7,364,364943778.32
1.7,365,369854768.0
1.7,366,353715901.02
1.7,367,360535151.39
1.7,368,357385223.39
1.7,369,296740565.37
1.7,370,304718292.76
1.7,371,302750460.56
1.7,372,356326213.35
1.7,373,391562654.72
1.7,374,387002276.96
1.7,375,372751590.12
1.7,376,376217528.81
1.7,377,375901788.31
1.7,378,362129128.75
1.7,379,335121372.38
1.7,380,387580439.72
1.7,381,313696196.62
1.7,382,266329748.75
1.7,383,365287696.42
1.7,384,354404722.56
1.7,385,292411751.0
1.7,386,344954156.5
1.7,387,342722002.5
1.7,388,396214874.6
1.7,389,363724031.02
1.7,390,381651292.99
1.7,391,383685745.7
1.7,392,340661321.73
1.7,393,393944273.89
1.7,394,364423341.6
1.7,395,354432582.21
1.7,396,396198272.1
1.7,397,355019794.67
1.7,398,386513298.85
1.7,399,275267464.53
1.7,400,347706611.64
1.7,401,347772401.12
1.7,402,322964926.36
1.7,403,398153285.32
1.7,404,348228464.37
1.7,405,330520077.78
1.7,406,357767078.49
1.7,407,334908375.07
1.7,408,381714658.65
1.7,409,354945230.75
1.7,410,382851508.1
1.7,411,379743184.41
1.7,412,240732171.02
1.7,413,336441936.66
1.7,414,308492055.3
1.7,415,398700856.88
1.7,416,393603871.75
1.7,417,331720522.05
1.7,418,281703084.77
1.7,419,283403106.19
1.7,420,385048210.88
1.7,421,394892555.55
1.7,422,346667028.26
1.7,423,266617248.67
1.7,424,349934964.54
1.7,425,394200719.45
1.7,426,360274454.29
1.7,427,384575031.86
1.7,428,362560275.57
1.7,429,271054974.38
1.7,430,370443980.35
1.7,431,387607709.16
1.7,432,367287305.93
1.7,433,267203225.83
1.7,434,348393869.84
1.7,435,262773907.51
1.7,436,370673429.2
1.7,437,333076352.25
1.7,438,396047789.5
1.7,439,391106522.53
1.7,440,315174700.97
1.7,441,375406365.15
1.7,442,360700551.74
1.7,443,352618458.28
1.7,444,343356813.52
1.7,445,323167494.77
1.7,446,376722729.12
1.7,447,269169023.97
1.7,448,349679852.69
1.7,449,360746618.53
1.7,450,368649223.79
1.7,451,380920885.67
1.7,452,307169508.84
1.7,453,334990438.66
1.7,454,385737450.49
1.7,455,393905454.55
1.7,456,366823671.17
1.7,457,355617500.06
1.7,458,389670147.41
1.7,459,308044130.76
1.7,460,363688148.53
1.7,461,375838005.82
1.7,462,281350261.83
1.7,463,383337241.09
1.7,464,355374250.4
1.7,465,396567431.14
1.7,466,316288356.17
1.7,467,391263239.97
1.7,468,313805822.27
1.7,469,346815506.17
1.7,470,343911335.34
1.7,471,319616870.86
1.7,472,373414377.97
1.7,473,392890115.48
1.7,474,309095735.3
1.7,475,391405055.01
1.7,476,329451635.37
1.7,477,324327819.05
1.7,478,354185813.53
1.7,479,370743898.14
1.7,480,303024074.65
1.7,481,313943664.86
1.7,482,353376142.84
1.7,483,380450422.88
1.7,484,383229458.76
1.7,485,357461613.68
1.7,486,339629785.05
1.7,487,357129923.97
1.7,488,382628230.4
1.7,489,373466677.71
1.7,490,349909800.66
1.7,491,349844112.63
1.7,492,392977150.23
1.7,493,364301831.59
1.7,494,291646256.14
1.7,495,309822400.59
1.7,496,371875591.01
1.7,497,391164091.25
1.7,498,311509062.07
1.7,499,336637834.32
1.8,0,374549666.14
1.8,1,346109041.92
1.8,2,379453326.33
1.8,3,371049117.46
1.8,4,311170117.88
1.8,5,381940316.82
1.8,6,373824769.03
1.8,7,391940249.21
1.8,8,369477231.2
1.8,9,319899387.73
1.8,10,347313031.19
1.8,11,369220458.88
1.8,12,341399836.59
1.8,13,381627976.72
1.8,14,283686988.56
1.8,15,381047216.37
1.8,16,369347872.04
1.8,17,377969213.28
1.8,18,341716832.0
1.8,19,361360855.01
1.8,20,388804620.19
1.8,21,397840978.16
1.8,22,241514897.9
1.8,23,333631937.17
1.8,24,332410279.71
1.8,25,376474564.99
1.8,26,306450248.58
1.8,27,302125669.3
1.8,28,375571869.57
1.8,29,386989970.99
1.8,30,325782670.14
1.8,31,380647813.29
1.8,32,386240054.94
1.8,33,356383873.34
1.8,34,393843480.52
1.8,35,383795770.43
1.8,36,372747392.82
1.8,37,336462043.38
1.8,38,243229456.33
1.8,39,385974948.82
1.8,40,350069653.03
1.8,41,356275428.17
1.8,42,372265638.34
1.8,43,349856210.04
1.8,44,321313809.85
1.8,45,358336473.35
1.8,46,365765477.63
1.8,47,361340505.42
1.8,48,356477514.91
1.8,49,383855167.88
1.8,50,304841473.55
1.8,51,329553939.1
1.8,52,318604195.88
1.8,53,331550680.67
1.8,54,287206952.12
1.8,55,374038926.5
1.8,56,351896121.78
1.8,57,261570772.51
1.8,58,398550966.76
1.8,59,358364012.46
1.8,60,370733569.58
1.8,61,364028277.34
1.8,62,390271442.91
1.8,63,311025250.65
1.8,64,396734928.07
1.8,65,340008900.8
1.8,66,381231105.45
1.8,67,384468140.18
1.8,68,371898531.6
1.8,69,395631764.59
1.8,70,359925259.82
1.8,71,306025776.77
1.8,72,340175964.18
1.8,73,387904057.02
1.8,74,386136580.08
1.8,75,311889535.03
1.8,76,332855749.65
1.8,77,348364413.24
1.8,78,356618830.47
1.8,79,370577041.25
1.8,80,307871742.15
1.8,81,320163812.9
1.8,82,256177458.73
1.8,83,391027367.62
1.8,84,380003524.68
1.8,85,339997928.36
1.8,86,325389003.47
1.8,87,286384304.29
1.8,88,293402509.54
1.8,89,361715951.08
1.8,90,297260141.8
1.8,91,357512806.75
1.8,92,322590876.92
1.8,93,316883988.66
1.8,94,371741217.11
1.8,95,396700842.04
1.8,96,369282409.48
1.8,97,357455911.35
1.8,98,232185837.16
1.8,99,375220289.47
1.8,100,399485619.38
1.8,101,367627201.14
1.8,102,286450388.43
1.8,103,291266878.25
1.8,104,369721991.84
1.8,105,350637878.22
1.8,106,395083078.3
1.8,107,309464444.48
1.8,108,332166059.48
1.8,109,375140535.81
1.8,110,354658092.24
1.8,111,273418359.53
1.8,112,314922187.95
1.8,113,357182491.76
1.8,114,368838918.28
1.8,115,377335387.47
1.8,116,367775309.42
1.8,117,305691187.92
1.8,118,337134788.84
1.8,119,273314771.09
1.8,120,393289060.99
1.8,121,356391685.75
1.8,122,363198164.21
1.8,123,389387634.33
1.8,124,377330965.47
1.8,125,250477772.74
1.8,126,384434126.7
1.8,127,351321005.02
1.8,128,314871291.63
1.8,129,360525032.96
1.8,130,305234724.24
1.8,131,342155321.23
1.8,132,303153256.61
1.8,133,285139342.47
1.8,134,364612210.07
1.8,135,384918951.35
1.8,136,349185605.91
1.8,137,335506853.47
1.8,138,378819473.69
1.8,139,399137401.78
1.8,140,381621889.54
1.8,141,368553032.04
1.8,142,375239224.31
1.8,143,335183102.15
1.8,144,356577471.91
1.8,145,283677998.01
1.8,146,364262550.84
1.8,147,370764904.19
1.8,148,329525229.64
1.8,149,276061863.4
1.8,150,246049444.08
1.8,151,320094654.5
1.8,152,387834115.35
1.8,153,391916745.61
1.8,154,298061146.98
1.8,155,335962504.42
1.8,156,393402919.39
1.8,157,387737249.03
1.8,158,283085367.34
1.8,159,370718315.64
1.8,160,365012330.94
1.8,161,332854377.01
1.8,162,391539890.35
1.8,163,242247104.24
1.8,164,287906649.89
1.8,165,375486080.63
1.8,166,278090469.28
1.8,167,378002454.15
1.8,168,384137421.2
1.8,169,390090253.41
1.8,170,272376471.39
1.8,171,352896956.68
1.8,172,304337728.43
1.8,173,320012619.46
1.8,174,363627587.26
1.8,175,300902348.24
1.8,176,389201103.98
1.8,177,394360786.46
1.8,178,364259563.68
1.8,179,361274158.91
1.8,180,375017745.4
1.8,181,398820865.86
1.8,182,373245592.66
1.8,183,383108271.71
1.8,184,279742796.09
1.8,185,388024479.2
1.8,186,321237378.2
1.8,187,391253062.62
1.8,188,313107892.05
1.8,189,372252740.6
1.8,190,343162533.44
1.8,191,376228800.95
1.8,192,292505342.14
1.8,193,318461167.99
1.8,194,332315142.36
1.8,195,396232302.5
1.8,196,349328281.09
1.8,197,382793737.8
1.8,198,384577340.61
1.8,199,358440254.69
1.8,200,382382449.63
1.8,201,359187896.67
1.8,202,394232142.02
1.8,203,382666147.04
1.8,204,366009323.36
1.8,205,354994521.81
1.8,206,348360019.48
1.8,207,272092294.71
1.8,208,364963446.3
1.8,209,287328009.88
1.8,210,342335254.72
1.8,211,385764443.34
1.8,212,385382753.24
1.8,213,354736496.97
1.8,214,335144078.2
1.8,215,320764774.12
1.8,216,300292217.56
1.8,217,329362870.85
1.8,218,380641231.52
1.8,219,365239826.72
1.8,220,394640941.29
1.8,221,351007834.4
1.8,222,308488570.39
1.8,223,387312664.66
1.8,224,393461541.01
1.8,225,345755649.64
1.8,226,378245390.71
1.8,227,335355144.01
1.8,228,385696357.34
1.8,229,354973504.65
1.8,230,363736411.44
1.8,231,315951469.47
1.8,232,382772636.54
1.8,233,374793108.22
1.8,234,396649368.89
1.8,235,330784538.99
1.8,236,351039821.53
1.8,237,380384406.04
1.8,238,337139480.91
1.8,239,332155608.89
1.8,240,375489677.14
1.8,241,367975508.46
1.8,242,258787117.85
1.8,243,375453583.1
1.8,244,335939895.95
1.8,245,328711130.24
1.8,246,375132650.29
1.8,247,287691298.87
1.8,248,341858810.86
1.8,249,398148879.85
1.8,250,390479562.14
1.8,251,295940451.06
1.8,252,388066003.2
1.8,253,380342500.04
1.8,254,318987228.75
1.8,255,392163025.87
1.8,256,278819031.29
1.8,257,378416129.13
1.8,258,390910698.31
1.8,259,390059236.07
1.8,260,332671881.36
1.8,261,377409122.88
1.8,262,363207544.73
1.8,263,284420834.84
1.8,264,335766644.74
1.8,265,327341240.84
1.8,266,378483314.34
1.8,267,348713966.98
1.8,268,311780405.16
1.8,269,376108681.17
1.8,270,333297941.23
1.8,271,313315051.66
1.8,272,258817496.98
1.8,273,238520056.17
1.8,274,314989772.68
1.8,275,373109334.34
1.8,276,323273359.04
1.8,277,371756857.24
1.8,278,341012026.17
1.8,279,247423375.66
1.8,280,344072613.44
1.8,281,265570519.07
1.8,282,368091329.24
1.8,283,384108675.56
1.8,284,369238959.18
1.8,285,392130652.87
1.8,286,370269457.04
1.8,287,382832401.75
1.8,288,340467414.22
1.8,289,303369384.2
1.8,290,314837193.69
1.8,291,349596655.47
1.8,292,352233935.87
1.8,293,364322812.43
1.8,294,379776156.63
1.8,295,361795304.63
1.8,296,387930718.88
1.8,297,386195343.81
1.8,298,274062410.39
1.8,299,390983678.09
1.8,300,388786279.99
1.8,301,352343339.98
1.8,302,391642319.25
1.8,303,378286168.55
1.8,304,316569488.34
1.8,305,348165424.68
1.8,306,316281104.77
1.8,307,246383722.48
1.8,308,347974824.59
1.8,309,333417174.43
1.8,310,352165849.34
1.8,311,362719657.75
1.8,312,271906907.51
1.8,313,353108382.82
1.8,314,242721724.88
1.8,315,382681687.62
1.8,316,367914794.79
1.8,317,397701820.91
1.8,318,294848116.85
1.8,319,382459327.45
1.8,320,272960606.27
1.8,321,374623827.28
1.8,322,389823815.64
1.8,323,393834058.42
1.8,324,307756850.48
1.8,325,331565175.3
1.8,326,241240127.79
1.8,327,388245722.77
1.8,328,393339701.5
1.8,329,343020110.34
1.8,330,387763879.36
1.8,331,361922681.06
1.8,332,355366342.18
1.8,333,362683297.58
1.8,334,384958524.49
1.8,335,382362325.99
1.8,336,299913933.1
1.8,337,266520245.01
1.8,338,250232975.63
1.8,339,322964478.18
1.8,340,296053955.43
1.8,341,360182111.63
1.8,342,365256569.53
1.8,343,303985175.28
1.8,344,330327047.33
1.8,345,255659769.36
1.8,346,323592830.1
1.8,347,329523959.73
1.8,348,395528342.54
1.8,349,348902734.4
1.8,350,268661745.86
1.8,351,387226329.02
1.8,352,329989293.69
1.8,353,355834253.18
1.8,354,269138156.1
1.8,355,362531150.18
1.8,356,393675092.27
1.8,357,360929671.36
1.8,358,387206548.96
1.8,359,318863906.98
1.8,360,358350675.94
1.8,361,315418752.6
1.8,362,309044265.37
1.8,363,341076567.74
1.8,364,375262309.3
1.8,365,354489332.23
1.8,366,344361242.3
1.8,367,333464942.89
1.8,368,326794987.94
1.8,369,363504151.15
1.8,370,387938910.68
1.8,371,326903872.19
1.8,372,362351687.0
1.8,373,336962349.55
1.8,374,330515576.01
1.8,375,390352302.35
1.8,376,366584364.91
1.8,377,374129683.85
1.8,378,348856839.66
1.8,379,319629625.27
1.8,380,395751805.33
1.8,381,392908494.12
1.8,382,340745308.33
1.8,383,381581958.32
1.8,384,378130536.63
1.8,385,377672157.61
1.8,386,379653088.9
1.8,387,372202866.02
1.8,388,336755926.33
1.8,389,378779535.67
1.8,390,301169374.36
1.8,391,377088520.24
1.8,392,341645827.37
1.8,393,347352041.46
1.8,394,370019729.09
1.8,395,394043922.12
1.8,396,391634903.83
1.8,397,335228549.3
1.8,398,298199055.09
1.8,399,320828112.67
1.8,400,371326504.78
1.8,401,384515519.28
1.8,402,330396347.83
1.8,403,395387597.45
1.8,404,385172982.91
1.8,405,392054211.35
1.8,406,381597682.01
1.8,407,361214368.36
1.8,408,313830719.98
1.8,409,366791447.85
1.8,410,342371200.96
1.8,411,323384626.63
1.8,412,378018004.84
1.8,413,359544949.87
1.8,414,379175442.81
1.8,415,299021178.48
1.8,416,314529816.31
1.8,417,377947237.9
1.8,418,311678648.34
1.8,419,366396197.78
1.8,420,304009119.85
1.8,421,313264093.89
1.8,422,354270864.49
1.8,423,303094957.74
1.8,424,352660298.92
1.8,425,231613324.31
1.8,426,388857111.76
1.8,427,355331080.48
1.8,428,348490440.08
1.8,429,341965353.54
1.8,430,380434722.64
1.8,431,380747791.77
1.8,432,396183461.25
1.8,433,371083696.25
1.8,434,325460618.67
1.8,435,350144619.13
1.8,436,358746159.25
1.8,437,388743578.97
1.8,438,357447363.82
1.8,439,318619972.95
1.8,440,391935371.38
1.8,441,377130078.56
1.8,442,265495259.99
1.8,443,379715902.51
1.8,444,377331533.91
1.8,445,347617252.28
1.8,446,380955917.26
1.8,447,283105548.33
1.8,448,397134258.72
1.8,449,356007758.47
1.8,450,287137516.06
1.8,451,377172699.32
1.8,452,380456416.8
1.8,453,347486956.63
1.8,454,299808648.47
1.8,455,340730505.02
1.8,456,312887209.02
1.8,457,366379571.41
1.8,458,378826943.69
1.8,459,356890545.54
1.8,460,383118991.69
1.8,461,288324336.28
1.8,462,286453157.2
1.8,463,334700711.52
1.8,464,351134380.96
1.8,465,287933559.9
1.8,466,359797770.79
1.8,467,382548111.16
1.8,468,376029150.81
1.8,469,376773769.68
1.8,470,389793256.57
1.8,471,373045453.2
1.8,472,280329891.13
1.8,473,374253108.45
1.8,474,288369640.86
1.8,475,348412456.83
1.8,476,312057623.98
1.8,477,392062997.24
1.8,478,328155857.11
1.8,479,373862772.1
1.8,480,384860896.06
1.8,481,365435078.09
1.8,482,388023867.45
1.8,483,376313333.41
1.8,484,315302184.2
1.8,485,323362158.15
1.8,486,392878852.3
1.8,487,345847938.7
1.8,488,277944806.92
1.8,489,391945266.04
1.8,490,358471179.34
1.8,491,386873730.14
1.8,492,373948742.35
1.8,493,341832963.91
1.8,494,366699736.67
1.8,495,381156452.59
1.8,496,339075288.05
1.8,497,361023109.1
1.8,498,348546173.83
1.8,499,354106757.45
1.9,0,395918506.42
1.9,1,344207029.45
1.9,2,368756737.47
1.9,3,362811372.74
1.9,4,321108800.66
1.9,5,388805672.97
1.9,6,365005696.37
1.9,7,395911633.38
1.9,8,339658497.49
1.9,9,386763030.84
1.9,10,319267811.36
1.9,11,387584953.21
1.9,12,244829944.39
1.9,13,302895735.17
1.9,14,325174620.57
1.9,15,354293631.78
1.9,16,351799831.15
1.9,17,335981252.99
1.9,18,345832971.97
1.9,19,373193547.79
1.9,20,331435069.69
1.9,21,393149714.99
1.9,22,397071902.37
1.9,23,329024649.48
1.9,24,298932269.57
1.9,25,307985494.16
1.9,26,373280187.45
1.9,27,385153622.81
1.9,28,355740149.81
1.9,29,382806646.51
1.9,30,327336030.95
1.9,31,266869477.72
1.9,32,314505371.16
1.9,33,340629537.23
1.9,34,368353507.96
1.9,35,351635074.73
1.9,36,388834980.06
1.9,37,352955325.39
1.9,38,363519324.29
1.9,39,263543889.13
1.9,40,270771007.67
1.9,41,353389733.25
1.9,42,374710608.74
1.9,43,289215104.05
1.9,44,386654564.83
1.9,45,301242516.03
1.9,46,387679181.98
1.9,47,350384166.93
1.9,48,376352400.8
1.9,49,284156258.4
1.9,50,362353126.07
1.9,51,397450087.98
1.9,52,365857003.49
1.9,53,373230994.61
1.9,54,345382457.09
1.9,55,388138008.08
1.9,56,357740728.31
1.9,57,393820287.39
1.9,58,328878085.61
1.9,59,380609243.62
1.9,60,394582516.68
1.9,61,362778308.77
1.9,62,388316737.37
1.9,63,352567288.36
1.9,64,297541092.79
1.9,65,335649169.7
1.9,66,348767121.24
1.9,67,370279321.19
1.9,68,337961815.74
1.9,69,397027515.67
1.9,70,392567199.53
1.9,71,332617353.81
1.9,72,372505989.21
1.9,73,362468295.01
1.9,74,346484699.41
1.9,75,271809969.14
1.9,76,303079987.78
1.9,77,374935215.22
1.9,78,382843383.06
1.9,79,376428690.69
1.9,80,380302608.26
1.9,81,363184911.03
1.9,82,334121114.18
1.9,83,359379615.87
1.9,84,337371637.54
1.9,85,397632818.88
1.9,86,325091861.12
1.9,87,379656600.87
1.9,88,395751963.65
1.9,89,353210242.35
1.9,90,306471135.66
1.9,91,351966428.66
1.9,92,342584088.56
1.9,93,332953267.88
1.9,94,376466420.42
1.9,95,370064658.81
1.9,96,370953500.35
1.9,97,339940423.4
1.9,98,362202146.37
1.9,99,384673374.64
1.9,100,355313438.77
1.9,101,390998621.8
1.9,102,357939063.72
1.9,103,305637409.85
1.9,104,386621908.73
1.9,105,375037149.59
1.9,106,321723923.06
1.9,107,352184442.48
1.9,108,342447625.61
1.9,109,342111260.03
1.9,110,312610945.12
1.9,111,372941330.45
1.9,112,304190522.32
1.9,113,268255240.01
1.9,114,395207676.78
1.9,115,354669369.12
1.9,116,361794557.67
1.9,117,369441511.52
1.9,118,348560222.83
1.9,119,313911583.62
1.9,120,384097994.73
1.9,121,350809129.43
1.9,122,393098056.2
1.9,123,331485450.88
1.9,124,395495570.48
1.9,125,366305967.84
1.9,126,294526094.03
1.9,127,348028820.88
1.9,128,341945126.14
1.9,129,360934103.01
1.9,130,327280183.04
1.9,131,397939084.12
1.9,132,320256082.26
1.9,133,292386087.97
1.9,134,191689014.12
1.9,135,331990849.59
1.9,136,366832343.21
1.9,137,373577804.97
1.9,138,390623147.24
1.9,139,350006559.27
1.9,140,308713034.57
1.9,141,379784820.33
1.9,142,377313903.38
1.9,143,361491077.06
1.9,144,399415222.16
1.9,145,336587170.27
1.9,146,360636842.63
1.9,147,307420252.89
1.9,148,366587686.91
1.9,149,336196281.36
1.9,150,300072621.32
1.9,151,306865414.75
1.9,152,242401924.64
1.9,153,364152103.82
1.9,154,378535088.69
1.9,155,370564505.82
1.9,156,332945254.5
1.9,157,355138646.06
1.9,158,394294865.28
1.9,159,324679833.98
1.9,160,315418887.8
1.9,161,306140592.43
1.9,162,392997224.0
1.9,163,321467427.65
1.9,164,348787728.61
1.9,165,399509309.02
1.9,166,386612726.33
1.9,167,257845550.65
1.9,168,382063711.19
1.9,169,373013411.54
1.9,170,324633514.27
1.9,171,325568779.45
1.9,172,344256692.74
1.9,173,264009038.85
1.9,174,361509234.47
1.9,175,345706855.57
1.9,176,263959313.39
1.9,177,378490429.8
1.9,178,313007631.58
1.9,179,251951186.88
1.9,180,328738236.93
1.9,181,387465434.57
1.9,182,377468927.49
1.9,183,392463411.08
1.9,184,334687647.48
1.9,185,349470022.83
1.9,186,283369895.85
1.9,187,391325156.03
1.9,188,335301422.84
1.9,189,360973900.35
1.9,190,301759658.15
1.9,191,283813397.13
1.9,192,348424674.55
1.9,193,289751637.96
1.9,194,341679640.45
1.9,195,333545952.65
1.9,196,330237886.16
1.9,197,381727154.81
1.9,198,375947256.1
1.9,199,363412319.48
1.9,200,324494444.85
1.9,201,350918539.21
1.9,202,361693915.06
1.9,203,359097313.85
1.9,204,353854485.06
1.9,205,305811646.3
1.9,206,332822110.76
1.9,207,283776835.6
1.9,208,387732282.43
1.9,209,273882280.41
1.9,210,337445951.85
1.9,211,279089076.72
1.9,212,370928133.61
1.9,213,325308721.05
1.9,214,346199633.65
1.9,215,303532639.9
1.9,216,264741773.27
1.9,217,317434163.79
1.9,218,298501324.73
1.9,219,365382597.38
1.9,220,387501820.67
1.9,221,358436079.9
1.9,222,389526604.2
1.9,223,392697991.27
1.9,224,237219193.2
1.9,225,291862360.58
1.9,226,368475888.93
1.9,227,318656851.32
1.9,228,375041247.0
1.9,229,389024120.99
1.9,230,348610464.25
1.9,231,368353390.5
1.9,232,332623948.11
1.9,233,329657981.93
1.9,234,389336257.39
1.9,235,378521202.83
1.9,236,343495147.35
1.9,237,371938168.05
1.9,238,364959933.13
1.9,239,386329112.08
1.9,240,383546125.15
1.9,241,353801131.92
1.9,242,371997900.97
1.9,243,370287046.73
1.9,244,333912831.72
1.9,245,374975018.11
1.9,246,341293540.64
1.9,247,373191029.91
1.9,248,391318329.74
1.9,249,376458992.44
1.9,250,284491897.02
1.9,251,394012961.39
1.9,252,399935154.59
1.9,253,362491061.55
1.9,254,380900267.27
1.9,255,377656825.76
1.9,256,387243055.6
1.9,257,378105637.7
1.9,258,331356351.47
1.9,259,313121219.45
1.9,260,369610691.75
1.9,261,320258748.46
1.9,262,260976638.8
1.9,263,388518352.86
1.9,264,302713909.38
1.9,265,366199388.18
1.9,266,362980686.91
1.9,267,306659809.13
1.9,268,323477177.75
1.9,269,375544571.48
1.9,270,341606091.68
1.9,271,362364694.34
1.9,272,330797969.66
1.9,273,380773010.95
1.9,274,371564995.94
1.9,275,341714075.5
1.9,276,393592863.6
1.9,277,360468978.25
1.9,278,337594182.5
1.9,279,377281797.01
1.9,280,365271134.49
1.9,281,330270384.74
1.9,282,397285229.74
1.9,283,393299648.9
1.9,284,365381309.86
1.9,285,377078379.71
1.9,286,327564978.25
1.9,287,357760283.27
1.9,288,381026547.53
1.9,289,291663352.58
1.9,290,355316938.02
1.9,291,366842724.23
1.9,292,366670094.0
1.9,293,309227343.06
1.9,294,339558151.86
1.9,295,341149336.06
1.9,296,380063907.51
1.9,297,339229509.13
1.9,298,393632107.37
1.9,299,281481373.4
1.9,300,382058684.09
1.9,301,373048260.88
1.9,302,308614045.77
1.9,303,333118631.87
1.9,304,274526735.89
1.9,305,338774392.77
1.9,306,331330803.67
1.9,307,355838377.69
1.9,308,323905908.09
1.9,309,273745840.6
1.9,310,338221542.21
1.9,311,390731862.11
1.9,312,318694953.3
1.9,313,373857973.89
1.9,314,355072424.28
1.9,315,376167567.61
1.9,316,352291307.14
1.9,317,293723335.01
1.9,318,325317617.12
1.9,319,350606717.67
1.9,320,335112382.0
1.9,321,355640909.0
1.9,322,386781325.34
1.9,323,365715225.35
1.9,324,352584543.11
1.9,325,301418675.63
1.9,326,340710518.52
1.9,327,383205621.51
1.9,328,309243806.81
1.9,329,349439905.35
1.9,330,359417953.92
1.9,331,294293750.14
1.9,332,241752799.9
1.9,333,296405552.96
1.9,334,296828782.1
1.9,335,377527577.18
1.9,336,307027988.7
1.9,337,341648077.87
1.9,338,328291779.53
1.9,339,393757440.82
1.9,340,309889769.11
1.9,341,357876712.71
1.9,342,322877225.06
1.9,343,340390210.68
1.9,344,336258369.5
1.9,345,341670598.83
1.9,346,373337136.98
1.9,347,341222225.31
1.9,348,357286722.53
1.9,349,390764912.26
1.9,350,344727952.77
1.9,351,364554449.98
1.9,352,339751092.21
1.9,353,381611236.65
1.9,354,353314979.22
1.9,355,377432345.32
1.9,356,363991187.69
1.9,357,305394925.29
1.9,358,300993133.8
1.9,359,313919935.82
1.9,360,396025984.81
1.9,361,388063894.31
1.9,362,393952977.01
1.9,363,380599542.33
1.9,364,356190915.17
1.9,365,303818386.02
1.9,366,385787870.19
1.9,367,362465881.08
1.9,368,368717157.78
1.9,369,345376964.55
1.9,370,336854530.11
1.9,371,296910328.11
1.9,372,251532484.64
1.9,373,348123878.98
1.9,374,250772895.94
1.9,375,319332621.59
1.9,376,382984655.94
1.9,377,361796636.39
1.9,378,399805608.08
1.9,379,303431724.46
1.9,380,325092711.33
1.9,381,347077035.75
1.9,382,389099771.3
1.9,383,247946109.59
1.9,384,265601314.88
1.9,385,328934976.26
1.9,386,387243147.82
1.9,387,298939958.98
1.9,388,361948365.48
1.9,389,378529348.17
1.9,390,345052986.97
1.9,391,387650671.48
1.9,392,394254843.39
1.9,393,356732057.99
1.9,394,382567804.74
1.9,395,392413022.45
1.9,396,341211182.19
1.9,397,395566221.85
1.9,398,307896645.21
1.9,399,359057567.69
1.9,400,306120844.0
1.9,401,332496523.46
1.9,402,303647694.07
1.9,403,317725593.7
1.9,404,261893235.34
1.9,405,393314099.06
1.9,406,378229823.54
1.9,407,252627328.22
1.9,408,386450474.74
1.9,409,338022983.19
1.9,410,386499869.92
1.9,411,332777092.15
1.9,412,378186139.3
1.9,413,377601591.78
1.9,414,334902348.95
1.9,415,250492784.8
1.9,416,355716352.47
1.9,417,315647813.22
1.9,418,342378452.81
1.9,419,350556805.26
1.9,420,363584496.5
1.9,421,266760083.58
1.9,422,256688299.54
1.9,423,338836432.0
1.9,424,380737649.69
1.9,425,365440077.03
1.9,426,347085414.31
1.9,427,352707411.8
1.9,428,377852072.68
1.9,429,373420181.4
1.9,430,332043599.94
1.9,431,369344818.15
1.9,432,355451354.09
1.9,433,374892898.58
1.9,434,276246212.67
1.9,435,365095385.08
1.9,436,307946639.91
1.9,437,323778424.14
1.9,438,349340083.94
1.9,439,345327308.09
1.9,440,266032554.11
1.9,441,366001142.52
1.9,442,383986240.17
1.9,443,386028603.47
1.9,444,336724236.74
1.9,445,361851450.62
1.9,446,331852153.57
1.9,447,383980793.7
1.9,448,341384512.89
1.9,449,369450990.21
1.9,450,267099043.66
1.9,451,329554960.23
1.9,452,294404104.95
1.9,453,320059561.29
1.9,454,344571688.7
1.9,455,244510772.18
1.9,456,391109546.68
1.9,457,367463009.59
1.9,458,397918530.45
1.9,459,386867941.38
1.9,460,361739423.3
1.9,461,351724001.95
1.9,462,313704667.71
1.9,463,338120496.16
1.9,464,312754995.33
1.9,465,352537019.63
1.9,466,272336522.16
1.9,467,260650515.2
1.9,468,294581247.61
1.9,469,388451153.44
1.9,470,337299255.64
1.9,471,367407355.73
1.9,472,363767401.9
1.9,473,369218463.38
1.9,474,369175165.03
1.9,475,383597771.89
1.9,476,319492531.07
1.9,477,373470421.18
1.9,478,346574828.84
1.9,479,348970247.16
1.9,480,321744218.03
1.9,481,318466844.82
1.9,482,379771218.72
1.9,483,363508348.11
1.9,484,374559281.55
1.9,485,351114945.57
1.9,486,355278785.65
1.9,487,354781552.84
1.9,488,361145921.18
1.9,489,383391106.32
1.9,490,322332163.58
1.9,491,388179937.2
1.9,492,384658856.95
1.9,493,358934316.27
1.9,494,349858851.69
1.9,495,274101228.12
1.9,496,292438047.08
1.9,497,290876113.61
1.9,498,367336416.28
1.9,499,384721340.18
2.0,0,358799891.43
2.0,1,350729800.16
2.0,2,358798701.15
2.0,3,384320891.55
2.0,4,395600612.95
2.0,5,314472149.57
2.0,6,338793182.94
2.0,7,253207056.36
2.0,8,373342209.95
2.0,9,295088632.52
2.0,10,381414548.99
2.0,11,356617399.05
2.0,12,380561571.12
2.0,13,381209693.81
2.0,14,380535398.58
2.0,15,380016531.69
2.0,16,343249225.9
2.0,17,312432445.83
2.0,18,377609524.09
2.0,19,302184629.02
2.0,20,329797509.89
2.0,21,347074318.06
2.0,22,361156234.27
2.0,23,365025361.4
2.0,24,288208263.91
2.0,25,370906441.85
2.0,26,272022011.93
2.0,27,289173862.12
2.0,28,295957767.99
2.0,29,393266915.41
2.0,30,360923542.92
2.0,31,291084364.44
2.0,32,380833314.05
2.0,33,336134089.03
2.0,34,391003225.36
2.0,35,276697945.19
2.0,36,334643036.39
2.0,37,357785018.82
2.0,38,353709110.72
2.0,39,378772606.24
2.0,40,336463484.62
2.0,41,361447620.14
2.0,42,334828656.31
2.0,43,388492756.27
2.0,44,350206455.95
2.0,45,384926604.35
2.0,46,324860686.02
2.0,47,386842868.83
2.0,48,369948468.43
2.0,49,361405666.9
2.0,50,377222103.73
2.0,51,349535179.47
2.0,52,299940488.99
2.0,53,326234900.76
2.0,54,370221895.14
2.0,55,379384401.0
2.0,56,375509832.81
2.0,57,379635246.12
2.0,58,385984271.66
2.0,59,384604530.98
2.0,60,376157716.78
2.0,61,294610886.31
2.0,62,362882470.76
2.0,63,347211116.77
2.0,64,274670367.1
2.0,65,302910185.33
2.0,66,397014153.73
2.0,67,295592000.55
2.0,68,372539621.26
2.0,69,379463522.21
2.0,70,377259208.69
2.0,71,366031941.15
2.0,72,351391479.01
2.0,73,373201762.92
2.0,74,391465586.43
2.0,75,362399676.6
2.0,76,293212929.42
2.0,77,357982067.26
2.0,78,332196308.39
2.0,79,302821283.77
2.0,80,381859414.09
2.0,81,328383557.12
2.0,82,367407593.63
2.0,83,335343181.56
2.0,84,353758438.42
2.0,85,327859747.2
2.0,86,243076272.56
2.0,87,398304259.94
2.0,88,399926680.37
2.0,89,324811620.06
2.0,90,343772600.88
2.0,91,252859327.68
2.0,92,388440047.12
2.0,93,339393919.37
2.0,94,385366898.84
2.0,95,390721103.98
2.0,96,382951164.42
2.0,97,350122076.92
2.0,98,353527287.51
2.0,99,330591296.25
2.0,100,369950599.39
2.0,101,329023430.25
2.0,102,336191155.42
2.0,103,314352660.91
2.0,104,321430251.68
2.0,105,363904484.63
2.0,106,350567021.15
2.0,107,398254508.71
2.0,108,393575446.93
2.0,109,341081138.7
2.0,110,394713913.2
2.0,111,377506447.23
2.0,112,365506571.54
2.0,113,344041175.4
2.0,114,382050908.82
2.0,115,389039365.55
2.0,116,383219672.92
2.0,117,291037913.36
2.0,118,287867688.18
2.0,119,376253784.99
2.0,120,298717143.45
2.0,121,376200748.75
2.0,122,394960312.68
2.0,123,357968783.47
2.0,124,372768864.76
2.0,125,341245830.44
2.0,126,297351322.15
2.0,127,367762791.62
2.0,128,359195249.74
2.0,129,289091306.73
2.0,130,388633860.29
2.0,131,334440352.01
2.0,132,382465838.28
2.0,133,325023726.2
2.0,134,288291752.78
2.0,135,375880887.7
2.0,136,327617610.72
2.0,137,287781021.26
2.0,138,291008303.25
2.0,139,346467122.45
2.0,140,392296188.3
2.0,141,273053827.25
2.0,142,319830421.17
2.0,143,387747060.61
2.0,144,392767774.89
2.0,145,310236329.26
2.0,146,271620275.25
2.0,147,354808648.29
2.0,148,324244491.46
2.0,149,302586986.49
2.0,150,361601754.26
2.0,151,257685288.89
2.0,152,345970494.7
2.0,153,395634351.13
2.0,154,362442252.75
2.0,155,341066838.03
2.0,156,389386200.38
2.0,157,309675462.19
2.0,158,337591606.37
2.0,159,309091569.53
2.0,160,358495779.41
2.0,161,344066423.87
2.0,162,391056848.89
2.0,163,328496084.42
2.0,164,386444309.2
2.0,165,379890709.57
2.0,166,345317882.31
2.0,167,329532453.61
2.0,168,377557238.08
2.0,169,298684892.59
2.0,170,291027012.73
2.0,171,269301319.05
2.0,172,386495948.16
2.0,173,292015242.59
2.0,174,370639145.13
2.0,175,369001418.83
2.0,176,366314245.02
2.0,177,299439260.61
2.0,178,338705877.45
2.0,179,288438249.96
2.0,180,319550109.24
2.0,181,312609732.89
2.0,182,347543345.61
2.0,183,375561999.3
2.0,184,332007581.56
2.0,185,349156513.78
2.0,186,297922113.34
2.0,187,365158669.73
2.0,188,391612972.59
2.0,189,262378818.68
2.0,190,292172884.52
2.0,191,382169170.73
2.0,192,355418994.41
2.0,193,346248709.35
2.0,194,333924696.44
2.0,195,393301100.56
2.0,196,303423357.72
2.0,197,391973082.45
2.0,198,360829467.03
2.0,199,371934993.91
2.0,200,387831602.31
2.0,201,368796459.69
2.0,202,318818494.75
2.0,203,306915690.77
2.0,204,296976413.96
2.0,205,321367884.98
2.0,206,393122630.87
2.0,207,372599362.66
2.0,208,242491531.8
2.0,209,271236064.21
2.0,210,363245064.32
2.0,211,393471681.28
2.0,212,354477617.09
2.0,213,383124923.99
2.0,214,373231954.13
2.0,215,351904043.73
2.0,216,381490243.6
2.0,217,355359700.96
2.0,218,365757923.79
2.0,219,353123861.03
2.0,220,335776271.25
2.0,221,361886038.64
2.0,222,371292104.37
2.0,223,298199040.86
2.0,224,297463429.29
2.0,225,314221962.81
2.0,226,296418410.96
2.0,227,331077897.28
2.0,228,393818143.54
2.0,229,235423161.76
2.0,230,354579718.44
2.0,231,332439788.1
2.0,232,322773569.66
2.0,233,390264568.13
2.0,234,384159092.62
2.0,235,367562323.06
2.0,236,370697040.2
2.0,237,341786471.63
2.0,238,265840727.92
2.0,239,334463552.17
2.0,240,307546503.6
2.0,241,298443387.47
2.0,242,317362745.42
2.0,243,287649896.89
2.0,244,367455225.04
2.0,245,362968304.95
2.0,246,387038155.04
2.0,247,287202590.31
2.0,248,348469296.36
2.0,249,298619659.2
2.0,250,362417438.27
2.0,251,323233276.58
2.0,252,345620297.22
2.0,253,389826293.39
2.0,254,365627283.21
2.0,255,236186608.3
2.0,256,387030254.69
2.0,257,385106036.1
2.0,258,356398309.61
2.0,259,384546137.79
2.0,260,381087909.53
2.0,261,360072845.82
2.0,262,307336894.72
2.0,263,353148631.68
2.0,264,369009977.88
2.0,265,320261266.58
2.0,266,373584265.62
2.0,267,394251914.15
2.0,268,356248810.94
2.0,269,251284488.72
2.0,270,361361260.44
2.0,271,366721447.72
2.0,272,389579016.83
2.0,273,362039101.02
2.0,274,374388245.07
2.0,275,395920507.72
2.0,276,284536483.27
2.0,277,395856884.77
2.0,278,363589676.0
2.0,279,395549515.98
2.0,280,335285391.07
2.0,281,331370494.8
2.0,282,339724412.17
2.0,283,346299759.84
2.0,284,353384339.7
2.0,285,370033761.69
2.0,286,381001581.58
2.0,287,363461582.93
2.0,288,341861188.45
2.0,289,351401666.89
2.0,290,312016405.93
2.0,291,379778675.18
2.0,292,272744238.04
2.0,293,298167653.61
2.0,294,256828674.9
2.0,295,387918142.7
2.0,296,358464820.69
2.0,297,369252826.62
2.0,298,300369817.75
2.0,299,337414479.91
2.0,300,252480165.05
2.0,301,352546089.54
2.0,302,238093549.08
2.0,303,392439707.04
2.0,304,370480638.33
2.0,305,320751338.87
2.0,306,368946581.19
2.0,307,399275618.32
2.0,308,354070502.85
2.0,309,254263331.32
2.0,310,391521882.2
2.0,311,347650117.6
2.0,312,369804302.39
2.0,313,351769042.06
2.0,314,329926811.1
2.0,315,320708687.89
2.0,316,372234632.73
2.0,317,381073116.47
2.0,318,272523472.01
2.0,319,359790909.1
2.0,320,355292555.52
2.0,321,361943353.37
2.0,322,381510646.07
2.0,323,308670364.64
2.0,324,281019296.86
2.0,325,324076120.76
2.0,326,320381516.53
2.0,327,376165898.63
2.0,328,366099428.18
2.0,329,398182364.44
2.0,330,292157677.55
2.0,331,338426008.34
2.0,332,252056082.31
2.0,333,377531779.05
2.0,334,372367267.73
2.0,335,391024514.36
2.0,336,380384330.49
2.0,337,252110433.15
2.0,338,340398987.65
2.0,339,351080974.07
2.0,340,295018038.99
2.0,341,353353168.41
2.0,342,317340329.27
2.0,343,265577381.85
2.0,344,369621836.97
2.0,345,366061289.92
2.0,346,368764071.42
2.0,347,210429503.37
2.0,348,357400418.33
2.0,349,397494346.62
2.0,350,368124823.21
2.0,351,346854025.2
2.0,352,335188685.82
2.0,353,279136636.63
2.0,354,329509793.17
2.0,355,268397652.57
2.0,356,357657313.78
2.0,357,339729825.57
2.0,358,319435201.72
2.0,359,307158655.55
2.0,360,356245073.21
2.0,361,369951976.62
2.0,362,357598296.45
2.0,363,363689538.05
2.0,364,304896875.16
2.0,365,368824811.02
2.0,366,294391927.01
2.0,367,360770437.07
2.0,368,366224185.66
2.0,369,352482559.75
2.0,370,283975551.54
2.0,371,381691686.85
2.0,372,386486056.19
2.0,373,366457084.9
2.0,374,358484598.55
2.0,375,362487937.75
2.0,376,304728770.22
2.0,377,273681317.51
2.0,378,314036018.42
2.0,379,367353604.02
2.0,380,376668348.21
2.0,381,333384748.67
2.0,382,381920445.65
2.0,383,360776689.35
2.0,384,298519321.04
2.0,385,356507192.98
2.0,386,357649135.69
2.0,387,324597309.13
2.0,388,269546032.25
2.0,389,336077068.76
2.0,390,386780073.2
2.0,391,300567752.98
2.0,392,397592863.73
2.0,393,320596806.61
2.0,394,341008694.63
2.0,395,379182771.44
2.0,396,348114128.7
2.0,397,276750781.32
2.0,398,318663516.36
2.0,399,370673230.33
2.0,400,388681175.47
2.0,401,375976990.97
2.0,402,292036105.47
2.0,403,379175761.1
2.0,404,389231859.84
2.0,405,251897773.79
2.0,406,338039371.96
2.0,407,298675436.73
2.0,408,296730866.89
2.0,409,369097478.86
2.0,410,267271375.31
2.0,411,322266554.71
2.0,412,336558267.76
2.0,413,328302551.49
2.0,414,386910101.07
2.0,415,361849405.15
2.0,416,313488284.41
2.0,417,326362171.23
2.0,418,283282531.95
2.0,419,386804556.11
2.0,420,354128831.8
2.0,421,327715427.51
2.0,422,347884411.62
2.0,423,306068132.58
2.0,424,324720754.9
2.0,425,294557540.82
2.0,426,385006961.45
2.0,427,312901282.89
2.0,428,360516500.09
2.0,429,275635375.07
2.0,430,325784020.84
2.0,431,355400720.1
2.0,432,307860951.34
2.0,433,334102829.06
2.0,434,376246134.71
2.0,435,266996064.25
2.0,436,363788986.02
2.0,437,348358614.74
2.0,438,382329341.43
2.0,439,367108084.15
2.0,440,315787358.13
2.0,441,321839833.44
2.0,442,389731788.62
2.0,443,356577992.62
2.0,444,302494491.86
2.0,445,237260381.49
2.0,446,342429222.93
2.0,447,316970027.0
2.0,448,339434675.17
2.0,449,355951041.77
2.0,450,375286037.4
2.0,451,372148019.87
2.0,452,390009321.96
2.0,453,374602129.34
2.0,454,361336908.33
2.0,455,292138987.61
2.0,456,315060995.44
2.0,457,391664378.58
2.0,458,355995488.86
2.0,459,370307931.3
2.0,460,265785978.25
2.0,461,342070947.9
2.0,462,237790514.07
2.0,463,358682574.21
2.0,464,351980080.21
2.0,465,361124841.78
2.0,466,370177562.13
2.0,467,342091081.43
2.0,468,373361885.28
2.0,469,369206394.25
2.0,470,392726732.43
2.0,471,387675750.67
2.0,472,372266128.09
2.0,473,390293771.43
2.0,474,349414713.51
2.0,475,353491375.49
2.0,476,260637560.01
2.0,477,342718727.85
2.0,478,331199886.36
2.0,479,352458562.34
2.0,480,386313117.07
2.0,481,308404163.42
2.0,482,377051484.09
2.0,483,391721857.23
2.0,484,386999548.14
2.0,485,371053784.85
2.0,486,353426152.54
2.0,487,367479989.74
2.0,488,376072948.65
2.0,489,387620915.67
2.0,490,334596585.81
2.0,491,393833360.37
2.0,492,377149265.86
2.0,493,381200063.62
2.0,494,350025690.16
2.0,495,370181823.93
2.0,496,319331306.64
2.0,497,358153763.15
2.0,498,275335591.52
2.0,499,357681608.07
