block_id,total_gas,total_mev_captured,block_bid,builder_type,builder_id
1,1791170400,3150000,1161791490.462411,attack,3256
2,2134001556,3675000,1712659052.2468166,attack,3265
3,2150002732,3675000,2137187471.1566198,attack,3270
4,2150003908,3675000,2226141736.0,attack,3274
5,2134005084,3718600,2241418088.0,attack,3275
6,2134006260,3675000,2242755940.0,attack,3269
7,2126007436,3675000,2237882722.0,attack,3257
8,2107118612,10865000,2249364674.0,attack,3266
9,2137009788,3675000,2309143526.0,attack,3265
10,2107610964,10865000,2308679468.0,attack,3274
11,2108412140,21375000,2394528620.0,attack,3271
12,2126013316,3675000,2403038972.0,attack,3268
13,2137014492,3675000,2438748224.0,attack,3267
14,2126015668,3675000,2446968876.0,attack,3263
15,2150016844,3675000,2567260628.0,attack,3270
16,2150018020,3675000,2577396810.0,attack,3260
17,2150019196,3675000,2601737962.0,attack,3267
18,2150020372,3675000,2691896914.0,attack,3264
19,2150021548,3675000,2674021966.0,attack,3263
20,2150022724,3675000,2741985218.0,attack,3269
21,2137023400,3600000,2746506170.0,normal,3276
22,2137025076,3675000,2727704222.0,attack,3251
23,2134026252,3675000,2730549474.0,attack,3271
24,2121026856,3600000,2797378526.0,normal,3297
25,2137028604,3675000,2806192278.0,attack,3258
26,2150029780,3675000,2852687730.0,attack,3257
27,2134030956,3675000,2832619582.0,attack,3253
28,2126032132,3675000,2839906234.0,attack,3261
29,2126032616,3600000,2926116986.0,normal,3290
30,2110033768,3600000,2925854438.0,normal,3290
31,2109635660,10865000,2900934890.0,attack,3273
32,2107296836,10865000,2916194682.0,attack,3260
33,2110037224,3600000,2994661734.0,normal,3284
34,2126039188,3675000,2979819886.0,attack,3253
35,2137040364,3675000,3011919538.0,attack,3275
36,2097340680,3896000,3039747690.0,normal,3279
37,2150041832,3600000,3148801642.0,normal,3284
38,2134043892,3675000,3089644794.0,attack,3267
39,2076644136,3600000,3087387746.0,normal,3287
40,2113346244,3675000,3113848678.0,attack,3265
41,2110046440,3600000,3176687030.0,normal,3278
42,2137047592,3600000,3236425182.0,normal,3281
43,2095148744,10790000,3229273034.0,normal,3286
44,2137049896,3600000,3304349486.0,normal,3296
45,2089351048,3815000,3252885738.0,normal,3297
46,2126052200,3639400,3363530290.0,normal,3278
47,2126054476,3675000,3332718742.0,attack,3260
48,2126055652,3675000,3344698794.0,attack,3267
49,2126055656,3600000,3421856826.0,normal,3287
50,2102056808,3600000,3387174878.0,normal,3284
