block_id,total_gas,total_mev_captured,block_bid,builder_type,builder_id
1,1410440225,2467300,874951959.3806816,attack,2961
2,2112201311,3336900,1550585693.353254,attack,2960
3,2150002487,3336900,1881527889.2195883,attack,2952
4,2150003663,3336900,2201503180.7374263,attack,2964
5,2137004839,3336900,2221972328.0,attack,2967
6,2134006015,3336900,2205147880.0,attack,2951
7,2113107191,3336900,2196529332.0,attack,2967
8,2126008367,3336900,2235557984.0,attack,2968
9,2113309543,3336900,2253406766.0,attack,2968
10,2150010719,3336900,2309503918.0,attack,2958
11,2137011895,3930900,2325202870.0,attack,2966
12,2126013071,3336900,2336454022.0,attack,2966
13,2113314247,3336900,2339526774.0,attack,2969
14,2150015423,3336900,2467166066.0,attack,2968
15,2134016599,3336900,2467399818.0,attack,2959
16,2134017775,3336900,2453529700.0,attack,2956
17,2137018951,3336900,2491382852.0,attack,2957
18,2150020127,3336900,2537321004.0,attack,2960
19,2150021303,3336900,2559270956.0,attack,2962
20,2107132479,21036900,2552039848.0,attack,2954
21,2137023655,3336900,2601268840.0,attack,2968
22,2126024831,3336900,2609874372.0,attack,2954
23,2150026007,3336900,2662841324.0,attack,2956
24,2150027183,3336900,2720880416.0,attack,2954
25,2121027768,3268800,2726702968.0,normal,2973
26,2092328920,10458800,2727609120.0,normal,2994
27,2097330072,3268800,2735824172.0,normal,2993
28,2089331224,3268800,2749493724.0,normal,2981
29,2113333063,3336900,2756019876.0,attack,2962
30,2089333528,3268800,2806965928.0,normal,2993
31,2097334680,3268800,2837517580.0,normal,2993
32,2094335832,20968800,2875884632.0,normal,2990
33,2121036984,3268800,2906723084.0,normal,2998
34,2113038136,3268800,2938806136.0,normal,3000
35,2070309288,21040600,2924611288.0,normal,2973
36,2076240440,3333400,2914850770.0,normal,2987
37,2076441592,3268800,2940329662.0,normal,2981
38,2150043647,3336900,3005699114.0,attack,2967
39,2134044823,3336900,3013576266.0,attack,2956
40,2137045048,3268800,3110401318.0,normal,2987
41,2124046200,3268800,3113518170.0,normal,2992
42,2126047352,3268800,3120397022.0,normal,2989
43,2113148504,3268800,3125804404.0,normal,3000
44,2100149656,3268800,3134703456.0,normal,2986
45,2113151879,3336900,3119287538.0,attack,2958
46,2137053055,3336900,3178162230.0,attack,2970
47,2097353112,3268800,3174842382.0,normal,2987
48,2137054264,3268800,3256485564.0,normal,2972
49,2126055416,3283900,3252038516.0,normal,2996
50,2094216568,10458800,3245628568.0,normal,2983
