block_id,total_gas,total_mev_captured,block_bid,builder_type,builder_id
1,1126730121,210110,666633335.4367712,attack,3110
2,2137001115,468110,1456978212.519408,attack,3101
3,2112202291,313110,1623452105.1021738,attack,3109
4,2112203467,313110,1825339889.3031616,attack,3108
5,2150004643,313110,2119334559.4580245,attack,3115
6,2134005819,321630,2207627528.0,attack,3115
7,2137006995,313110,2223079680.0,attack,3111
8,2150008171,313110,2255036432.0,attack,3104
9,2150009347,313110,2405325184.0,attack,3104
10,2150010523,313110,2454735536.0,attack,3108
11,2150011699,313110,2435144788.0,attack,3114
12,2137012875,313110,2418747140.0,attack,3104
13,2134014051,313110,2424570892.0,attack,3107
14,2137015227,313110,2448479144.0,attack,3109
15,2150016403,313110,2483824196.0,attack,3103
16,2126017579,313110,2461495348.0,attack,3113
17,2126018755,313110,2472866200.0,attack,3105
18,2126019931,313110,2493725252.0,attack,3109
19,2113321107,313110,2506170404.0,attack,3102
20,2134022283,313110,2545177556.0,attack,3102
21,2150023459,316240,2580668268.0,attack,3108
22,2113324635,313110,2572543990.0,attack,3103
23,2113325811,313110,2604195942.0,attack,3106
24,2113326987,313110,2614342284.0,attack,3108
25,2113328163,313110,2630790236.0,attack,3104
26,2113329339,313110,2643306388.0,attack,3115
27,2113130515,313110,2660132380.0,attack,3103
28,2150031691,313110,2724088132.0,attack,3101
29,2126032867,313110,2719651584.0,attack,3115
30,2126034043,313110,2752405366.0,attack,3104
31,2126035219,313110,2781663218.0,attack,3102
32,2150036395,313110,2836734370.0,attack,3106
33,2150037571,313110,2909191822.0,attack,3106
34,2134037944,306720,2943449974.0,normal,3118
35,2126039096,306720,2956666226.0,normal,3148
36,2109141099,7503110,2929923078.0,attack,3107
37,2107211400,7496720,2978981030.0,normal,3118
38,2070492552,7502350,2969795182.0,normal,3145
39,2089343704,306720,2991585704.0,normal,3145
40,2110644856,7496720,3049221456.0,normal,3118
41,2113346979,313110,3026213608.0,attack,3106
42,2121047160,306720,3118153060.0,normal,3131
43,2126049331,313110,3124830542.0,attack,3107
44,2110049464,306720,3158625294.0,normal,3117
45,2113351683,313110,3145102846.0,attack,3106
46,2097351768,306720,3194634898.0,normal,3122
47,2150052920,306720,3280317750.0,normal,3121
48,2089354072,306720,3234237082.0,normal,3131
49,2076455224,589720,3238916934.0,normal,3131
50,2076456376,330220,3254110586.0,normal,3140
