block_id,total_gas,total_mev_captured,block_bid,builder_type,builder_id
1,1938900441,1614600,1173643478.391759,attack,3065
2,2111501605,1763500,1443639680.846057,attack,3061
3,2112002781,1719900,1626321331.1124265,attack,3052
4,2126003957,1719900,1850050862.578551,attack,3056
5,2137005133,1719900,2109041135.800638,attack,3060
6,2112206309,8909900,2205391468.0,attack,3061
7,2134007485,2004900,2260842020.0,attack,3053
8,2113308661,1753000,2256193472.0,attack,3051
9,2113309837,1719900,2279876524.0,attack,3059
10,2134011013,1719900,2345116276.0,attack,3053
11,2126012189,1719900,2355263958.0,attack,3063
12,2113313365,1719900,2377870510.0,attack,3054
13,2150014541,1719900,2438618362.0,attack,3060
14,2113315717,1719900,2408189444.0,attack,3065
15,2137016893,1719900,2455790896.0,attack,3055
16,2150018069,1719900,2499682608.0,attack,3059
17,2134019245,1719900,2516634060.0,attack,3063
18,2137020421,1719900,2553345812.0,attack,3055
19,2113121597,1719900,2544609364.0,attack,3065
20,2137022773,1719900,2585778216.0,attack,3062
21,2150023949,1719900,2684754368.0,attack,3055
22,2150024601,2704800,2794228020.0,attack,3051
23,2150026301,1719900,2894410562.0,attack,3062
24,2150027477,1719900,2916028214.0,attack,3062
25,2137028653,1719900,2903934366.0,attack,3065
26,2137029829,1719900,2899447418.0,attack,3064
27,2150031005,1719900,2998831000.0,attack,3065
28,2150032181,1719900,2978281912.0,attack,3060
29,2137033357,1719900,2973393064.0,attack,3064
30,2134034533,1719900,2993515826.0,attack,3062
31,2150034969,37084800,3089394818.0,attack,3062
32,2137036885,1719900,3054553770.0,attack,3059
33,2137038061,1719900,3074666922.0,attack,3063
34,2134038424,1759800,3130194074.0,normal,3085
35,2118039576,1684800,3082635226.0,normal,3096
36,2102040728,1701200,3054741978.0,normal,3072
37,2102041880,1684800,3035105830.0,normal,3093
38,2126043941,1719900,3021321882.0,attack,3065
39,2083354184,19384800,3032285034.0,normal,3069
40,2076645336,1845800,3017060886.0,normal,3069
41,2076646488,1684800,3029052038.0,normal,3095
42,2150048645,1719900,3080878190.0,attack,3060
43,2134048792,1684800,3144665942.0,normal,3094
44,2126049944,1684800,3159810394.0,normal,3074
45,2089151096,1684800,3123269246.0,normal,3088
46,2150053349,1719900,3184184298.0,attack,3064
47,2126053400,1684800,3209784150.0,normal,3093
48,2097154552,1684800,3200746402.0,normal,3077
49,2113356877,1723030,3191656784.0,attack,3057
50,2113158053,1719900,3205800006.0,attack,3063
