block_id,total_gas,total_mev_captured,block_bid,builder_type,builder_id
1,1137250144,4920000,651119407.1083595,attack,54
2,1164560444,4193390,718353996.1846362,attack,52
3,1373637969,5817000,918665093.6655685,attack,59
4,829445822,3116000,584588040.792479,attack,59
5,776207880,3087300,587228390.8632627,attack,51
6,1381558961,12274000,1160642837.914807,attack,59
7,1084056919,4376390,967555081.7941353,attack,54
8,914684843,3624300,872620496.0189902,attack,52
9,1007002260,3889700,967727856.0,attack,60
10,1175526977,4444400,1136807260.0,attack,56
11,1351453852,5517500,1313807220.0,attack,51
12,1177109733,4592000,1138537588.0,attack,58
13,1168419084,5429000,1130683926.0,attack,56
14,1024187755,3847000,984870586.0,attack,58
15,1432215833,5589100,1394640748.0,attack,57
16,825743596,3163400,785742802.0,attack,56
17,751521362,3173000,711530160.0,attack,53
18,1399306487,5635390,1361777660.0,attack,57
19,1426719417,5512100,1389067284.0,attack,57
20,822237508,3418500,782491766.0,attack,52
21,1086098194,4450000,1047383940.0,attack,55
22,1018430963,3840100,979106798.0,attack,56
23,1259372881,4856000,1221064602.0,attack,58
24,913759959,3611530,874207200.0,attack,58
25,1280855577,4805100,1242496374.0,attack,60
26,1100977719,4147700,1061961104.0,attack,57
27,1024402366,3772000,985010040.0,attack,52
28,1485401014,5412000,1447648672.0,attack,58
29,1339127827,5336800,1301300270.0,attack,52
30,1086888069,4516500,1048240200.0,attack,52
31,918024849,3444000,878304470.0,attack,52
32,919335059,3444000,879614670.0,attack,60
33,515781304,1823700,474440610.0,attack,59
34,1255701622,4994500,1217531714.0,attack,53
35,1174171185,4428000,1135434764.0,attack,60
36,1203714536,4444400,1164994502.0,attack,52
37,1076484103,3795500,1037115158.0,attack,59
38,751599629,3110000,711545176.0,attack,55
39,1215840400,4673200,1177349134.0,attack,52
40,1082605794,4117000,1043558316.0,attack,54
41,1132191094,4100000,1093126604.0,attack,52
42,933158390,3782400,893776290.0,attack,59
43,1453196756,5412000,1415444240.0,attack,59
44,1508802349,5955000,1471592816.0,attack,51
45,1036316380,3772000,996923836.0,attack,51
46,1086860744,4100000,1047796188.0,attack,60
47,1380147461,5084000,1342066890.0,attack,53
48,1530808274,5769200,1493412886.0,attack,51
49,1596382080,6068000,1559285474.0,attack,52
50,1266877770,4756000,1228469150.0,attack,59
