block_id,total_gas,total_mev_captured,block_bid,builder_type,builder_id
1,1238910144,6867100,825374955.7183689,attack,2117
2,2150001164,9555000,1848095203.9977448,attack,2106
3,2126002340,9555000,2143749460.0,attack,2113
4,2112203516,9555000,2148262612.0,attack,2118
5,2126004692,9555000,2185030364.0,attack,2120
6,2150005868,9555000,2229529916.0,attack,2103
7,2134007044,9555000,2243749568.0,attack,2102
8,2137008220,9555000,2267853320.0,attack,2112
9,2113309396,9555000,2268622272.0,attack,2126
10,2126010572,9555000,2311467224.0,attack,2105
11,2126011748,9563520,2328981896.0,attack,2103
12,2137012924,9555000,2371754828.0,attack,2104
13,2150014100,9555000,2419638880.0,attack,2124
14,2126015276,9555000,2386613332.0,attack,2106
15,2107676452,16745000,2389599584.0,attack,2103
16,2113117256,9406500,2459135236.0,normal,2138
17,2150018804,9555000,2485641888.0,attack,2119
18,2097119560,9360000,2494622540.0,normal,2133
19,2112221156,9905000,2488011092.0,attack,2103
20,2113322332,9555000,2514122824.0,attack,2120
21,2150023508,9555000,2569122716.0,attack,2113
22,2112024684,9840000,2552561758.0,attack,2121
23,2113125860,9555000,2570590840.0,attack,2120
24,2112227036,9555000,2585462092.0,attack,2110
25,2074427624,9360000,2601667744.0,normal,2140
26,2150029388,9555000,2673517096.0,attack,2119
27,2137029928,9360000,2724613048.0,normal,2138
28,2150031740,9555000,2765270200.0,attack,2113
29,2126032916,9555000,2758784352.0,attack,2120
30,2134034092,9561390,2808759694.0,attack,2125
31,2134035268,9555000,2855947456.0,attack,2110
32,2121035688,9360000,2890118438.0,normal,2148
33,2137037620,9555000,2905018690.0,attack,2111
34,2110037992,9360000,2918656842.0,normal,2142
35,2121039144,9360000,2962447994.0,normal,2140
36,2126041148,9555000,2935950746.0,attack,2109
37,2102041448,9360000,2947240288.0,normal,2132
38,2126042600,9360000,2981660440.0,normal,2143
39,2094120752,27570000,2969450692.0,normal,2132
40,2072744904,27060000,2967424744.0,normal,2145
41,2076646056,9360000,2971455536.0,normal,2148
42,2097347208,9360000,3018720978.0,normal,2145
43,2113148360,9363130,3061801530.0,normal,2145
44,2113150556,9555000,3027806532.0,attack,2115
45,2076250664,9360000,3046881684.0,normal,2138
46,2113152908,9555000,3064530536.0,attack,2128
47,2150054084,9555000,3158515488.0,attack,2127
48,2134055260,9555000,3136087140.0,attack,2105
49,2076455272,9468000,3133017292.0,normal,2132
50,2089156424,9360000,3162872444.0,normal,2138
