block_id,total_gas,total_mev_captured,block_bid,builder_type,builder_id
1,988900121,28624700,692694667.002906,attack,2309
2,1271075515,31931400,1159070324.901966,attack,2312
3,1194290844,29713900,1179904706.0,attack,2313
4,958959898,23168100,938027950.0,attack,2329
5,1042719225,25300000,1023919166.0,attack,2317
6,1300038907,31900000,1287838834.0,attack,2313
7,1339237488,34246000,1329383400.0,attack,2329
8,665815369,16500000,638215274.0,attack,2321
9,831696886,20900000,808496782.0,attack,2306
10,669836609,16601100,642337598.0,attack,2334
11,1193637166,29742000,1179279042.0,attack,2319
12,1316440792,31900000,1304240654.0,attack,2315
13,1288326198,32329700,1276555746.0,attack,2308
14,971403454,24393700,995797154.0,normal,2339
15,1384648456,35200000,1419848456.0,normal,2336
16,1511873554,38584800,1506358158.0,attack,2313
17,1000763629,26294600,982958022.0,attack,2316
18,1250179199,31950520,1238029498.0,attack,2321
19,836068280,20943600,812911650.0,attack,2313
20,965076170,24200000,989276170.0,normal,2338
21,1337075696,34149100,1327124540.0,attack,2320
22,1451878704,36331700,1444110132.0,attack,2303
23,1089036944,27564600,1072501260.0,attack,2302
24,1135294244,27500000,1118693948.0,attack,2321
25,1007053929,25327700,988281322.0,attack,2329
26,1143127500,27294200,1170421700.0,normal,2349
27,1365629114,34167900,1355696680.0,attack,2311
28,874295770,26320000,900615770.0,normal,2342
29,1253342172,32094700,1241336514.0,attack,2316
30,1039792355,25408000,1021099986.0,attack,2328
31,1299929280,33015700,1332944980.0,normal,2345
32,986288164,30290000,972477770.0,attack,2315
33,1199460807,29700000,1185060400.0,attack,2322
34,1124688738,28981000,1153669738.0,normal,2341
35,1228946942,30800000,1259746942.0,normal,2349
36,1093756994,27500000,1077156548.0,attack,2321
37,1252734670,30800000,1283534670.0,normal,2341
38,1082910644,27500000,1066310172.0,attack,2326
39,1073944460,26400000,1100344460.0,normal,2339
40,950890264,23219700,930009470.0,attack,2318
41,1379204048,35200000,1414404048.0,normal,2345
42,1130312416,28731200,1159043616.0,normal,2350
43,1765951843,45100000,1766951300.0,attack,2303
44,1340600058,34108520,1330608020.0,attack,2323
45,1047913524,27462000,1075375524.0,normal,2341
46,1012233231,26890900,995023550.0,attack,2317
47,832179120,21242000,809320530.0,attack,2316
48,1029436691,25348400,1010684490.0,attack,2330
49,1002453944,25375000,983728332.0,attack,2317
50,1132328068,28639400,1160967468.0,normal,2341
