block_id,total_gas,total_mev_captured,block_bid,builder_type,builder_id
1,737751064,371430,411823964.7763243,attack,1956
2,2111200968,803600,1327637207.8385758,attack,1956
3,2113102144,803600,1449422203.7883296,attack,1954
4,2150003320,803600,1604508205.48629,attack,1951
5,2150004496,803600,1783880645.599843,attack,1956
6,2150005672,803600,1919745128.019743,attack,1951
7,2150006848,803600,2091770398.1155632,attack,1953
8,2137008024,851300,2255191675.9594316,attack,1953
9,2126009200,803600,2249403560.0,attack,1952
10,2113110376,803600,2274650712.0,attack,1958
11,2137011552,803600,2323156604.0,attack,1957
12,2150012728,803600,2403862006.0,attack,1954
13,2150013904,803600,2434591698.0,attack,1960
14,2137015080,803600,2493037250.0,attack,1956
15,2137016256,803600,2485517402.0,attack,1953
16,2134017432,803600,2472228554.0,attack,1953
17,2134018608,803600,2458813706.0,attack,1955
18,2113319784,803600,2475866558.0,attack,1959
19,2137020960,803600,2527607710.0,attack,1960
20,2150022136,803600,2581291762.0,attack,1958
21,2137023312,803600,2597940914.0,attack,1955
22,2134024488,803600,2634531766.0,attack,1953
23,2150025664,803600,2721972918.0,attack,1957
24,2134026840,803600,2710412470.0,attack,1952
25,2137028016,803600,2758664622.0,attack,1956
26,2126029192,1059600,2740647474.0,attack,1956
27,2137030368,803600,2775842226.0,attack,1951
28,2150031544,803600,2823501178.0,attack,1958
29,2137032720,827100,2863676230.0,attack,1959
30,2134033896,803600,2897531582.0,attack,1956
31,2137035072,803600,2953233114.0,attack,1955
32,2134036248,803600,2975334066.0,attack,1960
33,2137037424,803600,3008611448.0,attack,1956
34,2134038600,803600,2995993000.0,attack,1957
35,2126039776,803600,3001930852.0,attack,1957
36,2150040952,803600,3080614004.0,attack,1955
37,2137042128,803600,3054578956.0,attack,1955
38,2126043304,803600,3048035908.0,attack,1955
39,2150044480,803600,3121741960.0,attack,1958
40,2137045656,803600,3098983852.0,attack,1953
41,2150046832,803600,3140035544.0,attack,1954
42,2126048008,803600,3129274796.0,attack,1956
43,2126049184,803600,3143905478.0,attack,1956
44,2112250360,5123600,3142086810.0,attack,1954
45,2134051536,803600,3183177062.0,attack,1952
46,2108452712,7993600,3172341214.0,attack,1959
47,2137053888,803600,3286840966.0,attack,1952
48,2150055064,803600,3316914118.0,attack,1957
49,2134056240,803600,3301763270.0,attack,1960
50,2150057416,803600,3348080422.0,attack,1959
