block_id,total_gas,total_mev_captured,block_bid,builder_type,builder_id
1,1161970121,1949000,664256232.4677733,attack,1903
2,2126001115,2974300,1352431248.1630256,attack,1905
3,2107172291,20674300,1470375681.2953484,attack,1905
4,2126003467,2974300,1605948162.3063242,attack,1902
5,2113104643,2974300,1737209923.4291475,attack,1907
6,2134005819,2974300,1921303429.3915408,attack,1904
7,2126006995,2974300,2079828571.1397772,attack,1909
8,2126008171,2974300,2266908083.5479264,attack,1903
9,2113309347,2974300,2282714464.0,attack,1902
10,2113310523,2974300,2299177416.0,attack,1904
11,2113111699,2974300,2322217868.0,attack,1907
12,2134012875,2974300,2387725020.0,attack,1906
13,2137014051,2974300,2418717372.0,attack,1908
14,2137015227,2974300,2455720024.0,attack,1904
15,2126016403,2982140,2478194016.0,attack,1906
16,2150017579,2974300,2616348718.0,attack,1909
17,2150018755,2974300,2676862470.0,attack,1904
18,2137019931,2974300,2669794712.0,attack,1908
19,2137021107,2974300,2714097864.0,attack,1909
20,2134022283,2974300,2717014416.0,attack,1904
21,2137023459,2974300,2739772568.0,attack,1902
22,2150024635,2974300,2804572320.0,attack,1901
23,2134025811,2974300,2816760572.0,attack,1904
24,2134026987,2974300,2857619924.0,attack,1908
25,2126028163,3082300,2871291076.0,attack,1904
26,2150029339,2974300,2914118028.0,attack,1906
27,2126030515,2974300,2902253280.0,attack,1903
28,2150031691,2974300,2970155432.0,attack,1902
29,2150032867,2974300,2996950584.0,attack,1910
30,2134034043,2974300,2974585036.0,attack,1902
31,2126035219,2974300,2977777288.0,attack,1904
32,2137036395,2974300,3010106140.0,attack,1901
33,2150037571,2974300,3052960292.0,attack,1905
34,2134038747,2974300,3057845044.0,attack,1910
35,2137039923,2974300,3079128736.0,attack,1908
36,2137041099,2974300,3098029888.0,attack,1905
37,2150042275,2980690,3151513130.0,attack,1908
38,2126043451,2974300,3137342092.0,attack,1904
39,2150044627,2974300,3194611044.0,attack,1905
40,2134045803,2974300,3203542636.0,attack,1906
41,2137046979,2974300,3234423308.0,attack,1906
42,2137048155,2988200,3247127360.0,attack,1903
43,2126049331,2974300,3239353812.0,attack,1903
44,2150050507,2988500,3333198564.0,attack,1902
45,2137051683,2974300,3338321496.0,attack,1909
46,2134052859,2974300,3328556648.0,attack,1901
47,2150054035,2974300,3454136100.0,attack,1906
48,2150055211,2974300,3427563952.0,attack,1910
49,2134056387,2974300,3411096004.0,attack,1909
50,2126057563,2974300,3413199556.0,attack,1908
