block_id,total_gas,total_mev_captured,block_bid,builder_type,builder_id
1,1867900441,662500,1306510899.368211,attack,1984
2,2109401605,524300,1926608100.3615289,attack,1980
3,2110202781,524300,2108875512.0,attack,1969
4,2150003957,524300,2194598664.0,attack,1973
5,2150005017,541400,2369982126.0,attack,1974
6,2150006309,524300,2371926378.0,attack,1980
7,2150007485,524300,2385475030.0,attack,1959
8,2150008661,524300,2423221182.0,attack,1975
9,2137009837,524300,2431392564.0,attack,1980
10,2134011013,524300,2439455816.0,attack,1984
11,2134012189,524300,2433535968.0,attack,1961
12,2134013365,524300,2458845720.0,attack,1985
13,2118014232,513600,2479990352.0,normal,1995
14,2126015717,524300,2446223504.0,attack,1971
15,2126016893,524300,2467037156.0,attack,1963
16,2150018069,524300,2521685108.0,attack,1966
17,2126019245,524300,2515096860.0,attack,1981
18,2134020421,670300,2554116912.0,attack,1973
19,2134021597,524300,2571916764.0,attack,1981
20,2150022773,524300,2749510816.0,attack,1956
21,2150023949,524300,2738062968.0,attack,1958
22,2150025125,524300,2755179120.0,attack,1979
23,2137026301,524300,2785357272.0,attack,1964
24,2134027477,538200,2777001424.0,attack,1955
25,2137028653,524300,2863585676.0,attack,1962
26,2137029829,524300,2863223028.0,attack,1957
27,2134031005,524300,2857550180.0,attack,1983
28,2137032181,524300,2879280332.0,attack,1981
29,2118032664,513600,2906214124.0,normal,1997
30,2150034533,524300,2926339376.0,attack,1982
31,2134035709,524300,2918973528.0,attack,1962
32,2150036885,524300,3009898780.0,attack,1952
33,2150038061,524300,3056571932.0,attack,1953
34,2137039237,524300,3043831084.0,attack,1971
35,2137040413,524300,3092899066.0,attack,1953
36,2113040728,513600,3094745718.0,normal,1998
37,2150042765,524300,3104057170.0,attack,1972
38,2150043941,524300,3142269522.0,attack,1975
39,2102044184,513600,3137284974.0,normal,1987
40,2150046293,524300,3193828526.0,attack,1982
41,2137047469,524300,3257118178.0,attack,1970
42,2137048645,524300,3244921930.0,attack,1961
43,2150049821,524300,3338820472.0,attack,1955
44,2150050997,524300,3334993624.0,attack,1983
45,2137052173,524300,3328580476.0,attack,1984
46,2150053349,524300,3460176428.0,attack,1956
47,2150054525,524300,3476751280.0,attack,1977
48,2137055701,524300,3459375432.0,attack,1985
49,2110055704,513600,3452390584.0,normal,1991
50,2102056856,513600,3435899836.0,normal,1993
