block_id,total_gas,total_mev_captured,block_bid,builder_type,builder_id
1,1871100400,576000,1052058036.5015843,attack,202
2,2137001556,627200,1258908761.978601,attack,203
3,2134002732,627200,1323824667.7640984,attack,203
4,2150003908,627200,1429383986.0205956,attack,202
5,2137005084,627200,1474171247.4984524,attack,205
6,2150006260,627200,1572888106.8149471,attack,202
7,2137007436,808200,1652577317.222903,attack,205
8,2150008612,627200,1753636572.2812026,attack,203
9,2134009788,627200,1813466872.039421,attack,205
10,2126010964,627200,1881410402.0530016,attack,202
11,2137012140,627200,1981141418.585881,attack,205
12,2137013316,627200,2121605277.4348984,attack,205
13,2134014492,627200,2208862541.302621,attack,203
14,2109015668,18327200,2293100121.4412584,attack,204
15,2150016844,627200,2456844866.184647,attack,201
16,2134018020,627200,2535251207.9023986,attack,203
17,2137019196,627200,2597205392.0,attack,204
18,2126020372,627200,2590547644.0,attack,202
19,2126021548,627200,2607641496.0,attack,203
20,2126022724,627200,2616126038.0,attack,203
21,2108023900,18327200,2614784190.0,attack,202
22,2137025076,627200,2652519142.0,attack,203
23,2107124252,18327200,2656675894.0,attack,203
24,2150027428,627200,2741034046.0,attack,205
25,2134028604,627200,2778789998.0,attack,203
26,2150029780,627200,2903964550.0,attack,204
27,2150030956,627200,2906661702.0,attack,202
28,2134032132,627200,2929979374.0,attack,204
29,2150033308,627200,3023130526.0,attack,202
30,2150034484,627200,3035409778.0,attack,201
31,2150035660,627200,3057058430.0,attack,205
32,2137036836,642500,3039568762.0,attack,203
33,2150038012,627200,3078880614.0,attack,205
34,2134039188,627200,3056292466.0,attack,203
35,2150040364,627200,3137683718.0,attack,201
36,2150041540,627200,3162205870.0,attack,203
37,2150042716,627200,3177928522.0,attack,205
38,2150043892,627200,3180657674.0,attack,205
39,2134045068,627200,3172861126.0,attack,204
40,2126046244,712000,3177276978.0,attack,203
41,2150047420,627200,3281420630.0,attack,205
42,2126048596,18327200,3271166782.0,attack,202
43,2108549772,18327200,3264553634.0,attack,202
44,2126050948,627200,3281017086.0,attack,201
45,2150052124,627200,3386964758.0,attack,205
46,2137053300,627200,3401924610.0,attack,202
47,2134054476,627200,3430875592.0,attack,201
48,2150055652,627200,3507859264.0,attack,203
49,2134056828,627200,3491353216.0,attack,203
50,2121056808,36014400,3564725868.0,attack,201
