block_id,total_gas,total_mev_captured,block_bid,builder_type,builder_id
1,1878500441,906200,1055462830.2231269,attack,2452
2,2137001605,965300,1279749301.8050854,attack,2451
3,2150002781,965300,1346904892.0533862,attack,2455
4,2134003957,965300,1396652005.1043277,attack,2451
5,2126005133,965300,1461011456.0147398,attack,2455
6,2126006309,965300,1517064375.2708576,attack,2451
7,2137007485,965300,1600775891.5907938,attack,2455
8,2126008661,965300,1681144792.9838538,attack,2453
9,2113309837,965300,1750910368.728186,attack,2454
10,2126011013,965300,1851339943.0962377,attack,2454
11,2113112189,998400,1923898065.121368,attack,2454
12,2126013365,965300,2021318787.6109176,attack,2454
13,2137014541,965300,2128858966.3245122,attack,2454
14,2137015717,965300,2256502412.838617,attack,2454
15,2137016893,965300,2385173091.217306,attack,2454
16,2150018069,965300,2507564328.771123,attack,2452
17,2134019245,965300,2489500960.0,attack,2452
18,2126020421,8155300,2490561112.0,attack,2455
19,2134021597,965300,2530916894.0,attack,2453
20,2113322773,965300,2535493046.0,attack,2453
21,2113323949,965300,2554945498.0,attack,2455
22,2150025125,965300,2640059950.0,attack,2454
23,2107105301,18665300,2631650502.0,attack,2453
24,2137027477,965300,2704080454.0,attack,2451
25,2137028653,965300,2777535706.0,attack,2453
26,2137029829,965300,2805958698.0,attack,2452
27,2137031005,965300,2811518180.0,attack,2451
28,2134032181,965300,2840811232.0,attack,2454
29,2137033357,965300,2873695984.0,attack,2455
30,2137034533,965300,2895340136.0,attack,2453
31,2137035709,965300,2927385088.0,attack,2455
32,2134036885,965300,2925365680.0,attack,2454
33,2137038061,965300,3003028332.0,attack,2452
34,2134039237,965300,3000580284.0,attack,2454
35,2137040413,1014400,3061397936.0,attack,2452
36,2150041589,965300,3113191288.0,attack,2451
37,2134042765,965300,3096361340.0,attack,2454
38,2150043941,965300,3213485692.0,attack,2454
39,2150045117,965300,3201944844.0,attack,2455
40,2137046293,965300,3188871496.0,attack,2454
41,2126047469,1037100,3184625468.0,attack,2455
42,2126048645,965300,3198476040.0,attack,2451
43,2126049821,965300,3206353792.0,attack,2452
44,2126050997,965300,3215947934.0,attack,2453
45,2107652173,8155300,3219507386.0,attack,2455
46,2126053349,965300,3261761238.0,attack,2455
47,2107274525,8155300,3272757390.0,attack,2453
48,2150055701,965300,3357241542.0,attack,2451
49,2126056877,965300,3334720494.0,attack,2452
50,2150058053,965300,3390942046.0,attack,2454
