block_id,total_gas,total_mev_captured,block_bid,builder_type,builder_id
1,682790049,150120,365326283.7827547,attack,1905
2,1171555358,172530,668830203.767508,attack,1905
3,1000623581,159270,589082922.344478,attack,1905
4,940100751,205180,572839441.1895144,attack,1901
5,1213380276,339660,775763441.7609986,attack,1905
6,1000641363,146970,658761941.4973567,attack,1901
7,669063024,95850,447018135.09567505,attack,1902
8,634590972,83070,438435844.1427715,attack,1902
9,1028944915,180270,758473968.9528002,attack,1904
10,1452825193,210870,1125700612.0423448,attack,1903
11,1259453241,249910,1008231335.7024488,attack,1901
12,1203841382,353530,998766037.3843951,attack,1902
13,914082872,448890,778079985.9957985,attack,1901
14,1172934003,468530,1047509781.4504809,attack,1904
15,1007922686,1076970,929147586.5641402,attack,1902
16,1346015371,206610,1301098226.358231,attack,1901
17,1168471056,172530,1125637002.0,attack,1902
18,1351526239,198090,1308717730.0,attack,1902
19,1092652369,159750,1049805508.0,attack,1904
20,1257423605,384410,1214801390.0,attack,1901
21,1001052526,146970,958192860.0,attack,1902
22,1278897330,964310,1236854990.0,attack,1902
23,747876484,1403630,706273456.0,attack,1902
24,1223816405,511530,1181321264.0,attack,1903
25,1128217169,173550,1085384036.0,attack,1904
26,1317218693,185310,1274397306.0,attack,1904
27,943576547,283990,900853830.0,attack,1901
28,954893757,149620,912036660.0,attack,1901
29,1006767642,207670,963968584.0,attack,1902
30,1338290703,198090,1295482050.0,attack,1902
31,838549788,127050,795670086.0,attack,1905
32,1168041943,172530,1125207708.0,attack,1901
33,1089542519,7349750,1053885492.0,attack,1903
34,1193813618,186330,1150993158.0,attack,1905
35,922282500,300830,879576530.0,attack,1903
36,1037677551,527970,995198710.0,attack,1902
37,1167251536,824230,1125068942.0,attack,1902
38,1000190103,146970,957330238.0,attack,1904
39,917688445,288290,874969890.0,attack,1901
40,1465939271,221570,1423153980.0,attack,1902
41,1278407855,185310,1235586290.0,attack,1905
42,833213296,146110,790352522.0,attack,1904
43,1236839507,172530,1194005140.0,attack,1902
44,743632683,108630,700734408.0,attack,1905
45,1259623131,779310,1217395522.0,attack,1902
46,1260284537,554310,1217831914.0,attack,1903
47,1127413719,183250,1084590024.0,attack,1904
48,1481818571,227870,1439039480.0,attack,1901
49,1087030419,207450,1044230896.0,attack,1904
50,1342254298,198090,1299445400.0,attack,1902
