block_id,total_gas,total_mev_captured,block_bid,builder_type,builder_id
1,1891800400,30453600,1347159070.768136,attack,2503
2,2111501556,13867000,1943694053.1860921,attack,2505
3,2150002732,13867000,2202784264.0,attack,2516
4,2137003908,13867000,2216915406.0,attack,2528
5,2137005084,13867000,2235337328.0,attack,2515
6,2126006260,13867000,2231223710.0,attack,2511
7,2113307436,13867000,2240606962.0,attack,2515
8,2134008612,13867000,2281300114.0,attack,2533
9,2113309788,13867000,2282845966.0,attack,2535
10,2113310964,13867000,2306615818.0,attack,2502
11,2113312140,13867000,2331557970.0,attack,2525
12,2150013316,13867000,2430294222.0,attack,2511
13,2137014184,13584000,2515646574.0,normal,2546
14,2134015668,13867000,2490367726.0,attack,2503
15,2137016844,13867000,2518399378.0,attack,2530
16,2134018020,13867000,2529244130.0,attack,2520
17,2118018792,13584000,2556762922.0,normal,2542
18,2137020372,13867000,2560127574.0,attack,2519
19,2137021548,13867000,2571328726.0,attack,2518
20,2137022724,13867000,2594415478.0,attack,2526
21,2113023400,13589180,2623317210.0,normal,2540
22,2137025076,13867000,2620564512.0,attack,2518
23,2137026252,13867000,2641327164.0,attack,2531
24,2126027428,13867000,2644833316.0,attack,2528
25,2113128604,14152000,2644880968.0,attack,2526
26,2109029780,18187000,2647279310.0,attack,2511
27,2134030956,13867000,2697168962.0,attack,2513
28,2113132132,13933100,2688498814.0,attack,2535
29,2113032616,13584000,2748847966.0,normal,2550
30,2113134484,13867000,2729069918.0,attack,2520
31,2150035660,13867000,2792961770.0,attack,2512
32,2113136836,13867000,2773272922.0,attack,2503
33,2113338012,13867000,2798542014.0,attack,2506
34,2134039188,13867000,2844354866.0,attack,2535
35,2134040364,13867000,2869753458.0,attack,2507
36,2150041540,13867000,2937681710.0,attack,2511
37,2150042716,13867000,2973219362.0,attack,2501
38,2150043892,13867000,2992158314.0,attack,2521
39,2134045068,13867000,3000026856.0,attack,2517
40,2134046244,13867000,3015218308.0,attack,2501
41,2126047420,13934500,3024172460.0,attack,2509
42,2107127592,31284000,3073675112.0,normal,2547
43,2108849772,21057000,3029470764.0,attack,2504
44,2137049896,13584000,3131606816.0,normal,2546
45,2150052124,13867000,3124864768.0,attack,2521
46,2134053300,13867000,3149986320.0,attack,2523
47,2137054476,13867000,3183780772.0,attack,2523
48,2134055652,13867000,3177767924.0,attack,2513
49,2076455656,13584000,3166575176.0,normal,2547
50,2113158004,13867000,3184029428.0,attack,2530
