block_id,total_gas,total_mev_captured,block_bid,builder_type,builder_id
1,1055913144,691600,578633981.5285848,attack,3303
2,1034625397,586700,587926159.3425343,attack,3301
3,1087960719,689300,643114591.967976,attack,3302
4,771297659,419900,465200287.6589742,attack,3302
5,1295201443,759900,830247882.9411454,attack,3304
6,1285424849,23014100,870351297.9784753,attack,3302
7,1115161919,650500,765876676.6811047,attack,3301
8,1256708603,716300,899891356.2249418,attack,3302
9,1171814788,666900,868722635.3230723,attack,3305
10,836321171,591600,633802420.7017498,attack,3304
11,833812342,876100,656022245.3299472,attack,3304
12,1260932908,787580,1048229410.1588755,attack,3305
13,944298082,852800,805399757.3757496,attack,3302
14,1167524273,666900,1042663567.3697413,attack,3303
15,1175214624,909100,1089879480.6086204,attack,3304
16,1422598130,815100,1378145778.4137065,attack,3305
17,1342251239,1175700,1300402030.0,attack,3305
18,996344928,659290,953979298.0,attack,3305
19,997155181,568100,954698350.0,attack,3305
20,1186767406,738700,1144481162.0,attack,3305
21,1131510244,675500,1089160788.0,attack,3301
22,1067086009,1685100,1025746142.0,attack,3301
23,1251404939,716300,1209096258.0,attack,3305
24,1007403584,610100,964988692.0,attack,3304
25,1510543509,864500,1468383000.0,attack,3305
26,1597433757,913900,1555322630.0,attack,3301
27,1595589423,981400,1553545778.0,attack,3301
28,1425601641,815100,1383391680.0,attack,3302
29,1513972924,864500,1471812346.0,attack,3303
30,1009618815,592800,967186526.0,attack,3301
31,912567269,586800,870128970.0,attack,3301
32,1510974254,864500,1468813638.0,attack,3304
33,1005979689,965300,963919862.0,attack,3302
34,973799067,604400,931378330.0,attack,3304
35,999520172,568100,957063124.0,attack,3301
36,911363508,911000,869249350.0,attack,3301
37,1035591655,864100,993430586.0,attack,3303
38,1256846797,716300,1214537914.0,attack,3302
39,1256706203,18441000,1232122006.0,attack,3305
40,1088712569,787600,1046474960.0,attack,3301
41,962227789,545600,919748170.0,attack,3301
42,1171253182,666900,1128894850.0,attack,3301
43,918353272,551800,875879830.0,attack,3304
44,667014179,399500,624388430.0,attack,3301
45,1087252869,623130,1044850738.0,attack,3305
46,1118331169,721440,1076027336.0,attack,3302
47,856300968,805100,814080786.0,attack,3304
48,1345036267,789200,1302800170.0,attack,3301
49,1423509957,881200,1381365844.0,attack,3302
50,1028993220,890100,986857996.0,attack,3301
